2025-02-13 16:34:18,508 - basicLogger - INFO - Processing has started
2025-02-13 16:34:18,509 - basicLogger - DEBUG - Fetching wind data from: http://localhost:8090/events/wind-speed?start_timestamp=2025-02-13T16:34:02.423292&end_timestamp=2025-02-13T16:34:18.509316
2025-02-13 16:34:18,509 - basicLogger - DEBUG - Fetching wind data from: http://localhost:8090/events/temperature?start_timestamp=2025-02-13T16:34:02.423292&end_timestamp=2025-02-13T16:34:18.509316
2025-02-13 16:34:18,563 - basicLogger - DEBUG - []
2025-02-13 16:34:18,563 - basicLogger - DEBUG - Temperature Response: []
2025-02-13 16:34:18,563 - basicLogger - DEBUG - Windspeed Response: []
2025-02-13 16:34:23,510 - basicLogger - INFO - Processing has started
2025-02-13 16:34:23,510 - basicLogger - DEBUG - Fetching wind data from: http://localhost:8090/events/wind-speed?start_timestamp=2025-02-13T16:34:18.509316&end_timestamp=2025-02-13T16:34:23.510922
2025-02-13 16:34:23,511 - basicLogger - DEBUG - Fetching wind data from: http://localhost:8090/events/temperature?start_timestamp=2025-02-13T16:34:18.509316&end_timestamp=2025-02-13T16:34:23.510922
2025-02-13 16:34:23,574 - basicLogger - DEBUG - {'type': 'about:blank', 'title': 'Internal Server Error', 'detail': "Response body does not conform to specification. 'temperature' is a required property - '0'", 'status': 500}
2025-02-13 16:34:23,574 - basicLogger - DEBUG - Temperature Response: {'type': 'about:blank', 'title': 'Internal Server Error', 'detail': "Response body does not conform to specification. 'temperature' is a required property - '0'", 'status': 500}
2025-02-13 16:34:23,574 - basicLogger - DEBUG - Windspeed Response: {'type': 'about:blank', 'title': 'Internal Server Error', 'detail': "Response body does not conform to specification. 'windSpeed' is a required property - '0'", 'status': 500}
2025-02-13 16:34:28,510 - basicLogger - INFO - Processing has started
2025-02-13 16:34:28,511 - basicLogger - DEBUG - Fetching wind data from: http://localhost:8090/events/wind-speed?start_timestamp=2025-02-13T16:34:23.510922&end_timestamp=2025-02-13T16:34:28.511260
2025-02-13 16:34:28,511 - basicLogger - DEBUG - Fetching wind data from: http://localhost:8090/events/temperature?start_timestamp=2025-02-13T16:34:23.510922&end_timestamp=2025-02-13T16:34:28.511260
2025-02-13 16:34:28,577 - basicLogger - DEBUG - []
2025-02-13 16:34:28,577 - basicLogger - DEBUG - Temperature Response: []
2025-02-13 16:34:28,577 - basicLogger - DEBUG - Windspeed Response: []
2025-02-13 16:39:38,693 - basicLogger - INFO - Processing has started
2025-02-13 16:39:38,694 - basicLogger - DEBUG - Fetching wind data from: http://localhost:8090/events/wind-speed?start_timestamp=2025-02-13T16:34:28.511260&end_timestamp=2025-02-13T16:39:38.694505
2025-02-13 16:39:38,694 - basicLogger - DEBUG - Fetching wind data from: http://localhost:8090/events/temperature?start_timestamp=2025-02-13T16:34:28.511260&end_timestamp=2025-02-13T16:39:38.694505
2025-02-13 16:39:38,779 - basicLogger - DEBUG - []
2025-02-13 16:39:38,779 - basicLogger - DEBUG - Temperature Response: []
2025-02-13 16:39:38,779 - basicLogger - DEBUG - Windspeed Response: []
2025-02-13 16:48:48,193 - basicLogger - INFO - Processing has started
2025-02-13 16:48:48,195 - basicLogger - DEBUG - Fetching wind data from: http://localhost:8090/events/wind-speed?start_timestamp=2025-02-13T16:39:38.694505&end_timestamp=2025-02-13T16:48:48.195074
2025-02-13 16:48:48,195 - basicLogger - DEBUG - Fetching wind data from: http://localhost:8090/events/temperature?start_timestamp=2025-02-13T16:39:38.694505&end_timestamp=2025-02-13T16:48:48.195074
2025-02-13 16:48:48,259 - basicLogger - DEBUG - []
2025-02-13 16:48:48,259 - basicLogger - DEBUG - Temperature Response: []
2025-02-13 16:48:48,259 - basicLogger - DEBUG - Windspeed Response: []
2025-02-13 16:48:48,260 - basicLogger - DEBUG - Temperature Response Status Code: 200
2025-02-13 16:48:48,260 - basicLogger - DEBUG - Wind Speed Response Status Code: 200
2025-02-13 16:48:48,260 - basicLogger - DEBUG - Temperature Response Raw: []

2025-02-13 16:48:48,260 - basicLogger - DEBUG - Windspeed Response Raw: []

2025-02-13 16:49:39,199 - basicLogger - INFO - Processing has started
2025-02-13 16:49:39,200 - basicLogger - DEBUG - Fetching wind data from: http://localhost:8090/events/wind-speed?start_timestamp=2025-02-13T16:48:48.195074&end_timestamp=2025-02-13T16:49:39.200724
2025-02-13 16:49:39,201 - basicLogger - DEBUG - Fetching wind data from: http://localhost:8090/events/temperature?start_timestamp=2025-02-13T16:48:48.195074&end_timestamp=2025-02-13T16:49:39.200724
2025-02-13 16:49:39,266 - basicLogger - DEBUG - []
2025-02-13 16:49:39,267 - basicLogger - DEBUG - Temperature Response: []
2025-02-13 16:49:39,267 - basicLogger - DEBUG - Windspeed Response: []
2025-02-13 16:49:39,267 - basicLogger - DEBUG - Temperature Response Status Code: 200
2025-02-13 16:49:39,267 - basicLogger - DEBUG - Wind Speed Response Status Code: 200
2025-02-13 16:49:39,267 - basicLogger - DEBUG - Temperature Response Raw: []

2025-02-13 16:49:39,267 - basicLogger - DEBUG - Windspeed Response Raw: []

2025-02-13 16:49:39,267 - basicLogger - DEBUG - Requesting temperature data from 2025-02-13T16:48:48.195074 to 2025-02-13T16:49:39.200724
2025-02-13 16:49:39,267 - basicLogger - DEBUG - Requesting wind speed data from 2025-02-13T16:48:48.195074 to 2025-02-13T16:49:39.200724
2025-02-13 16:50:49,592 - basicLogger - INFO - Processing has started
2025-02-13 16:50:49,592 - basicLogger - DEBUG - Fetching wind data from: http://localhost:8090/events/wind-speed?start_timestamp=2025-02-13T16:49:39.200724&end_timestamp=2025-02-13T16:50:49.592704
2025-02-13 16:50:49,592 - basicLogger - DEBUG - Fetching wind data from: http://localhost:8090/events/temperature?start_timestamp=2025-02-13T16:49:39.200724&end_timestamp=2025-02-13T16:50:49.592704
2025-02-13 16:50:49,648 - basicLogger - DEBUG - []
2025-02-13 16:50:49,648 - basicLogger - DEBUG - Temperature Response: []
2025-02-13 16:50:49,648 - basicLogger - DEBUG - Windspeed Response: []
2025-02-13 16:50:49,648 - basicLogger - DEBUG - Temperature Response Status Code: 200
2025-02-13 16:50:49,648 - basicLogger - DEBUG - Wind Speed Response Status Code: 200
2025-02-13 16:50:49,648 - basicLogger - DEBUG - Temperature Response Raw: []

2025-02-13 16:50:49,649 - basicLogger - DEBUG - Windspeed Response Raw: []

2025-02-13 16:50:49,649 - basicLogger - DEBUG - Requesting temperature data from 2025-02-13T16:49:39.200724 to 2025-02-13T16:50:49.592704
2025-02-13 16:50:49,649 - basicLogger - DEBUG - Requesting wind speed data from 2025-02-13T16:49:39.200724 to 2025-02-13T16:50:49.592704
2025-02-13 16:50:54,593 - basicLogger - INFO - Processing has started
2025-02-13 16:50:54,593 - basicLogger - DEBUG - Fetching wind data from: http://localhost:8090/events/wind-speed?start_timestamp=2025-02-13T16:50:49.592704&end_timestamp=2025-02-13T16:50:54.593842
2025-02-13 16:50:54,594 - basicLogger - DEBUG - Fetching wind data from: http://localhost:8090/events/temperature?start_timestamp=2025-02-13T16:50:49.592704&end_timestamp=2025-02-13T16:50:54.593842
2025-02-13 16:50:54,670 - basicLogger - DEBUG - {'type': 'about:blank', 'title': 'Internal Server Error', 'detail': "Response body does not conform to specification. 'temperature' is a required property - '0'", 'status': 500}
2025-02-13 16:50:54,670 - basicLogger - DEBUG - Temperature Response: {'type': 'about:blank', 'title': 'Internal Server Error', 'detail': "Response body does not conform to specification. 'temperature' is a required property - '0'", 'status': 500}
2025-02-13 16:50:54,670 - basicLogger - DEBUG - Windspeed Response: {'type': 'about:blank', 'title': 'Internal Server Error', 'detail': "Response body does not conform to specification. 'windSpeed' is a required property - '0'", 'status': 500}
2025-02-13 16:50:54,670 - basicLogger - DEBUG - Temperature Response Status Code: 500
2025-02-13 16:50:54,670 - basicLogger - DEBUG - Wind Speed Response Status Code: 500
2025-02-13 16:50:54,671 - basicLogger - DEBUG - Temperature Response Raw: {"type": "about:blank", "title": "Internal Server Error", "detail": "Response body does not conform to specification. 'temperature' is a required property - '0'", "status": 500}
2025-02-13 16:50:54,671 - basicLogger - DEBUG - Windspeed Response Raw: {"type": "about:blank", "title": "Internal Server Error", "detail": "Response body does not conform to specification. 'windSpeed' is a required property - '0'", "status": 500}
2025-02-13 16:50:54,671 - basicLogger - DEBUG - Requesting temperature data from 2025-02-13T16:50:49.592704 to 2025-02-13T16:50:54.593842
2025-02-13 16:50:54,671 - basicLogger - DEBUG - Requesting wind speed data from 2025-02-13T16:50:49.592704 to 2025-02-13T16:50:54.593842
2025-02-13 16:54:58,197 - basicLogger - INFO - Processing has started
2025-02-13 16:54:58,199 - basicLogger - DEBUG - Fetching wind data from: http://localhost:8090/events/wind-speed?start_timestamp=2025-02-13T16:50:54.593842&end_timestamp=2025-02-13T16:54:58.199143
2025-02-13 16:54:58,199 - basicLogger - DEBUG - Fetching wind data from: http://localhost:8090/events/temperature?start_timestamp=2025-02-13T16:50:54.593842&end_timestamp=2025-02-13T16:54:58.199143
2025-02-13 16:54:58,295 - basicLogger - DEBUG - []
2025-02-13 16:54:58,295 - basicLogger - DEBUG - Temperature Response: []
2025-02-13 16:54:58,295 - basicLogger - DEBUG - Windspeed Response: []
2025-02-13 16:54:58,296 - basicLogger - DEBUG - Temperature Response Status Code: 200
2025-02-13 16:54:58,296 - basicLogger - DEBUG - Wind Speed Response Status Code: 200
2025-02-13 16:54:58,296 - basicLogger - DEBUG - Temperature Response Raw: []

2025-02-13 16:54:58,296 - basicLogger - DEBUG - Windspeed Response Raw: []

2025-02-13 16:54:58,296 - basicLogger - DEBUG - Requesting temperature data from 2025-02-13T16:50:54.593842 to 2025-02-13T16:54:58.199143
2025-02-13 16:54:58,296 - basicLogger - DEBUG - Requesting wind speed data from 2025-02-13T16:50:54.593842 to 2025-02-13T16:54:58.199143
2025-02-13 16:55:03,197 - basicLogger - INFO - Processing has started
2025-02-13 16:55:03,198 - basicLogger - DEBUG - Fetching wind data from: http://localhost:8090/events/wind-speed?start_timestamp=2025-02-13T16:54:58.199143&end_timestamp=2025-02-13T16:55:03.198053
2025-02-13 16:55:03,198 - basicLogger - DEBUG - Fetching wind data from: http://localhost:8090/events/temperature?start_timestamp=2025-02-13T16:54:58.199143&end_timestamp=2025-02-13T16:55:03.198053
2025-02-13 16:55:03,269 - basicLogger - DEBUG - {'type': 'about:blank', 'title': 'Internal Server Error', 'detail': "Response body does not conform to specification. 'temperature' is a required property - '0'", 'status': 500}
2025-02-13 16:55:03,269 - basicLogger - DEBUG - Temperature Response: {'type': 'about:blank', 'title': 'Internal Server Error', 'detail': "Response body does not conform to specification. 'temperature' is a required property - '0'", 'status': 500}
2025-02-13 16:55:03,269 - basicLogger - DEBUG - Windspeed Response: {'type': 'about:blank', 'title': 'Internal Server Error', 'detail': "Response body does not conform to specification. 'windSpeed' is a required property - '0'", 'status': 500}
2025-02-13 16:55:03,269 - basicLogger - DEBUG - Temperature Response Status Code: 500
2025-02-13 16:55:03,270 - basicLogger - DEBUG - Wind Speed Response Status Code: 500
2025-02-13 16:55:03,270 - basicLogger - DEBUG - Temperature Response Raw: {"type": "about:blank", "title": "Internal Server Error", "detail": "Response body does not conform to specification. 'temperature' is a required property - '0'", "status": 500}
2025-02-13 16:55:03,270 - basicLogger - DEBUG - Windspeed Response Raw: {"type": "about:blank", "title": "Internal Server Error", "detail": "Response body does not conform to specification. 'windSpeed' is a required property - '0'", "status": 500}
2025-02-13 16:55:03,270 - basicLogger - DEBUG - Requesting temperature data from 2025-02-13T16:54:58.199143 to 2025-02-13T16:55:03.198053
2025-02-13 16:55:03,270 - basicLogger - DEBUG - Requesting wind speed data from 2025-02-13T16:54:58.199143 to 2025-02-13T16:55:03.198053
2025-02-13 16:58:07,210 - basicLogger - INFO - Processing has started
2025-02-13 16:58:07,211 - basicLogger - DEBUG - Fetching wind data from: http://localhost:8090/events/wind-speed?start_timestamp=2025-02-13T16:55:03.198053&end_timestamp=2025-02-13T16:58:07.211767
2025-02-13 16:58:07,212 - basicLogger - DEBUG - Fetching wind data from: http://localhost:8090/events/temperature?start_timestamp=2025-02-13T16:55:03.198053&end_timestamp=2025-02-13T16:58:07.211767
2025-02-13 16:58:07,290 - basicLogger - DEBUG - []
2025-02-13 16:58:07,290 - basicLogger - DEBUG - Temperature Response: []
2025-02-13 16:58:07,290 - basicLogger - DEBUG - Windspeed Response: []
2025-02-13 16:58:07,290 - basicLogger - DEBUG - Temperature Response Status Code: 200
2025-02-13 16:58:07,290 - basicLogger - DEBUG - Wind Speed Response Status Code: 200
2025-02-13 16:58:07,290 - basicLogger - DEBUG - Temperature Response Raw: []

2025-02-13 16:58:07,291 - basicLogger - DEBUG - Windspeed Response Raw: []

2025-02-13 16:58:07,291 - basicLogger - DEBUG - Requesting temperature data from 2025-02-13T16:55:03.198053 to 2025-02-13T16:58:07.211767
2025-02-13 16:58:07,291 - basicLogger - DEBUG - Requesting wind speed data from 2025-02-13T16:55:03.198053 to 2025-02-13T16:58:07.211767
2025-02-13 16:58:12,210 - basicLogger - INFO - Processing has started
2025-02-13 16:58:12,211 - basicLogger - DEBUG - Fetching wind data from: http://localhost:8090/events/wind-speed?start_timestamp=2025-02-13T16:58:07.211767&end_timestamp=2025-02-13T16:58:12.211320
2025-02-13 16:58:12,211 - basicLogger - DEBUG - Fetching wind data from: http://localhost:8090/events/temperature?start_timestamp=2025-02-13T16:58:07.211767&end_timestamp=2025-02-13T16:58:12.211320
2025-02-13 16:58:12,283 - basicLogger - DEBUG - []
2025-02-13 16:58:12,283 - basicLogger - DEBUG - Temperature Response: []
2025-02-13 16:58:12,283 - basicLogger - DEBUG - Windspeed Response: []
2025-02-13 16:58:12,283 - basicLogger - DEBUG - Temperature Response Status Code: 200
2025-02-13 16:58:12,283 - basicLogger - DEBUG - Wind Speed Response Status Code: 200
2025-02-13 16:58:12,283 - basicLogger - DEBUG - Temperature Response Raw: []

2025-02-13 16:58:12,283 - basicLogger - DEBUG - Windspeed Response Raw: []

2025-02-13 16:58:12,283 - basicLogger - DEBUG - Requesting temperature data from 2025-02-13T16:58:07.211767 to 2025-02-13T16:58:12.211320
2025-02-13 16:58:12,283 - basicLogger - DEBUG - Requesting wind speed data from 2025-02-13T16:58:07.211767 to 2025-02-13T16:58:12.211320
2025-02-13 16:58:17,211 - basicLogger - INFO - Processing has started
2025-02-13 16:58:17,211 - basicLogger - DEBUG - Fetching wind data from: http://localhost:8090/events/wind-speed?start_timestamp=2025-02-13T16:58:12.211320&end_timestamp=2025-02-13T16:58:17.211910
2025-02-13 16:58:17,212 - basicLogger - DEBUG - Fetching wind data from: http://localhost:8090/events/temperature?start_timestamp=2025-02-13T16:58:12.211320&end_timestamp=2025-02-13T16:58:17.211910
2025-02-13 16:58:17,273 - basicLogger - DEBUG - []
2025-02-13 16:58:17,273 - basicLogger - DEBUG - Temperature Response: []
2025-02-13 16:58:17,273 - basicLogger - DEBUG - Windspeed Response: []
2025-02-13 16:58:17,273 - basicLogger - DEBUG - Temperature Response Status Code: 200
2025-02-13 16:58:17,273 - basicLogger - DEBUG - Wind Speed Response Status Code: 200
2025-02-13 16:58:17,274 - basicLogger - DEBUG - Temperature Response Raw: []

2025-02-13 16:58:17,274 - basicLogger - DEBUG - Windspeed Response Raw: []

2025-02-13 16:58:17,274 - basicLogger - DEBUG - Requesting temperature data from 2025-02-13T16:58:12.211320 to 2025-02-13T16:58:17.211910
2025-02-13 16:58:17,274 - basicLogger - DEBUG - Requesting wind speed data from 2025-02-13T16:58:12.211320 to 2025-02-13T16:58:17.211910
2025-02-13 16:58:22,211 - basicLogger - INFO - Processing has started
2025-02-13 16:58:22,211 - basicLogger - DEBUG - Fetching wind data from: http://localhost:8090/events/wind-speed?start_timestamp=2025-02-13T16:58:17.211910&end_timestamp=2025-02-13T16:58:22.211648
2025-02-13 16:58:22,212 - basicLogger - DEBUG - Fetching wind data from: http://localhost:8090/events/temperature?start_timestamp=2025-02-13T16:58:17.211910&end_timestamp=2025-02-13T16:58:22.211648
2025-02-13 16:58:22,276 - basicLogger - DEBUG - [{'deviceID': 'device123', 'eventID': '12865099-61e7-4e72-bddf-fbfb56b452e8', 'temperature': 30, 'timeStamp': '2025-02-13T16:58:18', 'trace_id': '55bc8ac3-dfe4-4e1e-b50f-7940643507e8'}, {'deviceID': 'device123', 'eventID': 'c60ed379-6ec2-48ae-bc39-5fa3ac835bea', 'temperature': 25, 'timeStamp': '2025-02-13T16:58:18', 'trace_id': 'bde90bd5-69a0-448d-9d5b-031b471d9135'}, {'deviceID': 'device123', 'eventID': '9adf8290-d66d-411d-aacb-7b9e96c7ccd8', 'temperature': 17, 'timeStamp': '2025-02-13T16:58:18', 'trace_id': 'ab529f02-e39e-4dca-9090-d4fdf7b0c93a'}, {'deviceID': 'device123', 'eventID': 'f534b025-f56a-4613-99c7-c520843fbdcb', 'temperature': 33, 'timeStamp': '2025-02-13T16:58:18', 'trace_id': '1ca91099-fe41-42a8-9952-56d2503c495c'}, {'deviceID': 'device123', 'eventID': '0a6ea70f-522b-4487-aad4-a4111b87b2f4', 'temperature': 28, 'timeStamp': '2025-02-13T16:58:18', 'trace_id': '0d46968f-4b06-4ff5-880a-7ce877cede9c'}, {'deviceID': 'device123', 'eventID': '26dc16f3-fca6-436f-8212-4e62d88ce1b2', 'temperature': 22, 'timeStamp': '2025-02-13T16:58:18', 'trace_id': '917ba252-f6cd-4568-bc82-c38b25827097'}, {'deviceID': 'device123', 'eventID': 'f24ef519-a866-43c7-889c-4769565d8fb4', 'temperature': 18, 'timeStamp': '2025-02-13T16:58:19', 'trace_id': 'c0523b5a-aec6-457d-a505-676d0c25fd88'}, {'deviceID': 'device123', 'eventID': 'db57d083-e839-49c2-a74b-3dc94174055f', 'temperature': 21, 'timeStamp': '2025-02-13T16:58:19', 'trace_id': 'f7be158a-31ee-4e5b-9231-0b966cddb6e1'}, {'deviceID': 'device123', 'eventID': '68d677b7-74b6-4e80-88aa-b156a5ad60aa', 'temperature': 16, 'timeStamp': '2025-02-13T16:58:19', 'trace_id': '7b8960f2-559c-4f7e-868c-f9f751689497'}, {'deviceID': 'device123', 'eventID': '868eb519-d9ea-432c-84bd-28c992e4f1ff', 'temperature': 25, 'timeStamp': '2025-02-13T16:58:19', 'trace_id': '15cd7b0d-b18b-4048-a2e4-0dfe88a09f07'}, {'deviceID': 'device123', 'eventID': '396b6375-dea6-4dd3-8c38-ee4caa009a96', 'temperature': 34, 'timeStamp': '2025-02-13T16:58:19', 'trace_id': 'b99447e2-3828-4406-8eb7-b4640e8a9f57'}, {'deviceID': 'device123', 'eventID': 'e8fcb4ad-4853-4c16-be12-419669b8980d', 'temperature': 23, 'timeStamp': '2025-02-13T16:58:19', 'trace_id': '02c60503-a46c-448c-a800-c80595293fe9'}, {'deviceID': 'device123', 'eventID': '433eb451-ee02-45d2-bda5-86589718144b', 'temperature': 31, 'timeStamp': '2025-02-13T16:58:19', 'trace_id': '759c9ef1-c80f-4b22-8465-9b96511852aa'}, {'deviceID': 'device123', 'eventID': 'c35e0513-5258-4163-a68c-1d967483cda8', 'temperature': 33, 'timeStamp': '2025-02-13T16:58:19', 'trace_id': 'b3abfcef-a0bc-4d05-a652-d05299cb5a4c'}, {'deviceID': 'device123', 'eventID': '972a7120-cd3f-4e18-9259-5a0d040a0af4', 'temperature': 19, 'timeStamp': '2025-02-13T16:58:19', 'trace_id': '4da7173c-3f3d-46fd-8ce0-a36e8396cba2'}, {'deviceID': 'device123', 'eventID': '55ff6286-8279-4267-843e-534b5152f7fe', 'temperature': 27, 'timeStamp': '2025-02-13T16:58:19', 'trace_id': '35fb816e-0650-462c-8152-062774ffea3c'}, {'deviceID': 'device123', 'eventID': '000d4a2a-c8c9-4412-99d5-e4448f71c29f', 'temperature': 24, 'timeStamp': '2025-02-13T16:58:19', 'trace_id': 'f235c153-90c4-4302-9062-8905a6cc5679'}, {'deviceID': 'device123', 'eventID': 'daac1023-857e-4526-8775-c1c71a35d7b3', 'temperature': 23, 'timeStamp': '2025-02-13T16:58:19', 'trace_id': 'dda14b42-22c4-486e-859a-61c258676be9'}, {'deviceID': 'device123', 'eventID': 'e393051e-9b50-4a7a-8000-7ed91ce09a70', 'temperature': 15, 'timeStamp': '2025-02-13T16:58:19', 'trace_id': '2b58fc82-36db-45fd-a3a6-9a7d9465ba96'}, {'deviceID': 'device123', 'eventID': '7824a886-4480-444d-bb2d-7c730bb40bb3', 'temperature': 33, 'timeStamp': '2025-02-13T16:58:19', 'trace_id': '77f722b7-0c4d-453c-a7f3-8e32344f6a81'}, {'deviceID': 'device123', 'eventID': '2d934389-a467-4c5b-a84d-e99b37d89040', 'temperature': 29, 'timeStamp': '2025-02-13T16:58:19', 'trace_id': '51b0e6ab-4a56-4318-9e06-206fb43f185a'}, {'deviceID': 'device123', 'eventID': '812b3c0f-8609-4923-ae09-e6a9dd5c5c95', 'temperature': 34, 'timeStamp': '2025-02-13T16:58:19', 'trace_id': 'ab1a8c01-59f4-459e-8555-c57f6051726e'}, {'deviceID': 'device123', 'eventID': '285df1fb-367b-4ff8-ac39-9102a10f791d', 'temperature': 31, 'timeStamp': '2025-02-13T16:58:19', 'trace_id': '90b6fe51-f82d-4fea-8285-54a4cf33a5ee'}, {'deviceID': 'device123', 'eventID': '347a12ca-c804-43e7-972a-7618d4419f5b', 'temperature': 26, 'timeStamp': '2025-02-13T16:58:19', 'trace_id': '49d26d00-5b58-446e-bdc8-68a698b00d4e'}, {'deviceID': 'device123', 'eventID': '8ffd8cb1-bb47-4974-bdaa-6672d68b61e8', 'temperature': 29, 'timeStamp': '2025-02-13T16:58:19', 'trace_id': '3cdce758-b64c-4ade-99f9-b72f91c20470'}]
2025-02-13 16:58:22,276 - basicLogger - DEBUG - Temperature Response: [{'deviceID': 'device123', 'eventID': '12865099-61e7-4e72-bddf-fbfb56b452e8', 'temperature': 30, 'timeStamp': '2025-02-13T16:58:18', 'trace_id': '55bc8ac3-dfe4-4e1e-b50f-7940643507e8'}, {'deviceID': 'device123', 'eventID': 'c60ed379-6ec2-48ae-bc39-5fa3ac835bea', 'temperature': 25, 'timeStamp': '2025-02-13T16:58:18', 'trace_id': 'bde90bd5-69a0-448d-9d5b-031b471d9135'}, {'deviceID': 'device123', 'eventID': '9adf8290-d66d-411d-aacb-7b9e96c7ccd8', 'temperature': 17, 'timeStamp': '2025-02-13T16:58:18', 'trace_id': 'ab529f02-e39e-4dca-9090-d4fdf7b0c93a'}, {'deviceID': 'device123', 'eventID': 'f534b025-f56a-4613-99c7-c520843fbdcb', 'temperature': 33, 'timeStamp': '2025-02-13T16:58:18', 'trace_id': '1ca91099-fe41-42a8-9952-56d2503c495c'}, {'deviceID': 'device123', 'eventID': '0a6ea70f-522b-4487-aad4-a4111b87b2f4', 'temperature': 28, 'timeStamp': '2025-02-13T16:58:18', 'trace_id': '0d46968f-4b06-4ff5-880a-7ce877cede9c'}, {'deviceID': 'device123', 'eventID': '26dc16f3-fca6-436f-8212-4e62d88ce1b2', 'temperature': 22, 'timeStamp': '2025-02-13T16:58:18', 'trace_id': '917ba252-f6cd-4568-bc82-c38b25827097'}, {'deviceID': 'device123', 'eventID': 'f24ef519-a866-43c7-889c-4769565d8fb4', 'temperature': 18, 'timeStamp': '2025-02-13T16:58:19', 'trace_id': 'c0523b5a-aec6-457d-a505-676d0c25fd88'}, {'deviceID': 'device123', 'eventID': 'db57d083-e839-49c2-a74b-3dc94174055f', 'temperature': 21, 'timeStamp': '2025-02-13T16:58:19', 'trace_id': 'f7be158a-31ee-4e5b-9231-0b966cddb6e1'}, {'deviceID': 'device123', 'eventID': '68d677b7-74b6-4e80-88aa-b156a5ad60aa', 'temperature': 16, 'timeStamp': '2025-02-13T16:58:19', 'trace_id': '7b8960f2-559c-4f7e-868c-f9f751689497'}, {'deviceID': 'device123', 'eventID': '868eb519-d9ea-432c-84bd-28c992e4f1ff', 'temperature': 25, 'timeStamp': '2025-02-13T16:58:19', 'trace_id': '15cd7b0d-b18b-4048-a2e4-0dfe88a09f07'}, {'deviceID': 'device123', 'eventID': '396b6375-dea6-4dd3-8c38-ee4caa009a96', 'temperature': 34, 'timeStamp': '2025-02-13T16:58:19', 'trace_id': 'b99447e2-3828-4406-8eb7-b4640e8a9f57'}, {'deviceID': 'device123', 'eventID': 'e8fcb4ad-4853-4c16-be12-419669b8980d', 'temperature': 23, 'timeStamp': '2025-02-13T16:58:19', 'trace_id': '02c60503-a46c-448c-a800-c80595293fe9'}, {'deviceID': 'device123', 'eventID': '433eb451-ee02-45d2-bda5-86589718144b', 'temperature': 31, 'timeStamp': '2025-02-13T16:58:19', 'trace_id': '759c9ef1-c80f-4b22-8465-9b96511852aa'}, {'deviceID': 'device123', 'eventID': 'c35e0513-5258-4163-a68c-1d967483cda8', 'temperature': 33, 'timeStamp': '2025-02-13T16:58:19', 'trace_id': 'b3abfcef-a0bc-4d05-a652-d05299cb5a4c'}, {'deviceID': 'device123', 'eventID': '972a7120-cd3f-4e18-9259-5a0d040a0af4', 'temperature': 19, 'timeStamp': '2025-02-13T16:58:19', 'trace_id': '4da7173c-3f3d-46fd-8ce0-a36e8396cba2'}, {'deviceID': 'device123', 'eventID': '55ff6286-8279-4267-843e-534b5152f7fe', 'temperature': 27, 'timeStamp': '2025-02-13T16:58:19', 'trace_id': '35fb816e-0650-462c-8152-062774ffea3c'}, {'deviceID': 'device123', 'eventID': '000d4a2a-c8c9-4412-99d5-e4448f71c29f', 'temperature': 24, 'timeStamp': '2025-02-13T16:58:19', 'trace_id': 'f235c153-90c4-4302-9062-8905a6cc5679'}, {'deviceID': 'device123', 'eventID': 'daac1023-857e-4526-8775-c1c71a35d7b3', 'temperature': 23, 'timeStamp': '2025-02-13T16:58:19', 'trace_id': 'dda14b42-22c4-486e-859a-61c258676be9'}, {'deviceID': 'device123', 'eventID': 'e393051e-9b50-4a7a-8000-7ed91ce09a70', 'temperature': 15, 'timeStamp': '2025-02-13T16:58:19', 'trace_id': '2b58fc82-36db-45fd-a3a6-9a7d9465ba96'}, {'deviceID': 'device123', 'eventID': '7824a886-4480-444d-bb2d-7c730bb40bb3', 'temperature': 33, 'timeStamp': '2025-02-13T16:58:19', 'trace_id': '77f722b7-0c4d-453c-a7f3-8e32344f6a81'}, {'deviceID': 'device123', 'eventID': '2d934389-a467-4c5b-a84d-e99b37d89040', 'temperature': 29, 'timeStamp': '2025-02-13T16:58:19', 'trace_id': '51b0e6ab-4a56-4318-9e06-206fb43f185a'}, {'deviceID': 'device123', 'eventID': '812b3c0f-8609-4923-ae09-e6a9dd5c5c95', 'temperature': 34, 'timeStamp': '2025-02-13T16:58:19', 'trace_id': 'ab1a8c01-59f4-459e-8555-c57f6051726e'}, {'deviceID': 'device123', 'eventID': '285df1fb-367b-4ff8-ac39-9102a10f791d', 'temperature': 31, 'timeStamp': '2025-02-13T16:58:19', 'trace_id': '90b6fe51-f82d-4fea-8285-54a4cf33a5ee'}, {'deviceID': 'device123', 'eventID': '347a12ca-c804-43e7-972a-7618d4419f5b', 'temperature': 26, 'timeStamp': '2025-02-13T16:58:19', 'trace_id': '49d26d00-5b58-446e-bdc8-68a698b00d4e'}, {'deviceID': 'device123', 'eventID': '8ffd8cb1-bb47-4974-bdaa-6672d68b61e8', 'temperature': 29, 'timeStamp': '2025-02-13T16:58:19', 'trace_id': '3cdce758-b64c-4ade-99f9-b72f91c20470'}]
2025-02-13 16:58:22,276 - basicLogger - DEBUG - Windspeed Response: []
2025-02-13 16:58:22,276 - basicLogger - DEBUG - Temperature Response Status Code: 200
2025-02-13 16:58:22,277 - basicLogger - DEBUG - Wind Speed Response Status Code: 200
2025-02-13 16:58:22,277 - basicLogger - DEBUG - Temperature Response Raw: [
  {
    "deviceID": "device123",
    "eventID": "12865099-61e7-4e72-bddf-fbfb56b452e8",
    "temperature": 30,
    "timeStamp": "2025-02-13T16:58:18",
    "trace_id": "55bc8ac3-dfe4-4e1e-b50f-7940643507e8"
  },
  {
    "deviceID": "device123",
    "eventID": "c60ed379-6ec2-48ae-bc39-5fa3ac835bea",
    "temperature": 25,
    "timeStamp": "2025-02-13T16:58:18",
    "trace_id": "bde90bd5-69a0-448d-9d5b-031b471d9135"
  },
  {
    "deviceID": "device123",
    "eventID": "9adf8290-d66d-411d-aacb-7b9e96c7ccd8",
    "temperature": 17,
    "timeStamp": "2025-02-13T16:58:18",
    "trace_id": "ab529f02-e39e-4dca-9090-d4fdf7b0c93a"
  },
  {
    "deviceID": "device123",
    "eventID": "f534b025-f56a-4613-99c7-c520843fbdcb",
    "temperature": 33,
    "timeStamp": "2025-02-13T16:58:18",
    "trace_id": "1ca91099-fe41-42a8-9952-56d2503c495c"
  },
  {
    "deviceID": "device123",
    "eventID": "0a6ea70f-522b-4487-aad4-a4111b87b2f4",
    "temperature": 28,
    "timeStamp": "2025-02-13T16:58:18",
    "trace_id": "0d46968f-4b06-4ff5-880a-7ce877cede9c"
  },
  {
    "deviceID": "device123",
    "eventID": "26dc16f3-fca6-436f-8212-4e62d88ce1b2",
    "temperature": 22,
    "timeStamp": "2025-02-13T16:58:18",
    "trace_id": "917ba252-f6cd-4568-bc82-c38b25827097"
  },
  {
    "deviceID": "device123",
    "eventID": "f24ef519-a866-43c7-889c-4769565d8fb4",
    "temperature": 18,
    "timeStamp": "2025-02-13T16:58:19",
    "trace_id": "c0523b5a-aec6-457d-a505-676d0c25fd88"
  },
  {
    "deviceID": "device123",
    "eventID": "db57d083-e839-49c2-a74b-3dc94174055f",
    "temperature": 21,
    "timeStamp": "2025-02-13T16:58:19",
    "trace_id": "f7be158a-31ee-4e5b-9231-0b966cddb6e1"
  },
  {
    "deviceID": "device123",
    "eventID": "68d677b7-74b6-4e80-88aa-b156a5ad60aa",
    "temperature": 16,
    "timeStamp": "2025-02-13T16:58:19",
    "trace_id": "7b8960f2-559c-4f7e-868c-f9f751689497"
  },
  {
    "deviceID": "device123",
    "eventID": "868eb519-d9ea-432c-84bd-28c992e4f1ff",
    "temperature": 25,
    "timeStamp": "2025-02-13T16:58:19",
    "trace_id": "15cd7b0d-b18b-4048-a2e4-0dfe88a09f07"
  },
  {
    "deviceID": "device123",
    "eventID": "396b6375-dea6-4dd3-8c38-ee4caa009a96",
    "temperature": 34,
    "timeStamp": "2025-02-13T16:58:19",
    "trace_id": "b99447e2-3828-4406-8eb7-b4640e8a9f57"
  },
  {
    "deviceID": "device123",
    "eventID": "e8fcb4ad-4853-4c16-be12-419669b8980d",
    "temperature": 23,
    "timeStamp": "2025-02-13T16:58:19",
    "trace_id": "02c60503-a46c-448c-a800-c80595293fe9"
  },
  {
    "deviceID": "device123",
    "eventID": "433eb451-ee02-45d2-bda5-86589718144b",
    "temperature": 31,
    "timeStamp": "2025-02-13T16:58:19",
    "trace_id": "759c9ef1-c80f-4b22-8465-9b96511852aa"
  },
  {
    "deviceID": "device123",
    "eventID": "c35e0513-5258-4163-a68c-1d967483cda8",
    "temperature": 33,
    "timeStamp": "2025-02-13T16:58:19",
    "trace_id": "b3abfcef-a0bc-4d05-a652-d05299cb5a4c"
  },
  {
    "deviceID": "device123",
    "eventID": "972a7120-cd3f-4e18-9259-5a0d040a0af4",
    "temperature": 19,
    "timeStamp": "2025-02-13T16:58:19",
    "trace_id": "4da7173c-3f3d-46fd-8ce0-a36e8396cba2"
  },
  {
    "deviceID": "device123",
    "eventID": "55ff6286-8279-4267-843e-534b5152f7fe",
    "temperature": 27,
    "timeStamp": "2025-02-13T16:58:19",
    "trace_id": "35fb816e-0650-462c-8152-062774ffea3c"
  },
  {
    "deviceID": "device123",
    "eventID": "000d4a2a-c8c9-4412-99d5-e4448f71c29f",
    "temperature": 24,
    "timeStamp": "2025-02-13T16:58:19",
    "trace_id": "f235c153-90c4-4302-9062-8905a6cc5679"
  },
  {
    "deviceID": "device123",
    "eventID": "daac1023-857e-4526-8775-c1c71a35d7b3",
    "temperature": 23,
    "timeStamp": "2025-02-13T16:58:19",
    "trace_id": "dda14b42-22c4-486e-859a-61c258676be9"
  },
  {
    "deviceID": "device123",
    "eventID": "e393051e-9b50-4a7a-8000-7ed91ce09a70",
    "temperature": 15,
    "timeStamp": "2025-02-13T16:58:19",
    "trace_id": "2b58fc82-36db-45fd-a3a6-9a7d9465ba96"
  },
  {
    "deviceID": "device123",
    "eventID": "7824a886-4480-444d-bb2d-7c730bb40bb3",
    "temperature": 33,
    "timeStamp": "2025-02-13T16:58:19",
    "trace_id": "77f722b7-0c4d-453c-a7f3-8e32344f6a81"
  },
  {
    "deviceID": "device123",
    "eventID": "2d934389-a467-4c5b-a84d-e99b37d89040",
    "temperature": 29,
    "timeStamp": "2025-02-13T16:58:19",
    "trace_id": "51b0e6ab-4a56-4318-9e06-206fb43f185a"
  },
  {
    "deviceID": "device123",
    "eventID": "812b3c0f-8609-4923-ae09-e6a9dd5c5c95",
    "temperature": 34,
    "timeStamp": "2025-02-13T16:58:19",
    "trace_id": "ab1a8c01-59f4-459e-8555-c57f6051726e"
  },
  {
    "deviceID": "device123",
    "eventID": "285df1fb-367b-4ff8-ac39-9102a10f791d",
    "temperature": 31,
    "timeStamp": "2025-02-13T16:58:19",
    "trace_id": "90b6fe51-f82d-4fea-8285-54a4cf33a5ee"
  },
  {
    "deviceID": "device123",
    "eventID": "347a12ca-c804-43e7-972a-7618d4419f5b",
    "temperature": 26,
    "timeStamp": "2025-02-13T16:58:19",
    "trace_id": "49d26d00-5b58-446e-bdc8-68a698b00d4e"
  },
  {
    "deviceID": "device123",
    "eventID": "8ffd8cb1-bb47-4974-bdaa-6672d68b61e8",
    "temperature": 29,
    "timeStamp": "2025-02-13T16:58:19",
    "trace_id": "3cdce758-b64c-4ade-99f9-b72f91c20470"
  }
]

2025-02-13 16:58:22,277 - basicLogger - DEBUG - Windspeed Response Raw: []

2025-02-13 16:58:22,277 - basicLogger - DEBUG - Requesting temperature data from 2025-02-13T16:58:17.211910 to 2025-02-13T16:58:22.211648
2025-02-13 16:58:22,277 - basicLogger - DEBUG - Requesting wind speed data from 2025-02-13T16:58:17.211910 to 2025-02-13T16:58:22.211648
2025-02-13 16:58:27,211 - basicLogger - INFO - Processing has started
2025-02-13 16:58:27,211 - basicLogger - DEBUG - Fetching wind data from: http://localhost:8090/events/wind-speed?start_timestamp=2025-02-13T16:58:22.211648&end_timestamp=2025-02-13T16:58:27.211804
2025-02-13 16:58:27,212 - basicLogger - DEBUG - Fetching wind data from: http://localhost:8090/events/temperature?start_timestamp=2025-02-13T16:58:22.211648&end_timestamp=2025-02-13T16:58:27.211804
2025-02-13 16:58:27,276 - basicLogger - DEBUG - []
2025-02-13 16:58:27,277 - basicLogger - DEBUG - Temperature Response: []
2025-02-13 16:58:27,277 - basicLogger - DEBUG - Windspeed Response: []
2025-02-13 16:58:27,277 - basicLogger - DEBUG - Temperature Response Status Code: 200
2025-02-13 16:58:27,277 - basicLogger - DEBUG - Wind Speed Response Status Code: 200
2025-02-13 16:58:27,277 - basicLogger - DEBUG - Temperature Response Raw: []

2025-02-13 16:58:27,278 - basicLogger - DEBUG - Windspeed Response Raw: []

2025-02-13 16:58:27,278 - basicLogger - DEBUG - Requesting temperature data from 2025-02-13T16:58:22.211648 to 2025-02-13T16:58:27.211804
2025-02-13 16:58:27,278 - basicLogger - DEBUG - Requesting wind speed data from 2025-02-13T16:58:22.211648 to 2025-02-13T16:58:27.211804
2025-02-13 16:58:32,210 - basicLogger - INFO - Processing has started
2025-02-13 16:58:32,211 - basicLogger - DEBUG - Fetching wind data from: http://localhost:8090/events/wind-speed?start_timestamp=2025-02-13T16:58:27.211804&end_timestamp=2025-02-13T16:58:32.211346
2025-02-13 16:58:32,211 - basicLogger - DEBUG - Fetching wind data from: http://localhost:8090/events/temperature?start_timestamp=2025-02-13T16:58:27.211804&end_timestamp=2025-02-13T16:58:32.211346
2025-02-13 16:58:32,278 - basicLogger - DEBUG - []
2025-02-13 16:58:32,278 - basicLogger - DEBUG - Temperature Response: []
2025-02-13 16:58:32,279 - basicLogger - DEBUG - Windspeed Response: []
2025-02-13 16:58:32,279 - basicLogger - DEBUG - Temperature Response Status Code: 200
2025-02-13 16:58:32,279 - basicLogger - DEBUG - Wind Speed Response Status Code: 200
2025-02-13 16:58:32,279 - basicLogger - DEBUG - Temperature Response Raw: []

2025-02-13 16:58:32,279 - basicLogger - DEBUG - Windspeed Response Raw: []

2025-02-13 16:58:32,279 - basicLogger - DEBUG - Requesting temperature data from 2025-02-13T16:58:27.211804 to 2025-02-13T16:58:32.211346
2025-02-13 16:58:32,279 - basicLogger - DEBUG - Requesting wind speed data from 2025-02-13T16:58:27.211804 to 2025-02-13T16:58:32.211346
2025-02-13 17:02:33,442 - basicLogger - INFO - Processing has started
2025-02-13 17:02:33,444 - basicLogger - DEBUG - Fetching wind data from: http://localhost:8090/events/wind-speed?start_timestamp=2025-02-13T16:58:32.211346&end_timestamp=2025-02-13T17:02:33.444636
2025-02-13 17:02:33,445 - basicLogger - DEBUG - Fetching wind data from: http://localhost:8090/events/temperature?start_timestamp=2025-02-13T16:58:32.211346&end_timestamp=2025-02-13T17:02:33.444636
2025-02-13 17:02:33,548 - basicLogger - DEBUG - []
2025-02-13 17:02:33,548 - basicLogger - DEBUG - Temperature Response: []
2025-02-13 17:02:33,548 - basicLogger - DEBUG - Windspeed Response: []
2025-02-13 17:02:33,548 - basicLogger - DEBUG - Temperature Response Status Code: 200
2025-02-13 17:02:33,548 - basicLogger - DEBUG - Wind Speed Response Status Code: 200
2025-02-13 17:02:33,548 - basicLogger - DEBUG - Temperature Response Raw: []

2025-02-13 17:02:33,549 - basicLogger - DEBUG - Windspeed Response Raw: []

2025-02-13 17:02:33,549 - basicLogger - DEBUG - Requesting temperature data from 2025-02-13T16:58:32.211346 to 2025-02-13T17:02:33.444636
2025-02-13 17:02:33,549 - basicLogger - DEBUG - Requesting wind speed data from 2025-02-13T16:58:32.211346 to 2025-02-13T17:02:33.444636
2025-02-13 17:02:38,441 - basicLogger - INFO - Processing has started
2025-02-13 17:02:38,442 - basicLogger - DEBUG - Fetching wind data from: http://localhost:8090/events/wind-speed?start_timestamp=2025-02-13T17:02:33.444636&end_timestamp=2025-02-13T17:02:38.442205
2025-02-13 17:02:38,442 - basicLogger - DEBUG - Fetching wind data from: http://localhost:8090/events/temperature?start_timestamp=2025-02-13T17:02:33.444636&end_timestamp=2025-02-13T17:02:38.442205
2025-02-13 17:02:38,549 - basicLogger - DEBUG - [{'deviceID': 'device123', 'eventID': '981681d9-f57b-4aa2-a0e2-da9cb5eb1984', 'temperature': 26, 'timeStamp': '2025-02-13T17:02:34', 'trace_id': 'b65c8c96-45ac-4977-b808-12aace77967d'}, {'deviceID': 'device123', 'eventID': '2ec56f42-d3c7-4938-becd-f0ba9d0664ac', 'temperature': 34, 'timeStamp': '2025-02-13T17:02:34', 'trace_id': '749d87e0-2aba-4b68-befd-e973427e5253'}, {'deviceID': 'device123', 'eventID': '64375933-b17f-452c-9373-adced91f2901', 'temperature': 30, 'timeStamp': '2025-02-13T17:02:34', 'trace_id': 'a2020f6b-6049-4906-8d28-96a5db771ad6'}, {'deviceID': 'device123', 'eventID': '96d2a68f-87d9-449f-baa4-96d20dc12eb4', 'temperature': 20, 'timeStamp': '2025-02-13T17:02:34', 'trace_id': 'a8ca4217-8c91-4f90-8089-15363d979a1c'}, {'deviceID': 'device123', 'eventID': '521f6335-60f8-4890-8a55-09fd3f2f1711', 'temperature': 19, 'timeStamp': '2025-02-13T17:02:34', 'trace_id': '1d923644-1fd8-4631-89d9-bae50de8e1f6'}, {'deviceID': 'device123', 'eventID': '2b267a2f-c8db-4abd-830a-f671fed0e569', 'temperature': 30, 'timeStamp': '2025-02-13T17:02:34', 'trace_id': '3df0de15-a492-4d80-95ce-ebc5cb41fb6f'}, {'deviceID': 'device123', 'eventID': '65ce0e4e-ed5c-47ed-8536-1ce47c740654', 'temperature': 21, 'timeStamp': '2025-02-13T17:02:34', 'trace_id': '37fcecf3-78a1-471d-93dd-6f4b87c60381'}, {'deviceID': 'device123', 'eventID': 'f2a8c6d0-76c7-4f91-ad1c-1b5752cd30e5', 'temperature': 23, 'timeStamp': '2025-02-13T17:02:34', 'trace_id': '88647bfa-6981-4461-bf3b-464f103a1262'}, {'deviceID': 'device123', 'eventID': 'c62b2bca-0276-44ba-bc16-07df09f31f3f', 'temperature': 32, 'timeStamp': '2025-02-13T17:02:34', 'trace_id': '93c231d4-dd21-4aac-b4dd-7791794d99cb'}, {'deviceID': 'device123', 'eventID': 'fb1f452e-f36c-4998-919c-4ec2bbd8a952', 'temperature': 27, 'timeStamp': '2025-02-13T17:02:34', 'trace_id': '1b7667ad-4234-42f7-ba80-ec0b3ccdd4eb'}, {'deviceID': 'device123', 'eventID': '203210bc-233b-48ec-bcc5-036f8a6d3eeb', 'temperature': 32, 'timeStamp': '2025-02-13T17:02:34', 'trace_id': '51050e05-d907-4ab0-9253-62e0b76164bd'}, {'deviceID': 'device123', 'eventID': '156b965f-a2ca-427b-93a5-f2d01b65d968', 'temperature': 17, 'timeStamp': '2025-02-13T17:02:34', 'trace_id': '9b22d1a4-4458-41f8-a57c-adc5b48c6c7f'}, {'deviceID': 'device123', 'eventID': '81561eff-aa36-497e-a775-dd2c7855c880', 'temperature': 33, 'timeStamp': '2025-02-13T17:02:34', 'trace_id': 'ea82d637-2841-428f-ae0a-4b7b95ca3835'}, {'deviceID': 'device123', 'eventID': '106af223-6db4-4328-b7dd-da8c5a857a0d', 'temperature': 19, 'timeStamp': '2025-02-13T17:02:35', 'trace_id': '9e7c0491-c872-488f-9645-0bfcd56944fd'}, {'deviceID': 'device123', 'eventID': '0788d7fe-7305-413a-b185-bc3e2f4a626e', 'temperature': 26, 'timeStamp': '2025-02-13T17:02:35', 'trace_id': 'be76d9d1-d1ce-40af-bd76-9e7f1d13a49a'}, {'deviceID': 'device123', 'eventID': 'fac7a708-370a-4647-8dec-1b56af1002b7', 'temperature': 17, 'timeStamp': '2025-02-13T17:02:35', 'trace_id': '43391261-41c6-4579-93c1-3c1afcca5b0e'}, {'deviceID': 'device123', 'eventID': '38d921e8-dc11-444e-ba31-f8d10e8949da', 'temperature': 20, 'timeStamp': '2025-02-13T17:02:35', 'trace_id': '4db5ec81-7ef4-4aa3-9c62-e183d6a27053'}, {'deviceID': 'device123', 'eventID': '8bd662ac-0471-4c6d-85f4-bce895aaaac9', 'temperature': 32, 'timeStamp': '2025-02-13T17:02:35', 'trace_id': '35685ac0-cfa3-4e47-be72-2536e8e2927f'}, {'deviceID': 'device123', 'eventID': '6d7da39c-04b3-4090-966f-b7913eb16a92', 'temperature': 20, 'timeStamp': '2025-02-13T17:02:35', 'trace_id': '47e6f9d8-72da-4065-bf62-ac95f5a01dea'}, {'deviceID': 'device123', 'eventID': '5dd764f4-0a1c-46c6-a5c3-8a9506bb23af', 'temperature': 22, 'timeStamp': '2025-02-13T17:02:35', 'trace_id': 'd75eb79a-ab02-400a-aeb6-8aa44e5c4ba4'}, {'deviceID': 'device123', 'eventID': 'cc4b4511-3b29-4262-aa16-ac51ecdf803e', 'temperature': 34, 'timeStamp': '2025-02-13T17:02:35', 'trace_id': '136f1be2-de6e-465b-b47b-9cccc3a409a9'}, {'deviceID': 'device123', 'eventID': 'cf81166d-1d01-4fa5-a1cd-8ccf2d3086d3', 'temperature': 24, 'timeStamp': '2025-02-13T17:02:35', 'trace_id': 'd1eab2b0-707c-4bad-be95-a1899687ca97'}, {'deviceID': 'device123', 'eventID': '86a0dc5f-ecdc-46ff-95b8-0e44d5573935', 'temperature': 21, 'timeStamp': '2025-02-13T17:02:35', 'trace_id': 'be43aec3-3b24-4bbb-a9f6-6ad571085ff3'}, {'deviceID': 'device123', 'eventID': 'f9bcb595-c68e-40f8-bd4b-53eec89df3a4', 'temperature': 31, 'timeStamp': '2025-02-13T17:02:35', 'trace_id': 'dfd09bf6-11b6-4f27-9275-50079992c740'}, {'deviceID': 'device123', 'eventID': 'fcb34bed-f521-4ac9-be6b-a730ed39380a', 'temperature': 21, 'timeStamp': '2025-02-13T17:02:35', 'trace_id': '127704c7-552f-4fa3-9749-a46a39b778a6'}]
2025-02-13 17:02:38,550 - basicLogger - DEBUG - Temperature Response: [{'deviceID': 'device123', 'eventID': '981681d9-f57b-4aa2-a0e2-da9cb5eb1984', 'temperature': 26, 'timeStamp': '2025-02-13T17:02:34', 'trace_id': 'b65c8c96-45ac-4977-b808-12aace77967d'}, {'deviceID': 'device123', 'eventID': '2ec56f42-d3c7-4938-becd-f0ba9d0664ac', 'temperature': 34, 'timeStamp': '2025-02-13T17:02:34', 'trace_id': '749d87e0-2aba-4b68-befd-e973427e5253'}, {'deviceID': 'device123', 'eventID': '64375933-b17f-452c-9373-adced91f2901', 'temperature': 30, 'timeStamp': '2025-02-13T17:02:34', 'trace_id': 'a2020f6b-6049-4906-8d28-96a5db771ad6'}, {'deviceID': 'device123', 'eventID': '96d2a68f-87d9-449f-baa4-96d20dc12eb4', 'temperature': 20, 'timeStamp': '2025-02-13T17:02:34', 'trace_id': 'a8ca4217-8c91-4f90-8089-15363d979a1c'}, {'deviceID': 'device123', 'eventID': '521f6335-60f8-4890-8a55-09fd3f2f1711', 'temperature': 19, 'timeStamp': '2025-02-13T17:02:34', 'trace_id': '1d923644-1fd8-4631-89d9-bae50de8e1f6'}, {'deviceID': 'device123', 'eventID': '2b267a2f-c8db-4abd-830a-f671fed0e569', 'temperature': 30, 'timeStamp': '2025-02-13T17:02:34', 'trace_id': '3df0de15-a492-4d80-95ce-ebc5cb41fb6f'}, {'deviceID': 'device123', 'eventID': '65ce0e4e-ed5c-47ed-8536-1ce47c740654', 'temperature': 21, 'timeStamp': '2025-02-13T17:02:34', 'trace_id': '37fcecf3-78a1-471d-93dd-6f4b87c60381'}, {'deviceID': 'device123', 'eventID': 'f2a8c6d0-76c7-4f91-ad1c-1b5752cd30e5', 'temperature': 23, 'timeStamp': '2025-02-13T17:02:34', 'trace_id': '88647bfa-6981-4461-bf3b-464f103a1262'}, {'deviceID': 'device123', 'eventID': 'c62b2bca-0276-44ba-bc16-07df09f31f3f', 'temperature': 32, 'timeStamp': '2025-02-13T17:02:34', 'trace_id': '93c231d4-dd21-4aac-b4dd-7791794d99cb'}, {'deviceID': 'device123', 'eventID': 'fb1f452e-f36c-4998-919c-4ec2bbd8a952', 'temperature': 27, 'timeStamp': '2025-02-13T17:02:34', 'trace_id': '1b7667ad-4234-42f7-ba80-ec0b3ccdd4eb'}, {'deviceID': 'device123', 'eventID': '203210bc-233b-48ec-bcc5-036f8a6d3eeb', 'temperature': 32, 'timeStamp': '2025-02-13T17:02:34', 'trace_id': '51050e05-d907-4ab0-9253-62e0b76164bd'}, {'deviceID': 'device123', 'eventID': '156b965f-a2ca-427b-93a5-f2d01b65d968', 'temperature': 17, 'timeStamp': '2025-02-13T17:02:34', 'trace_id': '9b22d1a4-4458-41f8-a57c-adc5b48c6c7f'}, {'deviceID': 'device123', 'eventID': '81561eff-aa36-497e-a775-dd2c7855c880', 'temperature': 33, 'timeStamp': '2025-02-13T17:02:34', 'trace_id': 'ea82d637-2841-428f-ae0a-4b7b95ca3835'}, {'deviceID': 'device123', 'eventID': '106af223-6db4-4328-b7dd-da8c5a857a0d', 'temperature': 19, 'timeStamp': '2025-02-13T17:02:35', 'trace_id': '9e7c0491-c872-488f-9645-0bfcd56944fd'}, {'deviceID': 'device123', 'eventID': '0788d7fe-7305-413a-b185-bc3e2f4a626e', 'temperature': 26, 'timeStamp': '2025-02-13T17:02:35', 'trace_id': 'be76d9d1-d1ce-40af-bd76-9e7f1d13a49a'}, {'deviceID': 'device123', 'eventID': 'fac7a708-370a-4647-8dec-1b56af1002b7', 'temperature': 17, 'timeStamp': '2025-02-13T17:02:35', 'trace_id': '43391261-41c6-4579-93c1-3c1afcca5b0e'}, {'deviceID': 'device123', 'eventID': '38d921e8-dc11-444e-ba31-f8d10e8949da', 'temperature': 20, 'timeStamp': '2025-02-13T17:02:35', 'trace_id': '4db5ec81-7ef4-4aa3-9c62-e183d6a27053'}, {'deviceID': 'device123', 'eventID': '8bd662ac-0471-4c6d-85f4-bce895aaaac9', 'temperature': 32, 'timeStamp': '2025-02-13T17:02:35', 'trace_id': '35685ac0-cfa3-4e47-be72-2536e8e2927f'}, {'deviceID': 'device123', 'eventID': '6d7da39c-04b3-4090-966f-b7913eb16a92', 'temperature': 20, 'timeStamp': '2025-02-13T17:02:35', 'trace_id': '47e6f9d8-72da-4065-bf62-ac95f5a01dea'}, {'deviceID': 'device123', 'eventID': '5dd764f4-0a1c-46c6-a5c3-8a9506bb23af', 'temperature': 22, 'timeStamp': '2025-02-13T17:02:35', 'trace_id': 'd75eb79a-ab02-400a-aeb6-8aa44e5c4ba4'}, {'deviceID': 'device123', 'eventID': 'cc4b4511-3b29-4262-aa16-ac51ecdf803e', 'temperature': 34, 'timeStamp': '2025-02-13T17:02:35', 'trace_id': '136f1be2-de6e-465b-b47b-9cccc3a409a9'}, {'deviceID': 'device123', 'eventID': 'cf81166d-1d01-4fa5-a1cd-8ccf2d3086d3', 'temperature': 24, 'timeStamp': '2025-02-13T17:02:35', 'trace_id': 'd1eab2b0-707c-4bad-be95-a1899687ca97'}, {'deviceID': 'device123', 'eventID': '86a0dc5f-ecdc-46ff-95b8-0e44d5573935', 'temperature': 21, 'timeStamp': '2025-02-13T17:02:35', 'trace_id': 'be43aec3-3b24-4bbb-a9f6-6ad571085ff3'}, {'deviceID': 'device123', 'eventID': 'f9bcb595-c68e-40f8-bd4b-53eec89df3a4', 'temperature': 31, 'timeStamp': '2025-02-13T17:02:35', 'trace_id': 'dfd09bf6-11b6-4f27-9275-50079992c740'}, {'deviceID': 'device123', 'eventID': 'fcb34bed-f521-4ac9-be6b-a730ed39380a', 'temperature': 21, 'timeStamp': '2025-02-13T17:02:35', 'trace_id': '127704c7-552f-4fa3-9749-a46a39b778a6'}]
2025-02-13 17:02:38,551 - basicLogger - DEBUG - Windspeed Response: [{'deviceID': 'windSensor-001', 'eventID': '058523c1-4c28-4cbd-98de-202fc4d2ba6a', 'location': {'latitude': 39, 'longitude': -74}, 'timeStamp': '2025-02-13T17:02:34', 'trace_id': '6c2c1b6f-e6e8-405b-b6f3-69cd80a3a30e', 'windspeed': 16}, {'deviceID': 'windSensor-001', 'eventID': '82d1c27d-fb8a-4b1c-9dfe-0acbb5e76e29', 'location': {'latitude': 41, 'longitude': -74}, 'timeStamp': '2025-02-13T17:02:34', 'trace_id': 'ea384269-7308-4447-8795-2e6cbad4a1c2', 'windspeed': 13}, {'deviceID': 'windSensor-001', 'eventID': 'dae9e105-bf79-4f9c-a581-d3cced9b9329', 'location': {'latitude': 44, 'longitude': -80}, 'timeStamp': '2025-02-13T17:02:34', 'trace_id': 'f1dbaf6a-7d62-443d-9a5f-b6ac50f9c60d', 'windspeed': 12}, {'deviceID': 'windSensor-001', 'eventID': 'ed4cecfe-a163-4afe-a623-670a9922aa4a', 'location': {'latitude': 41, 'longitude': -80}, 'timeStamp': '2025-02-13T17:02:34', 'trace_id': '6824c81e-3bf8-4d59-ab08-0c83a470776b', 'windspeed': 5}, {'deviceID': 'windSensor-001', 'eventID': '43670402-e325-430f-b671-b3c107bbd81f', 'location': {'latitude': 45, 'longitude': -74}, 'timeStamp': '2025-02-13T17:02:34', 'trace_id': 'bdef2dc1-d938-4df6-8bc5-2b5bfe680cbb', 'windspeed': 30}, {'deviceID': 'windSensor-001', 'eventID': 'beaa3521-6060-4491-a95d-463312f2bd5f', 'location': {'latitude': 42, 'longitude': -74}, 'timeStamp': '2025-02-13T17:02:34', 'trace_id': 'c60acb22-3c60-479a-a850-d9a9a2cfe50c', 'windspeed': 19}, {'deviceID': 'windSensor-001', 'eventID': 'dd6461d9-bc8c-4f84-9bcc-be7abef40a81', 'location': {'latitude': 43, 'longitude': -75}, 'timeStamp': '2025-02-13T17:02:34', 'trace_id': '3100afc1-0f82-45c0-9c8e-752e8fe726c6', 'windspeed': 29}, {'deviceID': 'windSensor-001', 'eventID': '231165a4-0617-44bf-a49a-da14e27e95c4', 'location': {'latitude': 39, 'longitude': -78}, 'timeStamp': '2025-02-13T17:02:34', 'trace_id': '4060c9d9-e2ef-421a-830c-05de5516b6ba', 'windspeed': 26}, {'deviceID': 'windSensor-001', 'eventID': '5f66065c-30a3-44b4-9cae-37679fa60045', 'location': {'latitude': 43, 'longitude': -76}, 'timeStamp': '2025-02-13T17:02:34', 'trace_id': 'ff1af1e1-c309-4dfc-b769-140e30de5c17', 'windspeed': 20}, {'deviceID': 'windSensor-001', 'eventID': '46674a1a-a67d-4b52-915c-b8947075cb67', 'location': {'latitude': 35, 'longitude': -78}, 'timeStamp': '2025-02-13T17:02:34', 'trace_id': '94d44da1-30e6-4090-87f3-24bf7753fb7c', 'windspeed': 17}, {'deviceID': 'windSensor-001', 'eventID': 'f9f3e0fb-88ba-4ee0-8981-6a3c6ad39688', 'location': {'latitude': 43, 'longitude': -78}, 'timeStamp': '2025-02-13T17:02:34', 'trace_id': 'f214ea51-94a4-4f93-980a-031d47b037d6', 'windspeed': 10}, {'deviceID': 'windSensor-001', 'eventID': 'e52b04e0-69e4-4be1-a511-acb991118248', 'location': {'latitude': 42, 'longitude': -75}, 'timeStamp': '2025-02-13T17:02:34', 'trace_id': 'fdf47e85-15ff-4c64-ba73-46bb8cd42952', 'windspeed': 13}, {'deviceID': 'windSensor-001', 'eventID': '4b23c735-7c8d-4014-9fc9-a1af479b7e9b', 'location': {'latitude': 43, 'longitude': -74}, 'timeStamp': '2025-02-13T17:02:34', 'trace_id': '06feaa98-8e25-4488-96cf-59cef227e60e', 'windspeed': 24}, {'deviceID': 'windSensor-001', 'eventID': 'c971b1a3-7f05-4e50-9ba1-23924f28f078', 'location': {'latitude': 37, 'longitude': -70}, 'timeStamp': '2025-02-13T17:02:35', 'trace_id': '08b2d47c-6121-4f4e-a521-204e9423392f', 'windspeed': 9}, {'deviceID': 'windSensor-001', 'eventID': 'e48c600c-2cae-42b2-87f7-62e27679be4c', 'location': {'latitude': 44, 'longitude': -80}, 'timeStamp': '2025-02-13T17:02:35', 'trace_id': '323ee4f7-972d-416f-92e3-e0f156135458', 'windspeed': 24}, {'deviceID': 'windSensor-001', 'eventID': '13b992cc-6215-4e4a-88d5-ff884c1a7d93', 'location': {'latitude': 42, 'longitude': -75}, 'timeStamp': '2025-02-13T17:02:35', 'trace_id': '4bc7bd30-aaca-43b7-8450-9ade2e762d87', 'windspeed': 26}, {'deviceID': 'windSensor-001', 'eventID': '617e87ee-9662-4a5e-9cf5-6a22398cd161', 'location': {'latitude': 36, 'longitude': -75}, 'timeStamp': '2025-02-13T17:02:35', 'trace_id': 'cf0598be-1c96-4a50-8084-838348f0ee5d', 'windspeed': 8}, {'deviceID': 'windSensor-001', 'eventID': 'e895ec1f-0236-4285-b651-21f61f871d03', 'location': {'latitude': 35, 'longitude': -78}, 'timeStamp': '2025-02-13T17:02:35', 'trace_id': 'fdbdd87d-5ff5-4045-b819-9232aac5ea62', 'windspeed': 19}, {'deviceID': 'windSensor-001', 'eventID': '457b2827-afd1-4607-a7c9-575dcfeae254', 'location': {'latitude': 40, 'longitude': -71}, 'timeStamp': '2025-02-13T17:02:35', 'trace_id': 'a0b9cc5b-d115-4978-b9e6-c6d7bae167c3', 'windspeed': 8}, {'deviceID': 'windSensor-001', 'eventID': '07a67048-e67b-4ae7-8251-65269bc5ab4e', 'location': {'latitude': 43, 'longitude': -73}, 'timeStamp': '2025-02-13T17:02:35', 'trace_id': 'bfde2c08-1beb-4712-8856-f02cd3311e5b', 'windspeed': 9}, {'deviceID': 'windSensor-001', 'eventID': '4239406f-3770-4174-8753-249bd2b885ce', 'location': {'latitude': 37, 'longitude': -76}, 'timeStamp': '2025-02-13T17:02:35', 'trace_id': '71a07b44-41cc-4ccc-988f-d4e1058ea8cd', 'windspeed': 20}, {'deviceID': 'windSensor-001', 'eventID': 'ead3b417-ff85-4aa6-a767-66b134309790', 'location': {'latitude': 40, 'longitude': -71}, 'timeStamp': '2025-02-13T17:02:35', 'trace_id': '467fa506-594e-47e5-8f41-6fc17c793378', 'windspeed': 29}, {'deviceID': 'windSensor-001', 'eventID': '852729e4-ba07-41e1-8cf0-3d3d8a3339fe', 'location': {'latitude': 45, 'longitude': -72}, 'timeStamp': '2025-02-13T17:02:35', 'trace_id': '65952270-bafd-4b20-8452-c503d63fdf96', 'windspeed': 25}, {'deviceID': 'windSensor-001', 'eventID': '5e7243e7-9197-4fa6-aae9-d2c2c5cdc1c8', 'location': {'latitude': 45, 'longitude': -70}, 'timeStamp': '2025-02-13T17:02:35', 'trace_id': 'b257bbf8-1a36-49b2-80b3-ba36708677c8', 'windspeed': 11}, {'deviceID': 'windSensor-001', 'eventID': '5bc4d1b8-aa1d-40a5-a82f-6cceeb4f8fe5', 'location': {'latitude': 42, 'longitude': -76}, 'timeStamp': '2025-02-13T17:02:35', 'trace_id': 'ba91f6c7-db02-40d2-9b75-858f49dd1d28', 'windspeed': 22}]
2025-02-13 17:02:38,551 - basicLogger - DEBUG - Temperature Response Status Code: 200
2025-02-13 17:02:38,551 - basicLogger - DEBUG - Wind Speed Response Status Code: 200
2025-02-13 17:02:38,551 - basicLogger - DEBUG - Temperature Response Raw: [
  {
    "deviceID": "device123",
    "eventID": "981681d9-f57b-4aa2-a0e2-da9cb5eb1984",
    "temperature": 26,
    "timeStamp": "2025-02-13T17:02:34",
    "trace_id": "b65c8c96-45ac-4977-b808-12aace77967d"
  },
  {
    "deviceID": "device123",
    "eventID": "2ec56f42-d3c7-4938-becd-f0ba9d0664ac",
    "temperature": 34,
    "timeStamp": "2025-02-13T17:02:34",
    "trace_id": "749d87e0-2aba-4b68-befd-e973427e5253"
  },
  {
    "deviceID": "device123",
    "eventID": "64375933-b17f-452c-9373-adced91f2901",
    "temperature": 30,
    "timeStamp": "2025-02-13T17:02:34",
    "trace_id": "a2020f6b-6049-4906-8d28-96a5db771ad6"
  },
  {
    "deviceID": "device123",
    "eventID": "96d2a68f-87d9-449f-baa4-96d20dc12eb4",
    "temperature": 20,
    "timeStamp": "2025-02-13T17:02:34",
    "trace_id": "a8ca4217-8c91-4f90-8089-15363d979a1c"
  },
  {
    "deviceID": "device123",
    "eventID": "521f6335-60f8-4890-8a55-09fd3f2f1711",
    "temperature": 19,
    "timeStamp": "2025-02-13T17:02:34",
    "trace_id": "1d923644-1fd8-4631-89d9-bae50de8e1f6"
  },
  {
    "deviceID": "device123",
    "eventID": "2b267a2f-c8db-4abd-830a-f671fed0e569",
    "temperature": 30,
    "timeStamp": "2025-02-13T17:02:34",
    "trace_id": "3df0de15-a492-4d80-95ce-ebc5cb41fb6f"
  },
  {
    "deviceID": "device123",
    "eventID": "65ce0e4e-ed5c-47ed-8536-1ce47c740654",
    "temperature": 21,
    "timeStamp": "2025-02-13T17:02:34",
    "trace_id": "37fcecf3-78a1-471d-93dd-6f4b87c60381"
  },
  {
    "deviceID": "device123",
    "eventID": "f2a8c6d0-76c7-4f91-ad1c-1b5752cd30e5",
    "temperature": 23,
    "timeStamp": "2025-02-13T17:02:34",
    "trace_id": "88647bfa-6981-4461-bf3b-464f103a1262"
  },
  {
    "deviceID": "device123",
    "eventID": "c62b2bca-0276-44ba-bc16-07df09f31f3f",
    "temperature": 32,
    "timeStamp": "2025-02-13T17:02:34",
    "trace_id": "93c231d4-dd21-4aac-b4dd-7791794d99cb"
  },
  {
    "deviceID": "device123",
    "eventID": "fb1f452e-f36c-4998-919c-4ec2bbd8a952",
    "temperature": 27,
    "timeStamp": "2025-02-13T17:02:34",
    "trace_id": "1b7667ad-4234-42f7-ba80-ec0b3ccdd4eb"
  },
  {
    "deviceID": "device123",
    "eventID": "203210bc-233b-48ec-bcc5-036f8a6d3eeb",
    "temperature": 32,
    "timeStamp": "2025-02-13T17:02:34",
    "trace_id": "51050e05-d907-4ab0-9253-62e0b76164bd"
  },
  {
    "deviceID": "device123",
    "eventID": "156b965f-a2ca-427b-93a5-f2d01b65d968",
    "temperature": 17,
    "timeStamp": "2025-02-13T17:02:34",
    "trace_id": "9b22d1a4-4458-41f8-a57c-adc5b48c6c7f"
  },
  {
    "deviceID": "device123",
    "eventID": "81561eff-aa36-497e-a775-dd2c7855c880",
    "temperature": 33,
    "timeStamp": "2025-02-13T17:02:34",
    "trace_id": "ea82d637-2841-428f-ae0a-4b7b95ca3835"
  },
  {
    "deviceID": "device123",
    "eventID": "106af223-6db4-4328-b7dd-da8c5a857a0d",
    "temperature": 19,
    "timeStamp": "2025-02-13T17:02:35",
    "trace_id": "9e7c0491-c872-488f-9645-0bfcd56944fd"
  },
  {
    "deviceID": "device123",
    "eventID": "0788d7fe-7305-413a-b185-bc3e2f4a626e",
    "temperature": 26,
    "timeStamp": "2025-02-13T17:02:35",
    "trace_id": "be76d9d1-d1ce-40af-bd76-9e7f1d13a49a"
  },
  {
    "deviceID": "device123",
    "eventID": "fac7a708-370a-4647-8dec-1b56af1002b7",
    "temperature": 17,
    "timeStamp": "2025-02-13T17:02:35",
    "trace_id": "43391261-41c6-4579-93c1-3c1afcca5b0e"
  },
  {
    "deviceID": "device123",
    "eventID": "38d921e8-dc11-444e-ba31-f8d10e8949da",
    "temperature": 20,
    "timeStamp": "2025-02-13T17:02:35",
    "trace_id": "4db5ec81-7ef4-4aa3-9c62-e183d6a27053"
  },
  {
    "deviceID": "device123",
    "eventID": "8bd662ac-0471-4c6d-85f4-bce895aaaac9",
    "temperature": 32,
    "timeStamp": "2025-02-13T17:02:35",
    "trace_id": "35685ac0-cfa3-4e47-be72-2536e8e2927f"
  },
  {
    "deviceID": "device123",
    "eventID": "6d7da39c-04b3-4090-966f-b7913eb16a92",
    "temperature": 20,
    "timeStamp": "2025-02-13T17:02:35",
    "trace_id": "47e6f9d8-72da-4065-bf62-ac95f5a01dea"
  },
  {
    "deviceID": "device123",
    "eventID": "5dd764f4-0a1c-46c6-a5c3-8a9506bb23af",
    "temperature": 22,
    "timeStamp": "2025-02-13T17:02:35",
    "trace_id": "d75eb79a-ab02-400a-aeb6-8aa44e5c4ba4"
  },
  {
    "deviceID": "device123",
    "eventID": "cc4b4511-3b29-4262-aa16-ac51ecdf803e",
    "temperature": 34,
    "timeStamp": "2025-02-13T17:02:35",
    "trace_id": "136f1be2-de6e-465b-b47b-9cccc3a409a9"
  },
  {
    "deviceID": "device123",
    "eventID": "cf81166d-1d01-4fa5-a1cd-8ccf2d3086d3",
    "temperature": 24,
    "timeStamp": "2025-02-13T17:02:35",
    "trace_id": "d1eab2b0-707c-4bad-be95-a1899687ca97"
  },
  {
    "deviceID": "device123",
    "eventID": "86a0dc5f-ecdc-46ff-95b8-0e44d5573935",
    "temperature": 21,
    "timeStamp": "2025-02-13T17:02:35",
    "trace_id": "be43aec3-3b24-4bbb-a9f6-6ad571085ff3"
  },
  {
    "deviceID": "device123",
    "eventID": "f9bcb595-c68e-40f8-bd4b-53eec89df3a4",
    "temperature": 31,
    "timeStamp": "2025-02-13T17:02:35",
    "trace_id": "dfd09bf6-11b6-4f27-9275-50079992c740"
  },
  {
    "deviceID": "device123",
    "eventID": "fcb34bed-f521-4ac9-be6b-a730ed39380a",
    "temperature": 21,
    "timeStamp": "2025-02-13T17:02:35",
    "trace_id": "127704c7-552f-4fa3-9749-a46a39b778a6"
  }
]

2025-02-13 17:02:38,552 - basicLogger - DEBUG - Windspeed Response Raw: [
  {
    "deviceID": "windSensor-001",
    "eventID": "058523c1-4c28-4cbd-98de-202fc4d2ba6a",
    "location": {
      "latitude": 39,
      "longitude": -74
    },
    "timeStamp": "2025-02-13T17:02:34",
    "trace_id": "6c2c1b6f-e6e8-405b-b6f3-69cd80a3a30e",
    "windspeed": 16
  },
  {
    "deviceID": "windSensor-001",
    "eventID": "82d1c27d-fb8a-4b1c-9dfe-0acbb5e76e29",
    "location": {
      "latitude": 41,
      "longitude": -74
    },
    "timeStamp": "2025-02-13T17:02:34",
    "trace_id": "ea384269-7308-4447-8795-2e6cbad4a1c2",
    "windspeed": 13
  },
  {
    "deviceID": "windSensor-001",
    "eventID": "dae9e105-bf79-4f9c-a581-d3cced9b9329",
    "location": {
      "latitude": 44,
      "longitude": -80
    },
    "timeStamp": "2025-02-13T17:02:34",
    "trace_id": "f1dbaf6a-7d62-443d-9a5f-b6ac50f9c60d",
    "windspeed": 12
  },
  {
    "deviceID": "windSensor-001",
    "eventID": "ed4cecfe-a163-4afe-a623-670a9922aa4a",
    "location": {
      "latitude": 41,
      "longitude": -80
    },
    "timeStamp": "2025-02-13T17:02:34",
    "trace_id": "6824c81e-3bf8-4d59-ab08-0c83a470776b",
    "windspeed": 5
  },
  {
    "deviceID": "windSensor-001",
    "eventID": "43670402-e325-430f-b671-b3c107bbd81f",
    "location": {
      "latitude": 45,
      "longitude": -74
    },
    "timeStamp": "2025-02-13T17:02:34",
    "trace_id": "bdef2dc1-d938-4df6-8bc5-2b5bfe680cbb",
    "windspeed": 30
  },
  {
    "deviceID": "windSensor-001",
    "eventID": "beaa3521-6060-4491-a95d-463312f2bd5f",
    "location": {
      "latitude": 42,
      "longitude": -74
    },
    "timeStamp": "2025-02-13T17:02:34",
    "trace_id": "c60acb22-3c60-479a-a850-d9a9a2cfe50c",
    "windspeed": 19
  },
  {
    "deviceID": "windSensor-001",
    "eventID": "dd6461d9-bc8c-4f84-9bcc-be7abef40a81",
    "location": {
      "latitude": 43,
      "longitude": -75
    },
    "timeStamp": "2025-02-13T17:02:34",
    "trace_id": "3100afc1-0f82-45c0-9c8e-752e8fe726c6",
    "windspeed": 29
  },
  {
    "deviceID": "windSensor-001",
    "eventID": "231165a4-0617-44bf-a49a-da14e27e95c4",
    "location": {
      "latitude": 39,
      "longitude": -78
    },
    "timeStamp": "2025-02-13T17:02:34",
    "trace_id": "4060c9d9-e2ef-421a-830c-05de5516b6ba",
    "windspeed": 26
  },
  {
    "deviceID": "windSensor-001",
    "eventID": "5f66065c-30a3-44b4-9cae-37679fa60045",
    "location": {
      "latitude": 43,
      "longitude": -76
    },
    "timeStamp": "2025-02-13T17:02:34",
    "trace_id": "ff1af1e1-c309-4dfc-b769-140e30de5c17",
    "windspeed": 20
  },
  {
    "deviceID": "windSensor-001",
    "eventID": "46674a1a-a67d-4b52-915c-b8947075cb67",
    "location": {
      "latitude": 35,
      "longitude": -78
    },
    "timeStamp": "2025-02-13T17:02:34",
    "trace_id": "94d44da1-30e6-4090-87f3-24bf7753fb7c",
    "windspeed": 17
  },
  {
    "deviceID": "windSensor-001",
    "eventID": "f9f3e0fb-88ba-4ee0-8981-6a3c6ad39688",
    "location": {
      "latitude": 43,
      "longitude": -78
    },
    "timeStamp": "2025-02-13T17:02:34",
    "trace_id": "f214ea51-94a4-4f93-980a-031d47b037d6",
    "windspeed": 10
  },
  {
    "deviceID": "windSensor-001",
    "eventID": "e52b04e0-69e4-4be1-a511-acb991118248",
    "location": {
      "latitude": 42,
      "longitude": -75
    },
    "timeStamp": "2025-02-13T17:02:34",
    "trace_id": "fdf47e85-15ff-4c64-ba73-46bb8cd42952",
    "windspeed": 13
  },
  {
    "deviceID": "windSensor-001",
    "eventID": "4b23c735-7c8d-4014-9fc9-a1af479b7e9b",
    "location": {
      "latitude": 43,
      "longitude": -74
    },
    "timeStamp": "2025-02-13T17:02:34",
    "trace_id": "06feaa98-8e25-4488-96cf-59cef227e60e",
    "windspeed": 24
  },
  {
    "deviceID": "windSensor-001",
    "eventID": "c971b1a3-7f05-4e50-9ba1-23924f28f078",
    "location": {
      "latitude": 37,
      "longitude": -70
    },
    "timeStamp": "2025-02-13T17:02:35",
    "trace_id": "08b2d47c-6121-4f4e-a521-204e9423392f",
    "windspeed": 9
  },
  {
    "deviceID": "windSensor-001",
    "eventID": "e48c600c-2cae-42b2-87f7-62e27679be4c",
    "location": {
      "latitude": 44,
      "longitude": -80
    },
    "timeStamp": "2025-02-13T17:02:35",
    "trace_id": "323ee4f7-972d-416f-92e3-e0f156135458",
    "windspeed": 24
  },
  {
    "deviceID": "windSensor-001",
    "eventID": "13b992cc-6215-4e4a-88d5-ff884c1a7d93",
    "location": {
      "latitude": 42,
      "longitude": -75
    },
    "timeStamp": "2025-02-13T17:02:35",
    "trace_id": "4bc7bd30-aaca-43b7-8450-9ade2e762d87",
    "windspeed": 26
  },
  {
    "deviceID": "windSensor-001",
    "eventID": "617e87ee-9662-4a5e-9cf5-6a22398cd161",
    "location": {
      "latitude": 36,
      "longitude": -75
    },
    "timeStamp": "2025-02-13T17:02:35",
    "trace_id": "cf0598be-1c96-4a50-8084-838348f0ee5d",
    "windspeed": 8
  },
  {
    "deviceID": "windSensor-001",
    "eventID": "e895ec1f-0236-4285-b651-21f61f871d03",
    "location": {
      "latitude": 35,
      "longitude": -78
    },
    "timeStamp": "2025-02-13T17:02:35",
    "trace_id": "fdbdd87d-5ff5-4045-b819-9232aac5ea62",
    "windspeed": 19
  },
  {
    "deviceID": "windSensor-001",
    "eventID": "457b2827-afd1-4607-a7c9-575dcfeae254",
    "location": {
      "latitude": 40,
      "longitude": -71
    },
    "timeStamp": "2025-02-13T17:02:35",
    "trace_id": "a0b9cc5b-d115-4978-b9e6-c6d7bae167c3",
    "windspeed": 8
  },
  {
    "deviceID": "windSensor-001",
    "eventID": "07a67048-e67b-4ae7-8251-65269bc5ab4e",
    "location": {
      "latitude": 43,
      "longitude": -73
    },
    "timeStamp": "2025-02-13T17:02:35",
    "trace_id": "bfde2c08-1beb-4712-8856-f02cd3311e5b",
    "windspeed": 9
  },
  {
    "deviceID": "windSensor-001",
    "eventID": "4239406f-3770-4174-8753-249bd2b885ce",
    "location": {
      "latitude": 37,
      "longitude": -76
    },
    "timeStamp": "2025-02-13T17:02:35",
    "trace_id": "71a07b44-41cc-4ccc-988f-d4e1058ea8cd",
    "windspeed": 20
  },
  {
    "deviceID": "windSensor-001",
    "eventID": "ead3b417-ff85-4aa6-a767-66b134309790",
    "location": {
      "latitude": 40,
      "longitude": -71
    },
    "timeStamp": "2025-02-13T17:02:35",
    "trace_id": "467fa506-594e-47e5-8f41-6fc17c793378",
    "windspeed": 29
  },
  {
    "deviceID": "windSensor-001",
    "eventID": "852729e4-ba07-41e1-8cf0-3d3d8a3339fe",
    "location": {
      "latitude": 45,
      "longitude": -72
    },
    "timeStamp": "2025-02-13T17:02:35",
    "trace_id": "65952270-bafd-4b20-8452-c503d63fdf96",
    "windspeed": 25
  },
  {
    "deviceID": "windSensor-001",
    "eventID": "5e7243e7-9197-4fa6-aae9-d2c2c5cdc1c8",
    "location": {
      "latitude": 45,
      "longitude": -70
    },
    "timeStamp": "2025-02-13T17:02:35",
    "trace_id": "b257bbf8-1a36-49b2-80b3-ba36708677c8",
    "windspeed": 11
  },
  {
    "deviceID": "windSensor-001",
    "eventID": "5bc4d1b8-aa1d-40a5-a82f-6cceeb4f8fe5",
    "location": {
      "latitude": 42,
      "longitude": -76
    },
    "timeStamp": "2025-02-13T17:02:35",
    "trace_id": "ba91f6c7-db02-40d2-9b75-858f49dd1d28",
    "windspeed": 22
  }
]

2025-02-13 17:02:38,552 - basicLogger - DEBUG - Requesting temperature data from 2025-02-13T17:02:33.444636 to 2025-02-13T17:02:38.442205
2025-02-13 17:02:38,553 - basicLogger - DEBUG - Requesting wind speed data from 2025-02-13T17:02:33.444636 to 2025-02-13T17:02:38.442205
2025-02-13 17:02:43,442 - basicLogger - INFO - Processing has started
2025-02-13 17:02:43,443 - basicLogger - DEBUG - Fetching wind data from: http://localhost:8090/events/wind-speed?start_timestamp=2025-02-13T17:02:33.444636&end_timestamp=2025-02-13T17:02:43.443041
2025-02-13 17:02:43,443 - basicLogger - DEBUG - Fetching wind data from: http://localhost:8090/events/temperature?start_timestamp=2025-02-13T17:02:33.444636&end_timestamp=2025-02-13T17:02:43.443041
2025-02-13 17:02:43,516 - basicLogger - DEBUG - [{'deviceID': 'device123', 'eventID': '981681d9-f57b-4aa2-a0e2-da9cb5eb1984', 'temperature': 26, 'timeStamp': '2025-02-13T17:02:34', 'trace_id': 'b65c8c96-45ac-4977-b808-12aace77967d'}, {'deviceID': 'device123', 'eventID': '2ec56f42-d3c7-4938-becd-f0ba9d0664ac', 'temperature': 34, 'timeStamp': '2025-02-13T17:02:34', 'trace_id': '749d87e0-2aba-4b68-befd-e973427e5253'}, {'deviceID': 'device123', 'eventID': '64375933-b17f-452c-9373-adced91f2901', 'temperature': 30, 'timeStamp': '2025-02-13T17:02:34', 'trace_id': 'a2020f6b-6049-4906-8d28-96a5db771ad6'}, {'deviceID': 'device123', 'eventID': '96d2a68f-87d9-449f-baa4-96d20dc12eb4', 'temperature': 20, 'timeStamp': '2025-02-13T17:02:34', 'trace_id': 'a8ca4217-8c91-4f90-8089-15363d979a1c'}, {'deviceID': 'device123', 'eventID': '521f6335-60f8-4890-8a55-09fd3f2f1711', 'temperature': 19, 'timeStamp': '2025-02-13T17:02:34', 'trace_id': '1d923644-1fd8-4631-89d9-bae50de8e1f6'}, {'deviceID': 'device123', 'eventID': '2b267a2f-c8db-4abd-830a-f671fed0e569', 'temperature': 30, 'timeStamp': '2025-02-13T17:02:34', 'trace_id': '3df0de15-a492-4d80-95ce-ebc5cb41fb6f'}, {'deviceID': 'device123', 'eventID': '65ce0e4e-ed5c-47ed-8536-1ce47c740654', 'temperature': 21, 'timeStamp': '2025-02-13T17:02:34', 'trace_id': '37fcecf3-78a1-471d-93dd-6f4b87c60381'}, {'deviceID': 'device123', 'eventID': 'f2a8c6d0-76c7-4f91-ad1c-1b5752cd30e5', 'temperature': 23, 'timeStamp': '2025-02-13T17:02:34', 'trace_id': '88647bfa-6981-4461-bf3b-464f103a1262'}, {'deviceID': 'device123', 'eventID': 'c62b2bca-0276-44ba-bc16-07df09f31f3f', 'temperature': 32, 'timeStamp': '2025-02-13T17:02:34', 'trace_id': '93c231d4-dd21-4aac-b4dd-7791794d99cb'}, {'deviceID': 'device123', 'eventID': 'fb1f452e-f36c-4998-919c-4ec2bbd8a952', 'temperature': 27, 'timeStamp': '2025-02-13T17:02:34', 'trace_id': '1b7667ad-4234-42f7-ba80-ec0b3ccdd4eb'}, {'deviceID': 'device123', 'eventID': '203210bc-233b-48ec-bcc5-036f8a6d3eeb', 'temperature': 32, 'timeStamp': '2025-02-13T17:02:34', 'trace_id': '51050e05-d907-4ab0-9253-62e0b76164bd'}, {'deviceID': 'device123', 'eventID': '156b965f-a2ca-427b-93a5-f2d01b65d968', 'temperature': 17, 'timeStamp': '2025-02-13T17:02:34', 'trace_id': '9b22d1a4-4458-41f8-a57c-adc5b48c6c7f'}, {'deviceID': 'device123', 'eventID': '81561eff-aa36-497e-a775-dd2c7855c880', 'temperature': 33, 'timeStamp': '2025-02-13T17:02:34', 'trace_id': 'ea82d637-2841-428f-ae0a-4b7b95ca3835'}, {'deviceID': 'device123', 'eventID': '106af223-6db4-4328-b7dd-da8c5a857a0d', 'temperature': 19, 'timeStamp': '2025-02-13T17:02:35', 'trace_id': '9e7c0491-c872-488f-9645-0bfcd56944fd'}, {'deviceID': 'device123', 'eventID': '0788d7fe-7305-413a-b185-bc3e2f4a626e', 'temperature': 26, 'timeStamp': '2025-02-13T17:02:35', 'trace_id': 'be76d9d1-d1ce-40af-bd76-9e7f1d13a49a'}, {'deviceID': 'device123', 'eventID': 'fac7a708-370a-4647-8dec-1b56af1002b7', 'temperature': 17, 'timeStamp': '2025-02-13T17:02:35', 'trace_id': '43391261-41c6-4579-93c1-3c1afcca5b0e'}, {'deviceID': 'device123', 'eventID': '38d921e8-dc11-444e-ba31-f8d10e8949da', 'temperature': 20, 'timeStamp': '2025-02-13T17:02:35', 'trace_id': '4db5ec81-7ef4-4aa3-9c62-e183d6a27053'}, {'deviceID': 'device123', 'eventID': '8bd662ac-0471-4c6d-85f4-bce895aaaac9', 'temperature': 32, 'timeStamp': '2025-02-13T17:02:35', 'trace_id': '35685ac0-cfa3-4e47-be72-2536e8e2927f'}, {'deviceID': 'device123', 'eventID': '6d7da39c-04b3-4090-966f-b7913eb16a92', 'temperature': 20, 'timeStamp': '2025-02-13T17:02:35', 'trace_id': '47e6f9d8-72da-4065-bf62-ac95f5a01dea'}, {'deviceID': 'device123', 'eventID': '5dd764f4-0a1c-46c6-a5c3-8a9506bb23af', 'temperature': 22, 'timeStamp': '2025-02-13T17:02:35', 'trace_id': 'd75eb79a-ab02-400a-aeb6-8aa44e5c4ba4'}, {'deviceID': 'device123', 'eventID': 'cc4b4511-3b29-4262-aa16-ac51ecdf803e', 'temperature': 34, 'timeStamp': '2025-02-13T17:02:35', 'trace_id': '136f1be2-de6e-465b-b47b-9cccc3a409a9'}, {'deviceID': 'device123', 'eventID': 'cf81166d-1d01-4fa5-a1cd-8ccf2d3086d3', 'temperature': 24, 'timeStamp': '2025-02-13T17:02:35', 'trace_id': 'd1eab2b0-707c-4bad-be95-a1899687ca97'}, {'deviceID': 'device123', 'eventID': '86a0dc5f-ecdc-46ff-95b8-0e44d5573935', 'temperature': 21, 'timeStamp': '2025-02-13T17:02:35', 'trace_id': 'be43aec3-3b24-4bbb-a9f6-6ad571085ff3'}, {'deviceID': 'device123', 'eventID': 'f9bcb595-c68e-40f8-bd4b-53eec89df3a4', 'temperature': 31, 'timeStamp': '2025-02-13T17:02:35', 'trace_id': 'dfd09bf6-11b6-4f27-9275-50079992c740'}, {'deviceID': 'device123', 'eventID': 'fcb34bed-f521-4ac9-be6b-a730ed39380a', 'temperature': 21, 'timeStamp': '2025-02-13T17:02:35', 'trace_id': '127704c7-552f-4fa3-9749-a46a39b778a6'}]
2025-02-13 17:02:43,516 - basicLogger - DEBUG - Temperature Response: [{'deviceID': 'device123', 'eventID': '981681d9-f57b-4aa2-a0e2-da9cb5eb1984', 'temperature': 26, 'timeStamp': '2025-02-13T17:02:34', 'trace_id': 'b65c8c96-45ac-4977-b808-12aace77967d'}, {'deviceID': 'device123', 'eventID': '2ec56f42-d3c7-4938-becd-f0ba9d0664ac', 'temperature': 34, 'timeStamp': '2025-02-13T17:02:34', 'trace_id': '749d87e0-2aba-4b68-befd-e973427e5253'}, {'deviceID': 'device123', 'eventID': '64375933-b17f-452c-9373-adced91f2901', 'temperature': 30, 'timeStamp': '2025-02-13T17:02:34', 'trace_id': 'a2020f6b-6049-4906-8d28-96a5db771ad6'}, {'deviceID': 'device123', 'eventID': '96d2a68f-87d9-449f-baa4-96d20dc12eb4', 'temperature': 20, 'timeStamp': '2025-02-13T17:02:34', 'trace_id': 'a8ca4217-8c91-4f90-8089-15363d979a1c'}, {'deviceID': 'device123', 'eventID': '521f6335-60f8-4890-8a55-09fd3f2f1711', 'temperature': 19, 'timeStamp': '2025-02-13T17:02:34', 'trace_id': '1d923644-1fd8-4631-89d9-bae50de8e1f6'}, {'deviceID': 'device123', 'eventID': '2b267a2f-c8db-4abd-830a-f671fed0e569', 'temperature': 30, 'timeStamp': '2025-02-13T17:02:34', 'trace_id': '3df0de15-a492-4d80-95ce-ebc5cb41fb6f'}, {'deviceID': 'device123', 'eventID': '65ce0e4e-ed5c-47ed-8536-1ce47c740654', 'temperature': 21, 'timeStamp': '2025-02-13T17:02:34', 'trace_id': '37fcecf3-78a1-471d-93dd-6f4b87c60381'}, {'deviceID': 'device123', 'eventID': 'f2a8c6d0-76c7-4f91-ad1c-1b5752cd30e5', 'temperature': 23, 'timeStamp': '2025-02-13T17:02:34', 'trace_id': '88647bfa-6981-4461-bf3b-464f103a1262'}, {'deviceID': 'device123', 'eventID': 'c62b2bca-0276-44ba-bc16-07df09f31f3f', 'temperature': 32, 'timeStamp': '2025-02-13T17:02:34', 'trace_id': '93c231d4-dd21-4aac-b4dd-7791794d99cb'}, {'deviceID': 'device123', 'eventID': 'fb1f452e-f36c-4998-919c-4ec2bbd8a952', 'temperature': 27, 'timeStamp': '2025-02-13T17:02:34', 'trace_id': '1b7667ad-4234-42f7-ba80-ec0b3ccdd4eb'}, {'deviceID': 'device123', 'eventID': '203210bc-233b-48ec-bcc5-036f8a6d3eeb', 'temperature': 32, 'timeStamp': '2025-02-13T17:02:34', 'trace_id': '51050e05-d907-4ab0-9253-62e0b76164bd'}, {'deviceID': 'device123', 'eventID': '156b965f-a2ca-427b-93a5-f2d01b65d968', 'temperature': 17, 'timeStamp': '2025-02-13T17:02:34', 'trace_id': '9b22d1a4-4458-41f8-a57c-adc5b48c6c7f'}, {'deviceID': 'device123', 'eventID': '81561eff-aa36-497e-a775-dd2c7855c880', 'temperature': 33, 'timeStamp': '2025-02-13T17:02:34', 'trace_id': 'ea82d637-2841-428f-ae0a-4b7b95ca3835'}, {'deviceID': 'device123', 'eventID': '106af223-6db4-4328-b7dd-da8c5a857a0d', 'temperature': 19, 'timeStamp': '2025-02-13T17:02:35', 'trace_id': '9e7c0491-c872-488f-9645-0bfcd56944fd'}, {'deviceID': 'device123', 'eventID': '0788d7fe-7305-413a-b185-bc3e2f4a626e', 'temperature': 26, 'timeStamp': '2025-02-13T17:02:35', 'trace_id': 'be76d9d1-d1ce-40af-bd76-9e7f1d13a49a'}, {'deviceID': 'device123', 'eventID': 'fac7a708-370a-4647-8dec-1b56af1002b7', 'temperature': 17, 'timeStamp': '2025-02-13T17:02:35', 'trace_id': '43391261-41c6-4579-93c1-3c1afcca5b0e'}, {'deviceID': 'device123', 'eventID': '38d921e8-dc11-444e-ba31-f8d10e8949da', 'temperature': 20, 'timeStamp': '2025-02-13T17:02:35', 'trace_id': '4db5ec81-7ef4-4aa3-9c62-e183d6a27053'}, {'deviceID': 'device123', 'eventID': '8bd662ac-0471-4c6d-85f4-bce895aaaac9', 'temperature': 32, 'timeStamp': '2025-02-13T17:02:35', 'trace_id': '35685ac0-cfa3-4e47-be72-2536e8e2927f'}, {'deviceID': 'device123', 'eventID': '6d7da39c-04b3-4090-966f-b7913eb16a92', 'temperature': 20, 'timeStamp': '2025-02-13T17:02:35', 'trace_id': '47e6f9d8-72da-4065-bf62-ac95f5a01dea'}, {'deviceID': 'device123', 'eventID': '5dd764f4-0a1c-46c6-a5c3-8a9506bb23af', 'temperature': 22, 'timeStamp': '2025-02-13T17:02:35', 'trace_id': 'd75eb79a-ab02-400a-aeb6-8aa44e5c4ba4'}, {'deviceID': 'device123', 'eventID': 'cc4b4511-3b29-4262-aa16-ac51ecdf803e', 'temperature': 34, 'timeStamp': '2025-02-13T17:02:35', 'trace_id': '136f1be2-de6e-465b-b47b-9cccc3a409a9'}, {'deviceID': 'device123', 'eventID': 'cf81166d-1d01-4fa5-a1cd-8ccf2d3086d3', 'temperature': 24, 'timeStamp': '2025-02-13T17:02:35', 'trace_id': 'd1eab2b0-707c-4bad-be95-a1899687ca97'}, {'deviceID': 'device123', 'eventID': '86a0dc5f-ecdc-46ff-95b8-0e44d5573935', 'temperature': 21, 'timeStamp': '2025-02-13T17:02:35', 'trace_id': 'be43aec3-3b24-4bbb-a9f6-6ad571085ff3'}, {'deviceID': 'device123', 'eventID': 'f9bcb595-c68e-40f8-bd4b-53eec89df3a4', 'temperature': 31, 'timeStamp': '2025-02-13T17:02:35', 'trace_id': 'dfd09bf6-11b6-4f27-9275-50079992c740'}, {'deviceID': 'device123', 'eventID': 'fcb34bed-f521-4ac9-be6b-a730ed39380a', 'temperature': 21, 'timeStamp': '2025-02-13T17:02:35', 'trace_id': '127704c7-552f-4fa3-9749-a46a39b778a6'}]
2025-02-13 17:02:43,517 - basicLogger - DEBUG - Windspeed Response: [{'deviceID': 'windSensor-001', 'eventID': '058523c1-4c28-4cbd-98de-202fc4d2ba6a', 'location': {'latitude': 39, 'longitude': -74}, 'timeStamp': '2025-02-13T17:02:34', 'trace_id': '6c2c1b6f-e6e8-405b-b6f3-69cd80a3a30e', 'windspeed': 16}, {'deviceID': 'windSensor-001', 'eventID': '82d1c27d-fb8a-4b1c-9dfe-0acbb5e76e29', 'location': {'latitude': 41, 'longitude': -74}, 'timeStamp': '2025-02-13T17:02:34', 'trace_id': 'ea384269-7308-4447-8795-2e6cbad4a1c2', 'windspeed': 13}, {'deviceID': 'windSensor-001', 'eventID': 'dae9e105-bf79-4f9c-a581-d3cced9b9329', 'location': {'latitude': 44, 'longitude': -80}, 'timeStamp': '2025-02-13T17:02:34', 'trace_id': 'f1dbaf6a-7d62-443d-9a5f-b6ac50f9c60d', 'windspeed': 12}, {'deviceID': 'windSensor-001', 'eventID': 'ed4cecfe-a163-4afe-a623-670a9922aa4a', 'location': {'latitude': 41, 'longitude': -80}, 'timeStamp': '2025-02-13T17:02:34', 'trace_id': '6824c81e-3bf8-4d59-ab08-0c83a470776b', 'windspeed': 5}, {'deviceID': 'windSensor-001', 'eventID': '43670402-e325-430f-b671-b3c107bbd81f', 'location': {'latitude': 45, 'longitude': -74}, 'timeStamp': '2025-02-13T17:02:34', 'trace_id': 'bdef2dc1-d938-4df6-8bc5-2b5bfe680cbb', 'windspeed': 30}, {'deviceID': 'windSensor-001', 'eventID': 'beaa3521-6060-4491-a95d-463312f2bd5f', 'location': {'latitude': 42, 'longitude': -74}, 'timeStamp': '2025-02-13T17:02:34', 'trace_id': 'c60acb22-3c60-479a-a850-d9a9a2cfe50c', 'windspeed': 19}, {'deviceID': 'windSensor-001', 'eventID': 'dd6461d9-bc8c-4f84-9bcc-be7abef40a81', 'location': {'latitude': 43, 'longitude': -75}, 'timeStamp': '2025-02-13T17:02:34', 'trace_id': '3100afc1-0f82-45c0-9c8e-752e8fe726c6', 'windspeed': 29}, {'deviceID': 'windSensor-001', 'eventID': '231165a4-0617-44bf-a49a-da14e27e95c4', 'location': {'latitude': 39, 'longitude': -78}, 'timeStamp': '2025-02-13T17:02:34', 'trace_id': '4060c9d9-e2ef-421a-830c-05de5516b6ba', 'windspeed': 26}, {'deviceID': 'windSensor-001', 'eventID': '5f66065c-30a3-44b4-9cae-37679fa60045', 'location': {'latitude': 43, 'longitude': -76}, 'timeStamp': '2025-02-13T17:02:34', 'trace_id': 'ff1af1e1-c309-4dfc-b769-140e30de5c17', 'windspeed': 20}, {'deviceID': 'windSensor-001', 'eventID': '46674a1a-a67d-4b52-915c-b8947075cb67', 'location': {'latitude': 35, 'longitude': -78}, 'timeStamp': '2025-02-13T17:02:34', 'trace_id': '94d44da1-30e6-4090-87f3-24bf7753fb7c', 'windspeed': 17}, {'deviceID': 'windSensor-001', 'eventID': 'f9f3e0fb-88ba-4ee0-8981-6a3c6ad39688', 'location': {'latitude': 43, 'longitude': -78}, 'timeStamp': '2025-02-13T17:02:34', 'trace_id': 'f214ea51-94a4-4f93-980a-031d47b037d6', 'windspeed': 10}, {'deviceID': 'windSensor-001', 'eventID': 'e52b04e0-69e4-4be1-a511-acb991118248', 'location': {'latitude': 42, 'longitude': -75}, 'timeStamp': '2025-02-13T17:02:34', 'trace_id': 'fdf47e85-15ff-4c64-ba73-46bb8cd42952', 'windspeed': 13}, {'deviceID': 'windSensor-001', 'eventID': '4b23c735-7c8d-4014-9fc9-a1af479b7e9b', 'location': {'latitude': 43, 'longitude': -74}, 'timeStamp': '2025-02-13T17:02:34', 'trace_id': '06feaa98-8e25-4488-96cf-59cef227e60e', 'windspeed': 24}, {'deviceID': 'windSensor-001', 'eventID': 'c971b1a3-7f05-4e50-9ba1-23924f28f078', 'location': {'latitude': 37, 'longitude': -70}, 'timeStamp': '2025-02-13T17:02:35', 'trace_id': '08b2d47c-6121-4f4e-a521-204e9423392f', 'windspeed': 9}, {'deviceID': 'windSensor-001', 'eventID': 'e48c600c-2cae-42b2-87f7-62e27679be4c', 'location': {'latitude': 44, 'longitude': -80}, 'timeStamp': '2025-02-13T17:02:35', 'trace_id': '323ee4f7-972d-416f-92e3-e0f156135458', 'windspeed': 24}, {'deviceID': 'windSensor-001', 'eventID': '13b992cc-6215-4e4a-88d5-ff884c1a7d93', 'location': {'latitude': 42, 'longitude': -75}, 'timeStamp': '2025-02-13T17:02:35', 'trace_id': '4bc7bd30-aaca-43b7-8450-9ade2e762d87', 'windspeed': 26}, {'deviceID': 'windSensor-001', 'eventID': '617e87ee-9662-4a5e-9cf5-6a22398cd161', 'location': {'latitude': 36, 'longitude': -75}, 'timeStamp': '2025-02-13T17:02:35', 'trace_id': 'cf0598be-1c96-4a50-8084-838348f0ee5d', 'windspeed': 8}, {'deviceID': 'windSensor-001', 'eventID': 'e895ec1f-0236-4285-b651-21f61f871d03', 'location': {'latitude': 35, 'longitude': -78}, 'timeStamp': '2025-02-13T17:02:35', 'trace_id': 'fdbdd87d-5ff5-4045-b819-9232aac5ea62', 'windspeed': 19}, {'deviceID': 'windSensor-001', 'eventID': '457b2827-afd1-4607-a7c9-575dcfeae254', 'location': {'latitude': 40, 'longitude': -71}, 'timeStamp': '2025-02-13T17:02:35', 'trace_id': 'a0b9cc5b-d115-4978-b9e6-c6d7bae167c3', 'windspeed': 8}, {'deviceID': 'windSensor-001', 'eventID': '07a67048-e67b-4ae7-8251-65269bc5ab4e', 'location': {'latitude': 43, 'longitude': -73}, 'timeStamp': '2025-02-13T17:02:35', 'trace_id': 'bfde2c08-1beb-4712-8856-f02cd3311e5b', 'windspeed': 9}, {'deviceID': 'windSensor-001', 'eventID': '4239406f-3770-4174-8753-249bd2b885ce', 'location': {'latitude': 37, 'longitude': -76}, 'timeStamp': '2025-02-13T17:02:35', 'trace_id': '71a07b44-41cc-4ccc-988f-d4e1058ea8cd', 'windspeed': 20}, {'deviceID': 'windSensor-001', 'eventID': 'ead3b417-ff85-4aa6-a767-66b134309790', 'location': {'latitude': 40, 'longitude': -71}, 'timeStamp': '2025-02-13T17:02:35', 'trace_id': '467fa506-594e-47e5-8f41-6fc17c793378', 'windspeed': 29}, {'deviceID': 'windSensor-001', 'eventID': '852729e4-ba07-41e1-8cf0-3d3d8a3339fe', 'location': {'latitude': 45, 'longitude': -72}, 'timeStamp': '2025-02-13T17:02:35', 'trace_id': '65952270-bafd-4b20-8452-c503d63fdf96', 'windspeed': 25}, {'deviceID': 'windSensor-001', 'eventID': '5e7243e7-9197-4fa6-aae9-d2c2c5cdc1c8', 'location': {'latitude': 45, 'longitude': -70}, 'timeStamp': '2025-02-13T17:02:35', 'trace_id': 'b257bbf8-1a36-49b2-80b3-ba36708677c8', 'windspeed': 11}, {'deviceID': 'windSensor-001', 'eventID': '5bc4d1b8-aa1d-40a5-a82f-6cceeb4f8fe5', 'location': {'latitude': 42, 'longitude': -76}, 'timeStamp': '2025-02-13T17:02:35', 'trace_id': 'ba91f6c7-db02-40d2-9b75-858f49dd1d28', 'windspeed': 22}]
2025-02-13 17:02:43,517 - basicLogger - DEBUG - Temperature Response Status Code: 200
2025-02-13 17:02:43,517 - basicLogger - DEBUG - Wind Speed Response Status Code: 200
2025-02-13 17:02:43,517 - basicLogger - DEBUG - Temperature Response Raw: [
  {
    "deviceID": "device123",
    "eventID": "981681d9-f57b-4aa2-a0e2-da9cb5eb1984",
    "temperature": 26,
    "timeStamp": "2025-02-13T17:02:34",
    "trace_id": "b65c8c96-45ac-4977-b808-12aace77967d"
  },
  {
    "deviceID": "device123",
    "eventID": "2ec56f42-d3c7-4938-becd-f0ba9d0664ac",
    "temperature": 34,
    "timeStamp": "2025-02-13T17:02:34",
    "trace_id": "749d87e0-2aba-4b68-befd-e973427e5253"
  },
  {
    "deviceID": "device123",
    "eventID": "64375933-b17f-452c-9373-adced91f2901",
    "temperature": 30,
    "timeStamp": "2025-02-13T17:02:34",
    "trace_id": "a2020f6b-6049-4906-8d28-96a5db771ad6"
  },
  {
    "deviceID": "device123",
    "eventID": "96d2a68f-87d9-449f-baa4-96d20dc12eb4",
    "temperature": 20,
    "timeStamp": "2025-02-13T17:02:34",
    "trace_id": "a8ca4217-8c91-4f90-8089-15363d979a1c"
  },
  {
    "deviceID": "device123",
    "eventID": "521f6335-60f8-4890-8a55-09fd3f2f1711",
    "temperature": 19,
    "timeStamp": "2025-02-13T17:02:34",
    "trace_id": "1d923644-1fd8-4631-89d9-bae50de8e1f6"
  },
  {
    "deviceID": "device123",
    "eventID": "2b267a2f-c8db-4abd-830a-f671fed0e569",
    "temperature": 30,
    "timeStamp": "2025-02-13T17:02:34",
    "trace_id": "3df0de15-a492-4d80-95ce-ebc5cb41fb6f"
  },
  {
    "deviceID": "device123",
    "eventID": "65ce0e4e-ed5c-47ed-8536-1ce47c740654",
    "temperature": 21,
    "timeStamp": "2025-02-13T17:02:34",
    "trace_id": "37fcecf3-78a1-471d-93dd-6f4b87c60381"
  },
  {
    "deviceID": "device123",
    "eventID": "f2a8c6d0-76c7-4f91-ad1c-1b5752cd30e5",
    "temperature": 23,
    "timeStamp": "2025-02-13T17:02:34",
    "trace_id": "88647bfa-6981-4461-bf3b-464f103a1262"
  },
  {
    "deviceID": "device123",
    "eventID": "c62b2bca-0276-44ba-bc16-07df09f31f3f",
    "temperature": 32,
    "timeStamp": "2025-02-13T17:02:34",
    "trace_id": "93c231d4-dd21-4aac-b4dd-7791794d99cb"
  },
  {
    "deviceID": "device123",
    "eventID": "fb1f452e-f36c-4998-919c-4ec2bbd8a952",
    "temperature": 27,
    "timeStamp": "2025-02-13T17:02:34",
    "trace_id": "1b7667ad-4234-42f7-ba80-ec0b3ccdd4eb"
  },
  {
    "deviceID": "device123",
    "eventID": "203210bc-233b-48ec-bcc5-036f8a6d3eeb",
    "temperature": 32,
    "timeStamp": "2025-02-13T17:02:34",
    "trace_id": "51050e05-d907-4ab0-9253-62e0b76164bd"
  },
  {
    "deviceID": "device123",
    "eventID": "156b965f-a2ca-427b-93a5-f2d01b65d968",
    "temperature": 17,
    "timeStamp": "2025-02-13T17:02:34",
    "trace_id": "9b22d1a4-4458-41f8-a57c-adc5b48c6c7f"
  },
  {
    "deviceID": "device123",
    "eventID": "81561eff-aa36-497e-a775-dd2c7855c880",
    "temperature": 33,
    "timeStamp": "2025-02-13T17:02:34",
    "trace_id": "ea82d637-2841-428f-ae0a-4b7b95ca3835"
  },
  {
    "deviceID": "device123",
    "eventID": "106af223-6db4-4328-b7dd-da8c5a857a0d",
    "temperature": 19,
    "timeStamp": "2025-02-13T17:02:35",
    "trace_id": "9e7c0491-c872-488f-9645-0bfcd56944fd"
  },
  {
    "deviceID": "device123",
    "eventID": "0788d7fe-7305-413a-b185-bc3e2f4a626e",
    "temperature": 26,
    "timeStamp": "2025-02-13T17:02:35",
    "trace_id": "be76d9d1-d1ce-40af-bd76-9e7f1d13a49a"
  },
  {
    "deviceID": "device123",
    "eventID": "fac7a708-370a-4647-8dec-1b56af1002b7",
    "temperature": 17,
    "timeStamp": "2025-02-13T17:02:35",
    "trace_id": "43391261-41c6-4579-93c1-3c1afcca5b0e"
  },
  {
    "deviceID": "device123",
    "eventID": "38d921e8-dc11-444e-ba31-f8d10e8949da",
    "temperature": 20,
    "timeStamp": "2025-02-13T17:02:35",
    "trace_id": "4db5ec81-7ef4-4aa3-9c62-e183d6a27053"
  },
  {
    "deviceID": "device123",
    "eventID": "8bd662ac-0471-4c6d-85f4-bce895aaaac9",
    "temperature": 32,
    "timeStamp": "2025-02-13T17:02:35",
    "trace_id": "35685ac0-cfa3-4e47-be72-2536e8e2927f"
  },
  {
    "deviceID": "device123",
    "eventID": "6d7da39c-04b3-4090-966f-b7913eb16a92",
    "temperature": 20,
    "timeStamp": "2025-02-13T17:02:35",
    "trace_id": "47e6f9d8-72da-4065-bf62-ac95f5a01dea"
  },
  {
    "deviceID": "device123",
    "eventID": "5dd764f4-0a1c-46c6-a5c3-8a9506bb23af",
    "temperature": 22,
    "timeStamp": "2025-02-13T17:02:35",
    "trace_id": "d75eb79a-ab02-400a-aeb6-8aa44e5c4ba4"
  },
  {
    "deviceID": "device123",
    "eventID": "cc4b4511-3b29-4262-aa16-ac51ecdf803e",
    "temperature": 34,
    "timeStamp": "2025-02-13T17:02:35",
    "trace_id": "136f1be2-de6e-465b-b47b-9cccc3a409a9"
  },
  {
    "deviceID": "device123",
    "eventID": "cf81166d-1d01-4fa5-a1cd-8ccf2d3086d3",
    "temperature": 24,
    "timeStamp": "2025-02-13T17:02:35",
    "trace_id": "d1eab2b0-707c-4bad-be95-a1899687ca97"
  },
  {
    "deviceID": "device123",
    "eventID": "86a0dc5f-ecdc-46ff-95b8-0e44d5573935",
    "temperature": 21,
    "timeStamp": "2025-02-13T17:02:35",
    "trace_id": "be43aec3-3b24-4bbb-a9f6-6ad571085ff3"
  },
  {
    "deviceID": "device123",
    "eventID": "f9bcb595-c68e-40f8-bd4b-53eec89df3a4",
    "temperature": 31,
    "timeStamp": "2025-02-13T17:02:35",
    "trace_id": "dfd09bf6-11b6-4f27-9275-50079992c740"
  },
  {
    "deviceID": "device123",
    "eventID": "fcb34bed-f521-4ac9-be6b-a730ed39380a",
    "temperature": 21,
    "timeStamp": "2025-02-13T17:02:35",
    "trace_id": "127704c7-552f-4fa3-9749-a46a39b778a6"
  }
]

2025-02-13 17:02:43,517 - basicLogger - DEBUG - Windspeed Response Raw: [
  {
    "deviceID": "windSensor-001",
    "eventID": "058523c1-4c28-4cbd-98de-202fc4d2ba6a",
    "location": {
      "latitude": 39,
      "longitude": -74
    },
    "timeStamp": "2025-02-13T17:02:34",
    "trace_id": "6c2c1b6f-e6e8-405b-b6f3-69cd80a3a30e",
    "windspeed": 16
  },
  {
    "deviceID": "windSensor-001",
    "eventID": "82d1c27d-fb8a-4b1c-9dfe-0acbb5e76e29",
    "location": {
      "latitude": 41,
      "longitude": -74
    },
    "timeStamp": "2025-02-13T17:02:34",
    "trace_id": "ea384269-7308-4447-8795-2e6cbad4a1c2",
    "windspeed": 13
  },
  {
    "deviceID": "windSensor-001",
    "eventID": "dae9e105-bf79-4f9c-a581-d3cced9b9329",
    "location": {
      "latitude": 44,
      "longitude": -80
    },
    "timeStamp": "2025-02-13T17:02:34",
    "trace_id": "f1dbaf6a-7d62-443d-9a5f-b6ac50f9c60d",
    "windspeed": 12
  },
  {
    "deviceID": "windSensor-001",
    "eventID": "ed4cecfe-a163-4afe-a623-670a9922aa4a",
    "location": {
      "latitude": 41,
      "longitude": -80
    },
    "timeStamp": "2025-02-13T17:02:34",
    "trace_id": "6824c81e-3bf8-4d59-ab08-0c83a470776b",
    "windspeed": 5
  },
  {
    "deviceID": "windSensor-001",
    "eventID": "43670402-e325-430f-b671-b3c107bbd81f",
    "location": {
      "latitude": 45,
      "longitude": -74
    },
    "timeStamp": "2025-02-13T17:02:34",
    "trace_id": "bdef2dc1-d938-4df6-8bc5-2b5bfe680cbb",
    "windspeed": 30
  },
  {
    "deviceID": "windSensor-001",
    "eventID": "beaa3521-6060-4491-a95d-463312f2bd5f",
    "location": {
      "latitude": 42,
      "longitude": -74
    },
    "timeStamp": "2025-02-13T17:02:34",
    "trace_id": "c60acb22-3c60-479a-a850-d9a9a2cfe50c",
    "windspeed": 19
  },
  {
    "deviceID": "windSensor-001",
    "eventID": "dd6461d9-bc8c-4f84-9bcc-be7abef40a81",
    "location": {
      "latitude": 43,
      "longitude": -75
    },
    "timeStamp": "2025-02-13T17:02:34",
    "trace_id": "3100afc1-0f82-45c0-9c8e-752e8fe726c6",
    "windspeed": 29
  },
  {
    "deviceID": "windSensor-001",
    "eventID": "231165a4-0617-44bf-a49a-da14e27e95c4",
    "location": {
      "latitude": 39,
      "longitude": -78
    },
    "timeStamp": "2025-02-13T17:02:34",
    "trace_id": "4060c9d9-e2ef-421a-830c-05de5516b6ba",
    "windspeed": 26
  },
  {
    "deviceID": "windSensor-001",
    "eventID": "5f66065c-30a3-44b4-9cae-37679fa60045",
    "location": {
      "latitude": 43,
      "longitude": -76
    },
    "timeStamp": "2025-02-13T17:02:34",
    "trace_id": "ff1af1e1-c309-4dfc-b769-140e30de5c17",
    "windspeed": 20
  },
  {
    "deviceID": "windSensor-001",
    "eventID": "46674a1a-a67d-4b52-915c-b8947075cb67",
    "location": {
      "latitude": 35,
      "longitude": -78
    },
    "timeStamp": "2025-02-13T17:02:34",
    "trace_id": "94d44da1-30e6-4090-87f3-24bf7753fb7c",
    "windspeed": 17
  },
  {
    "deviceID": "windSensor-001",
    "eventID": "f9f3e0fb-88ba-4ee0-8981-6a3c6ad39688",
    "location": {
      "latitude": 43,
      "longitude": -78
    },
    "timeStamp": "2025-02-13T17:02:34",
    "trace_id": "f214ea51-94a4-4f93-980a-031d47b037d6",
    "windspeed": 10
  },
  {
    "deviceID": "windSensor-001",
    "eventID": "e52b04e0-69e4-4be1-a511-acb991118248",
    "location": {
      "latitude": 42,
      "longitude": -75
    },
    "timeStamp": "2025-02-13T17:02:34",
    "trace_id": "fdf47e85-15ff-4c64-ba73-46bb8cd42952",
    "windspeed": 13
  },
  {
    "deviceID": "windSensor-001",
    "eventID": "4b23c735-7c8d-4014-9fc9-a1af479b7e9b",
    "location": {
      "latitude": 43,
      "longitude": -74
    },
    "timeStamp": "2025-02-13T17:02:34",
    "trace_id": "06feaa98-8e25-4488-96cf-59cef227e60e",
    "windspeed": 24
  },
  {
    "deviceID": "windSensor-001",
    "eventID": "c971b1a3-7f05-4e50-9ba1-23924f28f078",
    "location": {
      "latitude": 37,
      "longitude": -70
    },
    "timeStamp": "2025-02-13T17:02:35",
    "trace_id": "08b2d47c-6121-4f4e-a521-204e9423392f",
    "windspeed": 9
  },
  {
    "deviceID": "windSensor-001",
    "eventID": "e48c600c-2cae-42b2-87f7-62e27679be4c",
    "location": {
      "latitude": 44,
      "longitude": -80
    },
    "timeStamp": "2025-02-13T17:02:35",
    "trace_id": "323ee4f7-972d-416f-92e3-e0f156135458",
    "windspeed": 24
  },
  {
    "deviceID": "windSensor-001",
    "eventID": "13b992cc-6215-4e4a-88d5-ff884c1a7d93",
    "location": {
      "latitude": 42,
      "longitude": -75
    },
    "timeStamp": "2025-02-13T17:02:35",
    "trace_id": "4bc7bd30-aaca-43b7-8450-9ade2e762d87",
    "windspeed": 26
  },
  {
    "deviceID": "windSensor-001",
    "eventID": "617e87ee-9662-4a5e-9cf5-6a22398cd161",
    "location": {
      "latitude": 36,
      "longitude": -75
    },
    "timeStamp": "2025-02-13T17:02:35",
    "trace_id": "cf0598be-1c96-4a50-8084-838348f0ee5d",
    "windspeed": 8
  },
  {
    "deviceID": "windSensor-001",
    "eventID": "e895ec1f-0236-4285-b651-21f61f871d03",
    "location": {
      "latitude": 35,
      "longitude": -78
    },
    "timeStamp": "2025-02-13T17:02:35",
    "trace_id": "fdbdd87d-5ff5-4045-b819-9232aac5ea62",
    "windspeed": 19
  },
  {
    "deviceID": "windSensor-001",
    "eventID": "457b2827-afd1-4607-a7c9-575dcfeae254",
    "location": {
      "latitude": 40,
      "longitude": -71
    },
    "timeStamp": "2025-02-13T17:02:35",
    "trace_id": "a0b9cc5b-d115-4978-b9e6-c6d7bae167c3",
    "windspeed": 8
  },
  {
    "deviceID": "windSensor-001",
    "eventID": "07a67048-e67b-4ae7-8251-65269bc5ab4e",
    "location": {
      "latitude": 43,
      "longitude": -73
    },
    "timeStamp": "2025-02-13T17:02:35",
    "trace_id": "bfde2c08-1beb-4712-8856-f02cd3311e5b",
    "windspeed": 9
  },
  {
    "deviceID": "windSensor-001",
    "eventID": "4239406f-3770-4174-8753-249bd2b885ce",
    "location": {
      "latitude": 37,
      "longitude": -76
    },
    "timeStamp": "2025-02-13T17:02:35",
    "trace_id": "71a07b44-41cc-4ccc-988f-d4e1058ea8cd",
    "windspeed": 20
  },
  {
    "deviceID": "windSensor-001",
    "eventID": "ead3b417-ff85-4aa6-a767-66b134309790",
    "location": {
      "latitude": 40,
      "longitude": -71
    },
    "timeStamp": "2025-02-13T17:02:35",
    "trace_id": "467fa506-594e-47e5-8f41-6fc17c793378",
    "windspeed": 29
  },
  {
    "deviceID": "windSensor-001",
    "eventID": "852729e4-ba07-41e1-8cf0-3d3d8a3339fe",
    "location": {
      "latitude": 45,
      "longitude": -72
    },
    "timeStamp": "2025-02-13T17:02:35",
    "trace_id": "65952270-bafd-4b20-8452-c503d63fdf96",
    "windspeed": 25
  },
  {
    "deviceID": "windSensor-001",
    "eventID": "5e7243e7-9197-4fa6-aae9-d2c2c5cdc1c8",
    "location": {
      "latitude": 45,
      "longitude": -70
    },
    "timeStamp": "2025-02-13T17:02:35",
    "trace_id": "b257bbf8-1a36-49b2-80b3-ba36708677c8",
    "windspeed": 11
  },
  {
    "deviceID": "windSensor-001",
    "eventID": "5bc4d1b8-aa1d-40a5-a82f-6cceeb4f8fe5",
    "location": {
      "latitude": 42,
      "longitude": -76
    },
    "timeStamp": "2025-02-13T17:02:35",
    "trace_id": "ba91f6c7-db02-40d2-9b75-858f49dd1d28",
    "windspeed": 22
  }
]

2025-02-13 17:02:43,518 - basicLogger - DEBUG - Requesting temperature data from 2025-02-13T17:02:33.444636 to 2025-02-13T17:02:43.443041
2025-02-13 17:02:43,518 - basicLogger - DEBUG - Requesting wind speed data from 2025-02-13T17:02:33.444636 to 2025-02-13T17:02:43.443041
2025-02-13 17:02:48,443 - basicLogger - INFO - Processing has started
2025-02-13 17:02:48,443 - basicLogger - DEBUG - Fetching wind data from: http://localhost:8090/events/wind-speed?start_timestamp=2025-02-13T17:02:33.444636&end_timestamp=2025-02-13T17:02:48.443908
2025-02-13 17:02:48,444 - basicLogger - DEBUG - Fetching wind data from: http://localhost:8090/events/temperature?start_timestamp=2025-02-13T17:02:33.444636&end_timestamp=2025-02-13T17:02:48.443908
2025-02-13 17:02:48,517 - basicLogger - DEBUG - [{'deviceID': 'device123', 'eventID': '981681d9-f57b-4aa2-a0e2-da9cb5eb1984', 'temperature': 26, 'timeStamp': '2025-02-13T17:02:34', 'trace_id': 'b65c8c96-45ac-4977-b808-12aace77967d'}, {'deviceID': 'device123', 'eventID': '2ec56f42-d3c7-4938-becd-f0ba9d0664ac', 'temperature': 34, 'timeStamp': '2025-02-13T17:02:34', 'trace_id': '749d87e0-2aba-4b68-befd-e973427e5253'}, {'deviceID': 'device123', 'eventID': '64375933-b17f-452c-9373-adced91f2901', 'temperature': 30, 'timeStamp': '2025-02-13T17:02:34', 'trace_id': 'a2020f6b-6049-4906-8d28-96a5db771ad6'}, {'deviceID': 'device123', 'eventID': '96d2a68f-87d9-449f-baa4-96d20dc12eb4', 'temperature': 20, 'timeStamp': '2025-02-13T17:02:34', 'trace_id': 'a8ca4217-8c91-4f90-8089-15363d979a1c'}, {'deviceID': 'device123', 'eventID': '521f6335-60f8-4890-8a55-09fd3f2f1711', 'temperature': 19, 'timeStamp': '2025-02-13T17:02:34', 'trace_id': '1d923644-1fd8-4631-89d9-bae50de8e1f6'}, {'deviceID': 'device123', 'eventID': '2b267a2f-c8db-4abd-830a-f671fed0e569', 'temperature': 30, 'timeStamp': '2025-02-13T17:02:34', 'trace_id': '3df0de15-a492-4d80-95ce-ebc5cb41fb6f'}, {'deviceID': 'device123', 'eventID': '65ce0e4e-ed5c-47ed-8536-1ce47c740654', 'temperature': 21, 'timeStamp': '2025-02-13T17:02:34', 'trace_id': '37fcecf3-78a1-471d-93dd-6f4b87c60381'}, {'deviceID': 'device123', 'eventID': 'f2a8c6d0-76c7-4f91-ad1c-1b5752cd30e5', 'temperature': 23, 'timeStamp': '2025-02-13T17:02:34', 'trace_id': '88647bfa-6981-4461-bf3b-464f103a1262'}, {'deviceID': 'device123', 'eventID': 'c62b2bca-0276-44ba-bc16-07df09f31f3f', 'temperature': 32, 'timeStamp': '2025-02-13T17:02:34', 'trace_id': '93c231d4-dd21-4aac-b4dd-7791794d99cb'}, {'deviceID': 'device123', 'eventID': 'fb1f452e-f36c-4998-919c-4ec2bbd8a952', 'temperature': 27, 'timeStamp': '2025-02-13T17:02:34', 'trace_id': '1b7667ad-4234-42f7-ba80-ec0b3ccdd4eb'}, {'deviceID': 'device123', 'eventID': '203210bc-233b-48ec-bcc5-036f8a6d3eeb', 'temperature': 32, 'timeStamp': '2025-02-13T17:02:34', 'trace_id': '51050e05-d907-4ab0-9253-62e0b76164bd'}, {'deviceID': 'device123', 'eventID': '156b965f-a2ca-427b-93a5-f2d01b65d968', 'temperature': 17, 'timeStamp': '2025-02-13T17:02:34', 'trace_id': '9b22d1a4-4458-41f8-a57c-adc5b48c6c7f'}, {'deviceID': 'device123', 'eventID': '81561eff-aa36-497e-a775-dd2c7855c880', 'temperature': 33, 'timeStamp': '2025-02-13T17:02:34', 'trace_id': 'ea82d637-2841-428f-ae0a-4b7b95ca3835'}, {'deviceID': 'device123', 'eventID': '106af223-6db4-4328-b7dd-da8c5a857a0d', 'temperature': 19, 'timeStamp': '2025-02-13T17:02:35', 'trace_id': '9e7c0491-c872-488f-9645-0bfcd56944fd'}, {'deviceID': 'device123', 'eventID': '0788d7fe-7305-413a-b185-bc3e2f4a626e', 'temperature': 26, 'timeStamp': '2025-02-13T17:02:35', 'trace_id': 'be76d9d1-d1ce-40af-bd76-9e7f1d13a49a'}, {'deviceID': 'device123', 'eventID': 'fac7a708-370a-4647-8dec-1b56af1002b7', 'temperature': 17, 'timeStamp': '2025-02-13T17:02:35', 'trace_id': '43391261-41c6-4579-93c1-3c1afcca5b0e'}, {'deviceID': 'device123', 'eventID': '38d921e8-dc11-444e-ba31-f8d10e8949da', 'temperature': 20, 'timeStamp': '2025-02-13T17:02:35', 'trace_id': '4db5ec81-7ef4-4aa3-9c62-e183d6a27053'}, {'deviceID': 'device123', 'eventID': '8bd662ac-0471-4c6d-85f4-bce895aaaac9', 'temperature': 32, 'timeStamp': '2025-02-13T17:02:35', 'trace_id': '35685ac0-cfa3-4e47-be72-2536e8e2927f'}, {'deviceID': 'device123', 'eventID': '6d7da39c-04b3-4090-966f-b7913eb16a92', 'temperature': 20, 'timeStamp': '2025-02-13T17:02:35', 'trace_id': '47e6f9d8-72da-4065-bf62-ac95f5a01dea'}, {'deviceID': 'device123', 'eventID': '5dd764f4-0a1c-46c6-a5c3-8a9506bb23af', 'temperature': 22, 'timeStamp': '2025-02-13T17:02:35', 'trace_id': 'd75eb79a-ab02-400a-aeb6-8aa44e5c4ba4'}, {'deviceID': 'device123', 'eventID': 'cc4b4511-3b29-4262-aa16-ac51ecdf803e', 'temperature': 34, 'timeStamp': '2025-02-13T17:02:35', 'trace_id': '136f1be2-de6e-465b-b47b-9cccc3a409a9'}, {'deviceID': 'device123', 'eventID': 'cf81166d-1d01-4fa5-a1cd-8ccf2d3086d3', 'temperature': 24, 'timeStamp': '2025-02-13T17:02:35', 'trace_id': 'd1eab2b0-707c-4bad-be95-a1899687ca97'}, {'deviceID': 'device123', 'eventID': '86a0dc5f-ecdc-46ff-95b8-0e44d5573935', 'temperature': 21, 'timeStamp': '2025-02-13T17:02:35', 'trace_id': 'be43aec3-3b24-4bbb-a9f6-6ad571085ff3'}, {'deviceID': 'device123', 'eventID': 'f9bcb595-c68e-40f8-bd4b-53eec89df3a4', 'temperature': 31, 'timeStamp': '2025-02-13T17:02:35', 'trace_id': 'dfd09bf6-11b6-4f27-9275-50079992c740'}, {'deviceID': 'device123', 'eventID': 'fcb34bed-f521-4ac9-be6b-a730ed39380a', 'temperature': 21, 'timeStamp': '2025-02-13T17:02:35', 'trace_id': '127704c7-552f-4fa3-9749-a46a39b778a6'}]
2025-02-13 17:02:48,517 - basicLogger - DEBUG - Temperature Response: [{'deviceID': 'device123', 'eventID': '981681d9-f57b-4aa2-a0e2-da9cb5eb1984', 'temperature': 26, 'timeStamp': '2025-02-13T17:02:34', 'trace_id': 'b65c8c96-45ac-4977-b808-12aace77967d'}, {'deviceID': 'device123', 'eventID': '2ec56f42-d3c7-4938-becd-f0ba9d0664ac', 'temperature': 34, 'timeStamp': '2025-02-13T17:02:34', 'trace_id': '749d87e0-2aba-4b68-befd-e973427e5253'}, {'deviceID': 'device123', 'eventID': '64375933-b17f-452c-9373-adced91f2901', 'temperature': 30, 'timeStamp': '2025-02-13T17:02:34', 'trace_id': 'a2020f6b-6049-4906-8d28-96a5db771ad6'}, {'deviceID': 'device123', 'eventID': '96d2a68f-87d9-449f-baa4-96d20dc12eb4', 'temperature': 20, 'timeStamp': '2025-02-13T17:02:34', 'trace_id': 'a8ca4217-8c91-4f90-8089-15363d979a1c'}, {'deviceID': 'device123', 'eventID': '521f6335-60f8-4890-8a55-09fd3f2f1711', 'temperature': 19, 'timeStamp': '2025-02-13T17:02:34', 'trace_id': '1d923644-1fd8-4631-89d9-bae50de8e1f6'}, {'deviceID': 'device123', 'eventID': '2b267a2f-c8db-4abd-830a-f671fed0e569', 'temperature': 30, 'timeStamp': '2025-02-13T17:02:34', 'trace_id': '3df0de15-a492-4d80-95ce-ebc5cb41fb6f'}, {'deviceID': 'device123', 'eventID': '65ce0e4e-ed5c-47ed-8536-1ce47c740654', 'temperature': 21, 'timeStamp': '2025-02-13T17:02:34', 'trace_id': '37fcecf3-78a1-471d-93dd-6f4b87c60381'}, {'deviceID': 'device123', 'eventID': 'f2a8c6d0-76c7-4f91-ad1c-1b5752cd30e5', 'temperature': 23, 'timeStamp': '2025-02-13T17:02:34', 'trace_id': '88647bfa-6981-4461-bf3b-464f103a1262'}, {'deviceID': 'device123', 'eventID': 'c62b2bca-0276-44ba-bc16-07df09f31f3f', 'temperature': 32, 'timeStamp': '2025-02-13T17:02:34', 'trace_id': '93c231d4-dd21-4aac-b4dd-7791794d99cb'}, {'deviceID': 'device123', 'eventID': 'fb1f452e-f36c-4998-919c-4ec2bbd8a952', 'temperature': 27, 'timeStamp': '2025-02-13T17:02:34', 'trace_id': '1b7667ad-4234-42f7-ba80-ec0b3ccdd4eb'}, {'deviceID': 'device123', 'eventID': '203210bc-233b-48ec-bcc5-036f8a6d3eeb', 'temperature': 32, 'timeStamp': '2025-02-13T17:02:34', 'trace_id': '51050e05-d907-4ab0-9253-62e0b76164bd'}, {'deviceID': 'device123', 'eventID': '156b965f-a2ca-427b-93a5-f2d01b65d968', 'temperature': 17, 'timeStamp': '2025-02-13T17:02:34', 'trace_id': '9b22d1a4-4458-41f8-a57c-adc5b48c6c7f'}, {'deviceID': 'device123', 'eventID': '81561eff-aa36-497e-a775-dd2c7855c880', 'temperature': 33, 'timeStamp': '2025-02-13T17:02:34', 'trace_id': 'ea82d637-2841-428f-ae0a-4b7b95ca3835'}, {'deviceID': 'device123', 'eventID': '106af223-6db4-4328-b7dd-da8c5a857a0d', 'temperature': 19, 'timeStamp': '2025-02-13T17:02:35', 'trace_id': '9e7c0491-c872-488f-9645-0bfcd56944fd'}, {'deviceID': 'device123', 'eventID': '0788d7fe-7305-413a-b185-bc3e2f4a626e', 'temperature': 26, 'timeStamp': '2025-02-13T17:02:35', 'trace_id': 'be76d9d1-d1ce-40af-bd76-9e7f1d13a49a'}, {'deviceID': 'device123', 'eventID': 'fac7a708-370a-4647-8dec-1b56af1002b7', 'temperature': 17, 'timeStamp': '2025-02-13T17:02:35', 'trace_id': '43391261-41c6-4579-93c1-3c1afcca5b0e'}, {'deviceID': 'device123', 'eventID': '38d921e8-dc11-444e-ba31-f8d10e8949da', 'temperature': 20, 'timeStamp': '2025-02-13T17:02:35', 'trace_id': '4db5ec81-7ef4-4aa3-9c62-e183d6a27053'}, {'deviceID': 'device123', 'eventID': '8bd662ac-0471-4c6d-85f4-bce895aaaac9', 'temperature': 32, 'timeStamp': '2025-02-13T17:02:35', 'trace_id': '35685ac0-cfa3-4e47-be72-2536e8e2927f'}, {'deviceID': 'device123', 'eventID': '6d7da39c-04b3-4090-966f-b7913eb16a92', 'temperature': 20, 'timeStamp': '2025-02-13T17:02:35', 'trace_id': '47e6f9d8-72da-4065-bf62-ac95f5a01dea'}, {'deviceID': 'device123', 'eventID': '5dd764f4-0a1c-46c6-a5c3-8a9506bb23af', 'temperature': 22, 'timeStamp': '2025-02-13T17:02:35', 'trace_id': 'd75eb79a-ab02-400a-aeb6-8aa44e5c4ba4'}, {'deviceID': 'device123', 'eventID': 'cc4b4511-3b29-4262-aa16-ac51ecdf803e', 'temperature': 34, 'timeStamp': '2025-02-13T17:02:35', 'trace_id': '136f1be2-de6e-465b-b47b-9cccc3a409a9'}, {'deviceID': 'device123', 'eventID': 'cf81166d-1d01-4fa5-a1cd-8ccf2d3086d3', 'temperature': 24, 'timeStamp': '2025-02-13T17:02:35', 'trace_id': 'd1eab2b0-707c-4bad-be95-a1899687ca97'}, {'deviceID': 'device123', 'eventID': '86a0dc5f-ecdc-46ff-95b8-0e44d5573935', 'temperature': 21, 'timeStamp': '2025-02-13T17:02:35', 'trace_id': 'be43aec3-3b24-4bbb-a9f6-6ad571085ff3'}, {'deviceID': 'device123', 'eventID': 'f9bcb595-c68e-40f8-bd4b-53eec89df3a4', 'temperature': 31, 'timeStamp': '2025-02-13T17:02:35', 'trace_id': 'dfd09bf6-11b6-4f27-9275-50079992c740'}, {'deviceID': 'device123', 'eventID': 'fcb34bed-f521-4ac9-be6b-a730ed39380a', 'temperature': 21, 'timeStamp': '2025-02-13T17:02:35', 'trace_id': '127704c7-552f-4fa3-9749-a46a39b778a6'}]
2025-02-13 17:02:48,518 - basicLogger - DEBUG - Windspeed Response: [{'deviceID': 'windSensor-001', 'eventID': '058523c1-4c28-4cbd-98de-202fc4d2ba6a', 'location': {'latitude': 39, 'longitude': -74}, 'timeStamp': '2025-02-13T17:02:34', 'trace_id': '6c2c1b6f-e6e8-405b-b6f3-69cd80a3a30e', 'windspeed': 16}, {'deviceID': 'windSensor-001', 'eventID': '82d1c27d-fb8a-4b1c-9dfe-0acbb5e76e29', 'location': {'latitude': 41, 'longitude': -74}, 'timeStamp': '2025-02-13T17:02:34', 'trace_id': 'ea384269-7308-4447-8795-2e6cbad4a1c2', 'windspeed': 13}, {'deviceID': 'windSensor-001', 'eventID': 'dae9e105-bf79-4f9c-a581-d3cced9b9329', 'location': {'latitude': 44, 'longitude': -80}, 'timeStamp': '2025-02-13T17:02:34', 'trace_id': 'f1dbaf6a-7d62-443d-9a5f-b6ac50f9c60d', 'windspeed': 12}, {'deviceID': 'windSensor-001', 'eventID': 'ed4cecfe-a163-4afe-a623-670a9922aa4a', 'location': {'latitude': 41, 'longitude': -80}, 'timeStamp': '2025-02-13T17:02:34', 'trace_id': '6824c81e-3bf8-4d59-ab08-0c83a470776b', 'windspeed': 5}, {'deviceID': 'windSensor-001', 'eventID': '43670402-e325-430f-b671-b3c107bbd81f', 'location': {'latitude': 45, 'longitude': -74}, 'timeStamp': '2025-02-13T17:02:34', 'trace_id': 'bdef2dc1-d938-4df6-8bc5-2b5bfe680cbb', 'windspeed': 30}, {'deviceID': 'windSensor-001', 'eventID': 'beaa3521-6060-4491-a95d-463312f2bd5f', 'location': {'latitude': 42, 'longitude': -74}, 'timeStamp': '2025-02-13T17:02:34', 'trace_id': 'c60acb22-3c60-479a-a850-d9a9a2cfe50c', 'windspeed': 19}, {'deviceID': 'windSensor-001', 'eventID': 'dd6461d9-bc8c-4f84-9bcc-be7abef40a81', 'location': {'latitude': 43, 'longitude': -75}, 'timeStamp': '2025-02-13T17:02:34', 'trace_id': '3100afc1-0f82-45c0-9c8e-752e8fe726c6', 'windspeed': 29}, {'deviceID': 'windSensor-001', 'eventID': '231165a4-0617-44bf-a49a-da14e27e95c4', 'location': {'latitude': 39, 'longitude': -78}, 'timeStamp': '2025-02-13T17:02:34', 'trace_id': '4060c9d9-e2ef-421a-830c-05de5516b6ba', 'windspeed': 26}, {'deviceID': 'windSensor-001', 'eventID': '5f66065c-30a3-44b4-9cae-37679fa60045', 'location': {'latitude': 43, 'longitude': -76}, 'timeStamp': '2025-02-13T17:02:34', 'trace_id': 'ff1af1e1-c309-4dfc-b769-140e30de5c17', 'windspeed': 20}, {'deviceID': 'windSensor-001', 'eventID': '46674a1a-a67d-4b52-915c-b8947075cb67', 'location': {'latitude': 35, 'longitude': -78}, 'timeStamp': '2025-02-13T17:02:34', 'trace_id': '94d44da1-30e6-4090-87f3-24bf7753fb7c', 'windspeed': 17}, {'deviceID': 'windSensor-001', 'eventID': 'f9f3e0fb-88ba-4ee0-8981-6a3c6ad39688', 'location': {'latitude': 43, 'longitude': -78}, 'timeStamp': '2025-02-13T17:02:34', 'trace_id': 'f214ea51-94a4-4f93-980a-031d47b037d6', 'windspeed': 10}, {'deviceID': 'windSensor-001', 'eventID': 'e52b04e0-69e4-4be1-a511-acb991118248', 'location': {'latitude': 42, 'longitude': -75}, 'timeStamp': '2025-02-13T17:02:34', 'trace_id': 'fdf47e85-15ff-4c64-ba73-46bb8cd42952', 'windspeed': 13}, {'deviceID': 'windSensor-001', 'eventID': '4b23c735-7c8d-4014-9fc9-a1af479b7e9b', 'location': {'latitude': 43, 'longitude': -74}, 'timeStamp': '2025-02-13T17:02:34', 'trace_id': '06feaa98-8e25-4488-96cf-59cef227e60e', 'windspeed': 24}, {'deviceID': 'windSensor-001', 'eventID': 'c971b1a3-7f05-4e50-9ba1-23924f28f078', 'location': {'latitude': 37, 'longitude': -70}, 'timeStamp': '2025-02-13T17:02:35', 'trace_id': '08b2d47c-6121-4f4e-a521-204e9423392f', 'windspeed': 9}, {'deviceID': 'windSensor-001', 'eventID': 'e48c600c-2cae-42b2-87f7-62e27679be4c', 'location': {'latitude': 44, 'longitude': -80}, 'timeStamp': '2025-02-13T17:02:35', 'trace_id': '323ee4f7-972d-416f-92e3-e0f156135458', 'windspeed': 24}, {'deviceID': 'windSensor-001', 'eventID': '13b992cc-6215-4e4a-88d5-ff884c1a7d93', 'location': {'latitude': 42, 'longitude': -75}, 'timeStamp': '2025-02-13T17:02:35', 'trace_id': '4bc7bd30-aaca-43b7-8450-9ade2e762d87', 'windspeed': 26}, {'deviceID': 'windSensor-001', 'eventID': '617e87ee-9662-4a5e-9cf5-6a22398cd161', 'location': {'latitude': 36, 'longitude': -75}, 'timeStamp': '2025-02-13T17:02:35', 'trace_id': 'cf0598be-1c96-4a50-8084-838348f0ee5d', 'windspeed': 8}, {'deviceID': 'windSensor-001', 'eventID': 'e895ec1f-0236-4285-b651-21f61f871d03', 'location': {'latitude': 35, 'longitude': -78}, 'timeStamp': '2025-02-13T17:02:35', 'trace_id': 'fdbdd87d-5ff5-4045-b819-9232aac5ea62', 'windspeed': 19}, {'deviceID': 'windSensor-001', 'eventID': '457b2827-afd1-4607-a7c9-575dcfeae254', 'location': {'latitude': 40, 'longitude': -71}, 'timeStamp': '2025-02-13T17:02:35', 'trace_id': 'a0b9cc5b-d115-4978-b9e6-c6d7bae167c3', 'windspeed': 8}, {'deviceID': 'windSensor-001', 'eventID': '07a67048-e67b-4ae7-8251-65269bc5ab4e', 'location': {'latitude': 43, 'longitude': -73}, 'timeStamp': '2025-02-13T17:02:35', 'trace_id': 'bfde2c08-1beb-4712-8856-f02cd3311e5b', 'windspeed': 9}, {'deviceID': 'windSensor-001', 'eventID': '4239406f-3770-4174-8753-249bd2b885ce', 'location': {'latitude': 37, 'longitude': -76}, 'timeStamp': '2025-02-13T17:02:35', 'trace_id': '71a07b44-41cc-4ccc-988f-d4e1058ea8cd', 'windspeed': 20}, {'deviceID': 'windSensor-001', 'eventID': 'ead3b417-ff85-4aa6-a767-66b134309790', 'location': {'latitude': 40, 'longitude': -71}, 'timeStamp': '2025-02-13T17:02:35', 'trace_id': '467fa506-594e-47e5-8f41-6fc17c793378', 'windspeed': 29}, {'deviceID': 'windSensor-001', 'eventID': '852729e4-ba07-41e1-8cf0-3d3d8a3339fe', 'location': {'latitude': 45, 'longitude': -72}, 'timeStamp': '2025-02-13T17:02:35', 'trace_id': '65952270-bafd-4b20-8452-c503d63fdf96', 'windspeed': 25}, {'deviceID': 'windSensor-001', 'eventID': '5e7243e7-9197-4fa6-aae9-d2c2c5cdc1c8', 'location': {'latitude': 45, 'longitude': -70}, 'timeStamp': '2025-02-13T17:02:35', 'trace_id': 'b257bbf8-1a36-49b2-80b3-ba36708677c8', 'windspeed': 11}, {'deviceID': 'windSensor-001', 'eventID': '5bc4d1b8-aa1d-40a5-a82f-6cceeb4f8fe5', 'location': {'latitude': 42, 'longitude': -76}, 'timeStamp': '2025-02-13T17:02:35', 'trace_id': 'ba91f6c7-db02-40d2-9b75-858f49dd1d28', 'windspeed': 22}]
2025-02-13 17:02:48,518 - basicLogger - DEBUG - Temperature Response Status Code: 200
2025-02-13 17:02:48,519 - basicLogger - DEBUG - Wind Speed Response Status Code: 200
2025-02-13 17:02:48,519 - basicLogger - DEBUG - Temperature Response Raw: [
  {
    "deviceID": "device123",
    "eventID": "981681d9-f57b-4aa2-a0e2-da9cb5eb1984",
    "temperature": 26,
    "timeStamp": "2025-02-13T17:02:34",
    "trace_id": "b65c8c96-45ac-4977-b808-12aace77967d"
  },
  {
    "deviceID": "device123",
    "eventID": "2ec56f42-d3c7-4938-becd-f0ba9d0664ac",
    "temperature": 34,
    "timeStamp": "2025-02-13T17:02:34",
    "trace_id": "749d87e0-2aba-4b68-befd-e973427e5253"
  },
  {
    "deviceID": "device123",
    "eventID": "64375933-b17f-452c-9373-adced91f2901",
    "temperature": 30,
    "timeStamp": "2025-02-13T17:02:34",
    "trace_id": "a2020f6b-6049-4906-8d28-96a5db771ad6"
  },
  {
    "deviceID": "device123",
    "eventID": "96d2a68f-87d9-449f-baa4-96d20dc12eb4",
    "temperature": 20,
    "timeStamp": "2025-02-13T17:02:34",
    "trace_id": "a8ca4217-8c91-4f90-8089-15363d979a1c"
  },
  {
    "deviceID": "device123",
    "eventID": "521f6335-60f8-4890-8a55-09fd3f2f1711",
    "temperature": 19,
    "timeStamp": "2025-02-13T17:02:34",
    "trace_id": "1d923644-1fd8-4631-89d9-bae50de8e1f6"
  },
  {
    "deviceID": "device123",
    "eventID": "2b267a2f-c8db-4abd-830a-f671fed0e569",
    "temperature": 30,
    "timeStamp": "2025-02-13T17:02:34",
    "trace_id": "3df0de15-a492-4d80-95ce-ebc5cb41fb6f"
  },
  {
    "deviceID": "device123",
    "eventID": "65ce0e4e-ed5c-47ed-8536-1ce47c740654",
    "temperature": 21,
    "timeStamp": "2025-02-13T17:02:34",
    "trace_id": "37fcecf3-78a1-471d-93dd-6f4b87c60381"
  },
  {
    "deviceID": "device123",
    "eventID": "f2a8c6d0-76c7-4f91-ad1c-1b5752cd30e5",
    "temperature": 23,
    "timeStamp": "2025-02-13T17:02:34",
    "trace_id": "88647bfa-6981-4461-bf3b-464f103a1262"
  },
  {
    "deviceID": "device123",
    "eventID": "c62b2bca-0276-44ba-bc16-07df09f31f3f",
    "temperature": 32,
    "timeStamp": "2025-02-13T17:02:34",
    "trace_id": "93c231d4-dd21-4aac-b4dd-7791794d99cb"
  },
  {
    "deviceID": "device123",
    "eventID": "fb1f452e-f36c-4998-919c-4ec2bbd8a952",
    "temperature": 27,
    "timeStamp": "2025-02-13T17:02:34",
    "trace_id": "1b7667ad-4234-42f7-ba80-ec0b3ccdd4eb"
  },
  {
    "deviceID": "device123",
    "eventID": "203210bc-233b-48ec-bcc5-036f8a6d3eeb",
    "temperature": 32,
    "timeStamp": "2025-02-13T17:02:34",
    "trace_id": "51050e05-d907-4ab0-9253-62e0b76164bd"
  },
  {
    "deviceID": "device123",
    "eventID": "156b965f-a2ca-427b-93a5-f2d01b65d968",
    "temperature": 17,
    "timeStamp": "2025-02-13T17:02:34",
    "trace_id": "9b22d1a4-4458-41f8-a57c-adc5b48c6c7f"
  },
  {
    "deviceID": "device123",
    "eventID": "81561eff-aa36-497e-a775-dd2c7855c880",
    "temperature": 33,
    "timeStamp": "2025-02-13T17:02:34",
    "trace_id": "ea82d637-2841-428f-ae0a-4b7b95ca3835"
  },
  {
    "deviceID": "device123",
    "eventID": "106af223-6db4-4328-b7dd-da8c5a857a0d",
    "temperature": 19,
    "timeStamp": "2025-02-13T17:02:35",
    "trace_id": "9e7c0491-c872-488f-9645-0bfcd56944fd"
  },
  {
    "deviceID": "device123",
    "eventID": "0788d7fe-7305-413a-b185-bc3e2f4a626e",
    "temperature": 26,
    "timeStamp": "2025-02-13T17:02:35",
    "trace_id": "be76d9d1-d1ce-40af-bd76-9e7f1d13a49a"
  },
  {
    "deviceID": "device123",
    "eventID": "fac7a708-370a-4647-8dec-1b56af1002b7",
    "temperature": 17,
    "timeStamp": "2025-02-13T17:02:35",
    "trace_id": "43391261-41c6-4579-93c1-3c1afcca5b0e"
  },
  {
    "deviceID": "device123",
    "eventID": "38d921e8-dc11-444e-ba31-f8d10e8949da",
    "temperature": 20,
    "timeStamp": "2025-02-13T17:02:35",
    "trace_id": "4db5ec81-7ef4-4aa3-9c62-e183d6a27053"
  },
  {
    "deviceID": "device123",
    "eventID": "8bd662ac-0471-4c6d-85f4-bce895aaaac9",
    "temperature": 32,
    "timeStamp": "2025-02-13T17:02:35",
    "trace_id": "35685ac0-cfa3-4e47-be72-2536e8e2927f"
  },
  {
    "deviceID": "device123",
    "eventID": "6d7da39c-04b3-4090-966f-b7913eb16a92",
    "temperature": 20,
    "timeStamp": "2025-02-13T17:02:35",
    "trace_id": "47e6f9d8-72da-4065-bf62-ac95f5a01dea"
  },
  {
    "deviceID": "device123",
    "eventID": "5dd764f4-0a1c-46c6-a5c3-8a9506bb23af",
    "temperature": 22,
    "timeStamp": "2025-02-13T17:02:35",
    "trace_id": "d75eb79a-ab02-400a-aeb6-8aa44e5c4ba4"
  },
  {
    "deviceID": "device123",
    "eventID": "cc4b4511-3b29-4262-aa16-ac51ecdf803e",
    "temperature": 34,
    "timeStamp": "2025-02-13T17:02:35",
    "trace_id": "136f1be2-de6e-465b-b47b-9cccc3a409a9"
  },
  {
    "deviceID": "device123",
    "eventID": "cf81166d-1d01-4fa5-a1cd-8ccf2d3086d3",
    "temperature": 24,
    "timeStamp": "2025-02-13T17:02:35",
    "trace_id": "d1eab2b0-707c-4bad-be95-a1899687ca97"
  },
  {
    "deviceID": "device123",
    "eventID": "86a0dc5f-ecdc-46ff-95b8-0e44d5573935",
    "temperature": 21,
    "timeStamp": "2025-02-13T17:02:35",
    "trace_id": "be43aec3-3b24-4bbb-a9f6-6ad571085ff3"
  },
  {
    "deviceID": "device123",
    "eventID": "f9bcb595-c68e-40f8-bd4b-53eec89df3a4",
    "temperature": 31,
    "timeStamp": "2025-02-13T17:02:35",
    "trace_id": "dfd09bf6-11b6-4f27-9275-50079992c740"
  },
  {
    "deviceID": "device123",
    "eventID": "fcb34bed-f521-4ac9-be6b-a730ed39380a",
    "temperature": 21,
    "timeStamp": "2025-02-13T17:02:35",
    "trace_id": "127704c7-552f-4fa3-9749-a46a39b778a6"
  }
]

2025-02-13 17:02:48,519 - basicLogger - DEBUG - Windspeed Response Raw: [
  {
    "deviceID": "windSensor-001",
    "eventID": "058523c1-4c28-4cbd-98de-202fc4d2ba6a",
    "location": {
      "latitude": 39,
      "longitude": -74
    },
    "timeStamp": "2025-02-13T17:02:34",
    "trace_id": "6c2c1b6f-e6e8-405b-b6f3-69cd80a3a30e",
    "windspeed": 16
  },
  {
    "deviceID": "windSensor-001",
    "eventID": "82d1c27d-fb8a-4b1c-9dfe-0acbb5e76e29",
    "location": {
      "latitude": 41,
      "longitude": -74
    },
    "timeStamp": "2025-02-13T17:02:34",
    "trace_id": "ea384269-7308-4447-8795-2e6cbad4a1c2",
    "windspeed": 13
  },
  {
    "deviceID": "windSensor-001",
    "eventID": "dae9e105-bf79-4f9c-a581-d3cced9b9329",
    "location": {
      "latitude": 44,
      "longitude": -80
    },
    "timeStamp": "2025-02-13T17:02:34",
    "trace_id": "f1dbaf6a-7d62-443d-9a5f-b6ac50f9c60d",
    "windspeed": 12
  },
  {
    "deviceID": "windSensor-001",
    "eventID": "ed4cecfe-a163-4afe-a623-670a9922aa4a",
    "location": {
      "latitude": 41,
      "longitude": -80
    },
    "timeStamp": "2025-02-13T17:02:34",
    "trace_id": "6824c81e-3bf8-4d59-ab08-0c83a470776b",
    "windspeed": 5
  },
  {
    "deviceID": "windSensor-001",
    "eventID": "43670402-e325-430f-b671-b3c107bbd81f",
    "location": {
      "latitude": 45,
      "longitude": -74
    },
    "timeStamp": "2025-02-13T17:02:34",
    "trace_id": "bdef2dc1-d938-4df6-8bc5-2b5bfe680cbb",
    "windspeed": 30
  },
  {
    "deviceID": "windSensor-001",
    "eventID": "beaa3521-6060-4491-a95d-463312f2bd5f",
    "location": {
      "latitude": 42,
      "longitude": -74
    },
    "timeStamp": "2025-02-13T17:02:34",
    "trace_id": "c60acb22-3c60-479a-a850-d9a9a2cfe50c",
    "windspeed": 19
  },
  {
    "deviceID": "windSensor-001",
    "eventID": "dd6461d9-bc8c-4f84-9bcc-be7abef40a81",
    "location": {
      "latitude": 43,
      "longitude": -75
    },
    "timeStamp": "2025-02-13T17:02:34",
    "trace_id": "3100afc1-0f82-45c0-9c8e-752e8fe726c6",
    "windspeed": 29
  },
  {
    "deviceID": "windSensor-001",
    "eventID": "231165a4-0617-44bf-a49a-da14e27e95c4",
    "location": {
      "latitude": 39,
      "longitude": -78
    },
    "timeStamp": "2025-02-13T17:02:34",
    "trace_id": "4060c9d9-e2ef-421a-830c-05de5516b6ba",
    "windspeed": 26
  },
  {
    "deviceID": "windSensor-001",
    "eventID": "5f66065c-30a3-44b4-9cae-37679fa60045",
    "location": {
      "latitude": 43,
      "longitude": -76
    },
    "timeStamp": "2025-02-13T17:02:34",
    "trace_id": "ff1af1e1-c309-4dfc-b769-140e30de5c17",
    "windspeed": 20
  },
  {
    "deviceID": "windSensor-001",
    "eventID": "46674a1a-a67d-4b52-915c-b8947075cb67",
    "location": {
      "latitude": 35,
      "longitude": -78
    },
    "timeStamp": "2025-02-13T17:02:34",
    "trace_id": "94d44da1-30e6-4090-87f3-24bf7753fb7c",
    "windspeed": 17
  },
  {
    "deviceID": "windSensor-001",
    "eventID": "f9f3e0fb-88ba-4ee0-8981-6a3c6ad39688",
    "location": {
      "latitude": 43,
      "longitude": -78
    },
    "timeStamp": "2025-02-13T17:02:34",
    "trace_id": "f214ea51-94a4-4f93-980a-031d47b037d6",
    "windspeed": 10
  },
  {
    "deviceID": "windSensor-001",
    "eventID": "e52b04e0-69e4-4be1-a511-acb991118248",
    "location": {
      "latitude": 42,
      "longitude": -75
    },
    "timeStamp": "2025-02-13T17:02:34",
    "trace_id": "fdf47e85-15ff-4c64-ba73-46bb8cd42952",
    "windspeed": 13
  },
  {
    "deviceID": "windSensor-001",
    "eventID": "4b23c735-7c8d-4014-9fc9-a1af479b7e9b",
    "location": {
      "latitude": 43,
      "longitude": -74
    },
    "timeStamp": "2025-02-13T17:02:34",
    "trace_id": "06feaa98-8e25-4488-96cf-59cef227e60e",
    "windspeed": 24
  },
  {
    "deviceID": "windSensor-001",
    "eventID": "c971b1a3-7f05-4e50-9ba1-23924f28f078",
    "location": {
      "latitude": 37,
      "longitude": -70
    },
    "timeStamp": "2025-02-13T17:02:35",
    "trace_id": "08b2d47c-6121-4f4e-a521-204e9423392f",
    "windspeed": 9
  },
  {
    "deviceID": "windSensor-001",
    "eventID": "e48c600c-2cae-42b2-87f7-62e27679be4c",
    "location": {
      "latitude": 44,
      "longitude": -80
    },
    "timeStamp": "2025-02-13T17:02:35",
    "trace_id": "323ee4f7-972d-416f-92e3-e0f156135458",
    "windspeed": 24
  },
  {
    "deviceID": "windSensor-001",
    "eventID": "13b992cc-6215-4e4a-88d5-ff884c1a7d93",
    "location": {
      "latitude": 42,
      "longitude": -75
    },
    "timeStamp": "2025-02-13T17:02:35",
    "trace_id": "4bc7bd30-aaca-43b7-8450-9ade2e762d87",
    "windspeed": 26
  },
  {
    "deviceID": "windSensor-001",
    "eventID": "617e87ee-9662-4a5e-9cf5-6a22398cd161",
    "location": {
      "latitude": 36,
      "longitude": -75
    },
    "timeStamp": "2025-02-13T17:02:35",
    "trace_id": "cf0598be-1c96-4a50-8084-838348f0ee5d",
    "windspeed": 8
  },
  {
    "deviceID": "windSensor-001",
    "eventID": "e895ec1f-0236-4285-b651-21f61f871d03",
    "location": {
      "latitude": 35,
      "longitude": -78
    },
    "timeStamp": "2025-02-13T17:02:35",
    "trace_id": "fdbdd87d-5ff5-4045-b819-9232aac5ea62",
    "windspeed": 19
  },
  {
    "deviceID": "windSensor-001",
    "eventID": "457b2827-afd1-4607-a7c9-575dcfeae254",
    "location": {
      "latitude": 40,
      "longitude": -71
    },
    "timeStamp": "2025-02-13T17:02:35",
    "trace_id": "a0b9cc5b-d115-4978-b9e6-c6d7bae167c3",
    "windspeed": 8
  },
  {
    "deviceID": "windSensor-001",
    "eventID": "07a67048-e67b-4ae7-8251-65269bc5ab4e",
    "location": {
      "latitude": 43,
      "longitude": -73
    },
    "timeStamp": "2025-02-13T17:02:35",
    "trace_id": "bfde2c08-1beb-4712-8856-f02cd3311e5b",
    "windspeed": 9
  },
  {
    "deviceID": "windSensor-001",
    "eventID": "4239406f-3770-4174-8753-249bd2b885ce",
    "location": {
      "latitude": 37,
      "longitude": -76
    },
    "timeStamp": "2025-02-13T17:02:35",
    "trace_id": "71a07b44-41cc-4ccc-988f-d4e1058ea8cd",
    "windspeed": 20
  },
  {
    "deviceID": "windSensor-001",
    "eventID": "ead3b417-ff85-4aa6-a767-66b134309790",
    "location": {
      "latitude": 40,
      "longitude": -71
    },
    "timeStamp": "2025-02-13T17:02:35",
    "trace_id": "467fa506-594e-47e5-8f41-6fc17c793378",
    "windspeed": 29
  },
  {
    "deviceID": "windSensor-001",
    "eventID": "852729e4-ba07-41e1-8cf0-3d3d8a3339fe",
    "location": {
      "latitude": 45,
      "longitude": -72
    },
    "timeStamp": "2025-02-13T17:02:35",
    "trace_id": "65952270-bafd-4b20-8452-c503d63fdf96",
    "windspeed": 25
  },
  {
    "deviceID": "windSensor-001",
    "eventID": "5e7243e7-9197-4fa6-aae9-d2c2c5cdc1c8",
    "location": {
      "latitude": 45,
      "longitude": -70
    },
    "timeStamp": "2025-02-13T17:02:35",
    "trace_id": "b257bbf8-1a36-49b2-80b3-ba36708677c8",
    "windspeed": 11
  },
  {
    "deviceID": "windSensor-001",
    "eventID": "5bc4d1b8-aa1d-40a5-a82f-6cceeb4f8fe5",
    "location": {
      "latitude": 42,
      "longitude": -76
    },
    "timeStamp": "2025-02-13T17:02:35",
    "trace_id": "ba91f6c7-db02-40d2-9b75-858f49dd1d28",
    "windspeed": 22
  }
]

2025-02-13 17:02:48,519 - basicLogger - DEBUG - Requesting temperature data from 2025-02-13T17:02:33.444636 to 2025-02-13T17:02:48.443908
2025-02-13 17:02:48,520 - basicLogger - DEBUG - Requesting wind speed data from 2025-02-13T17:02:33.444636 to 2025-02-13T17:02:48.443908
2025-02-13 17:02:53,443 - basicLogger - INFO - Processing has started
2025-02-13 17:02:53,444 - basicLogger - DEBUG - Fetching wind data from: http://localhost:8090/events/wind-speed?start_timestamp=2025-02-13T17:02:33.444636&end_timestamp=2025-02-13T17:02:53.444081
2025-02-13 17:02:53,444 - basicLogger - DEBUG - Fetching wind data from: http://localhost:8090/events/temperature?start_timestamp=2025-02-13T17:02:33.444636&end_timestamp=2025-02-13T17:02:53.444081
2025-02-13 17:02:53,518 - basicLogger - DEBUG - [{'deviceID': 'device123', 'eventID': '981681d9-f57b-4aa2-a0e2-da9cb5eb1984', 'temperature': 26, 'timeStamp': '2025-02-13T17:02:34', 'trace_id': 'b65c8c96-45ac-4977-b808-12aace77967d'}, {'deviceID': 'device123', 'eventID': '2ec56f42-d3c7-4938-becd-f0ba9d0664ac', 'temperature': 34, 'timeStamp': '2025-02-13T17:02:34', 'trace_id': '749d87e0-2aba-4b68-befd-e973427e5253'}, {'deviceID': 'device123', 'eventID': '64375933-b17f-452c-9373-adced91f2901', 'temperature': 30, 'timeStamp': '2025-02-13T17:02:34', 'trace_id': 'a2020f6b-6049-4906-8d28-96a5db771ad6'}, {'deviceID': 'device123', 'eventID': '96d2a68f-87d9-449f-baa4-96d20dc12eb4', 'temperature': 20, 'timeStamp': '2025-02-13T17:02:34', 'trace_id': 'a8ca4217-8c91-4f90-8089-15363d979a1c'}, {'deviceID': 'device123', 'eventID': '521f6335-60f8-4890-8a55-09fd3f2f1711', 'temperature': 19, 'timeStamp': '2025-02-13T17:02:34', 'trace_id': '1d923644-1fd8-4631-89d9-bae50de8e1f6'}, {'deviceID': 'device123', 'eventID': '2b267a2f-c8db-4abd-830a-f671fed0e569', 'temperature': 30, 'timeStamp': '2025-02-13T17:02:34', 'trace_id': '3df0de15-a492-4d80-95ce-ebc5cb41fb6f'}, {'deviceID': 'device123', 'eventID': '65ce0e4e-ed5c-47ed-8536-1ce47c740654', 'temperature': 21, 'timeStamp': '2025-02-13T17:02:34', 'trace_id': '37fcecf3-78a1-471d-93dd-6f4b87c60381'}, {'deviceID': 'device123', 'eventID': 'f2a8c6d0-76c7-4f91-ad1c-1b5752cd30e5', 'temperature': 23, 'timeStamp': '2025-02-13T17:02:34', 'trace_id': '88647bfa-6981-4461-bf3b-464f103a1262'}, {'deviceID': 'device123', 'eventID': 'c62b2bca-0276-44ba-bc16-07df09f31f3f', 'temperature': 32, 'timeStamp': '2025-02-13T17:02:34', 'trace_id': '93c231d4-dd21-4aac-b4dd-7791794d99cb'}, {'deviceID': 'device123', 'eventID': 'fb1f452e-f36c-4998-919c-4ec2bbd8a952', 'temperature': 27, 'timeStamp': '2025-02-13T17:02:34', 'trace_id': '1b7667ad-4234-42f7-ba80-ec0b3ccdd4eb'}, {'deviceID': 'device123', 'eventID': '203210bc-233b-48ec-bcc5-036f8a6d3eeb', 'temperature': 32, 'timeStamp': '2025-02-13T17:02:34', 'trace_id': '51050e05-d907-4ab0-9253-62e0b76164bd'}, {'deviceID': 'device123', 'eventID': '156b965f-a2ca-427b-93a5-f2d01b65d968', 'temperature': 17, 'timeStamp': '2025-02-13T17:02:34', 'trace_id': '9b22d1a4-4458-41f8-a57c-adc5b48c6c7f'}, {'deviceID': 'device123', 'eventID': '81561eff-aa36-497e-a775-dd2c7855c880', 'temperature': 33, 'timeStamp': '2025-02-13T17:02:34', 'trace_id': 'ea82d637-2841-428f-ae0a-4b7b95ca3835'}, {'deviceID': 'device123', 'eventID': '106af223-6db4-4328-b7dd-da8c5a857a0d', 'temperature': 19, 'timeStamp': '2025-02-13T17:02:35', 'trace_id': '9e7c0491-c872-488f-9645-0bfcd56944fd'}, {'deviceID': 'device123', 'eventID': '0788d7fe-7305-413a-b185-bc3e2f4a626e', 'temperature': 26, 'timeStamp': '2025-02-13T17:02:35', 'trace_id': 'be76d9d1-d1ce-40af-bd76-9e7f1d13a49a'}, {'deviceID': 'device123', 'eventID': 'fac7a708-370a-4647-8dec-1b56af1002b7', 'temperature': 17, 'timeStamp': '2025-02-13T17:02:35', 'trace_id': '43391261-41c6-4579-93c1-3c1afcca5b0e'}, {'deviceID': 'device123', 'eventID': '38d921e8-dc11-444e-ba31-f8d10e8949da', 'temperature': 20, 'timeStamp': '2025-02-13T17:02:35', 'trace_id': '4db5ec81-7ef4-4aa3-9c62-e183d6a27053'}, {'deviceID': 'device123', 'eventID': '8bd662ac-0471-4c6d-85f4-bce895aaaac9', 'temperature': 32, 'timeStamp': '2025-02-13T17:02:35', 'trace_id': '35685ac0-cfa3-4e47-be72-2536e8e2927f'}, {'deviceID': 'device123', 'eventID': '6d7da39c-04b3-4090-966f-b7913eb16a92', 'temperature': 20, 'timeStamp': '2025-02-13T17:02:35', 'trace_id': '47e6f9d8-72da-4065-bf62-ac95f5a01dea'}, {'deviceID': 'device123', 'eventID': '5dd764f4-0a1c-46c6-a5c3-8a9506bb23af', 'temperature': 22, 'timeStamp': '2025-02-13T17:02:35', 'trace_id': 'd75eb79a-ab02-400a-aeb6-8aa44e5c4ba4'}, {'deviceID': 'device123', 'eventID': 'cc4b4511-3b29-4262-aa16-ac51ecdf803e', 'temperature': 34, 'timeStamp': '2025-02-13T17:02:35', 'trace_id': '136f1be2-de6e-465b-b47b-9cccc3a409a9'}, {'deviceID': 'device123', 'eventID': 'cf81166d-1d01-4fa5-a1cd-8ccf2d3086d3', 'temperature': 24, 'timeStamp': '2025-02-13T17:02:35', 'trace_id': 'd1eab2b0-707c-4bad-be95-a1899687ca97'}, {'deviceID': 'device123', 'eventID': '86a0dc5f-ecdc-46ff-95b8-0e44d5573935', 'temperature': 21, 'timeStamp': '2025-02-13T17:02:35', 'trace_id': 'be43aec3-3b24-4bbb-a9f6-6ad571085ff3'}, {'deviceID': 'device123', 'eventID': 'f9bcb595-c68e-40f8-bd4b-53eec89df3a4', 'temperature': 31, 'timeStamp': '2025-02-13T17:02:35', 'trace_id': 'dfd09bf6-11b6-4f27-9275-50079992c740'}, {'deviceID': 'device123', 'eventID': 'fcb34bed-f521-4ac9-be6b-a730ed39380a', 'temperature': 21, 'timeStamp': '2025-02-13T17:02:35', 'trace_id': '127704c7-552f-4fa3-9749-a46a39b778a6'}]
2025-02-13 17:02:53,519 - basicLogger - DEBUG - Temperature Response: [{'deviceID': 'device123', 'eventID': '981681d9-f57b-4aa2-a0e2-da9cb5eb1984', 'temperature': 26, 'timeStamp': '2025-02-13T17:02:34', 'trace_id': 'b65c8c96-45ac-4977-b808-12aace77967d'}, {'deviceID': 'device123', 'eventID': '2ec56f42-d3c7-4938-becd-f0ba9d0664ac', 'temperature': 34, 'timeStamp': '2025-02-13T17:02:34', 'trace_id': '749d87e0-2aba-4b68-befd-e973427e5253'}, {'deviceID': 'device123', 'eventID': '64375933-b17f-452c-9373-adced91f2901', 'temperature': 30, 'timeStamp': '2025-02-13T17:02:34', 'trace_id': 'a2020f6b-6049-4906-8d28-96a5db771ad6'}, {'deviceID': 'device123', 'eventID': '96d2a68f-87d9-449f-baa4-96d20dc12eb4', 'temperature': 20, 'timeStamp': '2025-02-13T17:02:34', 'trace_id': 'a8ca4217-8c91-4f90-8089-15363d979a1c'}, {'deviceID': 'device123', 'eventID': '521f6335-60f8-4890-8a55-09fd3f2f1711', 'temperature': 19, 'timeStamp': '2025-02-13T17:02:34', 'trace_id': '1d923644-1fd8-4631-89d9-bae50de8e1f6'}, {'deviceID': 'device123', 'eventID': '2b267a2f-c8db-4abd-830a-f671fed0e569', 'temperature': 30, 'timeStamp': '2025-02-13T17:02:34', 'trace_id': '3df0de15-a492-4d80-95ce-ebc5cb41fb6f'}, {'deviceID': 'device123', 'eventID': '65ce0e4e-ed5c-47ed-8536-1ce47c740654', 'temperature': 21, 'timeStamp': '2025-02-13T17:02:34', 'trace_id': '37fcecf3-78a1-471d-93dd-6f4b87c60381'}, {'deviceID': 'device123', 'eventID': 'f2a8c6d0-76c7-4f91-ad1c-1b5752cd30e5', 'temperature': 23, 'timeStamp': '2025-02-13T17:02:34', 'trace_id': '88647bfa-6981-4461-bf3b-464f103a1262'}, {'deviceID': 'device123', 'eventID': 'c62b2bca-0276-44ba-bc16-07df09f31f3f', 'temperature': 32, 'timeStamp': '2025-02-13T17:02:34', 'trace_id': '93c231d4-dd21-4aac-b4dd-7791794d99cb'}, {'deviceID': 'device123', 'eventID': 'fb1f452e-f36c-4998-919c-4ec2bbd8a952', 'temperature': 27, 'timeStamp': '2025-02-13T17:02:34', 'trace_id': '1b7667ad-4234-42f7-ba80-ec0b3ccdd4eb'}, {'deviceID': 'device123', 'eventID': '203210bc-233b-48ec-bcc5-036f8a6d3eeb', 'temperature': 32, 'timeStamp': '2025-02-13T17:02:34', 'trace_id': '51050e05-d907-4ab0-9253-62e0b76164bd'}, {'deviceID': 'device123', 'eventID': '156b965f-a2ca-427b-93a5-f2d01b65d968', 'temperature': 17, 'timeStamp': '2025-02-13T17:02:34', 'trace_id': '9b22d1a4-4458-41f8-a57c-adc5b48c6c7f'}, {'deviceID': 'device123', 'eventID': '81561eff-aa36-497e-a775-dd2c7855c880', 'temperature': 33, 'timeStamp': '2025-02-13T17:02:34', 'trace_id': 'ea82d637-2841-428f-ae0a-4b7b95ca3835'}, {'deviceID': 'device123', 'eventID': '106af223-6db4-4328-b7dd-da8c5a857a0d', 'temperature': 19, 'timeStamp': '2025-02-13T17:02:35', 'trace_id': '9e7c0491-c872-488f-9645-0bfcd56944fd'}, {'deviceID': 'device123', 'eventID': '0788d7fe-7305-413a-b185-bc3e2f4a626e', 'temperature': 26, 'timeStamp': '2025-02-13T17:02:35', 'trace_id': 'be76d9d1-d1ce-40af-bd76-9e7f1d13a49a'}, {'deviceID': 'device123', 'eventID': 'fac7a708-370a-4647-8dec-1b56af1002b7', 'temperature': 17, 'timeStamp': '2025-02-13T17:02:35', 'trace_id': '43391261-41c6-4579-93c1-3c1afcca5b0e'}, {'deviceID': 'device123', 'eventID': '38d921e8-dc11-444e-ba31-f8d10e8949da', 'temperature': 20, 'timeStamp': '2025-02-13T17:02:35', 'trace_id': '4db5ec81-7ef4-4aa3-9c62-e183d6a27053'}, {'deviceID': 'device123', 'eventID': '8bd662ac-0471-4c6d-85f4-bce895aaaac9', 'temperature': 32, 'timeStamp': '2025-02-13T17:02:35', 'trace_id': '35685ac0-cfa3-4e47-be72-2536e8e2927f'}, {'deviceID': 'device123', 'eventID': '6d7da39c-04b3-4090-966f-b7913eb16a92', 'temperature': 20, 'timeStamp': '2025-02-13T17:02:35', 'trace_id': '47e6f9d8-72da-4065-bf62-ac95f5a01dea'}, {'deviceID': 'device123', 'eventID': '5dd764f4-0a1c-46c6-a5c3-8a9506bb23af', 'temperature': 22, 'timeStamp': '2025-02-13T17:02:35', 'trace_id': 'd75eb79a-ab02-400a-aeb6-8aa44e5c4ba4'}, {'deviceID': 'device123', 'eventID': 'cc4b4511-3b29-4262-aa16-ac51ecdf803e', 'temperature': 34, 'timeStamp': '2025-02-13T17:02:35', 'trace_id': '136f1be2-de6e-465b-b47b-9cccc3a409a9'}, {'deviceID': 'device123', 'eventID': 'cf81166d-1d01-4fa5-a1cd-8ccf2d3086d3', 'temperature': 24, 'timeStamp': '2025-02-13T17:02:35', 'trace_id': 'd1eab2b0-707c-4bad-be95-a1899687ca97'}, {'deviceID': 'device123', 'eventID': '86a0dc5f-ecdc-46ff-95b8-0e44d5573935', 'temperature': 21, 'timeStamp': '2025-02-13T17:02:35', 'trace_id': 'be43aec3-3b24-4bbb-a9f6-6ad571085ff3'}, {'deviceID': 'device123', 'eventID': 'f9bcb595-c68e-40f8-bd4b-53eec89df3a4', 'temperature': 31, 'timeStamp': '2025-02-13T17:02:35', 'trace_id': 'dfd09bf6-11b6-4f27-9275-50079992c740'}, {'deviceID': 'device123', 'eventID': 'fcb34bed-f521-4ac9-be6b-a730ed39380a', 'temperature': 21, 'timeStamp': '2025-02-13T17:02:35', 'trace_id': '127704c7-552f-4fa3-9749-a46a39b778a6'}]
2025-02-13 17:02:53,519 - basicLogger - DEBUG - Windspeed Response: [{'deviceID': 'windSensor-001', 'eventID': '058523c1-4c28-4cbd-98de-202fc4d2ba6a', 'location': {'latitude': 39, 'longitude': -74}, 'timeStamp': '2025-02-13T17:02:34', 'trace_id': '6c2c1b6f-e6e8-405b-b6f3-69cd80a3a30e', 'windspeed': 16}, {'deviceID': 'windSensor-001', 'eventID': '82d1c27d-fb8a-4b1c-9dfe-0acbb5e76e29', 'location': {'latitude': 41, 'longitude': -74}, 'timeStamp': '2025-02-13T17:02:34', 'trace_id': 'ea384269-7308-4447-8795-2e6cbad4a1c2', 'windspeed': 13}, {'deviceID': 'windSensor-001', 'eventID': 'dae9e105-bf79-4f9c-a581-d3cced9b9329', 'location': {'latitude': 44, 'longitude': -80}, 'timeStamp': '2025-02-13T17:02:34', 'trace_id': 'f1dbaf6a-7d62-443d-9a5f-b6ac50f9c60d', 'windspeed': 12}, {'deviceID': 'windSensor-001', 'eventID': 'ed4cecfe-a163-4afe-a623-670a9922aa4a', 'location': {'latitude': 41, 'longitude': -80}, 'timeStamp': '2025-02-13T17:02:34', 'trace_id': '6824c81e-3bf8-4d59-ab08-0c83a470776b', 'windspeed': 5}, {'deviceID': 'windSensor-001', 'eventID': '43670402-e325-430f-b671-b3c107bbd81f', 'location': {'latitude': 45, 'longitude': -74}, 'timeStamp': '2025-02-13T17:02:34', 'trace_id': 'bdef2dc1-d938-4df6-8bc5-2b5bfe680cbb', 'windspeed': 30}, {'deviceID': 'windSensor-001', 'eventID': 'beaa3521-6060-4491-a95d-463312f2bd5f', 'location': {'latitude': 42, 'longitude': -74}, 'timeStamp': '2025-02-13T17:02:34', 'trace_id': 'c60acb22-3c60-479a-a850-d9a9a2cfe50c', 'windspeed': 19}, {'deviceID': 'windSensor-001', 'eventID': 'dd6461d9-bc8c-4f84-9bcc-be7abef40a81', 'location': {'latitude': 43, 'longitude': -75}, 'timeStamp': '2025-02-13T17:02:34', 'trace_id': '3100afc1-0f82-45c0-9c8e-752e8fe726c6', 'windspeed': 29}, {'deviceID': 'windSensor-001', 'eventID': '231165a4-0617-44bf-a49a-da14e27e95c4', 'location': {'latitude': 39, 'longitude': -78}, 'timeStamp': '2025-02-13T17:02:34', 'trace_id': '4060c9d9-e2ef-421a-830c-05de5516b6ba', 'windspeed': 26}, {'deviceID': 'windSensor-001', 'eventID': '5f66065c-30a3-44b4-9cae-37679fa60045', 'location': {'latitude': 43, 'longitude': -76}, 'timeStamp': '2025-02-13T17:02:34', 'trace_id': 'ff1af1e1-c309-4dfc-b769-140e30de5c17', 'windspeed': 20}, {'deviceID': 'windSensor-001', 'eventID': '46674a1a-a67d-4b52-915c-b8947075cb67', 'location': {'latitude': 35, 'longitude': -78}, 'timeStamp': '2025-02-13T17:02:34', 'trace_id': '94d44da1-30e6-4090-87f3-24bf7753fb7c', 'windspeed': 17}, {'deviceID': 'windSensor-001', 'eventID': 'f9f3e0fb-88ba-4ee0-8981-6a3c6ad39688', 'location': {'latitude': 43, 'longitude': -78}, 'timeStamp': '2025-02-13T17:02:34', 'trace_id': 'f214ea51-94a4-4f93-980a-031d47b037d6', 'windspeed': 10}, {'deviceID': 'windSensor-001', 'eventID': 'e52b04e0-69e4-4be1-a511-acb991118248', 'location': {'latitude': 42, 'longitude': -75}, 'timeStamp': '2025-02-13T17:02:34', 'trace_id': 'fdf47e85-15ff-4c64-ba73-46bb8cd42952', 'windspeed': 13}, {'deviceID': 'windSensor-001', 'eventID': '4b23c735-7c8d-4014-9fc9-a1af479b7e9b', 'location': {'latitude': 43, 'longitude': -74}, 'timeStamp': '2025-02-13T17:02:34', 'trace_id': '06feaa98-8e25-4488-96cf-59cef227e60e', 'windspeed': 24}, {'deviceID': 'windSensor-001', 'eventID': 'c971b1a3-7f05-4e50-9ba1-23924f28f078', 'location': {'latitude': 37, 'longitude': -70}, 'timeStamp': '2025-02-13T17:02:35', 'trace_id': '08b2d47c-6121-4f4e-a521-204e9423392f', 'windspeed': 9}, {'deviceID': 'windSensor-001', 'eventID': 'e48c600c-2cae-42b2-87f7-62e27679be4c', 'location': {'latitude': 44, 'longitude': -80}, 'timeStamp': '2025-02-13T17:02:35', 'trace_id': '323ee4f7-972d-416f-92e3-e0f156135458', 'windspeed': 24}, {'deviceID': 'windSensor-001', 'eventID': '13b992cc-6215-4e4a-88d5-ff884c1a7d93', 'location': {'latitude': 42, 'longitude': -75}, 'timeStamp': '2025-02-13T17:02:35', 'trace_id': '4bc7bd30-aaca-43b7-8450-9ade2e762d87', 'windspeed': 26}, {'deviceID': 'windSensor-001', 'eventID': '617e87ee-9662-4a5e-9cf5-6a22398cd161', 'location': {'latitude': 36, 'longitude': -75}, 'timeStamp': '2025-02-13T17:02:35', 'trace_id': 'cf0598be-1c96-4a50-8084-838348f0ee5d', 'windspeed': 8}, {'deviceID': 'windSensor-001', 'eventID': 'e895ec1f-0236-4285-b651-21f61f871d03', 'location': {'latitude': 35, 'longitude': -78}, 'timeStamp': '2025-02-13T17:02:35', 'trace_id': 'fdbdd87d-5ff5-4045-b819-9232aac5ea62', 'windspeed': 19}, {'deviceID': 'windSensor-001', 'eventID': '457b2827-afd1-4607-a7c9-575dcfeae254', 'location': {'latitude': 40, 'longitude': -71}, 'timeStamp': '2025-02-13T17:02:35', 'trace_id': 'a0b9cc5b-d115-4978-b9e6-c6d7bae167c3', 'windspeed': 8}, {'deviceID': 'windSensor-001', 'eventID': '07a67048-e67b-4ae7-8251-65269bc5ab4e', 'location': {'latitude': 43, 'longitude': -73}, 'timeStamp': '2025-02-13T17:02:35', 'trace_id': 'bfde2c08-1beb-4712-8856-f02cd3311e5b', 'windspeed': 9}, {'deviceID': 'windSensor-001', 'eventID': '4239406f-3770-4174-8753-249bd2b885ce', 'location': {'latitude': 37, 'longitude': -76}, 'timeStamp': '2025-02-13T17:02:35', 'trace_id': '71a07b44-41cc-4ccc-988f-d4e1058ea8cd', 'windspeed': 20}, {'deviceID': 'windSensor-001', 'eventID': 'ead3b417-ff85-4aa6-a767-66b134309790', 'location': {'latitude': 40, 'longitude': -71}, 'timeStamp': '2025-02-13T17:02:35', 'trace_id': '467fa506-594e-47e5-8f41-6fc17c793378', 'windspeed': 29}, {'deviceID': 'windSensor-001', 'eventID': '852729e4-ba07-41e1-8cf0-3d3d8a3339fe', 'location': {'latitude': 45, 'longitude': -72}, 'timeStamp': '2025-02-13T17:02:35', 'trace_id': '65952270-bafd-4b20-8452-c503d63fdf96', 'windspeed': 25}, {'deviceID': 'windSensor-001', 'eventID': '5e7243e7-9197-4fa6-aae9-d2c2c5cdc1c8', 'location': {'latitude': 45, 'longitude': -70}, 'timeStamp': '2025-02-13T17:02:35', 'trace_id': 'b257bbf8-1a36-49b2-80b3-ba36708677c8', 'windspeed': 11}, {'deviceID': 'windSensor-001', 'eventID': '5bc4d1b8-aa1d-40a5-a82f-6cceeb4f8fe5', 'location': {'latitude': 42, 'longitude': -76}, 'timeStamp': '2025-02-13T17:02:35', 'trace_id': 'ba91f6c7-db02-40d2-9b75-858f49dd1d28', 'windspeed': 22}]
2025-02-13 17:02:53,519 - basicLogger - DEBUG - Temperature Response Status Code: 200
2025-02-13 17:02:53,519 - basicLogger - DEBUG - Wind Speed Response Status Code: 200
2025-02-13 17:02:53,520 - basicLogger - DEBUG - Temperature Response Raw: [
  {
    "deviceID": "device123",
    "eventID": "981681d9-f57b-4aa2-a0e2-da9cb5eb1984",
    "temperature": 26,
    "timeStamp": "2025-02-13T17:02:34",
    "trace_id": "b65c8c96-45ac-4977-b808-12aace77967d"
  },
  {
    "deviceID": "device123",
    "eventID": "2ec56f42-d3c7-4938-becd-f0ba9d0664ac",
    "temperature": 34,
    "timeStamp": "2025-02-13T17:02:34",
    "trace_id": "749d87e0-2aba-4b68-befd-e973427e5253"
  },
  {
    "deviceID": "device123",
    "eventID": "64375933-b17f-452c-9373-adced91f2901",
    "temperature": 30,
    "timeStamp": "2025-02-13T17:02:34",
    "trace_id": "a2020f6b-6049-4906-8d28-96a5db771ad6"
  },
  {
    "deviceID": "device123",
    "eventID": "96d2a68f-87d9-449f-baa4-96d20dc12eb4",
    "temperature": 20,
    "timeStamp": "2025-02-13T17:02:34",
    "trace_id": "a8ca4217-8c91-4f90-8089-15363d979a1c"
  },
  {
    "deviceID": "device123",
    "eventID": "521f6335-60f8-4890-8a55-09fd3f2f1711",
    "temperature": 19,
    "timeStamp": "2025-02-13T17:02:34",
    "trace_id": "1d923644-1fd8-4631-89d9-bae50de8e1f6"
  },
  {
    "deviceID": "device123",
    "eventID": "2b267a2f-c8db-4abd-830a-f671fed0e569",
    "temperature": 30,
    "timeStamp": "2025-02-13T17:02:34",
    "trace_id": "3df0de15-a492-4d80-95ce-ebc5cb41fb6f"
  },
  {
    "deviceID": "device123",
    "eventID": "65ce0e4e-ed5c-47ed-8536-1ce47c740654",
    "temperature": 21,
    "timeStamp": "2025-02-13T17:02:34",
    "trace_id": "37fcecf3-78a1-471d-93dd-6f4b87c60381"
  },
  {
    "deviceID": "device123",
    "eventID": "f2a8c6d0-76c7-4f91-ad1c-1b5752cd30e5",
    "temperature": 23,
    "timeStamp": "2025-02-13T17:02:34",
    "trace_id": "88647bfa-6981-4461-bf3b-464f103a1262"
  },
  {
    "deviceID": "device123",
    "eventID": "c62b2bca-0276-44ba-bc16-07df09f31f3f",
    "temperature": 32,
    "timeStamp": "2025-02-13T17:02:34",
    "trace_id": "93c231d4-dd21-4aac-b4dd-7791794d99cb"
  },
  {
    "deviceID": "device123",
    "eventID": "fb1f452e-f36c-4998-919c-4ec2bbd8a952",
    "temperature": 27,
    "timeStamp": "2025-02-13T17:02:34",
    "trace_id": "1b7667ad-4234-42f7-ba80-ec0b3ccdd4eb"
  },
  {
    "deviceID": "device123",
    "eventID": "203210bc-233b-48ec-bcc5-036f8a6d3eeb",
    "temperature": 32,
    "timeStamp": "2025-02-13T17:02:34",
    "trace_id": "51050e05-d907-4ab0-9253-62e0b76164bd"
  },
  {
    "deviceID": "device123",
    "eventID": "156b965f-a2ca-427b-93a5-f2d01b65d968",
    "temperature": 17,
    "timeStamp": "2025-02-13T17:02:34",
    "trace_id": "9b22d1a4-4458-41f8-a57c-adc5b48c6c7f"
  },
  {
    "deviceID": "device123",
    "eventID": "81561eff-aa36-497e-a775-dd2c7855c880",
    "temperature": 33,
    "timeStamp": "2025-02-13T17:02:34",
    "trace_id": "ea82d637-2841-428f-ae0a-4b7b95ca3835"
  },
  {
    "deviceID": "device123",
    "eventID": "106af223-6db4-4328-b7dd-da8c5a857a0d",
    "temperature": 19,
    "timeStamp": "2025-02-13T17:02:35",
    "trace_id": "9e7c0491-c872-488f-9645-0bfcd56944fd"
  },
  {
    "deviceID": "device123",
    "eventID": "0788d7fe-7305-413a-b185-bc3e2f4a626e",
    "temperature": 26,
    "timeStamp": "2025-02-13T17:02:35",
    "trace_id": "be76d9d1-d1ce-40af-bd76-9e7f1d13a49a"
  },
  {
    "deviceID": "device123",
    "eventID": "fac7a708-370a-4647-8dec-1b56af1002b7",
    "temperature": 17,
    "timeStamp": "2025-02-13T17:02:35",
    "trace_id": "43391261-41c6-4579-93c1-3c1afcca5b0e"
  },
  {
    "deviceID": "device123",
    "eventID": "38d921e8-dc11-444e-ba31-f8d10e8949da",
    "temperature": 20,
    "timeStamp": "2025-02-13T17:02:35",
    "trace_id": "4db5ec81-7ef4-4aa3-9c62-e183d6a27053"
  },
  {
    "deviceID": "device123",
    "eventID": "8bd662ac-0471-4c6d-85f4-bce895aaaac9",
    "temperature": 32,
    "timeStamp": "2025-02-13T17:02:35",
    "trace_id": "35685ac0-cfa3-4e47-be72-2536e8e2927f"
  },
  {
    "deviceID": "device123",
    "eventID": "6d7da39c-04b3-4090-966f-b7913eb16a92",
    "temperature": 20,
    "timeStamp": "2025-02-13T17:02:35",
    "trace_id": "47e6f9d8-72da-4065-bf62-ac95f5a01dea"
  },
  {
    "deviceID": "device123",
    "eventID": "5dd764f4-0a1c-46c6-a5c3-8a9506bb23af",
    "temperature": 22,
    "timeStamp": "2025-02-13T17:02:35",
    "trace_id": "d75eb79a-ab02-400a-aeb6-8aa44e5c4ba4"
  },
  {
    "deviceID": "device123",
    "eventID": "cc4b4511-3b29-4262-aa16-ac51ecdf803e",
    "temperature": 34,
    "timeStamp": "2025-02-13T17:02:35",
    "trace_id": "136f1be2-de6e-465b-b47b-9cccc3a409a9"
  },
  {
    "deviceID": "device123",
    "eventID": "cf81166d-1d01-4fa5-a1cd-8ccf2d3086d3",
    "temperature": 24,
    "timeStamp": "2025-02-13T17:02:35",
    "trace_id": "d1eab2b0-707c-4bad-be95-a1899687ca97"
  },
  {
    "deviceID": "device123",
    "eventID": "86a0dc5f-ecdc-46ff-95b8-0e44d5573935",
    "temperature": 21,
    "timeStamp": "2025-02-13T17:02:35",
    "trace_id": "be43aec3-3b24-4bbb-a9f6-6ad571085ff3"
  },
  {
    "deviceID": "device123",
    "eventID": "f9bcb595-c68e-40f8-bd4b-53eec89df3a4",
    "temperature": 31,
    "timeStamp": "2025-02-13T17:02:35",
    "trace_id": "dfd09bf6-11b6-4f27-9275-50079992c740"
  },
  {
    "deviceID": "device123",
    "eventID": "fcb34bed-f521-4ac9-be6b-a730ed39380a",
    "temperature": 21,
    "timeStamp": "2025-02-13T17:02:35",
    "trace_id": "127704c7-552f-4fa3-9749-a46a39b778a6"
  }
]

2025-02-13 17:02:53,520 - basicLogger - DEBUG - Windspeed Response Raw: [
  {
    "deviceID": "windSensor-001",
    "eventID": "058523c1-4c28-4cbd-98de-202fc4d2ba6a",
    "location": {
      "latitude": 39,
      "longitude": -74
    },
    "timeStamp": "2025-02-13T17:02:34",
    "trace_id": "6c2c1b6f-e6e8-405b-b6f3-69cd80a3a30e",
    "windspeed": 16
  },
  {
    "deviceID": "windSensor-001",
    "eventID": "82d1c27d-fb8a-4b1c-9dfe-0acbb5e76e29",
    "location": {
      "latitude": 41,
      "longitude": -74
    },
    "timeStamp": "2025-02-13T17:02:34",
    "trace_id": "ea384269-7308-4447-8795-2e6cbad4a1c2",
    "windspeed": 13
  },
  {
    "deviceID": "windSensor-001",
    "eventID": "dae9e105-bf79-4f9c-a581-d3cced9b9329",
    "location": {
      "latitude": 44,
      "longitude": -80
    },
    "timeStamp": "2025-02-13T17:02:34",
    "trace_id": "f1dbaf6a-7d62-443d-9a5f-b6ac50f9c60d",
    "windspeed": 12
  },
  {
    "deviceID": "windSensor-001",
    "eventID": "ed4cecfe-a163-4afe-a623-670a9922aa4a",
    "location": {
      "latitude": 41,
      "longitude": -80
    },
    "timeStamp": "2025-02-13T17:02:34",
    "trace_id": "6824c81e-3bf8-4d59-ab08-0c83a470776b",
    "windspeed": 5
  },
  {
    "deviceID": "windSensor-001",
    "eventID": "43670402-e325-430f-b671-b3c107bbd81f",
    "location": {
      "latitude": 45,
      "longitude": -74
    },
    "timeStamp": "2025-02-13T17:02:34",
    "trace_id": "bdef2dc1-d938-4df6-8bc5-2b5bfe680cbb",
    "windspeed": 30
  },
  {
    "deviceID": "windSensor-001",
    "eventID": "beaa3521-6060-4491-a95d-463312f2bd5f",
    "location": {
      "latitude": 42,
      "longitude": -74
    },
    "timeStamp": "2025-02-13T17:02:34",
    "trace_id": "c60acb22-3c60-479a-a850-d9a9a2cfe50c",
    "windspeed": 19
  },
  {
    "deviceID": "windSensor-001",
    "eventID": "dd6461d9-bc8c-4f84-9bcc-be7abef40a81",
    "location": {
      "latitude": 43,
      "longitude": -75
    },
    "timeStamp": "2025-02-13T17:02:34",
    "trace_id": "3100afc1-0f82-45c0-9c8e-752e8fe726c6",
    "windspeed": 29
  },
  {
    "deviceID": "windSensor-001",
    "eventID": "231165a4-0617-44bf-a49a-da14e27e95c4",
    "location": {
      "latitude": 39,
      "longitude": -78
    },
    "timeStamp": "2025-02-13T17:02:34",
    "trace_id": "4060c9d9-e2ef-421a-830c-05de5516b6ba",
    "windspeed": 26
  },
  {
    "deviceID": "windSensor-001",
    "eventID": "5f66065c-30a3-44b4-9cae-37679fa60045",
    "location": {
      "latitude": 43,
      "longitude": -76
    },
    "timeStamp": "2025-02-13T17:02:34",
    "trace_id": "ff1af1e1-c309-4dfc-b769-140e30de5c17",
    "windspeed": 20
  },
  {
    "deviceID": "windSensor-001",
    "eventID": "46674a1a-a67d-4b52-915c-b8947075cb67",
    "location": {
      "latitude": 35,
      "longitude": -78
    },
    "timeStamp": "2025-02-13T17:02:34",
    "trace_id": "94d44da1-30e6-4090-87f3-24bf7753fb7c",
    "windspeed": 17
  },
  {
    "deviceID": "windSensor-001",
    "eventID": "f9f3e0fb-88ba-4ee0-8981-6a3c6ad39688",
    "location": {
      "latitude": 43,
      "longitude": -78
    },
    "timeStamp": "2025-02-13T17:02:34",
    "trace_id": "f214ea51-94a4-4f93-980a-031d47b037d6",
    "windspeed": 10
  },
  {
    "deviceID": "windSensor-001",
    "eventID": "e52b04e0-69e4-4be1-a511-acb991118248",
    "location": {
      "latitude": 42,
      "longitude": -75
    },
    "timeStamp": "2025-02-13T17:02:34",
    "trace_id": "fdf47e85-15ff-4c64-ba73-46bb8cd42952",
    "windspeed": 13
  },
  {
    "deviceID": "windSensor-001",
    "eventID": "4b23c735-7c8d-4014-9fc9-a1af479b7e9b",
    "location": {
      "latitude": 43,
      "longitude": -74
    },
    "timeStamp": "2025-02-13T17:02:34",
    "trace_id": "06feaa98-8e25-4488-96cf-59cef227e60e",
    "windspeed": 24
  },
  {
    "deviceID": "windSensor-001",
    "eventID": "c971b1a3-7f05-4e50-9ba1-23924f28f078",
    "location": {
      "latitude": 37,
      "longitude": -70
    },
    "timeStamp": "2025-02-13T17:02:35",
    "trace_id": "08b2d47c-6121-4f4e-a521-204e9423392f",
    "windspeed": 9
  },
  {
    "deviceID": "windSensor-001",
    "eventID": "e48c600c-2cae-42b2-87f7-62e27679be4c",
    "location": {
      "latitude": 44,
      "longitude": -80
    },
    "timeStamp": "2025-02-13T17:02:35",
    "trace_id": "323ee4f7-972d-416f-92e3-e0f156135458",
    "windspeed": 24
  },
  {
    "deviceID": "windSensor-001",
    "eventID": "13b992cc-6215-4e4a-88d5-ff884c1a7d93",
    "location": {
      "latitude": 42,
      "longitude": -75
    },
    "timeStamp": "2025-02-13T17:02:35",
    "trace_id": "4bc7bd30-aaca-43b7-8450-9ade2e762d87",
    "windspeed": 26
  },
  {
    "deviceID": "windSensor-001",
    "eventID": "617e87ee-9662-4a5e-9cf5-6a22398cd161",
    "location": {
      "latitude": 36,
      "longitude": -75
    },
    "timeStamp": "2025-02-13T17:02:35",
    "trace_id": "cf0598be-1c96-4a50-8084-838348f0ee5d",
    "windspeed": 8
  },
  {
    "deviceID": "windSensor-001",
    "eventID": "e895ec1f-0236-4285-b651-21f61f871d03",
    "location": {
      "latitude": 35,
      "longitude": -78
    },
    "timeStamp": "2025-02-13T17:02:35",
    "trace_id": "fdbdd87d-5ff5-4045-b819-9232aac5ea62",
    "windspeed": 19
  },
  {
    "deviceID": "windSensor-001",
    "eventID": "457b2827-afd1-4607-a7c9-575dcfeae254",
    "location": {
      "latitude": 40,
      "longitude": -71
    },
    "timeStamp": "2025-02-13T17:02:35",
    "trace_id": "a0b9cc5b-d115-4978-b9e6-c6d7bae167c3",
    "windspeed": 8
  },
  {
    "deviceID": "windSensor-001",
    "eventID": "07a67048-e67b-4ae7-8251-65269bc5ab4e",
    "location": {
      "latitude": 43,
      "longitude": -73
    },
    "timeStamp": "2025-02-13T17:02:35",
    "trace_id": "bfde2c08-1beb-4712-8856-f02cd3311e5b",
    "windspeed": 9
  },
  {
    "deviceID": "windSensor-001",
    "eventID": "4239406f-3770-4174-8753-249bd2b885ce",
    "location": {
      "latitude": 37,
      "longitude": -76
    },
    "timeStamp": "2025-02-13T17:02:35",
    "trace_id": "71a07b44-41cc-4ccc-988f-d4e1058ea8cd",
    "windspeed": 20
  },
  {
    "deviceID": "windSensor-001",
    "eventID": "ead3b417-ff85-4aa6-a767-66b134309790",
    "location": {
      "latitude": 40,
      "longitude": -71
    },
    "timeStamp": "2025-02-13T17:02:35",
    "trace_id": "467fa506-594e-47e5-8f41-6fc17c793378",
    "windspeed": 29
  },
  {
    "deviceID": "windSensor-001",
    "eventID": "852729e4-ba07-41e1-8cf0-3d3d8a3339fe",
    "location": {
      "latitude": 45,
      "longitude": -72
    },
    "timeStamp": "2025-02-13T17:02:35",
    "trace_id": "65952270-bafd-4b20-8452-c503d63fdf96",
    "windspeed": 25
  },
  {
    "deviceID": "windSensor-001",
    "eventID": "5e7243e7-9197-4fa6-aae9-d2c2c5cdc1c8",
    "location": {
      "latitude": 45,
      "longitude": -70
    },
    "timeStamp": "2025-02-13T17:02:35",
    "trace_id": "b257bbf8-1a36-49b2-80b3-ba36708677c8",
    "windspeed": 11
  },
  {
    "deviceID": "windSensor-001",
    "eventID": "5bc4d1b8-aa1d-40a5-a82f-6cceeb4f8fe5",
    "location": {
      "latitude": 42,
      "longitude": -76
    },
    "timeStamp": "2025-02-13T17:02:35",
    "trace_id": "ba91f6c7-db02-40d2-9b75-858f49dd1d28",
    "windspeed": 22
  }
]

2025-02-13 17:02:53,520 - basicLogger - DEBUG - Requesting temperature data from 2025-02-13T17:02:33.444636 to 2025-02-13T17:02:53.444081
2025-02-13 17:02:53,520 - basicLogger - DEBUG - Requesting wind speed data from 2025-02-13T17:02:33.444636 to 2025-02-13T17:02:53.444081
2025-02-13 17:02:58,442 - basicLogger - INFO - Processing has started
2025-02-13 17:02:58,443 - basicLogger - DEBUG - Fetching wind data from: http://localhost:8090/events/wind-speed?start_timestamp=2025-02-13T17:02:33.444636&end_timestamp=2025-02-13T17:02:58.443069
2025-02-13 17:02:58,443 - basicLogger - DEBUG - Fetching wind data from: http://localhost:8090/events/temperature?start_timestamp=2025-02-13T17:02:33.444636&end_timestamp=2025-02-13T17:02:58.443069
2025-02-13 17:02:58,494 - basicLogger - DEBUG - [{'deviceID': 'device123', 'eventID': '981681d9-f57b-4aa2-a0e2-da9cb5eb1984', 'temperature': 26, 'timeStamp': '2025-02-13T17:02:34', 'trace_id': 'b65c8c96-45ac-4977-b808-12aace77967d'}, {'deviceID': 'device123', 'eventID': '2ec56f42-d3c7-4938-becd-f0ba9d0664ac', 'temperature': 34, 'timeStamp': '2025-02-13T17:02:34', 'trace_id': '749d87e0-2aba-4b68-befd-e973427e5253'}, {'deviceID': 'device123', 'eventID': '64375933-b17f-452c-9373-adced91f2901', 'temperature': 30, 'timeStamp': '2025-02-13T17:02:34', 'trace_id': 'a2020f6b-6049-4906-8d28-96a5db771ad6'}, {'deviceID': 'device123', 'eventID': '96d2a68f-87d9-449f-baa4-96d20dc12eb4', 'temperature': 20, 'timeStamp': '2025-02-13T17:02:34', 'trace_id': 'a8ca4217-8c91-4f90-8089-15363d979a1c'}, {'deviceID': 'device123', 'eventID': '521f6335-60f8-4890-8a55-09fd3f2f1711', 'temperature': 19, 'timeStamp': '2025-02-13T17:02:34', 'trace_id': '1d923644-1fd8-4631-89d9-bae50de8e1f6'}, {'deviceID': 'device123', 'eventID': '2b267a2f-c8db-4abd-830a-f671fed0e569', 'temperature': 30, 'timeStamp': '2025-02-13T17:02:34', 'trace_id': '3df0de15-a492-4d80-95ce-ebc5cb41fb6f'}, {'deviceID': 'device123', 'eventID': '65ce0e4e-ed5c-47ed-8536-1ce47c740654', 'temperature': 21, 'timeStamp': '2025-02-13T17:02:34', 'trace_id': '37fcecf3-78a1-471d-93dd-6f4b87c60381'}, {'deviceID': 'device123', 'eventID': 'f2a8c6d0-76c7-4f91-ad1c-1b5752cd30e5', 'temperature': 23, 'timeStamp': '2025-02-13T17:02:34', 'trace_id': '88647bfa-6981-4461-bf3b-464f103a1262'}, {'deviceID': 'device123', 'eventID': 'c62b2bca-0276-44ba-bc16-07df09f31f3f', 'temperature': 32, 'timeStamp': '2025-02-13T17:02:34', 'trace_id': '93c231d4-dd21-4aac-b4dd-7791794d99cb'}, {'deviceID': 'device123', 'eventID': 'fb1f452e-f36c-4998-919c-4ec2bbd8a952', 'temperature': 27, 'timeStamp': '2025-02-13T17:02:34', 'trace_id': '1b7667ad-4234-42f7-ba80-ec0b3ccdd4eb'}, {'deviceID': 'device123', 'eventID': '203210bc-233b-48ec-bcc5-036f8a6d3eeb', 'temperature': 32, 'timeStamp': '2025-02-13T17:02:34', 'trace_id': '51050e05-d907-4ab0-9253-62e0b76164bd'}, {'deviceID': 'device123', 'eventID': '156b965f-a2ca-427b-93a5-f2d01b65d968', 'temperature': 17, 'timeStamp': '2025-02-13T17:02:34', 'trace_id': '9b22d1a4-4458-41f8-a57c-adc5b48c6c7f'}, {'deviceID': 'device123', 'eventID': '81561eff-aa36-497e-a775-dd2c7855c880', 'temperature': 33, 'timeStamp': '2025-02-13T17:02:34', 'trace_id': 'ea82d637-2841-428f-ae0a-4b7b95ca3835'}, {'deviceID': 'device123', 'eventID': '106af223-6db4-4328-b7dd-da8c5a857a0d', 'temperature': 19, 'timeStamp': '2025-02-13T17:02:35', 'trace_id': '9e7c0491-c872-488f-9645-0bfcd56944fd'}, {'deviceID': 'device123', 'eventID': '0788d7fe-7305-413a-b185-bc3e2f4a626e', 'temperature': 26, 'timeStamp': '2025-02-13T17:02:35', 'trace_id': 'be76d9d1-d1ce-40af-bd76-9e7f1d13a49a'}, {'deviceID': 'device123', 'eventID': 'fac7a708-370a-4647-8dec-1b56af1002b7', 'temperature': 17, 'timeStamp': '2025-02-13T17:02:35', 'trace_id': '43391261-41c6-4579-93c1-3c1afcca5b0e'}, {'deviceID': 'device123', 'eventID': '38d921e8-dc11-444e-ba31-f8d10e8949da', 'temperature': 20, 'timeStamp': '2025-02-13T17:02:35', 'trace_id': '4db5ec81-7ef4-4aa3-9c62-e183d6a27053'}, {'deviceID': 'device123', 'eventID': '8bd662ac-0471-4c6d-85f4-bce895aaaac9', 'temperature': 32, 'timeStamp': '2025-02-13T17:02:35', 'trace_id': '35685ac0-cfa3-4e47-be72-2536e8e2927f'}, {'deviceID': 'device123', 'eventID': '6d7da39c-04b3-4090-966f-b7913eb16a92', 'temperature': 20, 'timeStamp': '2025-02-13T17:02:35', 'trace_id': '47e6f9d8-72da-4065-bf62-ac95f5a01dea'}, {'deviceID': 'device123', 'eventID': '5dd764f4-0a1c-46c6-a5c3-8a9506bb23af', 'temperature': 22, 'timeStamp': '2025-02-13T17:02:35', 'trace_id': 'd75eb79a-ab02-400a-aeb6-8aa44e5c4ba4'}, {'deviceID': 'device123', 'eventID': 'cc4b4511-3b29-4262-aa16-ac51ecdf803e', 'temperature': 34, 'timeStamp': '2025-02-13T17:02:35', 'trace_id': '136f1be2-de6e-465b-b47b-9cccc3a409a9'}, {'deviceID': 'device123', 'eventID': 'cf81166d-1d01-4fa5-a1cd-8ccf2d3086d3', 'temperature': 24, 'timeStamp': '2025-02-13T17:02:35', 'trace_id': 'd1eab2b0-707c-4bad-be95-a1899687ca97'}, {'deviceID': 'device123', 'eventID': '86a0dc5f-ecdc-46ff-95b8-0e44d5573935', 'temperature': 21, 'timeStamp': '2025-02-13T17:02:35', 'trace_id': 'be43aec3-3b24-4bbb-a9f6-6ad571085ff3'}, {'deviceID': 'device123', 'eventID': 'f9bcb595-c68e-40f8-bd4b-53eec89df3a4', 'temperature': 31, 'timeStamp': '2025-02-13T17:02:35', 'trace_id': 'dfd09bf6-11b6-4f27-9275-50079992c740'}, {'deviceID': 'device123', 'eventID': 'fcb34bed-f521-4ac9-be6b-a730ed39380a', 'temperature': 21, 'timeStamp': '2025-02-13T17:02:35', 'trace_id': '127704c7-552f-4fa3-9749-a46a39b778a6'}]
2025-02-13 17:02:58,494 - basicLogger - DEBUG - Temperature Response: [{'deviceID': 'device123', 'eventID': '981681d9-f57b-4aa2-a0e2-da9cb5eb1984', 'temperature': 26, 'timeStamp': '2025-02-13T17:02:34', 'trace_id': 'b65c8c96-45ac-4977-b808-12aace77967d'}, {'deviceID': 'device123', 'eventID': '2ec56f42-d3c7-4938-becd-f0ba9d0664ac', 'temperature': 34, 'timeStamp': '2025-02-13T17:02:34', 'trace_id': '749d87e0-2aba-4b68-befd-e973427e5253'}, {'deviceID': 'device123', 'eventID': '64375933-b17f-452c-9373-adced91f2901', 'temperature': 30, 'timeStamp': '2025-02-13T17:02:34', 'trace_id': 'a2020f6b-6049-4906-8d28-96a5db771ad6'}, {'deviceID': 'device123', 'eventID': '96d2a68f-87d9-449f-baa4-96d20dc12eb4', 'temperature': 20, 'timeStamp': '2025-02-13T17:02:34', 'trace_id': 'a8ca4217-8c91-4f90-8089-15363d979a1c'}, {'deviceID': 'device123', 'eventID': '521f6335-60f8-4890-8a55-09fd3f2f1711', 'temperature': 19, 'timeStamp': '2025-02-13T17:02:34', 'trace_id': '1d923644-1fd8-4631-89d9-bae50de8e1f6'}, {'deviceID': 'device123', 'eventID': '2b267a2f-c8db-4abd-830a-f671fed0e569', 'temperature': 30, 'timeStamp': '2025-02-13T17:02:34', 'trace_id': '3df0de15-a492-4d80-95ce-ebc5cb41fb6f'}, {'deviceID': 'device123', 'eventID': '65ce0e4e-ed5c-47ed-8536-1ce47c740654', 'temperature': 21, 'timeStamp': '2025-02-13T17:02:34', 'trace_id': '37fcecf3-78a1-471d-93dd-6f4b87c60381'}, {'deviceID': 'device123', 'eventID': 'f2a8c6d0-76c7-4f91-ad1c-1b5752cd30e5', 'temperature': 23, 'timeStamp': '2025-02-13T17:02:34', 'trace_id': '88647bfa-6981-4461-bf3b-464f103a1262'}, {'deviceID': 'device123', 'eventID': 'c62b2bca-0276-44ba-bc16-07df09f31f3f', 'temperature': 32, 'timeStamp': '2025-02-13T17:02:34', 'trace_id': '93c231d4-dd21-4aac-b4dd-7791794d99cb'}, {'deviceID': 'device123', 'eventID': 'fb1f452e-f36c-4998-919c-4ec2bbd8a952', 'temperature': 27, 'timeStamp': '2025-02-13T17:02:34', 'trace_id': '1b7667ad-4234-42f7-ba80-ec0b3ccdd4eb'}, {'deviceID': 'device123', 'eventID': '203210bc-233b-48ec-bcc5-036f8a6d3eeb', 'temperature': 32, 'timeStamp': '2025-02-13T17:02:34', 'trace_id': '51050e05-d907-4ab0-9253-62e0b76164bd'}, {'deviceID': 'device123', 'eventID': '156b965f-a2ca-427b-93a5-f2d01b65d968', 'temperature': 17, 'timeStamp': '2025-02-13T17:02:34', 'trace_id': '9b22d1a4-4458-41f8-a57c-adc5b48c6c7f'}, {'deviceID': 'device123', 'eventID': '81561eff-aa36-497e-a775-dd2c7855c880', 'temperature': 33, 'timeStamp': '2025-02-13T17:02:34', 'trace_id': 'ea82d637-2841-428f-ae0a-4b7b95ca3835'}, {'deviceID': 'device123', 'eventID': '106af223-6db4-4328-b7dd-da8c5a857a0d', 'temperature': 19, 'timeStamp': '2025-02-13T17:02:35', 'trace_id': '9e7c0491-c872-488f-9645-0bfcd56944fd'}, {'deviceID': 'device123', 'eventID': '0788d7fe-7305-413a-b185-bc3e2f4a626e', 'temperature': 26, 'timeStamp': '2025-02-13T17:02:35', 'trace_id': 'be76d9d1-d1ce-40af-bd76-9e7f1d13a49a'}, {'deviceID': 'device123', 'eventID': 'fac7a708-370a-4647-8dec-1b56af1002b7', 'temperature': 17, 'timeStamp': '2025-02-13T17:02:35', 'trace_id': '43391261-41c6-4579-93c1-3c1afcca5b0e'}, {'deviceID': 'device123', 'eventID': '38d921e8-dc11-444e-ba31-f8d10e8949da', 'temperature': 20, 'timeStamp': '2025-02-13T17:02:35', 'trace_id': '4db5ec81-7ef4-4aa3-9c62-e183d6a27053'}, {'deviceID': 'device123', 'eventID': '8bd662ac-0471-4c6d-85f4-bce895aaaac9', 'temperature': 32, 'timeStamp': '2025-02-13T17:02:35', 'trace_id': '35685ac0-cfa3-4e47-be72-2536e8e2927f'}, {'deviceID': 'device123', 'eventID': '6d7da39c-04b3-4090-966f-b7913eb16a92', 'temperature': 20, 'timeStamp': '2025-02-13T17:02:35', 'trace_id': '47e6f9d8-72da-4065-bf62-ac95f5a01dea'}, {'deviceID': 'device123', 'eventID': '5dd764f4-0a1c-46c6-a5c3-8a9506bb23af', 'temperature': 22, 'timeStamp': '2025-02-13T17:02:35', 'trace_id': 'd75eb79a-ab02-400a-aeb6-8aa44e5c4ba4'}, {'deviceID': 'device123', 'eventID': 'cc4b4511-3b29-4262-aa16-ac51ecdf803e', 'temperature': 34, 'timeStamp': '2025-02-13T17:02:35', 'trace_id': '136f1be2-de6e-465b-b47b-9cccc3a409a9'}, {'deviceID': 'device123', 'eventID': 'cf81166d-1d01-4fa5-a1cd-8ccf2d3086d3', 'temperature': 24, 'timeStamp': '2025-02-13T17:02:35', 'trace_id': 'd1eab2b0-707c-4bad-be95-a1899687ca97'}, {'deviceID': 'device123', 'eventID': '86a0dc5f-ecdc-46ff-95b8-0e44d5573935', 'temperature': 21, 'timeStamp': '2025-02-13T17:02:35', 'trace_id': 'be43aec3-3b24-4bbb-a9f6-6ad571085ff3'}, {'deviceID': 'device123', 'eventID': 'f9bcb595-c68e-40f8-bd4b-53eec89df3a4', 'temperature': 31, 'timeStamp': '2025-02-13T17:02:35', 'trace_id': 'dfd09bf6-11b6-4f27-9275-50079992c740'}, {'deviceID': 'device123', 'eventID': 'fcb34bed-f521-4ac9-be6b-a730ed39380a', 'temperature': 21, 'timeStamp': '2025-02-13T17:02:35', 'trace_id': '127704c7-552f-4fa3-9749-a46a39b778a6'}]
2025-02-13 17:02:58,495 - basicLogger - DEBUG - Windspeed Response: [{'deviceID': 'windSensor-001', 'eventID': '058523c1-4c28-4cbd-98de-202fc4d2ba6a', 'location': {'latitude': 39, 'longitude': -74}, 'timeStamp': '2025-02-13T17:02:34', 'trace_id': '6c2c1b6f-e6e8-405b-b6f3-69cd80a3a30e', 'windspeed': 16}, {'deviceID': 'windSensor-001', 'eventID': '82d1c27d-fb8a-4b1c-9dfe-0acbb5e76e29', 'location': {'latitude': 41, 'longitude': -74}, 'timeStamp': '2025-02-13T17:02:34', 'trace_id': 'ea384269-7308-4447-8795-2e6cbad4a1c2', 'windspeed': 13}, {'deviceID': 'windSensor-001', 'eventID': 'dae9e105-bf79-4f9c-a581-d3cced9b9329', 'location': {'latitude': 44, 'longitude': -80}, 'timeStamp': '2025-02-13T17:02:34', 'trace_id': 'f1dbaf6a-7d62-443d-9a5f-b6ac50f9c60d', 'windspeed': 12}, {'deviceID': 'windSensor-001', 'eventID': 'ed4cecfe-a163-4afe-a623-670a9922aa4a', 'location': {'latitude': 41, 'longitude': -80}, 'timeStamp': '2025-02-13T17:02:34', 'trace_id': '6824c81e-3bf8-4d59-ab08-0c83a470776b', 'windspeed': 5}, {'deviceID': 'windSensor-001', 'eventID': '43670402-e325-430f-b671-b3c107bbd81f', 'location': {'latitude': 45, 'longitude': -74}, 'timeStamp': '2025-02-13T17:02:34', 'trace_id': 'bdef2dc1-d938-4df6-8bc5-2b5bfe680cbb', 'windspeed': 30}, {'deviceID': 'windSensor-001', 'eventID': 'beaa3521-6060-4491-a95d-463312f2bd5f', 'location': {'latitude': 42, 'longitude': -74}, 'timeStamp': '2025-02-13T17:02:34', 'trace_id': 'c60acb22-3c60-479a-a850-d9a9a2cfe50c', 'windspeed': 19}, {'deviceID': 'windSensor-001', 'eventID': 'dd6461d9-bc8c-4f84-9bcc-be7abef40a81', 'location': {'latitude': 43, 'longitude': -75}, 'timeStamp': '2025-02-13T17:02:34', 'trace_id': '3100afc1-0f82-45c0-9c8e-752e8fe726c6', 'windspeed': 29}, {'deviceID': 'windSensor-001', 'eventID': '231165a4-0617-44bf-a49a-da14e27e95c4', 'location': {'latitude': 39, 'longitude': -78}, 'timeStamp': '2025-02-13T17:02:34', 'trace_id': '4060c9d9-e2ef-421a-830c-05de5516b6ba', 'windspeed': 26}, {'deviceID': 'windSensor-001', 'eventID': '5f66065c-30a3-44b4-9cae-37679fa60045', 'location': {'latitude': 43, 'longitude': -76}, 'timeStamp': '2025-02-13T17:02:34', 'trace_id': 'ff1af1e1-c309-4dfc-b769-140e30de5c17', 'windspeed': 20}, {'deviceID': 'windSensor-001', 'eventID': '46674a1a-a67d-4b52-915c-b8947075cb67', 'location': {'latitude': 35, 'longitude': -78}, 'timeStamp': '2025-02-13T17:02:34', 'trace_id': '94d44da1-30e6-4090-87f3-24bf7753fb7c', 'windspeed': 17}, {'deviceID': 'windSensor-001', 'eventID': 'f9f3e0fb-88ba-4ee0-8981-6a3c6ad39688', 'location': {'latitude': 43, 'longitude': -78}, 'timeStamp': '2025-02-13T17:02:34', 'trace_id': 'f214ea51-94a4-4f93-980a-031d47b037d6', 'windspeed': 10}, {'deviceID': 'windSensor-001', 'eventID': 'e52b04e0-69e4-4be1-a511-acb991118248', 'location': {'latitude': 42, 'longitude': -75}, 'timeStamp': '2025-02-13T17:02:34', 'trace_id': 'fdf47e85-15ff-4c64-ba73-46bb8cd42952', 'windspeed': 13}, {'deviceID': 'windSensor-001', 'eventID': '4b23c735-7c8d-4014-9fc9-a1af479b7e9b', 'location': {'latitude': 43, 'longitude': -74}, 'timeStamp': '2025-02-13T17:02:34', 'trace_id': '06feaa98-8e25-4488-96cf-59cef227e60e', 'windspeed': 24}, {'deviceID': 'windSensor-001', 'eventID': 'c971b1a3-7f05-4e50-9ba1-23924f28f078', 'location': {'latitude': 37, 'longitude': -70}, 'timeStamp': '2025-02-13T17:02:35', 'trace_id': '08b2d47c-6121-4f4e-a521-204e9423392f', 'windspeed': 9}, {'deviceID': 'windSensor-001', 'eventID': 'e48c600c-2cae-42b2-87f7-62e27679be4c', 'location': {'latitude': 44, 'longitude': -80}, 'timeStamp': '2025-02-13T17:02:35', 'trace_id': '323ee4f7-972d-416f-92e3-e0f156135458', 'windspeed': 24}, {'deviceID': 'windSensor-001', 'eventID': '13b992cc-6215-4e4a-88d5-ff884c1a7d93', 'location': {'latitude': 42, 'longitude': -75}, 'timeStamp': '2025-02-13T17:02:35', 'trace_id': '4bc7bd30-aaca-43b7-8450-9ade2e762d87', 'windspeed': 26}, {'deviceID': 'windSensor-001', 'eventID': '617e87ee-9662-4a5e-9cf5-6a22398cd161', 'location': {'latitude': 36, 'longitude': -75}, 'timeStamp': '2025-02-13T17:02:35', 'trace_id': 'cf0598be-1c96-4a50-8084-838348f0ee5d', 'windspeed': 8}, {'deviceID': 'windSensor-001', 'eventID': 'e895ec1f-0236-4285-b651-21f61f871d03', 'location': {'latitude': 35, 'longitude': -78}, 'timeStamp': '2025-02-13T17:02:35', 'trace_id': 'fdbdd87d-5ff5-4045-b819-9232aac5ea62', 'windspeed': 19}, {'deviceID': 'windSensor-001', 'eventID': '457b2827-afd1-4607-a7c9-575dcfeae254', 'location': {'latitude': 40, 'longitude': -71}, 'timeStamp': '2025-02-13T17:02:35', 'trace_id': 'a0b9cc5b-d115-4978-b9e6-c6d7bae167c3', 'windspeed': 8}, {'deviceID': 'windSensor-001', 'eventID': '07a67048-e67b-4ae7-8251-65269bc5ab4e', 'location': {'latitude': 43, 'longitude': -73}, 'timeStamp': '2025-02-13T17:02:35', 'trace_id': 'bfde2c08-1beb-4712-8856-f02cd3311e5b', 'windspeed': 9}, {'deviceID': 'windSensor-001', 'eventID': '4239406f-3770-4174-8753-249bd2b885ce', 'location': {'latitude': 37, 'longitude': -76}, 'timeStamp': '2025-02-13T17:02:35', 'trace_id': '71a07b44-41cc-4ccc-988f-d4e1058ea8cd', 'windspeed': 20}, {'deviceID': 'windSensor-001', 'eventID': 'ead3b417-ff85-4aa6-a767-66b134309790', 'location': {'latitude': 40, 'longitude': -71}, 'timeStamp': '2025-02-13T17:02:35', 'trace_id': '467fa506-594e-47e5-8f41-6fc17c793378', 'windspeed': 29}, {'deviceID': 'windSensor-001', 'eventID': '852729e4-ba07-41e1-8cf0-3d3d8a3339fe', 'location': {'latitude': 45, 'longitude': -72}, 'timeStamp': '2025-02-13T17:02:35', 'trace_id': '65952270-bafd-4b20-8452-c503d63fdf96', 'windspeed': 25}, {'deviceID': 'windSensor-001', 'eventID': '5e7243e7-9197-4fa6-aae9-d2c2c5cdc1c8', 'location': {'latitude': 45, 'longitude': -70}, 'timeStamp': '2025-02-13T17:02:35', 'trace_id': 'b257bbf8-1a36-49b2-80b3-ba36708677c8', 'windspeed': 11}, {'deviceID': 'windSensor-001', 'eventID': '5bc4d1b8-aa1d-40a5-a82f-6cceeb4f8fe5', 'location': {'latitude': 42, 'longitude': -76}, 'timeStamp': '2025-02-13T17:02:35', 'trace_id': 'ba91f6c7-db02-40d2-9b75-858f49dd1d28', 'windspeed': 22}]
2025-02-13 17:02:58,495 - basicLogger - DEBUG - Temperature Response Status Code: 200
2025-02-13 17:02:58,495 - basicLogger - DEBUG - Wind Speed Response Status Code: 200
2025-02-13 17:02:58,495 - basicLogger - DEBUG - Temperature Response Raw: [
  {
    "deviceID": "device123",
    "eventID": "981681d9-f57b-4aa2-a0e2-da9cb5eb1984",
    "temperature": 26,
    "timeStamp": "2025-02-13T17:02:34",
    "trace_id": "b65c8c96-45ac-4977-b808-12aace77967d"
  },
  {
    "deviceID": "device123",
    "eventID": "2ec56f42-d3c7-4938-becd-f0ba9d0664ac",
    "temperature": 34,
    "timeStamp": "2025-02-13T17:02:34",
    "trace_id": "749d87e0-2aba-4b68-befd-e973427e5253"
  },
  {
    "deviceID": "device123",
    "eventID": "64375933-b17f-452c-9373-adced91f2901",
    "temperature": 30,
    "timeStamp": "2025-02-13T17:02:34",
    "trace_id": "a2020f6b-6049-4906-8d28-96a5db771ad6"
  },
  {
    "deviceID": "device123",
    "eventID": "96d2a68f-87d9-449f-baa4-96d20dc12eb4",
    "temperature": 20,
    "timeStamp": "2025-02-13T17:02:34",
    "trace_id": "a8ca4217-8c91-4f90-8089-15363d979a1c"
  },
  {
    "deviceID": "device123",
    "eventID": "521f6335-60f8-4890-8a55-09fd3f2f1711",
    "temperature": 19,
    "timeStamp": "2025-02-13T17:02:34",
    "trace_id": "1d923644-1fd8-4631-89d9-bae50de8e1f6"
  },
  {
    "deviceID": "device123",
    "eventID": "2b267a2f-c8db-4abd-830a-f671fed0e569",
    "temperature": 30,
    "timeStamp": "2025-02-13T17:02:34",
    "trace_id": "3df0de15-a492-4d80-95ce-ebc5cb41fb6f"
  },
  {
    "deviceID": "device123",
    "eventID": "65ce0e4e-ed5c-47ed-8536-1ce47c740654",
    "temperature": 21,
    "timeStamp": "2025-02-13T17:02:34",
    "trace_id": "37fcecf3-78a1-471d-93dd-6f4b87c60381"
  },
  {
    "deviceID": "device123",
    "eventID": "f2a8c6d0-76c7-4f91-ad1c-1b5752cd30e5",
    "temperature": 23,
    "timeStamp": "2025-02-13T17:02:34",
    "trace_id": "88647bfa-6981-4461-bf3b-464f103a1262"
  },
  {
    "deviceID": "device123",
    "eventID": "c62b2bca-0276-44ba-bc16-07df09f31f3f",
    "temperature": 32,
    "timeStamp": "2025-02-13T17:02:34",
    "trace_id": "93c231d4-dd21-4aac-b4dd-7791794d99cb"
  },
  {
    "deviceID": "device123",
    "eventID": "fb1f452e-f36c-4998-919c-4ec2bbd8a952",
    "temperature": 27,
    "timeStamp": "2025-02-13T17:02:34",
    "trace_id": "1b7667ad-4234-42f7-ba80-ec0b3ccdd4eb"
  },
  {
    "deviceID": "device123",
    "eventID": "203210bc-233b-48ec-bcc5-036f8a6d3eeb",
    "temperature": 32,
    "timeStamp": "2025-02-13T17:02:34",
    "trace_id": "51050e05-d907-4ab0-9253-62e0b76164bd"
  },
  {
    "deviceID": "device123",
    "eventID": "156b965f-a2ca-427b-93a5-f2d01b65d968",
    "temperature": 17,
    "timeStamp": "2025-02-13T17:02:34",
    "trace_id": "9b22d1a4-4458-41f8-a57c-adc5b48c6c7f"
  },
  {
    "deviceID": "device123",
    "eventID": "81561eff-aa36-497e-a775-dd2c7855c880",
    "temperature": 33,
    "timeStamp": "2025-02-13T17:02:34",
    "trace_id": "ea82d637-2841-428f-ae0a-4b7b95ca3835"
  },
  {
    "deviceID": "device123",
    "eventID": "106af223-6db4-4328-b7dd-da8c5a857a0d",
    "temperature": 19,
    "timeStamp": "2025-02-13T17:02:35",
    "trace_id": "9e7c0491-c872-488f-9645-0bfcd56944fd"
  },
  {
    "deviceID": "device123",
    "eventID": "0788d7fe-7305-413a-b185-bc3e2f4a626e",
    "temperature": 26,
    "timeStamp": "2025-02-13T17:02:35",
    "trace_id": "be76d9d1-d1ce-40af-bd76-9e7f1d13a49a"
  },
  {
    "deviceID": "device123",
    "eventID": "fac7a708-370a-4647-8dec-1b56af1002b7",
    "temperature": 17,
    "timeStamp": "2025-02-13T17:02:35",
    "trace_id": "43391261-41c6-4579-93c1-3c1afcca5b0e"
  },
  {
    "deviceID": "device123",
    "eventID": "38d921e8-dc11-444e-ba31-f8d10e8949da",
    "temperature": 20,
    "timeStamp": "2025-02-13T17:02:35",
    "trace_id": "4db5ec81-7ef4-4aa3-9c62-e183d6a27053"
  },
  {
    "deviceID": "device123",
    "eventID": "8bd662ac-0471-4c6d-85f4-bce895aaaac9",
    "temperature": 32,
    "timeStamp": "2025-02-13T17:02:35",
    "trace_id": "35685ac0-cfa3-4e47-be72-2536e8e2927f"
  },
  {
    "deviceID": "device123",
    "eventID": "6d7da39c-04b3-4090-966f-b7913eb16a92",
    "temperature": 20,
    "timeStamp": "2025-02-13T17:02:35",
    "trace_id": "47e6f9d8-72da-4065-bf62-ac95f5a01dea"
  },
  {
    "deviceID": "device123",
    "eventID": "5dd764f4-0a1c-46c6-a5c3-8a9506bb23af",
    "temperature": 22,
    "timeStamp": "2025-02-13T17:02:35",
    "trace_id": "d75eb79a-ab02-400a-aeb6-8aa44e5c4ba4"
  },
  {
    "deviceID": "device123",
    "eventID": "cc4b4511-3b29-4262-aa16-ac51ecdf803e",
    "temperature": 34,
    "timeStamp": "2025-02-13T17:02:35",
    "trace_id": "136f1be2-de6e-465b-b47b-9cccc3a409a9"
  },
  {
    "deviceID": "device123",
    "eventID": "cf81166d-1d01-4fa5-a1cd-8ccf2d3086d3",
    "temperature": 24,
    "timeStamp": "2025-02-13T17:02:35",
    "trace_id": "d1eab2b0-707c-4bad-be95-a1899687ca97"
  },
  {
    "deviceID": "device123",
    "eventID": "86a0dc5f-ecdc-46ff-95b8-0e44d5573935",
    "temperature": 21,
    "timeStamp": "2025-02-13T17:02:35",
    "trace_id": "be43aec3-3b24-4bbb-a9f6-6ad571085ff3"
  },
  {
    "deviceID": "device123",
    "eventID": "f9bcb595-c68e-40f8-bd4b-53eec89df3a4",
    "temperature": 31,
    "timeStamp": "2025-02-13T17:02:35",
    "trace_id": "dfd09bf6-11b6-4f27-9275-50079992c740"
  },
  {
    "deviceID": "device123",
    "eventID": "fcb34bed-f521-4ac9-be6b-a730ed39380a",
    "temperature": 21,
    "timeStamp": "2025-02-13T17:02:35",
    "trace_id": "127704c7-552f-4fa3-9749-a46a39b778a6"
  }
]

2025-02-13 17:02:58,495 - basicLogger - DEBUG - Windspeed Response Raw: [
  {
    "deviceID": "windSensor-001",
    "eventID": "058523c1-4c28-4cbd-98de-202fc4d2ba6a",
    "location": {
      "latitude": 39,
      "longitude": -74
    },
    "timeStamp": "2025-02-13T17:02:34",
    "trace_id": "6c2c1b6f-e6e8-405b-b6f3-69cd80a3a30e",
    "windspeed": 16
  },
  {
    "deviceID": "windSensor-001",
    "eventID": "82d1c27d-fb8a-4b1c-9dfe-0acbb5e76e29",
    "location": {
      "latitude": 41,
      "longitude": -74
    },
    "timeStamp": "2025-02-13T17:02:34",
    "trace_id": "ea384269-7308-4447-8795-2e6cbad4a1c2",
    "windspeed": 13
  },
  {
    "deviceID": "windSensor-001",
    "eventID": "dae9e105-bf79-4f9c-a581-d3cced9b9329",
    "location": {
      "latitude": 44,
      "longitude": -80
    },
    "timeStamp": "2025-02-13T17:02:34",
    "trace_id": "f1dbaf6a-7d62-443d-9a5f-b6ac50f9c60d",
    "windspeed": 12
  },
  {
    "deviceID": "windSensor-001",
    "eventID": "ed4cecfe-a163-4afe-a623-670a9922aa4a",
    "location": {
      "latitude": 41,
      "longitude": -80
    },
    "timeStamp": "2025-02-13T17:02:34",
    "trace_id": "6824c81e-3bf8-4d59-ab08-0c83a470776b",
    "windspeed": 5
  },
  {
    "deviceID": "windSensor-001",
    "eventID": "43670402-e325-430f-b671-b3c107bbd81f",
    "location": {
      "latitude": 45,
      "longitude": -74
    },
    "timeStamp": "2025-02-13T17:02:34",
    "trace_id": "bdef2dc1-d938-4df6-8bc5-2b5bfe680cbb",
    "windspeed": 30
  },
  {
    "deviceID": "windSensor-001",
    "eventID": "beaa3521-6060-4491-a95d-463312f2bd5f",
    "location": {
      "latitude": 42,
      "longitude": -74
    },
    "timeStamp": "2025-02-13T17:02:34",
    "trace_id": "c60acb22-3c60-479a-a850-d9a9a2cfe50c",
    "windspeed": 19
  },
  {
    "deviceID": "windSensor-001",
    "eventID": "dd6461d9-bc8c-4f84-9bcc-be7abef40a81",
    "location": {
      "latitude": 43,
      "longitude": -75
    },
    "timeStamp": "2025-02-13T17:02:34",
    "trace_id": "3100afc1-0f82-45c0-9c8e-752e8fe726c6",
    "windspeed": 29
  },
  {
    "deviceID": "windSensor-001",
    "eventID": "231165a4-0617-44bf-a49a-da14e27e95c4",
    "location": {
      "latitude": 39,
      "longitude": -78
    },
    "timeStamp": "2025-02-13T17:02:34",
    "trace_id": "4060c9d9-e2ef-421a-830c-05de5516b6ba",
    "windspeed": 26
  },
  {
    "deviceID": "windSensor-001",
    "eventID": "5f66065c-30a3-44b4-9cae-37679fa60045",
    "location": {
      "latitude": 43,
      "longitude": -76
    },
    "timeStamp": "2025-02-13T17:02:34",
    "trace_id": "ff1af1e1-c309-4dfc-b769-140e30de5c17",
    "windspeed": 20
  },
  {
    "deviceID": "windSensor-001",
    "eventID": "46674a1a-a67d-4b52-915c-b8947075cb67",
    "location": {
      "latitude": 35,
      "longitude": -78
    },
    "timeStamp": "2025-02-13T17:02:34",
    "trace_id": "94d44da1-30e6-4090-87f3-24bf7753fb7c",
    "windspeed": 17
  },
  {
    "deviceID": "windSensor-001",
    "eventID": "f9f3e0fb-88ba-4ee0-8981-6a3c6ad39688",
    "location": {
      "latitude": 43,
      "longitude": -78
    },
    "timeStamp": "2025-02-13T17:02:34",
    "trace_id": "f214ea51-94a4-4f93-980a-031d47b037d6",
    "windspeed": 10
  },
  {
    "deviceID": "windSensor-001",
    "eventID": "e52b04e0-69e4-4be1-a511-acb991118248",
    "location": {
      "latitude": 42,
      "longitude": -75
    },
    "timeStamp": "2025-02-13T17:02:34",
    "trace_id": "fdf47e85-15ff-4c64-ba73-46bb8cd42952",
    "windspeed": 13
  },
  {
    "deviceID": "windSensor-001",
    "eventID": "4b23c735-7c8d-4014-9fc9-a1af479b7e9b",
    "location": {
      "latitude": 43,
      "longitude": -74
    },
    "timeStamp": "2025-02-13T17:02:34",
    "trace_id": "06feaa98-8e25-4488-96cf-59cef227e60e",
    "windspeed": 24
  },
  {
    "deviceID": "windSensor-001",
    "eventID": "c971b1a3-7f05-4e50-9ba1-23924f28f078",
    "location": {
      "latitude": 37,
      "longitude": -70
    },
    "timeStamp": "2025-02-13T17:02:35",
    "trace_id": "08b2d47c-6121-4f4e-a521-204e9423392f",
    "windspeed": 9
  },
  {
    "deviceID": "windSensor-001",
    "eventID": "e48c600c-2cae-42b2-87f7-62e27679be4c",
    "location": {
      "latitude": 44,
      "longitude": -80
    },
    "timeStamp": "2025-02-13T17:02:35",
    "trace_id": "323ee4f7-972d-416f-92e3-e0f156135458",
    "windspeed": 24
  },
  {
    "deviceID": "windSensor-001",
    "eventID": "13b992cc-6215-4e4a-88d5-ff884c1a7d93",
    "location": {
      "latitude": 42,
      "longitude": -75
    },
    "timeStamp": "2025-02-13T17:02:35",
    "trace_id": "4bc7bd30-aaca-43b7-8450-9ade2e762d87",
    "windspeed": 26
  },
  {
    "deviceID": "windSensor-001",
    "eventID": "617e87ee-9662-4a5e-9cf5-6a22398cd161",
    "location": {
      "latitude": 36,
      "longitude": -75
    },
    "timeStamp": "2025-02-13T17:02:35",
    "trace_id": "cf0598be-1c96-4a50-8084-838348f0ee5d",
    "windspeed": 8
  },
  {
    "deviceID": "windSensor-001",
    "eventID": "e895ec1f-0236-4285-b651-21f61f871d03",
    "location": {
      "latitude": 35,
      "longitude": -78
    },
    "timeStamp": "2025-02-13T17:02:35",
    "trace_id": "fdbdd87d-5ff5-4045-b819-9232aac5ea62",
    "windspeed": 19
  },
  {
    "deviceID": "windSensor-001",
    "eventID": "457b2827-afd1-4607-a7c9-575dcfeae254",
    "location": {
      "latitude": 40,
      "longitude": -71
    },
    "timeStamp": "2025-02-13T17:02:35",
    "trace_id": "a0b9cc5b-d115-4978-b9e6-c6d7bae167c3",
    "windspeed": 8
  },
  {
    "deviceID": "windSensor-001",
    "eventID": "07a67048-e67b-4ae7-8251-65269bc5ab4e",
    "location": {
      "latitude": 43,
      "longitude": -73
    },
    "timeStamp": "2025-02-13T17:02:35",
    "trace_id": "bfde2c08-1beb-4712-8856-f02cd3311e5b",
    "windspeed": 9
  },
  {
    "deviceID": "windSensor-001",
    "eventID": "4239406f-3770-4174-8753-249bd2b885ce",
    "location": {
      "latitude": 37,
      "longitude": -76
    },
    "timeStamp": "2025-02-13T17:02:35",
    "trace_id": "71a07b44-41cc-4ccc-988f-d4e1058ea8cd",
    "windspeed": 20
  },
  {
    "deviceID": "windSensor-001",
    "eventID": "ead3b417-ff85-4aa6-a767-66b134309790",
    "location": {
      "latitude": 40,
      "longitude": -71
    },
    "timeStamp": "2025-02-13T17:02:35",
    "trace_id": "467fa506-594e-47e5-8f41-6fc17c793378",
    "windspeed": 29
  },
  {
    "deviceID": "windSensor-001",
    "eventID": "852729e4-ba07-41e1-8cf0-3d3d8a3339fe",
    "location": {
      "latitude": 45,
      "longitude": -72
    },
    "timeStamp": "2025-02-13T17:02:35",
    "trace_id": "65952270-bafd-4b20-8452-c503d63fdf96",
    "windspeed": 25
  },
  {
    "deviceID": "windSensor-001",
    "eventID": "5e7243e7-9197-4fa6-aae9-d2c2c5cdc1c8",
    "location": {
      "latitude": 45,
      "longitude": -70
    },
    "timeStamp": "2025-02-13T17:02:35",
    "trace_id": "b257bbf8-1a36-49b2-80b3-ba36708677c8",
    "windspeed": 11
  },
  {
    "deviceID": "windSensor-001",
    "eventID": "5bc4d1b8-aa1d-40a5-a82f-6cceeb4f8fe5",
    "location": {
      "latitude": 42,
      "longitude": -76
    },
    "timeStamp": "2025-02-13T17:02:35",
    "trace_id": "ba91f6c7-db02-40d2-9b75-858f49dd1d28",
    "windspeed": 22
  }
]

2025-02-13 17:02:58,495 - basicLogger - DEBUG - Requesting temperature data from 2025-02-13T17:02:33.444636 to 2025-02-13T17:02:58.443069
2025-02-13 17:02:58,495 - basicLogger - DEBUG - Requesting wind speed data from 2025-02-13T17:02:33.444636 to 2025-02-13T17:02:58.443069
2025-02-13 17:03:03,442 - basicLogger - INFO - Processing has started
2025-02-13 17:03:03,443 - basicLogger - DEBUG - Fetching wind data from: http://localhost:8090/events/wind-speed?start_timestamp=2025-02-13T17:02:33.444636&end_timestamp=2025-02-13T17:03:03.443626
2025-02-13 17:03:03,443 - basicLogger - DEBUG - Fetching wind data from: http://localhost:8090/events/temperature?start_timestamp=2025-02-13T17:02:33.444636&end_timestamp=2025-02-13T17:03:03.443626
2025-02-13 17:03:03,518 - basicLogger - DEBUG - [{'deviceID': 'device123', 'eventID': '981681d9-f57b-4aa2-a0e2-da9cb5eb1984', 'temperature': 26, 'timeStamp': '2025-02-13T17:02:34', 'trace_id': 'b65c8c96-45ac-4977-b808-12aace77967d'}, {'deviceID': 'device123', 'eventID': '2ec56f42-d3c7-4938-becd-f0ba9d0664ac', 'temperature': 34, 'timeStamp': '2025-02-13T17:02:34', 'trace_id': '749d87e0-2aba-4b68-befd-e973427e5253'}, {'deviceID': 'device123', 'eventID': '64375933-b17f-452c-9373-adced91f2901', 'temperature': 30, 'timeStamp': '2025-02-13T17:02:34', 'trace_id': 'a2020f6b-6049-4906-8d28-96a5db771ad6'}, {'deviceID': 'device123', 'eventID': '96d2a68f-87d9-449f-baa4-96d20dc12eb4', 'temperature': 20, 'timeStamp': '2025-02-13T17:02:34', 'trace_id': 'a8ca4217-8c91-4f90-8089-15363d979a1c'}, {'deviceID': 'device123', 'eventID': '521f6335-60f8-4890-8a55-09fd3f2f1711', 'temperature': 19, 'timeStamp': '2025-02-13T17:02:34', 'trace_id': '1d923644-1fd8-4631-89d9-bae50de8e1f6'}, {'deviceID': 'device123', 'eventID': '2b267a2f-c8db-4abd-830a-f671fed0e569', 'temperature': 30, 'timeStamp': '2025-02-13T17:02:34', 'trace_id': '3df0de15-a492-4d80-95ce-ebc5cb41fb6f'}, {'deviceID': 'device123', 'eventID': '65ce0e4e-ed5c-47ed-8536-1ce47c740654', 'temperature': 21, 'timeStamp': '2025-02-13T17:02:34', 'trace_id': '37fcecf3-78a1-471d-93dd-6f4b87c60381'}, {'deviceID': 'device123', 'eventID': 'f2a8c6d0-76c7-4f91-ad1c-1b5752cd30e5', 'temperature': 23, 'timeStamp': '2025-02-13T17:02:34', 'trace_id': '88647bfa-6981-4461-bf3b-464f103a1262'}, {'deviceID': 'device123', 'eventID': 'c62b2bca-0276-44ba-bc16-07df09f31f3f', 'temperature': 32, 'timeStamp': '2025-02-13T17:02:34', 'trace_id': '93c231d4-dd21-4aac-b4dd-7791794d99cb'}, {'deviceID': 'device123', 'eventID': 'fb1f452e-f36c-4998-919c-4ec2bbd8a952', 'temperature': 27, 'timeStamp': '2025-02-13T17:02:34', 'trace_id': '1b7667ad-4234-42f7-ba80-ec0b3ccdd4eb'}, {'deviceID': 'device123', 'eventID': '203210bc-233b-48ec-bcc5-036f8a6d3eeb', 'temperature': 32, 'timeStamp': '2025-02-13T17:02:34', 'trace_id': '51050e05-d907-4ab0-9253-62e0b76164bd'}, {'deviceID': 'device123', 'eventID': '156b965f-a2ca-427b-93a5-f2d01b65d968', 'temperature': 17, 'timeStamp': '2025-02-13T17:02:34', 'trace_id': '9b22d1a4-4458-41f8-a57c-adc5b48c6c7f'}, {'deviceID': 'device123', 'eventID': '81561eff-aa36-497e-a775-dd2c7855c880', 'temperature': 33, 'timeStamp': '2025-02-13T17:02:34', 'trace_id': 'ea82d637-2841-428f-ae0a-4b7b95ca3835'}, {'deviceID': 'device123', 'eventID': '106af223-6db4-4328-b7dd-da8c5a857a0d', 'temperature': 19, 'timeStamp': '2025-02-13T17:02:35', 'trace_id': '9e7c0491-c872-488f-9645-0bfcd56944fd'}, {'deviceID': 'device123', 'eventID': '0788d7fe-7305-413a-b185-bc3e2f4a626e', 'temperature': 26, 'timeStamp': '2025-02-13T17:02:35', 'trace_id': 'be76d9d1-d1ce-40af-bd76-9e7f1d13a49a'}, {'deviceID': 'device123', 'eventID': 'fac7a708-370a-4647-8dec-1b56af1002b7', 'temperature': 17, 'timeStamp': '2025-02-13T17:02:35', 'trace_id': '43391261-41c6-4579-93c1-3c1afcca5b0e'}, {'deviceID': 'device123', 'eventID': '38d921e8-dc11-444e-ba31-f8d10e8949da', 'temperature': 20, 'timeStamp': '2025-02-13T17:02:35', 'trace_id': '4db5ec81-7ef4-4aa3-9c62-e183d6a27053'}, {'deviceID': 'device123', 'eventID': '8bd662ac-0471-4c6d-85f4-bce895aaaac9', 'temperature': 32, 'timeStamp': '2025-02-13T17:02:35', 'trace_id': '35685ac0-cfa3-4e47-be72-2536e8e2927f'}, {'deviceID': 'device123', 'eventID': '6d7da39c-04b3-4090-966f-b7913eb16a92', 'temperature': 20, 'timeStamp': '2025-02-13T17:02:35', 'trace_id': '47e6f9d8-72da-4065-bf62-ac95f5a01dea'}, {'deviceID': 'device123', 'eventID': '5dd764f4-0a1c-46c6-a5c3-8a9506bb23af', 'temperature': 22, 'timeStamp': '2025-02-13T17:02:35', 'trace_id': 'd75eb79a-ab02-400a-aeb6-8aa44e5c4ba4'}, {'deviceID': 'device123', 'eventID': 'cc4b4511-3b29-4262-aa16-ac51ecdf803e', 'temperature': 34, 'timeStamp': '2025-02-13T17:02:35', 'trace_id': '136f1be2-de6e-465b-b47b-9cccc3a409a9'}, {'deviceID': 'device123', 'eventID': 'cf81166d-1d01-4fa5-a1cd-8ccf2d3086d3', 'temperature': 24, 'timeStamp': '2025-02-13T17:02:35', 'trace_id': 'd1eab2b0-707c-4bad-be95-a1899687ca97'}, {'deviceID': 'device123', 'eventID': '86a0dc5f-ecdc-46ff-95b8-0e44d5573935', 'temperature': 21, 'timeStamp': '2025-02-13T17:02:35', 'trace_id': 'be43aec3-3b24-4bbb-a9f6-6ad571085ff3'}, {'deviceID': 'device123', 'eventID': 'f9bcb595-c68e-40f8-bd4b-53eec89df3a4', 'temperature': 31, 'timeStamp': '2025-02-13T17:02:35', 'trace_id': 'dfd09bf6-11b6-4f27-9275-50079992c740'}, {'deviceID': 'device123', 'eventID': 'fcb34bed-f521-4ac9-be6b-a730ed39380a', 'temperature': 21, 'timeStamp': '2025-02-13T17:02:35', 'trace_id': '127704c7-552f-4fa3-9749-a46a39b778a6'}]
2025-02-13 17:03:03,519 - basicLogger - DEBUG - Temperature Response: [{'deviceID': 'device123', 'eventID': '981681d9-f57b-4aa2-a0e2-da9cb5eb1984', 'temperature': 26, 'timeStamp': '2025-02-13T17:02:34', 'trace_id': 'b65c8c96-45ac-4977-b808-12aace77967d'}, {'deviceID': 'device123', 'eventID': '2ec56f42-d3c7-4938-becd-f0ba9d0664ac', 'temperature': 34, 'timeStamp': '2025-02-13T17:02:34', 'trace_id': '749d87e0-2aba-4b68-befd-e973427e5253'}, {'deviceID': 'device123', 'eventID': '64375933-b17f-452c-9373-adced91f2901', 'temperature': 30, 'timeStamp': '2025-02-13T17:02:34', 'trace_id': 'a2020f6b-6049-4906-8d28-96a5db771ad6'}, {'deviceID': 'device123', 'eventID': '96d2a68f-87d9-449f-baa4-96d20dc12eb4', 'temperature': 20, 'timeStamp': '2025-02-13T17:02:34', 'trace_id': 'a8ca4217-8c91-4f90-8089-15363d979a1c'}, {'deviceID': 'device123', 'eventID': '521f6335-60f8-4890-8a55-09fd3f2f1711', 'temperature': 19, 'timeStamp': '2025-02-13T17:02:34', 'trace_id': '1d923644-1fd8-4631-89d9-bae50de8e1f6'}, {'deviceID': 'device123', 'eventID': '2b267a2f-c8db-4abd-830a-f671fed0e569', 'temperature': 30, 'timeStamp': '2025-02-13T17:02:34', 'trace_id': '3df0de15-a492-4d80-95ce-ebc5cb41fb6f'}, {'deviceID': 'device123', 'eventID': '65ce0e4e-ed5c-47ed-8536-1ce47c740654', 'temperature': 21, 'timeStamp': '2025-02-13T17:02:34', 'trace_id': '37fcecf3-78a1-471d-93dd-6f4b87c60381'}, {'deviceID': 'device123', 'eventID': 'f2a8c6d0-76c7-4f91-ad1c-1b5752cd30e5', 'temperature': 23, 'timeStamp': '2025-02-13T17:02:34', 'trace_id': '88647bfa-6981-4461-bf3b-464f103a1262'}, {'deviceID': 'device123', 'eventID': 'c62b2bca-0276-44ba-bc16-07df09f31f3f', 'temperature': 32, 'timeStamp': '2025-02-13T17:02:34', 'trace_id': '93c231d4-dd21-4aac-b4dd-7791794d99cb'}, {'deviceID': 'device123', 'eventID': 'fb1f452e-f36c-4998-919c-4ec2bbd8a952', 'temperature': 27, 'timeStamp': '2025-02-13T17:02:34', 'trace_id': '1b7667ad-4234-42f7-ba80-ec0b3ccdd4eb'}, {'deviceID': 'device123', 'eventID': '203210bc-233b-48ec-bcc5-036f8a6d3eeb', 'temperature': 32, 'timeStamp': '2025-02-13T17:02:34', 'trace_id': '51050e05-d907-4ab0-9253-62e0b76164bd'}, {'deviceID': 'device123', 'eventID': '156b965f-a2ca-427b-93a5-f2d01b65d968', 'temperature': 17, 'timeStamp': '2025-02-13T17:02:34', 'trace_id': '9b22d1a4-4458-41f8-a57c-adc5b48c6c7f'}, {'deviceID': 'device123', 'eventID': '81561eff-aa36-497e-a775-dd2c7855c880', 'temperature': 33, 'timeStamp': '2025-02-13T17:02:34', 'trace_id': 'ea82d637-2841-428f-ae0a-4b7b95ca3835'}, {'deviceID': 'device123', 'eventID': '106af223-6db4-4328-b7dd-da8c5a857a0d', 'temperature': 19, 'timeStamp': '2025-02-13T17:02:35', 'trace_id': '9e7c0491-c872-488f-9645-0bfcd56944fd'}, {'deviceID': 'device123', 'eventID': '0788d7fe-7305-413a-b185-bc3e2f4a626e', 'temperature': 26, 'timeStamp': '2025-02-13T17:02:35', 'trace_id': 'be76d9d1-d1ce-40af-bd76-9e7f1d13a49a'}, {'deviceID': 'device123', 'eventID': 'fac7a708-370a-4647-8dec-1b56af1002b7', 'temperature': 17, 'timeStamp': '2025-02-13T17:02:35', 'trace_id': '43391261-41c6-4579-93c1-3c1afcca5b0e'}, {'deviceID': 'device123', 'eventID': '38d921e8-dc11-444e-ba31-f8d10e8949da', 'temperature': 20, 'timeStamp': '2025-02-13T17:02:35', 'trace_id': '4db5ec81-7ef4-4aa3-9c62-e183d6a27053'}, {'deviceID': 'device123', 'eventID': '8bd662ac-0471-4c6d-85f4-bce895aaaac9', 'temperature': 32, 'timeStamp': '2025-02-13T17:02:35', 'trace_id': '35685ac0-cfa3-4e47-be72-2536e8e2927f'}, {'deviceID': 'device123', 'eventID': '6d7da39c-04b3-4090-966f-b7913eb16a92', 'temperature': 20, 'timeStamp': '2025-02-13T17:02:35', 'trace_id': '47e6f9d8-72da-4065-bf62-ac95f5a01dea'}, {'deviceID': 'device123', 'eventID': '5dd764f4-0a1c-46c6-a5c3-8a9506bb23af', 'temperature': 22, 'timeStamp': '2025-02-13T17:02:35', 'trace_id': 'd75eb79a-ab02-400a-aeb6-8aa44e5c4ba4'}, {'deviceID': 'device123', 'eventID': 'cc4b4511-3b29-4262-aa16-ac51ecdf803e', 'temperature': 34, 'timeStamp': '2025-02-13T17:02:35', 'trace_id': '136f1be2-de6e-465b-b47b-9cccc3a409a9'}, {'deviceID': 'device123', 'eventID': 'cf81166d-1d01-4fa5-a1cd-8ccf2d3086d3', 'temperature': 24, 'timeStamp': '2025-02-13T17:02:35', 'trace_id': 'd1eab2b0-707c-4bad-be95-a1899687ca97'}, {'deviceID': 'device123', 'eventID': '86a0dc5f-ecdc-46ff-95b8-0e44d5573935', 'temperature': 21, 'timeStamp': '2025-02-13T17:02:35', 'trace_id': 'be43aec3-3b24-4bbb-a9f6-6ad571085ff3'}, {'deviceID': 'device123', 'eventID': 'f9bcb595-c68e-40f8-bd4b-53eec89df3a4', 'temperature': 31, 'timeStamp': '2025-02-13T17:02:35', 'trace_id': 'dfd09bf6-11b6-4f27-9275-50079992c740'}, {'deviceID': 'device123', 'eventID': 'fcb34bed-f521-4ac9-be6b-a730ed39380a', 'temperature': 21, 'timeStamp': '2025-02-13T17:02:35', 'trace_id': '127704c7-552f-4fa3-9749-a46a39b778a6'}]
2025-02-13 17:03:03,519 - basicLogger - DEBUG - Windspeed Response: [{'deviceID': 'windSensor-001', 'eventID': '058523c1-4c28-4cbd-98de-202fc4d2ba6a', 'location': {'latitude': 39, 'longitude': -74}, 'timeStamp': '2025-02-13T17:02:34', 'trace_id': '6c2c1b6f-e6e8-405b-b6f3-69cd80a3a30e', 'windspeed': 16}, {'deviceID': 'windSensor-001', 'eventID': '82d1c27d-fb8a-4b1c-9dfe-0acbb5e76e29', 'location': {'latitude': 41, 'longitude': -74}, 'timeStamp': '2025-02-13T17:02:34', 'trace_id': 'ea384269-7308-4447-8795-2e6cbad4a1c2', 'windspeed': 13}, {'deviceID': 'windSensor-001', 'eventID': 'dae9e105-bf79-4f9c-a581-d3cced9b9329', 'location': {'latitude': 44, 'longitude': -80}, 'timeStamp': '2025-02-13T17:02:34', 'trace_id': 'f1dbaf6a-7d62-443d-9a5f-b6ac50f9c60d', 'windspeed': 12}, {'deviceID': 'windSensor-001', 'eventID': 'ed4cecfe-a163-4afe-a623-670a9922aa4a', 'location': {'latitude': 41, 'longitude': -80}, 'timeStamp': '2025-02-13T17:02:34', 'trace_id': '6824c81e-3bf8-4d59-ab08-0c83a470776b', 'windspeed': 5}, {'deviceID': 'windSensor-001', 'eventID': '43670402-e325-430f-b671-b3c107bbd81f', 'location': {'latitude': 45, 'longitude': -74}, 'timeStamp': '2025-02-13T17:02:34', 'trace_id': 'bdef2dc1-d938-4df6-8bc5-2b5bfe680cbb', 'windspeed': 30}, {'deviceID': 'windSensor-001', 'eventID': 'beaa3521-6060-4491-a95d-463312f2bd5f', 'location': {'latitude': 42, 'longitude': -74}, 'timeStamp': '2025-02-13T17:02:34', 'trace_id': 'c60acb22-3c60-479a-a850-d9a9a2cfe50c', 'windspeed': 19}, {'deviceID': 'windSensor-001', 'eventID': 'dd6461d9-bc8c-4f84-9bcc-be7abef40a81', 'location': {'latitude': 43, 'longitude': -75}, 'timeStamp': '2025-02-13T17:02:34', 'trace_id': '3100afc1-0f82-45c0-9c8e-752e8fe726c6', 'windspeed': 29}, {'deviceID': 'windSensor-001', 'eventID': '231165a4-0617-44bf-a49a-da14e27e95c4', 'location': {'latitude': 39, 'longitude': -78}, 'timeStamp': '2025-02-13T17:02:34', 'trace_id': '4060c9d9-e2ef-421a-830c-05de5516b6ba', 'windspeed': 26}, {'deviceID': 'windSensor-001', 'eventID': '5f66065c-30a3-44b4-9cae-37679fa60045', 'location': {'latitude': 43, 'longitude': -76}, 'timeStamp': '2025-02-13T17:02:34', 'trace_id': 'ff1af1e1-c309-4dfc-b769-140e30de5c17', 'windspeed': 20}, {'deviceID': 'windSensor-001', 'eventID': '46674a1a-a67d-4b52-915c-b8947075cb67', 'location': {'latitude': 35, 'longitude': -78}, 'timeStamp': '2025-02-13T17:02:34', 'trace_id': '94d44da1-30e6-4090-87f3-24bf7753fb7c', 'windspeed': 17}, {'deviceID': 'windSensor-001', 'eventID': 'f9f3e0fb-88ba-4ee0-8981-6a3c6ad39688', 'location': {'latitude': 43, 'longitude': -78}, 'timeStamp': '2025-02-13T17:02:34', 'trace_id': 'f214ea51-94a4-4f93-980a-031d47b037d6', 'windspeed': 10}, {'deviceID': 'windSensor-001', 'eventID': 'e52b04e0-69e4-4be1-a511-acb991118248', 'location': {'latitude': 42, 'longitude': -75}, 'timeStamp': '2025-02-13T17:02:34', 'trace_id': 'fdf47e85-15ff-4c64-ba73-46bb8cd42952', 'windspeed': 13}, {'deviceID': 'windSensor-001', 'eventID': '4b23c735-7c8d-4014-9fc9-a1af479b7e9b', 'location': {'latitude': 43, 'longitude': -74}, 'timeStamp': '2025-02-13T17:02:34', 'trace_id': '06feaa98-8e25-4488-96cf-59cef227e60e', 'windspeed': 24}, {'deviceID': 'windSensor-001', 'eventID': 'c971b1a3-7f05-4e50-9ba1-23924f28f078', 'location': {'latitude': 37, 'longitude': -70}, 'timeStamp': '2025-02-13T17:02:35', 'trace_id': '08b2d47c-6121-4f4e-a521-204e9423392f', 'windspeed': 9}, {'deviceID': 'windSensor-001', 'eventID': 'e48c600c-2cae-42b2-87f7-62e27679be4c', 'location': {'latitude': 44, 'longitude': -80}, 'timeStamp': '2025-02-13T17:02:35', 'trace_id': '323ee4f7-972d-416f-92e3-e0f156135458', 'windspeed': 24}, {'deviceID': 'windSensor-001', 'eventID': '13b992cc-6215-4e4a-88d5-ff884c1a7d93', 'location': {'latitude': 42, 'longitude': -75}, 'timeStamp': '2025-02-13T17:02:35', 'trace_id': '4bc7bd30-aaca-43b7-8450-9ade2e762d87', 'windspeed': 26}, {'deviceID': 'windSensor-001', 'eventID': '617e87ee-9662-4a5e-9cf5-6a22398cd161', 'location': {'latitude': 36, 'longitude': -75}, 'timeStamp': '2025-02-13T17:02:35', 'trace_id': 'cf0598be-1c96-4a50-8084-838348f0ee5d', 'windspeed': 8}, {'deviceID': 'windSensor-001', 'eventID': 'e895ec1f-0236-4285-b651-21f61f871d03', 'location': {'latitude': 35, 'longitude': -78}, 'timeStamp': '2025-02-13T17:02:35', 'trace_id': 'fdbdd87d-5ff5-4045-b819-9232aac5ea62', 'windspeed': 19}, {'deviceID': 'windSensor-001', 'eventID': '457b2827-afd1-4607-a7c9-575dcfeae254', 'location': {'latitude': 40, 'longitude': -71}, 'timeStamp': '2025-02-13T17:02:35', 'trace_id': 'a0b9cc5b-d115-4978-b9e6-c6d7bae167c3', 'windspeed': 8}, {'deviceID': 'windSensor-001', 'eventID': '07a67048-e67b-4ae7-8251-65269bc5ab4e', 'location': {'latitude': 43, 'longitude': -73}, 'timeStamp': '2025-02-13T17:02:35', 'trace_id': 'bfde2c08-1beb-4712-8856-f02cd3311e5b', 'windspeed': 9}, {'deviceID': 'windSensor-001', 'eventID': '4239406f-3770-4174-8753-249bd2b885ce', 'location': {'latitude': 37, 'longitude': -76}, 'timeStamp': '2025-02-13T17:02:35', 'trace_id': '71a07b44-41cc-4ccc-988f-d4e1058ea8cd', 'windspeed': 20}, {'deviceID': 'windSensor-001', 'eventID': 'ead3b417-ff85-4aa6-a767-66b134309790', 'location': {'latitude': 40, 'longitude': -71}, 'timeStamp': '2025-02-13T17:02:35', 'trace_id': '467fa506-594e-47e5-8f41-6fc17c793378', 'windspeed': 29}, {'deviceID': 'windSensor-001', 'eventID': '852729e4-ba07-41e1-8cf0-3d3d8a3339fe', 'location': {'latitude': 45, 'longitude': -72}, 'timeStamp': '2025-02-13T17:02:35', 'trace_id': '65952270-bafd-4b20-8452-c503d63fdf96', 'windspeed': 25}, {'deviceID': 'windSensor-001', 'eventID': '5e7243e7-9197-4fa6-aae9-d2c2c5cdc1c8', 'location': {'latitude': 45, 'longitude': -70}, 'timeStamp': '2025-02-13T17:02:35', 'trace_id': 'b257bbf8-1a36-49b2-80b3-ba36708677c8', 'windspeed': 11}, {'deviceID': 'windSensor-001', 'eventID': '5bc4d1b8-aa1d-40a5-a82f-6cceeb4f8fe5', 'location': {'latitude': 42, 'longitude': -76}, 'timeStamp': '2025-02-13T17:02:35', 'trace_id': 'ba91f6c7-db02-40d2-9b75-858f49dd1d28', 'windspeed': 22}]
2025-02-13 17:03:03,519 - basicLogger - DEBUG - Temperature Response Status Code: 200
2025-02-13 17:03:03,519 - basicLogger - DEBUG - Wind Speed Response Status Code: 200
2025-02-13 17:03:03,519 - basicLogger - DEBUG - Temperature Response Raw: [
  {
    "deviceID": "device123",
    "eventID": "981681d9-f57b-4aa2-a0e2-da9cb5eb1984",
    "temperature": 26,
    "timeStamp": "2025-02-13T17:02:34",
    "trace_id": "b65c8c96-45ac-4977-b808-12aace77967d"
  },
  {
    "deviceID": "device123",
    "eventID": "2ec56f42-d3c7-4938-becd-f0ba9d0664ac",
    "temperature": 34,
    "timeStamp": "2025-02-13T17:02:34",
    "trace_id": "749d87e0-2aba-4b68-befd-e973427e5253"
  },
  {
    "deviceID": "device123",
    "eventID": "64375933-b17f-452c-9373-adced91f2901",
    "temperature": 30,
    "timeStamp": "2025-02-13T17:02:34",
    "trace_id": "a2020f6b-6049-4906-8d28-96a5db771ad6"
  },
  {
    "deviceID": "device123",
    "eventID": "96d2a68f-87d9-449f-baa4-96d20dc12eb4",
    "temperature": 20,
    "timeStamp": "2025-02-13T17:02:34",
    "trace_id": "a8ca4217-8c91-4f90-8089-15363d979a1c"
  },
  {
    "deviceID": "device123",
    "eventID": "521f6335-60f8-4890-8a55-09fd3f2f1711",
    "temperature": 19,
    "timeStamp": "2025-02-13T17:02:34",
    "trace_id": "1d923644-1fd8-4631-89d9-bae50de8e1f6"
  },
  {
    "deviceID": "device123",
    "eventID": "2b267a2f-c8db-4abd-830a-f671fed0e569",
    "temperature": 30,
    "timeStamp": "2025-02-13T17:02:34",
    "trace_id": "3df0de15-a492-4d80-95ce-ebc5cb41fb6f"
  },
  {
    "deviceID": "device123",
    "eventID": "65ce0e4e-ed5c-47ed-8536-1ce47c740654",
    "temperature": 21,
    "timeStamp": "2025-02-13T17:02:34",
    "trace_id": "37fcecf3-78a1-471d-93dd-6f4b87c60381"
  },
  {
    "deviceID": "device123",
    "eventID": "f2a8c6d0-76c7-4f91-ad1c-1b5752cd30e5",
    "temperature": 23,
    "timeStamp": "2025-02-13T17:02:34",
    "trace_id": "88647bfa-6981-4461-bf3b-464f103a1262"
  },
  {
    "deviceID": "device123",
    "eventID": "c62b2bca-0276-44ba-bc16-07df09f31f3f",
    "temperature": 32,
    "timeStamp": "2025-02-13T17:02:34",
    "trace_id": "93c231d4-dd21-4aac-b4dd-7791794d99cb"
  },
  {
    "deviceID": "device123",
    "eventID": "fb1f452e-f36c-4998-919c-4ec2bbd8a952",
    "temperature": 27,
    "timeStamp": "2025-02-13T17:02:34",
    "trace_id": "1b7667ad-4234-42f7-ba80-ec0b3ccdd4eb"
  },
  {
    "deviceID": "device123",
    "eventID": "203210bc-233b-48ec-bcc5-036f8a6d3eeb",
    "temperature": 32,
    "timeStamp": "2025-02-13T17:02:34",
    "trace_id": "51050e05-d907-4ab0-9253-62e0b76164bd"
  },
  {
    "deviceID": "device123",
    "eventID": "156b965f-a2ca-427b-93a5-f2d01b65d968",
    "temperature": 17,
    "timeStamp": "2025-02-13T17:02:34",
    "trace_id": "9b22d1a4-4458-41f8-a57c-adc5b48c6c7f"
  },
  {
    "deviceID": "device123",
    "eventID": "81561eff-aa36-497e-a775-dd2c7855c880",
    "temperature": 33,
    "timeStamp": "2025-02-13T17:02:34",
    "trace_id": "ea82d637-2841-428f-ae0a-4b7b95ca3835"
  },
  {
    "deviceID": "device123",
    "eventID": "106af223-6db4-4328-b7dd-da8c5a857a0d",
    "temperature": 19,
    "timeStamp": "2025-02-13T17:02:35",
    "trace_id": "9e7c0491-c872-488f-9645-0bfcd56944fd"
  },
  {
    "deviceID": "device123",
    "eventID": "0788d7fe-7305-413a-b185-bc3e2f4a626e",
    "temperature": 26,
    "timeStamp": "2025-02-13T17:02:35",
    "trace_id": "be76d9d1-d1ce-40af-bd76-9e7f1d13a49a"
  },
  {
    "deviceID": "device123",
    "eventID": "fac7a708-370a-4647-8dec-1b56af1002b7",
    "temperature": 17,
    "timeStamp": "2025-02-13T17:02:35",
    "trace_id": "43391261-41c6-4579-93c1-3c1afcca5b0e"
  },
  {
    "deviceID": "device123",
    "eventID": "38d921e8-dc11-444e-ba31-f8d10e8949da",
    "temperature": 20,
    "timeStamp": "2025-02-13T17:02:35",
    "trace_id": "4db5ec81-7ef4-4aa3-9c62-e183d6a27053"
  },
  {
    "deviceID": "device123",
    "eventID": "8bd662ac-0471-4c6d-85f4-bce895aaaac9",
    "temperature": 32,
    "timeStamp": "2025-02-13T17:02:35",
    "trace_id": "35685ac0-cfa3-4e47-be72-2536e8e2927f"
  },
  {
    "deviceID": "device123",
    "eventID": "6d7da39c-04b3-4090-966f-b7913eb16a92",
    "temperature": 20,
    "timeStamp": "2025-02-13T17:02:35",
    "trace_id": "47e6f9d8-72da-4065-bf62-ac95f5a01dea"
  },
  {
    "deviceID": "device123",
    "eventID": "5dd764f4-0a1c-46c6-a5c3-8a9506bb23af",
    "temperature": 22,
    "timeStamp": "2025-02-13T17:02:35",
    "trace_id": "d75eb79a-ab02-400a-aeb6-8aa44e5c4ba4"
  },
  {
    "deviceID": "device123",
    "eventID": "cc4b4511-3b29-4262-aa16-ac51ecdf803e",
    "temperature": 34,
    "timeStamp": "2025-02-13T17:02:35",
    "trace_id": "136f1be2-de6e-465b-b47b-9cccc3a409a9"
  },
  {
    "deviceID": "device123",
    "eventID": "cf81166d-1d01-4fa5-a1cd-8ccf2d3086d3",
    "temperature": 24,
    "timeStamp": "2025-02-13T17:02:35",
    "trace_id": "d1eab2b0-707c-4bad-be95-a1899687ca97"
  },
  {
    "deviceID": "device123",
    "eventID": "86a0dc5f-ecdc-46ff-95b8-0e44d5573935",
    "temperature": 21,
    "timeStamp": "2025-02-13T17:02:35",
    "trace_id": "be43aec3-3b24-4bbb-a9f6-6ad571085ff3"
  },
  {
    "deviceID": "device123",
    "eventID": "f9bcb595-c68e-40f8-bd4b-53eec89df3a4",
    "temperature": 31,
    "timeStamp": "2025-02-13T17:02:35",
    "trace_id": "dfd09bf6-11b6-4f27-9275-50079992c740"
  },
  {
    "deviceID": "device123",
    "eventID": "fcb34bed-f521-4ac9-be6b-a730ed39380a",
    "temperature": 21,
    "timeStamp": "2025-02-13T17:02:35",
    "trace_id": "127704c7-552f-4fa3-9749-a46a39b778a6"
  }
]

2025-02-13 17:03:03,520 - basicLogger - DEBUG - Windspeed Response Raw: [
  {
    "deviceID": "windSensor-001",
    "eventID": "058523c1-4c28-4cbd-98de-202fc4d2ba6a",
    "location": {
      "latitude": 39,
      "longitude": -74
    },
    "timeStamp": "2025-02-13T17:02:34",
    "trace_id": "6c2c1b6f-e6e8-405b-b6f3-69cd80a3a30e",
    "windspeed": 16
  },
  {
    "deviceID": "windSensor-001",
    "eventID": "82d1c27d-fb8a-4b1c-9dfe-0acbb5e76e29",
    "location": {
      "latitude": 41,
      "longitude": -74
    },
    "timeStamp": "2025-02-13T17:02:34",
    "trace_id": "ea384269-7308-4447-8795-2e6cbad4a1c2",
    "windspeed": 13
  },
  {
    "deviceID": "windSensor-001",
    "eventID": "dae9e105-bf79-4f9c-a581-d3cced9b9329",
    "location": {
      "latitude": 44,
      "longitude": -80
    },
    "timeStamp": "2025-02-13T17:02:34",
    "trace_id": "f1dbaf6a-7d62-443d-9a5f-b6ac50f9c60d",
    "windspeed": 12
  },
  {
    "deviceID": "windSensor-001",
    "eventID": "ed4cecfe-a163-4afe-a623-670a9922aa4a",
    "location": {
      "latitude": 41,
      "longitude": -80
    },
    "timeStamp": "2025-02-13T17:02:34",
    "trace_id": "6824c81e-3bf8-4d59-ab08-0c83a470776b",
    "windspeed": 5
  },
  {
    "deviceID": "windSensor-001",
    "eventID": "43670402-e325-430f-b671-b3c107bbd81f",
    "location": {
      "latitude": 45,
      "longitude": -74
    },
    "timeStamp": "2025-02-13T17:02:34",
    "trace_id": "bdef2dc1-d938-4df6-8bc5-2b5bfe680cbb",
    "windspeed": 30
  },
  {
    "deviceID": "windSensor-001",
    "eventID": "beaa3521-6060-4491-a95d-463312f2bd5f",
    "location": {
      "latitude": 42,
      "longitude": -74
    },
    "timeStamp": "2025-02-13T17:02:34",
    "trace_id": "c60acb22-3c60-479a-a850-d9a9a2cfe50c",
    "windspeed": 19
  },
  {
    "deviceID": "windSensor-001",
    "eventID": "dd6461d9-bc8c-4f84-9bcc-be7abef40a81",
    "location": {
      "latitude": 43,
      "longitude": -75
    },
    "timeStamp": "2025-02-13T17:02:34",
    "trace_id": "3100afc1-0f82-45c0-9c8e-752e8fe726c6",
    "windspeed": 29
  },
  {
    "deviceID": "windSensor-001",
    "eventID": "231165a4-0617-44bf-a49a-da14e27e95c4",
    "location": {
      "latitude": 39,
      "longitude": -78
    },
    "timeStamp": "2025-02-13T17:02:34",
    "trace_id": "4060c9d9-e2ef-421a-830c-05de5516b6ba",
    "windspeed": 26
  },
  {
    "deviceID": "windSensor-001",
    "eventID": "5f66065c-30a3-44b4-9cae-37679fa60045",
    "location": {
      "latitude": 43,
      "longitude": -76
    },
    "timeStamp": "2025-02-13T17:02:34",
    "trace_id": "ff1af1e1-c309-4dfc-b769-140e30de5c17",
    "windspeed": 20
  },
  {
    "deviceID": "windSensor-001",
    "eventID": "46674a1a-a67d-4b52-915c-b8947075cb67",
    "location": {
      "latitude": 35,
      "longitude": -78
    },
    "timeStamp": "2025-02-13T17:02:34",
    "trace_id": "94d44da1-30e6-4090-87f3-24bf7753fb7c",
    "windspeed": 17
  },
  {
    "deviceID": "windSensor-001",
    "eventID": "f9f3e0fb-88ba-4ee0-8981-6a3c6ad39688",
    "location": {
      "latitude": 43,
      "longitude": -78
    },
    "timeStamp": "2025-02-13T17:02:34",
    "trace_id": "f214ea51-94a4-4f93-980a-031d47b037d6",
    "windspeed": 10
  },
  {
    "deviceID": "windSensor-001",
    "eventID": "e52b04e0-69e4-4be1-a511-acb991118248",
    "location": {
      "latitude": 42,
      "longitude": -75
    },
    "timeStamp": "2025-02-13T17:02:34",
    "trace_id": "fdf47e85-15ff-4c64-ba73-46bb8cd42952",
    "windspeed": 13
  },
  {
    "deviceID": "windSensor-001",
    "eventID": "4b23c735-7c8d-4014-9fc9-a1af479b7e9b",
    "location": {
      "latitude": 43,
      "longitude": -74
    },
    "timeStamp": "2025-02-13T17:02:34",
    "trace_id": "06feaa98-8e25-4488-96cf-59cef227e60e",
    "windspeed": 24
  },
  {
    "deviceID": "windSensor-001",
    "eventID": "c971b1a3-7f05-4e50-9ba1-23924f28f078",
    "location": {
      "latitude": 37,
      "longitude": -70
    },
    "timeStamp": "2025-02-13T17:02:35",
    "trace_id": "08b2d47c-6121-4f4e-a521-204e9423392f",
    "windspeed": 9
  },
  {
    "deviceID": "windSensor-001",
    "eventID": "e48c600c-2cae-42b2-87f7-62e27679be4c",
    "location": {
      "latitude": 44,
      "longitude": -80
    },
    "timeStamp": "2025-02-13T17:02:35",
    "trace_id": "323ee4f7-972d-416f-92e3-e0f156135458",
    "windspeed": 24
  },
  {
    "deviceID": "windSensor-001",
    "eventID": "13b992cc-6215-4e4a-88d5-ff884c1a7d93",
    "location": {
      "latitude": 42,
      "longitude": -75
    },
    "timeStamp": "2025-02-13T17:02:35",
    "trace_id": "4bc7bd30-aaca-43b7-8450-9ade2e762d87",
    "windspeed": 26
  },
  {
    "deviceID": "windSensor-001",
    "eventID": "617e87ee-9662-4a5e-9cf5-6a22398cd161",
    "location": {
      "latitude": 36,
      "longitude": -75
    },
    "timeStamp": "2025-02-13T17:02:35",
    "trace_id": "cf0598be-1c96-4a50-8084-838348f0ee5d",
    "windspeed": 8
  },
  {
    "deviceID": "windSensor-001",
    "eventID": "e895ec1f-0236-4285-b651-21f61f871d03",
    "location": {
      "latitude": 35,
      "longitude": -78
    },
    "timeStamp": "2025-02-13T17:02:35",
    "trace_id": "fdbdd87d-5ff5-4045-b819-9232aac5ea62",
    "windspeed": 19
  },
  {
    "deviceID": "windSensor-001",
    "eventID": "457b2827-afd1-4607-a7c9-575dcfeae254",
    "location": {
      "latitude": 40,
      "longitude": -71
    },
    "timeStamp": "2025-02-13T17:02:35",
    "trace_id": "a0b9cc5b-d115-4978-b9e6-c6d7bae167c3",
    "windspeed": 8
  },
  {
    "deviceID": "windSensor-001",
    "eventID": "07a67048-e67b-4ae7-8251-65269bc5ab4e",
    "location": {
      "latitude": 43,
      "longitude": -73
    },
    "timeStamp": "2025-02-13T17:02:35",
    "trace_id": "bfde2c08-1beb-4712-8856-f02cd3311e5b",
    "windspeed": 9
  },
  {
    "deviceID": "windSensor-001",
    "eventID": "4239406f-3770-4174-8753-249bd2b885ce",
    "location": {
      "latitude": 37,
      "longitude": -76
    },
    "timeStamp": "2025-02-13T17:02:35",
    "trace_id": "71a07b44-41cc-4ccc-988f-d4e1058ea8cd",
    "windspeed": 20
  },
  {
    "deviceID": "windSensor-001",
    "eventID": "ead3b417-ff85-4aa6-a767-66b134309790",
    "location": {
      "latitude": 40,
      "longitude": -71
    },
    "timeStamp": "2025-02-13T17:02:35",
    "trace_id": "467fa506-594e-47e5-8f41-6fc17c793378",
    "windspeed": 29
  },
  {
    "deviceID": "windSensor-001",
    "eventID": "852729e4-ba07-41e1-8cf0-3d3d8a3339fe",
    "location": {
      "latitude": 45,
      "longitude": -72
    },
    "timeStamp": "2025-02-13T17:02:35",
    "trace_id": "65952270-bafd-4b20-8452-c503d63fdf96",
    "windspeed": 25
  },
  {
    "deviceID": "windSensor-001",
    "eventID": "5e7243e7-9197-4fa6-aae9-d2c2c5cdc1c8",
    "location": {
      "latitude": 45,
      "longitude": -70
    },
    "timeStamp": "2025-02-13T17:02:35",
    "trace_id": "b257bbf8-1a36-49b2-80b3-ba36708677c8",
    "windspeed": 11
  },
  {
    "deviceID": "windSensor-001",
    "eventID": "5bc4d1b8-aa1d-40a5-a82f-6cceeb4f8fe5",
    "location": {
      "latitude": 42,
      "longitude": -76
    },
    "timeStamp": "2025-02-13T17:02:35",
    "trace_id": "ba91f6c7-db02-40d2-9b75-858f49dd1d28",
    "windspeed": 22
  }
]

2025-02-13 17:03:03,520 - basicLogger - DEBUG - Requesting temperature data from 2025-02-13T17:02:33.444636 to 2025-02-13T17:03:03.443626
2025-02-13 17:03:03,520 - basicLogger - DEBUG - Requesting wind speed data from 2025-02-13T17:02:33.444636 to 2025-02-13T17:03:03.443626
2025-02-13 17:03:14,357 - basicLogger - INFO - Processing has started
2025-02-13 17:03:14,359 - basicLogger - DEBUG - Fetching wind data from: http://localhost:8090/events/wind-speed?start_timestamp=2025-02-13T17:02:33.444636&end_timestamp=2025-02-13T17:03:14.359214
2025-02-13 17:03:14,359 - basicLogger - DEBUG - Fetching wind data from: http://localhost:8090/events/temperature?start_timestamp=2025-02-13T17:02:33.444636&end_timestamp=2025-02-13T17:03:14.359214
2025-02-13 17:03:14,444 - basicLogger - DEBUG - [{'deviceID': 'device123', 'eventID': '981681d9-f57b-4aa2-a0e2-da9cb5eb1984', 'temperature': 26, 'timeStamp': '2025-02-13T17:02:34', 'trace_id': 'b65c8c96-45ac-4977-b808-12aace77967d'}, {'deviceID': 'device123', 'eventID': '2ec56f42-d3c7-4938-becd-f0ba9d0664ac', 'temperature': 34, 'timeStamp': '2025-02-13T17:02:34', 'trace_id': '749d87e0-2aba-4b68-befd-e973427e5253'}, {'deviceID': 'device123', 'eventID': '64375933-b17f-452c-9373-adced91f2901', 'temperature': 30, 'timeStamp': '2025-02-13T17:02:34', 'trace_id': 'a2020f6b-6049-4906-8d28-96a5db771ad6'}, {'deviceID': 'device123', 'eventID': '96d2a68f-87d9-449f-baa4-96d20dc12eb4', 'temperature': 20, 'timeStamp': '2025-02-13T17:02:34', 'trace_id': 'a8ca4217-8c91-4f90-8089-15363d979a1c'}, {'deviceID': 'device123', 'eventID': '521f6335-60f8-4890-8a55-09fd3f2f1711', 'temperature': 19, 'timeStamp': '2025-02-13T17:02:34', 'trace_id': '1d923644-1fd8-4631-89d9-bae50de8e1f6'}, {'deviceID': 'device123', 'eventID': '2b267a2f-c8db-4abd-830a-f671fed0e569', 'temperature': 30, 'timeStamp': '2025-02-13T17:02:34', 'trace_id': '3df0de15-a492-4d80-95ce-ebc5cb41fb6f'}, {'deviceID': 'device123', 'eventID': '65ce0e4e-ed5c-47ed-8536-1ce47c740654', 'temperature': 21, 'timeStamp': '2025-02-13T17:02:34', 'trace_id': '37fcecf3-78a1-471d-93dd-6f4b87c60381'}, {'deviceID': 'device123', 'eventID': 'f2a8c6d0-76c7-4f91-ad1c-1b5752cd30e5', 'temperature': 23, 'timeStamp': '2025-02-13T17:02:34', 'trace_id': '88647bfa-6981-4461-bf3b-464f103a1262'}, {'deviceID': 'device123', 'eventID': 'c62b2bca-0276-44ba-bc16-07df09f31f3f', 'temperature': 32, 'timeStamp': '2025-02-13T17:02:34', 'trace_id': '93c231d4-dd21-4aac-b4dd-7791794d99cb'}, {'deviceID': 'device123', 'eventID': 'fb1f452e-f36c-4998-919c-4ec2bbd8a952', 'temperature': 27, 'timeStamp': '2025-02-13T17:02:34', 'trace_id': '1b7667ad-4234-42f7-ba80-ec0b3ccdd4eb'}, {'deviceID': 'device123', 'eventID': '203210bc-233b-48ec-bcc5-036f8a6d3eeb', 'temperature': 32, 'timeStamp': '2025-02-13T17:02:34', 'trace_id': '51050e05-d907-4ab0-9253-62e0b76164bd'}, {'deviceID': 'device123', 'eventID': '156b965f-a2ca-427b-93a5-f2d01b65d968', 'temperature': 17, 'timeStamp': '2025-02-13T17:02:34', 'trace_id': '9b22d1a4-4458-41f8-a57c-adc5b48c6c7f'}, {'deviceID': 'device123', 'eventID': '81561eff-aa36-497e-a775-dd2c7855c880', 'temperature': 33, 'timeStamp': '2025-02-13T17:02:34', 'trace_id': 'ea82d637-2841-428f-ae0a-4b7b95ca3835'}, {'deviceID': 'device123', 'eventID': '106af223-6db4-4328-b7dd-da8c5a857a0d', 'temperature': 19, 'timeStamp': '2025-02-13T17:02:35', 'trace_id': '9e7c0491-c872-488f-9645-0bfcd56944fd'}, {'deviceID': 'device123', 'eventID': '0788d7fe-7305-413a-b185-bc3e2f4a626e', 'temperature': 26, 'timeStamp': '2025-02-13T17:02:35', 'trace_id': 'be76d9d1-d1ce-40af-bd76-9e7f1d13a49a'}, {'deviceID': 'device123', 'eventID': 'fac7a708-370a-4647-8dec-1b56af1002b7', 'temperature': 17, 'timeStamp': '2025-02-13T17:02:35', 'trace_id': '43391261-41c6-4579-93c1-3c1afcca5b0e'}, {'deviceID': 'device123', 'eventID': '38d921e8-dc11-444e-ba31-f8d10e8949da', 'temperature': 20, 'timeStamp': '2025-02-13T17:02:35', 'trace_id': '4db5ec81-7ef4-4aa3-9c62-e183d6a27053'}, {'deviceID': 'device123', 'eventID': '8bd662ac-0471-4c6d-85f4-bce895aaaac9', 'temperature': 32, 'timeStamp': '2025-02-13T17:02:35', 'trace_id': '35685ac0-cfa3-4e47-be72-2536e8e2927f'}, {'deviceID': 'device123', 'eventID': '6d7da39c-04b3-4090-966f-b7913eb16a92', 'temperature': 20, 'timeStamp': '2025-02-13T17:02:35', 'trace_id': '47e6f9d8-72da-4065-bf62-ac95f5a01dea'}, {'deviceID': 'device123', 'eventID': '5dd764f4-0a1c-46c6-a5c3-8a9506bb23af', 'temperature': 22, 'timeStamp': '2025-02-13T17:02:35', 'trace_id': 'd75eb79a-ab02-400a-aeb6-8aa44e5c4ba4'}, {'deviceID': 'device123', 'eventID': 'cc4b4511-3b29-4262-aa16-ac51ecdf803e', 'temperature': 34, 'timeStamp': '2025-02-13T17:02:35', 'trace_id': '136f1be2-de6e-465b-b47b-9cccc3a409a9'}, {'deviceID': 'device123', 'eventID': 'cf81166d-1d01-4fa5-a1cd-8ccf2d3086d3', 'temperature': 24, 'timeStamp': '2025-02-13T17:02:35', 'trace_id': 'd1eab2b0-707c-4bad-be95-a1899687ca97'}, {'deviceID': 'device123', 'eventID': '86a0dc5f-ecdc-46ff-95b8-0e44d5573935', 'temperature': 21, 'timeStamp': '2025-02-13T17:02:35', 'trace_id': 'be43aec3-3b24-4bbb-a9f6-6ad571085ff3'}, {'deviceID': 'device123', 'eventID': 'f9bcb595-c68e-40f8-bd4b-53eec89df3a4', 'temperature': 31, 'timeStamp': '2025-02-13T17:02:35', 'trace_id': 'dfd09bf6-11b6-4f27-9275-50079992c740'}, {'deviceID': 'device123', 'eventID': 'fcb34bed-f521-4ac9-be6b-a730ed39380a', 'temperature': 21, 'timeStamp': '2025-02-13T17:02:35', 'trace_id': '127704c7-552f-4fa3-9749-a46a39b778a6'}]
2025-02-13 17:03:14,445 - basicLogger - DEBUG - Temperature Response: [{'deviceID': 'device123', 'eventID': '981681d9-f57b-4aa2-a0e2-da9cb5eb1984', 'temperature': 26, 'timeStamp': '2025-02-13T17:02:34', 'trace_id': 'b65c8c96-45ac-4977-b808-12aace77967d'}, {'deviceID': 'device123', 'eventID': '2ec56f42-d3c7-4938-becd-f0ba9d0664ac', 'temperature': 34, 'timeStamp': '2025-02-13T17:02:34', 'trace_id': '749d87e0-2aba-4b68-befd-e973427e5253'}, {'deviceID': 'device123', 'eventID': '64375933-b17f-452c-9373-adced91f2901', 'temperature': 30, 'timeStamp': '2025-02-13T17:02:34', 'trace_id': 'a2020f6b-6049-4906-8d28-96a5db771ad6'}, {'deviceID': 'device123', 'eventID': '96d2a68f-87d9-449f-baa4-96d20dc12eb4', 'temperature': 20, 'timeStamp': '2025-02-13T17:02:34', 'trace_id': 'a8ca4217-8c91-4f90-8089-15363d979a1c'}, {'deviceID': 'device123', 'eventID': '521f6335-60f8-4890-8a55-09fd3f2f1711', 'temperature': 19, 'timeStamp': '2025-02-13T17:02:34', 'trace_id': '1d923644-1fd8-4631-89d9-bae50de8e1f6'}, {'deviceID': 'device123', 'eventID': '2b267a2f-c8db-4abd-830a-f671fed0e569', 'temperature': 30, 'timeStamp': '2025-02-13T17:02:34', 'trace_id': '3df0de15-a492-4d80-95ce-ebc5cb41fb6f'}, {'deviceID': 'device123', 'eventID': '65ce0e4e-ed5c-47ed-8536-1ce47c740654', 'temperature': 21, 'timeStamp': '2025-02-13T17:02:34', 'trace_id': '37fcecf3-78a1-471d-93dd-6f4b87c60381'}, {'deviceID': 'device123', 'eventID': 'f2a8c6d0-76c7-4f91-ad1c-1b5752cd30e5', 'temperature': 23, 'timeStamp': '2025-02-13T17:02:34', 'trace_id': '88647bfa-6981-4461-bf3b-464f103a1262'}, {'deviceID': 'device123', 'eventID': 'c62b2bca-0276-44ba-bc16-07df09f31f3f', 'temperature': 32, 'timeStamp': '2025-02-13T17:02:34', 'trace_id': '93c231d4-dd21-4aac-b4dd-7791794d99cb'}, {'deviceID': 'device123', 'eventID': 'fb1f452e-f36c-4998-919c-4ec2bbd8a952', 'temperature': 27, 'timeStamp': '2025-02-13T17:02:34', 'trace_id': '1b7667ad-4234-42f7-ba80-ec0b3ccdd4eb'}, {'deviceID': 'device123', 'eventID': '203210bc-233b-48ec-bcc5-036f8a6d3eeb', 'temperature': 32, 'timeStamp': '2025-02-13T17:02:34', 'trace_id': '51050e05-d907-4ab0-9253-62e0b76164bd'}, {'deviceID': 'device123', 'eventID': '156b965f-a2ca-427b-93a5-f2d01b65d968', 'temperature': 17, 'timeStamp': '2025-02-13T17:02:34', 'trace_id': '9b22d1a4-4458-41f8-a57c-adc5b48c6c7f'}, {'deviceID': 'device123', 'eventID': '81561eff-aa36-497e-a775-dd2c7855c880', 'temperature': 33, 'timeStamp': '2025-02-13T17:02:34', 'trace_id': 'ea82d637-2841-428f-ae0a-4b7b95ca3835'}, {'deviceID': 'device123', 'eventID': '106af223-6db4-4328-b7dd-da8c5a857a0d', 'temperature': 19, 'timeStamp': '2025-02-13T17:02:35', 'trace_id': '9e7c0491-c872-488f-9645-0bfcd56944fd'}, {'deviceID': 'device123', 'eventID': '0788d7fe-7305-413a-b185-bc3e2f4a626e', 'temperature': 26, 'timeStamp': '2025-02-13T17:02:35', 'trace_id': 'be76d9d1-d1ce-40af-bd76-9e7f1d13a49a'}, {'deviceID': 'device123', 'eventID': 'fac7a708-370a-4647-8dec-1b56af1002b7', 'temperature': 17, 'timeStamp': '2025-02-13T17:02:35', 'trace_id': '43391261-41c6-4579-93c1-3c1afcca5b0e'}, {'deviceID': 'device123', 'eventID': '38d921e8-dc11-444e-ba31-f8d10e8949da', 'temperature': 20, 'timeStamp': '2025-02-13T17:02:35', 'trace_id': '4db5ec81-7ef4-4aa3-9c62-e183d6a27053'}, {'deviceID': 'device123', 'eventID': '8bd662ac-0471-4c6d-85f4-bce895aaaac9', 'temperature': 32, 'timeStamp': '2025-02-13T17:02:35', 'trace_id': '35685ac0-cfa3-4e47-be72-2536e8e2927f'}, {'deviceID': 'device123', 'eventID': '6d7da39c-04b3-4090-966f-b7913eb16a92', 'temperature': 20, 'timeStamp': '2025-02-13T17:02:35', 'trace_id': '47e6f9d8-72da-4065-bf62-ac95f5a01dea'}, {'deviceID': 'device123', 'eventID': '5dd764f4-0a1c-46c6-a5c3-8a9506bb23af', 'temperature': 22, 'timeStamp': '2025-02-13T17:02:35', 'trace_id': 'd75eb79a-ab02-400a-aeb6-8aa44e5c4ba4'}, {'deviceID': 'device123', 'eventID': 'cc4b4511-3b29-4262-aa16-ac51ecdf803e', 'temperature': 34, 'timeStamp': '2025-02-13T17:02:35', 'trace_id': '136f1be2-de6e-465b-b47b-9cccc3a409a9'}, {'deviceID': 'device123', 'eventID': 'cf81166d-1d01-4fa5-a1cd-8ccf2d3086d3', 'temperature': 24, 'timeStamp': '2025-02-13T17:02:35', 'trace_id': 'd1eab2b0-707c-4bad-be95-a1899687ca97'}, {'deviceID': 'device123', 'eventID': '86a0dc5f-ecdc-46ff-95b8-0e44d5573935', 'temperature': 21, 'timeStamp': '2025-02-13T17:02:35', 'trace_id': 'be43aec3-3b24-4bbb-a9f6-6ad571085ff3'}, {'deviceID': 'device123', 'eventID': 'f9bcb595-c68e-40f8-bd4b-53eec89df3a4', 'temperature': 31, 'timeStamp': '2025-02-13T17:02:35', 'trace_id': 'dfd09bf6-11b6-4f27-9275-50079992c740'}, {'deviceID': 'device123', 'eventID': 'fcb34bed-f521-4ac9-be6b-a730ed39380a', 'temperature': 21, 'timeStamp': '2025-02-13T17:02:35', 'trace_id': '127704c7-552f-4fa3-9749-a46a39b778a6'}]
2025-02-13 17:03:14,445 - basicLogger - DEBUG - Windspeed Response: [{'deviceID': 'windSensor-001', 'eventID': '058523c1-4c28-4cbd-98de-202fc4d2ba6a', 'location': {'latitude': 39, 'longitude': -74}, 'timeStamp': '2025-02-13T17:02:34', 'trace_id': '6c2c1b6f-e6e8-405b-b6f3-69cd80a3a30e', 'windspeed': 16}, {'deviceID': 'windSensor-001', 'eventID': '82d1c27d-fb8a-4b1c-9dfe-0acbb5e76e29', 'location': {'latitude': 41, 'longitude': -74}, 'timeStamp': '2025-02-13T17:02:34', 'trace_id': 'ea384269-7308-4447-8795-2e6cbad4a1c2', 'windspeed': 13}, {'deviceID': 'windSensor-001', 'eventID': 'dae9e105-bf79-4f9c-a581-d3cced9b9329', 'location': {'latitude': 44, 'longitude': -80}, 'timeStamp': '2025-02-13T17:02:34', 'trace_id': 'f1dbaf6a-7d62-443d-9a5f-b6ac50f9c60d', 'windspeed': 12}, {'deviceID': 'windSensor-001', 'eventID': 'ed4cecfe-a163-4afe-a623-670a9922aa4a', 'location': {'latitude': 41, 'longitude': -80}, 'timeStamp': '2025-02-13T17:02:34', 'trace_id': '6824c81e-3bf8-4d59-ab08-0c83a470776b', 'windspeed': 5}, {'deviceID': 'windSensor-001', 'eventID': '43670402-e325-430f-b671-b3c107bbd81f', 'location': {'latitude': 45, 'longitude': -74}, 'timeStamp': '2025-02-13T17:02:34', 'trace_id': 'bdef2dc1-d938-4df6-8bc5-2b5bfe680cbb', 'windspeed': 30}, {'deviceID': 'windSensor-001', 'eventID': 'beaa3521-6060-4491-a95d-463312f2bd5f', 'location': {'latitude': 42, 'longitude': -74}, 'timeStamp': '2025-02-13T17:02:34', 'trace_id': 'c60acb22-3c60-479a-a850-d9a9a2cfe50c', 'windspeed': 19}, {'deviceID': 'windSensor-001', 'eventID': 'dd6461d9-bc8c-4f84-9bcc-be7abef40a81', 'location': {'latitude': 43, 'longitude': -75}, 'timeStamp': '2025-02-13T17:02:34', 'trace_id': '3100afc1-0f82-45c0-9c8e-752e8fe726c6', 'windspeed': 29}, {'deviceID': 'windSensor-001', 'eventID': '231165a4-0617-44bf-a49a-da14e27e95c4', 'location': {'latitude': 39, 'longitude': -78}, 'timeStamp': '2025-02-13T17:02:34', 'trace_id': '4060c9d9-e2ef-421a-830c-05de5516b6ba', 'windspeed': 26}, {'deviceID': 'windSensor-001', 'eventID': '5f66065c-30a3-44b4-9cae-37679fa60045', 'location': {'latitude': 43, 'longitude': -76}, 'timeStamp': '2025-02-13T17:02:34', 'trace_id': 'ff1af1e1-c309-4dfc-b769-140e30de5c17', 'windspeed': 20}, {'deviceID': 'windSensor-001', 'eventID': '46674a1a-a67d-4b52-915c-b8947075cb67', 'location': {'latitude': 35, 'longitude': -78}, 'timeStamp': '2025-02-13T17:02:34', 'trace_id': '94d44da1-30e6-4090-87f3-24bf7753fb7c', 'windspeed': 17}, {'deviceID': 'windSensor-001', 'eventID': 'f9f3e0fb-88ba-4ee0-8981-6a3c6ad39688', 'location': {'latitude': 43, 'longitude': -78}, 'timeStamp': '2025-02-13T17:02:34', 'trace_id': 'f214ea51-94a4-4f93-980a-031d47b037d6', 'windspeed': 10}, {'deviceID': 'windSensor-001', 'eventID': 'e52b04e0-69e4-4be1-a511-acb991118248', 'location': {'latitude': 42, 'longitude': -75}, 'timeStamp': '2025-02-13T17:02:34', 'trace_id': 'fdf47e85-15ff-4c64-ba73-46bb8cd42952', 'windspeed': 13}, {'deviceID': 'windSensor-001', 'eventID': '4b23c735-7c8d-4014-9fc9-a1af479b7e9b', 'location': {'latitude': 43, 'longitude': -74}, 'timeStamp': '2025-02-13T17:02:34', 'trace_id': '06feaa98-8e25-4488-96cf-59cef227e60e', 'windspeed': 24}, {'deviceID': 'windSensor-001', 'eventID': 'c971b1a3-7f05-4e50-9ba1-23924f28f078', 'location': {'latitude': 37, 'longitude': -70}, 'timeStamp': '2025-02-13T17:02:35', 'trace_id': '08b2d47c-6121-4f4e-a521-204e9423392f', 'windspeed': 9}, {'deviceID': 'windSensor-001', 'eventID': 'e48c600c-2cae-42b2-87f7-62e27679be4c', 'location': {'latitude': 44, 'longitude': -80}, 'timeStamp': '2025-02-13T17:02:35', 'trace_id': '323ee4f7-972d-416f-92e3-e0f156135458', 'windspeed': 24}, {'deviceID': 'windSensor-001', 'eventID': '13b992cc-6215-4e4a-88d5-ff884c1a7d93', 'location': {'latitude': 42, 'longitude': -75}, 'timeStamp': '2025-02-13T17:02:35', 'trace_id': '4bc7bd30-aaca-43b7-8450-9ade2e762d87', 'windspeed': 26}, {'deviceID': 'windSensor-001', 'eventID': '617e87ee-9662-4a5e-9cf5-6a22398cd161', 'location': {'latitude': 36, 'longitude': -75}, 'timeStamp': '2025-02-13T17:02:35', 'trace_id': 'cf0598be-1c96-4a50-8084-838348f0ee5d', 'windspeed': 8}, {'deviceID': 'windSensor-001', 'eventID': 'e895ec1f-0236-4285-b651-21f61f871d03', 'location': {'latitude': 35, 'longitude': -78}, 'timeStamp': '2025-02-13T17:02:35', 'trace_id': 'fdbdd87d-5ff5-4045-b819-9232aac5ea62', 'windspeed': 19}, {'deviceID': 'windSensor-001', 'eventID': '457b2827-afd1-4607-a7c9-575dcfeae254', 'location': {'latitude': 40, 'longitude': -71}, 'timeStamp': '2025-02-13T17:02:35', 'trace_id': 'a0b9cc5b-d115-4978-b9e6-c6d7bae167c3', 'windspeed': 8}, {'deviceID': 'windSensor-001', 'eventID': '07a67048-e67b-4ae7-8251-65269bc5ab4e', 'location': {'latitude': 43, 'longitude': -73}, 'timeStamp': '2025-02-13T17:02:35', 'trace_id': 'bfde2c08-1beb-4712-8856-f02cd3311e5b', 'windspeed': 9}, {'deviceID': 'windSensor-001', 'eventID': '4239406f-3770-4174-8753-249bd2b885ce', 'location': {'latitude': 37, 'longitude': -76}, 'timeStamp': '2025-02-13T17:02:35', 'trace_id': '71a07b44-41cc-4ccc-988f-d4e1058ea8cd', 'windspeed': 20}, {'deviceID': 'windSensor-001', 'eventID': 'ead3b417-ff85-4aa6-a767-66b134309790', 'location': {'latitude': 40, 'longitude': -71}, 'timeStamp': '2025-02-13T17:02:35', 'trace_id': '467fa506-594e-47e5-8f41-6fc17c793378', 'windspeed': 29}, {'deviceID': 'windSensor-001', 'eventID': '852729e4-ba07-41e1-8cf0-3d3d8a3339fe', 'location': {'latitude': 45, 'longitude': -72}, 'timeStamp': '2025-02-13T17:02:35', 'trace_id': '65952270-bafd-4b20-8452-c503d63fdf96', 'windspeed': 25}, {'deviceID': 'windSensor-001', 'eventID': '5e7243e7-9197-4fa6-aae9-d2c2c5cdc1c8', 'location': {'latitude': 45, 'longitude': -70}, 'timeStamp': '2025-02-13T17:02:35', 'trace_id': 'b257bbf8-1a36-49b2-80b3-ba36708677c8', 'windspeed': 11}, {'deviceID': 'windSensor-001', 'eventID': '5bc4d1b8-aa1d-40a5-a82f-6cceeb4f8fe5', 'location': {'latitude': 42, 'longitude': -76}, 'timeStamp': '2025-02-13T17:02:35', 'trace_id': 'ba91f6c7-db02-40d2-9b75-858f49dd1d28', 'windspeed': 22}]
2025-02-13 17:03:14,445 - basicLogger - DEBUG - Temperature Response Status Code: 200
2025-02-13 17:03:14,445 - basicLogger - DEBUG - Wind Speed Response Status Code: 200
2025-02-13 17:03:14,445 - basicLogger - DEBUG - Temperature Response Raw: [
  {
    "deviceID": "device123",
    "eventID": "981681d9-f57b-4aa2-a0e2-da9cb5eb1984",
    "temperature": 26,
    "timeStamp": "2025-02-13T17:02:34",
    "trace_id": "b65c8c96-45ac-4977-b808-12aace77967d"
  },
  {
    "deviceID": "device123",
    "eventID": "2ec56f42-d3c7-4938-becd-f0ba9d0664ac",
    "temperature": 34,
    "timeStamp": "2025-02-13T17:02:34",
    "trace_id": "749d87e0-2aba-4b68-befd-e973427e5253"
  },
  {
    "deviceID": "device123",
    "eventID": "64375933-b17f-452c-9373-adced91f2901",
    "temperature": 30,
    "timeStamp": "2025-02-13T17:02:34",
    "trace_id": "a2020f6b-6049-4906-8d28-96a5db771ad6"
  },
  {
    "deviceID": "device123",
    "eventID": "96d2a68f-87d9-449f-baa4-96d20dc12eb4",
    "temperature": 20,
    "timeStamp": "2025-02-13T17:02:34",
    "trace_id": "a8ca4217-8c91-4f90-8089-15363d979a1c"
  },
  {
    "deviceID": "device123",
    "eventID": "521f6335-60f8-4890-8a55-09fd3f2f1711",
    "temperature": 19,
    "timeStamp": "2025-02-13T17:02:34",
    "trace_id": "1d923644-1fd8-4631-89d9-bae50de8e1f6"
  },
  {
    "deviceID": "device123",
    "eventID": "2b267a2f-c8db-4abd-830a-f671fed0e569",
    "temperature": 30,
    "timeStamp": "2025-02-13T17:02:34",
    "trace_id": "3df0de15-a492-4d80-95ce-ebc5cb41fb6f"
  },
  {
    "deviceID": "device123",
    "eventID": "65ce0e4e-ed5c-47ed-8536-1ce47c740654",
    "temperature": 21,
    "timeStamp": "2025-02-13T17:02:34",
    "trace_id": "37fcecf3-78a1-471d-93dd-6f4b87c60381"
  },
  {
    "deviceID": "device123",
    "eventID": "f2a8c6d0-76c7-4f91-ad1c-1b5752cd30e5",
    "temperature": 23,
    "timeStamp": "2025-02-13T17:02:34",
    "trace_id": "88647bfa-6981-4461-bf3b-464f103a1262"
  },
  {
    "deviceID": "device123",
    "eventID": "c62b2bca-0276-44ba-bc16-07df09f31f3f",
    "temperature": 32,
    "timeStamp": "2025-02-13T17:02:34",
    "trace_id": "93c231d4-dd21-4aac-b4dd-7791794d99cb"
  },
  {
    "deviceID": "device123",
    "eventID": "fb1f452e-f36c-4998-919c-4ec2bbd8a952",
    "temperature": 27,
    "timeStamp": "2025-02-13T17:02:34",
    "trace_id": "1b7667ad-4234-42f7-ba80-ec0b3ccdd4eb"
  },
  {
    "deviceID": "device123",
    "eventID": "203210bc-233b-48ec-bcc5-036f8a6d3eeb",
    "temperature": 32,
    "timeStamp": "2025-02-13T17:02:34",
    "trace_id": "51050e05-d907-4ab0-9253-62e0b76164bd"
  },
  {
    "deviceID": "device123",
    "eventID": "156b965f-a2ca-427b-93a5-f2d01b65d968",
    "temperature": 17,
    "timeStamp": "2025-02-13T17:02:34",
    "trace_id": "9b22d1a4-4458-41f8-a57c-adc5b48c6c7f"
  },
  {
    "deviceID": "device123",
    "eventID": "81561eff-aa36-497e-a775-dd2c7855c880",
    "temperature": 33,
    "timeStamp": "2025-02-13T17:02:34",
    "trace_id": "ea82d637-2841-428f-ae0a-4b7b95ca3835"
  },
  {
    "deviceID": "device123",
    "eventID": "106af223-6db4-4328-b7dd-da8c5a857a0d",
    "temperature": 19,
    "timeStamp": "2025-02-13T17:02:35",
    "trace_id": "9e7c0491-c872-488f-9645-0bfcd56944fd"
  },
  {
    "deviceID": "device123",
    "eventID": "0788d7fe-7305-413a-b185-bc3e2f4a626e",
    "temperature": 26,
    "timeStamp": "2025-02-13T17:02:35",
    "trace_id": "be76d9d1-d1ce-40af-bd76-9e7f1d13a49a"
  },
  {
    "deviceID": "device123",
    "eventID": "fac7a708-370a-4647-8dec-1b56af1002b7",
    "temperature": 17,
    "timeStamp": "2025-02-13T17:02:35",
    "trace_id": "43391261-41c6-4579-93c1-3c1afcca5b0e"
  },
  {
    "deviceID": "device123",
    "eventID": "38d921e8-dc11-444e-ba31-f8d10e8949da",
    "temperature": 20,
    "timeStamp": "2025-02-13T17:02:35",
    "trace_id": "4db5ec81-7ef4-4aa3-9c62-e183d6a27053"
  },
  {
    "deviceID": "device123",
    "eventID": "8bd662ac-0471-4c6d-85f4-bce895aaaac9",
    "temperature": 32,
    "timeStamp": "2025-02-13T17:02:35",
    "trace_id": "35685ac0-cfa3-4e47-be72-2536e8e2927f"
  },
  {
    "deviceID": "device123",
    "eventID": "6d7da39c-04b3-4090-966f-b7913eb16a92",
    "temperature": 20,
    "timeStamp": "2025-02-13T17:02:35",
    "trace_id": "47e6f9d8-72da-4065-bf62-ac95f5a01dea"
  },
  {
    "deviceID": "device123",
    "eventID": "5dd764f4-0a1c-46c6-a5c3-8a9506bb23af",
    "temperature": 22,
    "timeStamp": "2025-02-13T17:02:35",
    "trace_id": "d75eb79a-ab02-400a-aeb6-8aa44e5c4ba4"
  },
  {
    "deviceID": "device123",
    "eventID": "cc4b4511-3b29-4262-aa16-ac51ecdf803e",
    "temperature": 34,
    "timeStamp": "2025-02-13T17:02:35",
    "trace_id": "136f1be2-de6e-465b-b47b-9cccc3a409a9"
  },
  {
    "deviceID": "device123",
    "eventID": "cf81166d-1d01-4fa5-a1cd-8ccf2d3086d3",
    "temperature": 24,
    "timeStamp": "2025-02-13T17:02:35",
    "trace_id": "d1eab2b0-707c-4bad-be95-a1899687ca97"
  },
  {
    "deviceID": "device123",
    "eventID": "86a0dc5f-ecdc-46ff-95b8-0e44d5573935",
    "temperature": 21,
    "timeStamp": "2025-02-13T17:02:35",
    "trace_id": "be43aec3-3b24-4bbb-a9f6-6ad571085ff3"
  },
  {
    "deviceID": "device123",
    "eventID": "f9bcb595-c68e-40f8-bd4b-53eec89df3a4",
    "temperature": 31,
    "timeStamp": "2025-02-13T17:02:35",
    "trace_id": "dfd09bf6-11b6-4f27-9275-50079992c740"
  },
  {
    "deviceID": "device123",
    "eventID": "fcb34bed-f521-4ac9-be6b-a730ed39380a",
    "temperature": 21,
    "timeStamp": "2025-02-13T17:02:35",
    "trace_id": "127704c7-552f-4fa3-9749-a46a39b778a6"
  }
]

2025-02-13 17:03:14,445 - basicLogger - DEBUG - Windspeed Response Raw: [
  {
    "deviceID": "windSensor-001",
    "eventID": "058523c1-4c28-4cbd-98de-202fc4d2ba6a",
    "location": {
      "latitude": 39,
      "longitude": -74
    },
    "timeStamp": "2025-02-13T17:02:34",
    "trace_id": "6c2c1b6f-e6e8-405b-b6f3-69cd80a3a30e",
    "windspeed": 16
  },
  {
    "deviceID": "windSensor-001",
    "eventID": "82d1c27d-fb8a-4b1c-9dfe-0acbb5e76e29",
    "location": {
      "latitude": 41,
      "longitude": -74
    },
    "timeStamp": "2025-02-13T17:02:34",
    "trace_id": "ea384269-7308-4447-8795-2e6cbad4a1c2",
    "windspeed": 13
  },
  {
    "deviceID": "windSensor-001",
    "eventID": "dae9e105-bf79-4f9c-a581-d3cced9b9329",
    "location": {
      "latitude": 44,
      "longitude": -80
    },
    "timeStamp": "2025-02-13T17:02:34",
    "trace_id": "f1dbaf6a-7d62-443d-9a5f-b6ac50f9c60d",
    "windspeed": 12
  },
  {
    "deviceID": "windSensor-001",
    "eventID": "ed4cecfe-a163-4afe-a623-670a9922aa4a",
    "location": {
      "latitude": 41,
      "longitude": -80
    },
    "timeStamp": "2025-02-13T17:02:34",
    "trace_id": "6824c81e-3bf8-4d59-ab08-0c83a470776b",
    "windspeed": 5
  },
  {
    "deviceID": "windSensor-001",
    "eventID": "43670402-e325-430f-b671-b3c107bbd81f",
    "location": {
      "latitude": 45,
      "longitude": -74
    },
    "timeStamp": "2025-02-13T17:02:34",
    "trace_id": "bdef2dc1-d938-4df6-8bc5-2b5bfe680cbb",
    "windspeed": 30
  },
  {
    "deviceID": "windSensor-001",
    "eventID": "beaa3521-6060-4491-a95d-463312f2bd5f",
    "location": {
      "latitude": 42,
      "longitude": -74
    },
    "timeStamp": "2025-02-13T17:02:34",
    "trace_id": "c60acb22-3c60-479a-a850-d9a9a2cfe50c",
    "windspeed": 19
  },
  {
    "deviceID": "windSensor-001",
    "eventID": "dd6461d9-bc8c-4f84-9bcc-be7abef40a81",
    "location": {
      "latitude": 43,
      "longitude": -75
    },
    "timeStamp": "2025-02-13T17:02:34",
    "trace_id": "3100afc1-0f82-45c0-9c8e-752e8fe726c6",
    "windspeed": 29
  },
  {
    "deviceID": "windSensor-001",
    "eventID": "231165a4-0617-44bf-a49a-da14e27e95c4",
    "location": {
      "latitude": 39,
      "longitude": -78
    },
    "timeStamp": "2025-02-13T17:02:34",
    "trace_id": "4060c9d9-e2ef-421a-830c-05de5516b6ba",
    "windspeed": 26
  },
  {
    "deviceID": "windSensor-001",
    "eventID": "5f66065c-30a3-44b4-9cae-37679fa60045",
    "location": {
      "latitude": 43,
      "longitude": -76
    },
    "timeStamp": "2025-02-13T17:02:34",
    "trace_id": "ff1af1e1-c309-4dfc-b769-140e30de5c17",
    "windspeed": 20
  },
  {
    "deviceID": "windSensor-001",
    "eventID": "46674a1a-a67d-4b52-915c-b8947075cb67",
    "location": {
      "latitude": 35,
      "longitude": -78
    },
    "timeStamp": "2025-02-13T17:02:34",
    "trace_id": "94d44da1-30e6-4090-87f3-24bf7753fb7c",
    "windspeed": 17
  },
  {
    "deviceID": "windSensor-001",
    "eventID": "f9f3e0fb-88ba-4ee0-8981-6a3c6ad39688",
    "location": {
      "latitude": 43,
      "longitude": -78
    },
    "timeStamp": "2025-02-13T17:02:34",
    "trace_id": "f214ea51-94a4-4f93-980a-031d47b037d6",
    "windspeed": 10
  },
  {
    "deviceID": "windSensor-001",
    "eventID": "e52b04e0-69e4-4be1-a511-acb991118248",
    "location": {
      "latitude": 42,
      "longitude": -75
    },
    "timeStamp": "2025-02-13T17:02:34",
    "trace_id": "fdf47e85-15ff-4c64-ba73-46bb8cd42952",
    "windspeed": 13
  },
  {
    "deviceID": "windSensor-001",
    "eventID": "4b23c735-7c8d-4014-9fc9-a1af479b7e9b",
    "location": {
      "latitude": 43,
      "longitude": -74
    },
    "timeStamp": "2025-02-13T17:02:34",
    "trace_id": "06feaa98-8e25-4488-96cf-59cef227e60e",
    "windspeed": 24
  },
  {
    "deviceID": "windSensor-001",
    "eventID": "c971b1a3-7f05-4e50-9ba1-23924f28f078",
    "location": {
      "latitude": 37,
      "longitude": -70
    },
    "timeStamp": "2025-02-13T17:02:35",
    "trace_id": "08b2d47c-6121-4f4e-a521-204e9423392f",
    "windspeed": 9
  },
  {
    "deviceID": "windSensor-001",
    "eventID": "e48c600c-2cae-42b2-87f7-62e27679be4c",
    "location": {
      "latitude": 44,
      "longitude": -80
    },
    "timeStamp": "2025-02-13T17:02:35",
    "trace_id": "323ee4f7-972d-416f-92e3-e0f156135458",
    "windspeed": 24
  },
  {
    "deviceID": "windSensor-001",
    "eventID": "13b992cc-6215-4e4a-88d5-ff884c1a7d93",
    "location": {
      "latitude": 42,
      "longitude": -75
    },
    "timeStamp": "2025-02-13T17:02:35",
    "trace_id": "4bc7bd30-aaca-43b7-8450-9ade2e762d87",
    "windspeed": 26
  },
  {
    "deviceID": "windSensor-001",
    "eventID": "617e87ee-9662-4a5e-9cf5-6a22398cd161",
    "location": {
      "latitude": 36,
      "longitude": -75
    },
    "timeStamp": "2025-02-13T17:02:35",
    "trace_id": "cf0598be-1c96-4a50-8084-838348f0ee5d",
    "windspeed": 8
  },
  {
    "deviceID": "windSensor-001",
    "eventID": "e895ec1f-0236-4285-b651-21f61f871d03",
    "location": {
      "latitude": 35,
      "longitude": -78
    },
    "timeStamp": "2025-02-13T17:02:35",
    "trace_id": "fdbdd87d-5ff5-4045-b819-9232aac5ea62",
    "windspeed": 19
  },
  {
    "deviceID": "windSensor-001",
    "eventID": "457b2827-afd1-4607-a7c9-575dcfeae254",
    "location": {
      "latitude": 40,
      "longitude": -71
    },
    "timeStamp": "2025-02-13T17:02:35",
    "trace_id": "a0b9cc5b-d115-4978-b9e6-c6d7bae167c3",
    "windspeed": 8
  },
  {
    "deviceID": "windSensor-001",
    "eventID": "07a67048-e67b-4ae7-8251-65269bc5ab4e",
    "location": {
      "latitude": 43,
      "longitude": -73
    },
    "timeStamp": "2025-02-13T17:02:35",
    "trace_id": "bfde2c08-1beb-4712-8856-f02cd3311e5b",
    "windspeed": 9
  },
  {
    "deviceID": "windSensor-001",
    "eventID": "4239406f-3770-4174-8753-249bd2b885ce",
    "location": {
      "latitude": 37,
      "longitude": -76
    },
    "timeStamp": "2025-02-13T17:02:35",
    "trace_id": "71a07b44-41cc-4ccc-988f-d4e1058ea8cd",
    "windspeed": 20
  },
  {
    "deviceID": "windSensor-001",
    "eventID": "ead3b417-ff85-4aa6-a767-66b134309790",
    "location": {
      "latitude": 40,
      "longitude": -71
    },
    "timeStamp": "2025-02-13T17:02:35",
    "trace_id": "467fa506-594e-47e5-8f41-6fc17c793378",
    "windspeed": 29
  },
  {
    "deviceID": "windSensor-001",
    "eventID": "852729e4-ba07-41e1-8cf0-3d3d8a3339fe",
    "location": {
      "latitude": 45,
      "longitude": -72
    },
    "timeStamp": "2025-02-13T17:02:35",
    "trace_id": "65952270-bafd-4b20-8452-c503d63fdf96",
    "windspeed": 25
  },
  {
    "deviceID": "windSensor-001",
    "eventID": "5e7243e7-9197-4fa6-aae9-d2c2c5cdc1c8",
    "location": {
      "latitude": 45,
      "longitude": -70
    },
    "timeStamp": "2025-02-13T17:02:35",
    "trace_id": "b257bbf8-1a36-49b2-80b3-ba36708677c8",
    "windspeed": 11
  },
  {
    "deviceID": "windSensor-001",
    "eventID": "5bc4d1b8-aa1d-40a5-a82f-6cceeb4f8fe5",
    "location": {
      "latitude": 42,
      "longitude": -76
    },
    "timeStamp": "2025-02-13T17:02:35",
    "trace_id": "ba91f6c7-db02-40d2-9b75-858f49dd1d28",
    "windspeed": 22
  }
]

2025-02-13 17:03:14,446 - basicLogger - DEBUG - Requesting temperature data from 2025-02-13T17:02:33.444636 to 2025-02-13T17:03:14.359214
2025-02-13 17:03:14,446 - basicLogger - DEBUG - Requesting wind speed data from 2025-02-13T17:02:33.444636 to 2025-02-13T17:03:14.359214
2025-02-13 17:03:19,356 - basicLogger - INFO - Processing has started
2025-02-13 17:03:19,357 - basicLogger - DEBUG - Fetching wind data from: http://localhost:8090/events/wind-speed?start_timestamp=2025-02-13T17:03:14.359214&end_timestamp=2025-02-13T17:03:19.357225
2025-02-13 17:03:19,357 - basicLogger - DEBUG - Fetching wind data from: http://localhost:8090/events/temperature?start_timestamp=2025-02-13T17:03:14.359214&end_timestamp=2025-02-13T17:03:19.357225
2025-02-13 17:03:19,411 - basicLogger - DEBUG - [{'deviceID': 'device123', 'eventID': '0201c61b-6f86-4087-8832-b7f341700c28', 'temperature': 20, 'timeStamp': '2025-02-13T17:03:16', 'trace_id': 'd94911f4-96b1-4b3f-a8be-54dfc3259edd'}, {'deviceID': 'device123', 'eventID': 'fb4157d2-8708-4c9e-b025-bb606cc75387', 'temperature': 18, 'timeStamp': '2025-02-13T17:03:16', 'trace_id': '67f844cc-b7a8-482e-b537-2804f8f8eb69'}, {'deviceID': 'device123', 'eventID': 'edd94f68-4943-4cff-9b72-ababf05fca26', 'temperature': 25, 'timeStamp': '2025-02-13T17:03:16', 'trace_id': '14058b5b-bd9e-4ef8-a9b0-6c2a118e6185'}, {'deviceID': 'device123', 'eventID': '79d8b61b-4a41-4035-9cd3-cbfafc792f84', 'temperature': 25, 'timeStamp': '2025-02-13T17:03:16', 'trace_id': '51c74d19-fcf3-415d-97b8-9e1bc0b8ac83'}, {'deviceID': 'device123', 'eventID': '946396cb-1ff8-494b-8ae5-99cd141fddc3', 'temperature': 34, 'timeStamp': '2025-02-13T17:03:16', 'trace_id': '019d64d7-5b9b-4119-8642-5df2163c76bf'}, {'deviceID': 'device123', 'eventID': 'ce69fd56-eca3-4929-b156-6f4ef44d3028', 'temperature': 31, 'timeStamp': '2025-02-13T17:03:17', 'trace_id': '11f3becd-bebf-43f7-a3d7-9017f603e170'}, {'deviceID': 'device123', 'eventID': '91bb3380-d514-49e0-94ce-d99c9a3e867d', 'temperature': 19, 'timeStamp': '2025-02-13T17:03:17', 'trace_id': 'aa8bdb72-7847-4681-a5b4-ef86a73a3372'}, {'deviceID': 'device123', 'eventID': '66da1c8d-88b1-4368-bacd-67c5c56dc317', 'temperature': 21, 'timeStamp': '2025-02-13T17:03:17', 'trace_id': '155889f1-03e6-40a9-a340-8573b6f819ab'}, {'deviceID': 'device123', 'eventID': '3336a9b4-706e-4645-98e1-0983b969874c', 'temperature': 23, 'timeStamp': '2025-02-13T17:03:17', 'trace_id': '6254925b-083d-4198-ae68-4ee737adcf9e'}, {'deviceID': 'device123', 'eventID': '3d786333-1782-43bb-8294-59bd00908e62', 'temperature': 26, 'timeStamp': '2025-02-13T17:03:17', 'trace_id': '12cd0ef1-682f-4b1a-a99e-04eb4acd5077'}, {'deviceID': 'device123', 'eventID': '1184e9f9-5760-433d-9282-62b2f605503c', 'temperature': 29, 'timeStamp': '2025-02-13T17:03:17', 'trace_id': '0663416e-d98f-4f6a-98cc-bce765059720'}, {'deviceID': 'device123', 'eventID': '7b305e8c-8fe0-4e1e-941f-32c1c8e2fb10', 'temperature': 30, 'timeStamp': '2025-02-13T17:03:17', 'trace_id': 'e6859b05-bdde-456f-adf3-c7cbd82be470'}, {'deviceID': 'device123', 'eventID': 'cad8f5c1-7205-4129-8e51-d040f18ad8fe', 'temperature': 34, 'timeStamp': '2025-02-13T17:03:17', 'trace_id': '829fb647-b851-422f-9cfe-b88ba6ee4909'}, {'deviceID': 'device123', 'eventID': '44b31c09-d420-4e39-9893-7587102acb29', 'temperature': 19, 'timeStamp': '2025-02-13T17:03:17', 'trace_id': 'fcb48af6-6b2d-4e76-bdd4-a2238ecbeef7'}, {'deviceID': 'device123', 'eventID': 'a7e9a10e-f2be-409c-be9a-6108f27d7f59', 'temperature': 29, 'timeStamp': '2025-02-13T17:03:17', 'trace_id': 'bab63e8c-4a0e-40b8-bb5b-9acc310cdc12'}, {'deviceID': 'device123', 'eventID': 'bbf70505-068e-4605-8864-23b46bc0b299', 'temperature': 22, 'timeStamp': '2025-02-13T17:03:17', 'trace_id': '7226c5de-4fdb-4e59-a859-d9630f86fedf'}, {'deviceID': 'device123', 'eventID': 'c88bb8bf-38b9-4335-829e-ba0eaaf830a9', 'temperature': 22, 'timeStamp': '2025-02-13T17:03:17', 'trace_id': '82cf51be-d074-489a-8792-e4a7a86fb09e'}, {'deviceID': 'device123', 'eventID': '660e5b30-dbe4-4f64-93ba-f5a616363065', 'temperature': 22, 'timeStamp': '2025-02-13T17:03:17', 'trace_id': '4bf81452-d0ff-4f62-8f3d-1b1adb787bb8'}, {'deviceID': 'device123', 'eventID': 'cf2d0002-9d96-4ec0-b09f-64d9b623f92c', 'temperature': 24, 'timeStamp': '2025-02-13T17:03:17', 'trace_id': '0d5eee2e-4edf-4c3d-aa07-2c624dda4394'}, {'deviceID': 'device123', 'eventID': 'fbae3a0c-0a5c-460f-bf71-1f1d07776988', 'temperature': 35, 'timeStamp': '2025-02-13T17:03:17', 'trace_id': 'ae7c14dc-830e-48c9-b40a-bc17cc86656e'}, {'deviceID': 'device123', 'eventID': '0b57a2c3-ac2a-48fb-a46f-1d685854be24', 'temperature': 28, 'timeStamp': '2025-02-13T17:03:17', 'trace_id': '276d0eb5-f514-4a8d-82dc-905d6216b5fd'}, {'deviceID': 'device123', 'eventID': '83d51967-50e4-4cae-b0b8-151950830768', 'temperature': 23, 'timeStamp': '2025-02-13T17:03:17', 'trace_id': '6dc611e2-e638-4568-9123-b3c225aa3d75'}, {'deviceID': 'device123', 'eventID': '18da145d-2610-4b26-b0ca-e268caae8172', 'temperature': 27, 'timeStamp': '2025-02-13T17:03:17', 'trace_id': '3375ba03-530f-4092-8212-13666bfc34a9'}, {'deviceID': 'device123', 'eventID': '6dc88bd7-8f7b-425d-887d-f768dc67f585', 'temperature': 22, 'timeStamp': '2025-02-13T17:03:17', 'trace_id': '07766138-b7db-4d8f-9274-fa3a6d2b5efb'}, {'deviceID': 'device123', 'eventID': 'ed1a139f-9012-48f3-9b0d-9e342d949ac5', 'temperature': 15, 'timeStamp': '2025-02-13T17:03:17', 'trace_id': '0e1646fe-3fcb-42b8-a7c9-916d6d12a623'}]
2025-02-13 17:03:19,411 - basicLogger - DEBUG - Temperature Response: [{'deviceID': 'device123', 'eventID': '0201c61b-6f86-4087-8832-b7f341700c28', 'temperature': 20, 'timeStamp': '2025-02-13T17:03:16', 'trace_id': 'd94911f4-96b1-4b3f-a8be-54dfc3259edd'}, {'deviceID': 'device123', 'eventID': 'fb4157d2-8708-4c9e-b025-bb606cc75387', 'temperature': 18, 'timeStamp': '2025-02-13T17:03:16', 'trace_id': '67f844cc-b7a8-482e-b537-2804f8f8eb69'}, {'deviceID': 'device123', 'eventID': 'edd94f68-4943-4cff-9b72-ababf05fca26', 'temperature': 25, 'timeStamp': '2025-02-13T17:03:16', 'trace_id': '14058b5b-bd9e-4ef8-a9b0-6c2a118e6185'}, {'deviceID': 'device123', 'eventID': '79d8b61b-4a41-4035-9cd3-cbfafc792f84', 'temperature': 25, 'timeStamp': '2025-02-13T17:03:16', 'trace_id': '51c74d19-fcf3-415d-97b8-9e1bc0b8ac83'}, {'deviceID': 'device123', 'eventID': '946396cb-1ff8-494b-8ae5-99cd141fddc3', 'temperature': 34, 'timeStamp': '2025-02-13T17:03:16', 'trace_id': '019d64d7-5b9b-4119-8642-5df2163c76bf'}, {'deviceID': 'device123', 'eventID': 'ce69fd56-eca3-4929-b156-6f4ef44d3028', 'temperature': 31, 'timeStamp': '2025-02-13T17:03:17', 'trace_id': '11f3becd-bebf-43f7-a3d7-9017f603e170'}, {'deviceID': 'device123', 'eventID': '91bb3380-d514-49e0-94ce-d99c9a3e867d', 'temperature': 19, 'timeStamp': '2025-02-13T17:03:17', 'trace_id': 'aa8bdb72-7847-4681-a5b4-ef86a73a3372'}, {'deviceID': 'device123', 'eventID': '66da1c8d-88b1-4368-bacd-67c5c56dc317', 'temperature': 21, 'timeStamp': '2025-02-13T17:03:17', 'trace_id': '155889f1-03e6-40a9-a340-8573b6f819ab'}, {'deviceID': 'device123', 'eventID': '3336a9b4-706e-4645-98e1-0983b969874c', 'temperature': 23, 'timeStamp': '2025-02-13T17:03:17', 'trace_id': '6254925b-083d-4198-ae68-4ee737adcf9e'}, {'deviceID': 'device123', 'eventID': '3d786333-1782-43bb-8294-59bd00908e62', 'temperature': 26, 'timeStamp': '2025-02-13T17:03:17', 'trace_id': '12cd0ef1-682f-4b1a-a99e-04eb4acd5077'}, {'deviceID': 'device123', 'eventID': '1184e9f9-5760-433d-9282-62b2f605503c', 'temperature': 29, 'timeStamp': '2025-02-13T17:03:17', 'trace_id': '0663416e-d98f-4f6a-98cc-bce765059720'}, {'deviceID': 'device123', 'eventID': '7b305e8c-8fe0-4e1e-941f-32c1c8e2fb10', 'temperature': 30, 'timeStamp': '2025-02-13T17:03:17', 'trace_id': 'e6859b05-bdde-456f-adf3-c7cbd82be470'}, {'deviceID': 'device123', 'eventID': 'cad8f5c1-7205-4129-8e51-d040f18ad8fe', 'temperature': 34, 'timeStamp': '2025-02-13T17:03:17', 'trace_id': '829fb647-b851-422f-9cfe-b88ba6ee4909'}, {'deviceID': 'device123', 'eventID': '44b31c09-d420-4e39-9893-7587102acb29', 'temperature': 19, 'timeStamp': '2025-02-13T17:03:17', 'trace_id': 'fcb48af6-6b2d-4e76-bdd4-a2238ecbeef7'}, {'deviceID': 'device123', 'eventID': 'a7e9a10e-f2be-409c-be9a-6108f27d7f59', 'temperature': 29, 'timeStamp': '2025-02-13T17:03:17', 'trace_id': 'bab63e8c-4a0e-40b8-bb5b-9acc310cdc12'}, {'deviceID': 'device123', 'eventID': 'bbf70505-068e-4605-8864-23b46bc0b299', 'temperature': 22, 'timeStamp': '2025-02-13T17:03:17', 'trace_id': '7226c5de-4fdb-4e59-a859-d9630f86fedf'}, {'deviceID': 'device123', 'eventID': 'c88bb8bf-38b9-4335-829e-ba0eaaf830a9', 'temperature': 22, 'timeStamp': '2025-02-13T17:03:17', 'trace_id': '82cf51be-d074-489a-8792-e4a7a86fb09e'}, {'deviceID': 'device123', 'eventID': '660e5b30-dbe4-4f64-93ba-f5a616363065', 'temperature': 22, 'timeStamp': '2025-02-13T17:03:17', 'trace_id': '4bf81452-d0ff-4f62-8f3d-1b1adb787bb8'}, {'deviceID': 'device123', 'eventID': 'cf2d0002-9d96-4ec0-b09f-64d9b623f92c', 'temperature': 24, 'timeStamp': '2025-02-13T17:03:17', 'trace_id': '0d5eee2e-4edf-4c3d-aa07-2c624dda4394'}, {'deviceID': 'device123', 'eventID': 'fbae3a0c-0a5c-460f-bf71-1f1d07776988', 'temperature': 35, 'timeStamp': '2025-02-13T17:03:17', 'trace_id': 'ae7c14dc-830e-48c9-b40a-bc17cc86656e'}, {'deviceID': 'device123', 'eventID': '0b57a2c3-ac2a-48fb-a46f-1d685854be24', 'temperature': 28, 'timeStamp': '2025-02-13T17:03:17', 'trace_id': '276d0eb5-f514-4a8d-82dc-905d6216b5fd'}, {'deviceID': 'device123', 'eventID': '83d51967-50e4-4cae-b0b8-151950830768', 'temperature': 23, 'timeStamp': '2025-02-13T17:03:17', 'trace_id': '6dc611e2-e638-4568-9123-b3c225aa3d75'}, {'deviceID': 'device123', 'eventID': '18da145d-2610-4b26-b0ca-e268caae8172', 'temperature': 27, 'timeStamp': '2025-02-13T17:03:17', 'trace_id': '3375ba03-530f-4092-8212-13666bfc34a9'}, {'deviceID': 'device123', 'eventID': '6dc88bd7-8f7b-425d-887d-f768dc67f585', 'temperature': 22, 'timeStamp': '2025-02-13T17:03:17', 'trace_id': '07766138-b7db-4d8f-9274-fa3a6d2b5efb'}, {'deviceID': 'device123', 'eventID': 'ed1a139f-9012-48f3-9b0d-9e342d949ac5', 'temperature': 15, 'timeStamp': '2025-02-13T17:03:17', 'trace_id': '0e1646fe-3fcb-42b8-a7c9-916d6d12a623'}]
2025-02-13 17:03:19,411 - basicLogger - DEBUG - Windspeed Response: [{'deviceID': 'windSensor-001', 'eventID': '3942ebd3-da28-4317-bbb6-7354b2b98708', 'location': {'latitude': 35, 'longitude': -71}, 'timeStamp': '2025-02-13T17:03:16', 'trace_id': '570b1e7e-3dbe-41e6-a5bd-5ded0fbbbad2', 'windspeed': 25}, {'deviceID': 'windSensor-001', 'eventID': 'e8c880cb-9024-4349-b53d-508a92c37e03', 'location': {'latitude': 35, 'longitude': -80}, 'timeStamp': '2025-02-13T17:03:16', 'trace_id': '43a249a8-178d-41f0-a6f8-5130df318fef', 'windspeed': 25}, {'deviceID': 'windSensor-001', 'eventID': '4cc9b982-6845-47e7-946d-fb14b993bf96', 'location': {'latitude': 35, 'longitude': -73}, 'timeStamp': '2025-02-13T17:03:16', 'trace_id': '294c2fd3-8c6b-42b2-bd31-7a0c6ca07aa7', 'windspeed': 18}, {'deviceID': 'windSensor-001', 'eventID': '1f0df3d2-aef1-4270-aae5-e5015d8f1009', 'location': {'latitude': 38, 'longitude': -70}, 'timeStamp': '2025-02-13T17:03:16', 'trace_id': '60d7f962-a4d0-40aa-ae2e-06a1f6605bee', 'windspeed': 15}, {'deviceID': 'windSensor-001', 'eventID': 'f2418e37-38ae-481c-a7a9-b70b912d5846', 'location': {'latitude': 42, 'longitude': -80}, 'timeStamp': '2025-02-13T17:03:16', 'trace_id': '28ae5f35-d993-4d5b-ac4b-ebbac9117c2f', 'windspeed': 29}, {'deviceID': 'windSensor-001', 'eventID': '9999e67b-4089-4191-abaa-139727c4a7d1', 'location': {'latitude': 43, 'longitude': -77}, 'timeStamp': '2025-02-13T17:03:16', 'trace_id': 'bb000db0-b9c8-4a4b-9eb6-379ab3bd80ce', 'windspeed': 16}, {'deviceID': 'windSensor-001', 'eventID': 'de6df3c0-853c-4c62-84a9-321de30c5b91', 'location': {'latitude': 45, 'longitude': -71}, 'timeStamp': '2025-02-13T17:03:17', 'trace_id': '9f5ac1c3-1391-445f-83f2-4ac3345daec5', 'windspeed': 25}, {'deviceID': 'windSensor-001', 'eventID': '07467895-0982-41f4-8d55-a4397c8a390e', 'location': {'latitude': 37, 'longitude': -77}, 'timeStamp': '2025-02-13T17:03:17', 'trace_id': '03da108d-29cb-40ad-a28d-ec87a735e035', 'windspeed': 7}, {'deviceID': 'windSensor-001', 'eventID': 'ddbf89e9-4b63-4611-b5b2-63581b7ce6ec', 'location': {'latitude': 44, 'longitude': -78}, 'timeStamp': '2025-02-13T17:03:17', 'trace_id': '116f3a45-fca5-4989-aa63-365b172799ee', 'windspeed': 5}, {'deviceID': 'windSensor-001', 'eventID': '44545adc-6c1f-4668-b11b-d5d36112fb1a', 'location': {'latitude': 43, 'longitude': -79}, 'timeStamp': '2025-02-13T17:03:17', 'trace_id': '014643e6-0f9d-4f61-9f60-1ea3e51cfd89', 'windspeed': 9}, {'deviceID': 'windSensor-001', 'eventID': '2bf79f1a-778f-47a7-afeb-9ac89d55fde5', 'location': {'latitude': 40, 'longitude': -77}, 'timeStamp': '2025-02-13T17:03:17', 'trace_id': '911baa51-b3d6-46f0-94de-2cdbfdf92c1d', 'windspeed': 5}, {'deviceID': 'windSensor-001', 'eventID': '8c2a1d04-cb74-478c-9937-be989de055d4', 'location': {'latitude': 42, 'longitude': -72}, 'timeStamp': '2025-02-13T17:03:17', 'trace_id': '631bbfdb-3c84-4f68-830a-3cd277c586a0', 'windspeed': 11}, {'deviceID': 'windSensor-001', 'eventID': '0915ac49-2af2-43ba-aee6-521240b05e6f', 'location': {'latitude': 44, 'longitude': -77}, 'timeStamp': '2025-02-13T17:03:17', 'trace_id': 'acaf79b7-fc2a-4cef-948c-71cad968825d', 'windspeed': 6}, {'deviceID': 'windSensor-001', 'eventID': '58168672-803b-4f87-885a-a19d550225d4', 'location': {'latitude': 42, 'longitude': -72}, 'timeStamp': '2025-02-13T17:03:17', 'trace_id': '2ef8c08f-853c-497a-b6e7-9e1d63773061', 'windspeed': 18}, {'deviceID': 'windSensor-001', 'eventID': 'efdb46b8-388a-4b6f-84b1-e1d7115fc150', 'location': {'latitude': 39, 'longitude': -77}, 'timeStamp': '2025-02-13T17:03:17', 'trace_id': '770355ab-9cb6-415a-a8dc-1f4fc4e52d5c', 'windspeed': 7}, {'deviceID': 'windSensor-001', 'eventID': 'f23d6f91-2750-4fd6-b077-b9b2b67c5d6f', 'location': {'latitude': 42, 'longitude': -77}, 'timeStamp': '2025-02-13T17:03:17', 'trace_id': '97eda0b8-7a9c-426e-b8e8-43416e7c5493', 'windspeed': 8}, {'deviceID': 'windSensor-001', 'eventID': '09b81cd4-f534-4208-9d13-70240a501dd1', 'location': {'latitude': 37, 'longitude': -79}, 'timeStamp': '2025-02-13T17:03:17', 'trace_id': '79714ecb-a598-4fb4-baba-bc164a88432d', 'windspeed': 12}, {'deviceID': 'windSensor-001', 'eventID': 'bb50c930-ebe0-400b-b93c-7c9d3d222565', 'location': {'latitude': 42, 'longitude': -75}, 'timeStamp': '2025-02-13T17:03:17', 'trace_id': '3bf554bb-fc11-4a3c-ba4c-f2b05ba1d110', 'windspeed': 9}, {'deviceID': 'windSensor-001', 'eventID': '96ebaed3-5461-481d-b794-14487d0aeff9', 'location': {'latitude': 44, 'longitude': -72}, 'timeStamp': '2025-02-13T17:03:17', 'trace_id': '77b0cc22-91a2-421e-b6f4-ecbd52bdd8d7', 'windspeed': 6}, {'deviceID': 'windSensor-001', 'eventID': 'ff4edbba-61bc-4503-ba21-7f4c5a89e5c5', 'location': {'latitude': 45, 'longitude': -74}, 'timeStamp': '2025-02-13T17:03:17', 'trace_id': 'a663cbee-9bb5-4cd6-8663-0ab3f32505b8', 'windspeed': 25}, {'deviceID': 'windSensor-001', 'eventID': '5b7a2b78-afdb-47e0-85c9-8f276784d47b', 'location': {'latitude': 39, 'longitude': -72}, 'timeStamp': '2025-02-13T17:03:17', 'trace_id': '55294789-e558-4dae-8a70-2949b8d3ebf6', 'windspeed': 28}, {'deviceID': 'windSensor-001', 'eventID': '35b4d2ad-bda2-43f6-9661-672c093f0645', 'location': {'latitude': 36, 'longitude': -73}, 'timeStamp': '2025-02-13T17:03:17', 'trace_id': '695cf592-5882-42b0-90f4-fd2ee20263ae', 'windspeed': 29}, {'deviceID': 'windSensor-001', 'eventID': '4c878b02-829b-4a6e-a367-bb0f4f0786bd', 'location': {'latitude': 41, 'longitude': -75}, 'timeStamp': '2025-02-13T17:03:17', 'trace_id': '6818418a-97d7-4d59-9891-ea90f705f825', 'windspeed': 23}, {'deviceID': 'windSensor-001', 'eventID': 'cbe5be24-e17e-41a7-a584-f25a263aa764', 'location': {'latitude': 41, 'longitude': -78}, 'timeStamp': '2025-02-13T17:03:17', 'trace_id': 'aa3d5a7c-9ddc-46a7-9d82-4b2b94dea2ba', 'windspeed': 25}, {'deviceID': 'windSensor-001', 'eventID': 'db44734a-e095-4dd5-bd75-12d249118c46', 'location': {'latitude': 36, 'longitude': -71}, 'timeStamp': '2025-02-13T17:03:17', 'trace_id': 'e49e2923-9b0e-48f9-9b22-5c6bc89ecd6c', 'windspeed': 11}]
2025-02-13 17:03:19,412 - basicLogger - DEBUG - Temperature Response Status Code: 200
2025-02-13 17:03:19,412 - basicLogger - DEBUG - Wind Speed Response Status Code: 200
2025-02-13 17:03:19,412 - basicLogger - DEBUG - Temperature Response Raw: [
  {
    "deviceID": "device123",
    "eventID": "0201c61b-6f86-4087-8832-b7f341700c28",
    "temperature": 20,
    "timeStamp": "2025-02-13T17:03:16",
    "trace_id": "d94911f4-96b1-4b3f-a8be-54dfc3259edd"
  },
  {
    "deviceID": "device123",
    "eventID": "fb4157d2-8708-4c9e-b025-bb606cc75387",
    "temperature": 18,
    "timeStamp": "2025-02-13T17:03:16",
    "trace_id": "67f844cc-b7a8-482e-b537-2804f8f8eb69"
  },
  {
    "deviceID": "device123",
    "eventID": "edd94f68-4943-4cff-9b72-ababf05fca26",
    "temperature": 25,
    "timeStamp": "2025-02-13T17:03:16",
    "trace_id": "14058b5b-bd9e-4ef8-a9b0-6c2a118e6185"
  },
  {
    "deviceID": "device123",
    "eventID": "79d8b61b-4a41-4035-9cd3-cbfafc792f84",
    "temperature": 25,
    "timeStamp": "2025-02-13T17:03:16",
    "trace_id": "51c74d19-fcf3-415d-97b8-9e1bc0b8ac83"
  },
  {
    "deviceID": "device123",
    "eventID": "946396cb-1ff8-494b-8ae5-99cd141fddc3",
    "temperature": 34,
    "timeStamp": "2025-02-13T17:03:16",
    "trace_id": "019d64d7-5b9b-4119-8642-5df2163c76bf"
  },
  {
    "deviceID": "device123",
    "eventID": "ce69fd56-eca3-4929-b156-6f4ef44d3028",
    "temperature": 31,
    "timeStamp": "2025-02-13T17:03:17",
    "trace_id": "11f3becd-bebf-43f7-a3d7-9017f603e170"
  },
  {
    "deviceID": "device123",
    "eventID": "91bb3380-d514-49e0-94ce-d99c9a3e867d",
    "temperature": 19,
    "timeStamp": "2025-02-13T17:03:17",
    "trace_id": "aa8bdb72-7847-4681-a5b4-ef86a73a3372"
  },
  {
    "deviceID": "device123",
    "eventID": "66da1c8d-88b1-4368-bacd-67c5c56dc317",
    "temperature": 21,
    "timeStamp": "2025-02-13T17:03:17",
    "trace_id": "155889f1-03e6-40a9-a340-8573b6f819ab"
  },
  {
    "deviceID": "device123",
    "eventID": "3336a9b4-706e-4645-98e1-0983b969874c",
    "temperature": 23,
    "timeStamp": "2025-02-13T17:03:17",
    "trace_id": "6254925b-083d-4198-ae68-4ee737adcf9e"
  },
  {
    "deviceID": "device123",
    "eventID": "3d786333-1782-43bb-8294-59bd00908e62",
    "temperature": 26,
    "timeStamp": "2025-02-13T17:03:17",
    "trace_id": "12cd0ef1-682f-4b1a-a99e-04eb4acd5077"
  },
  {
    "deviceID": "device123",
    "eventID": "1184e9f9-5760-433d-9282-62b2f605503c",
    "temperature": 29,
    "timeStamp": "2025-02-13T17:03:17",
    "trace_id": "0663416e-d98f-4f6a-98cc-bce765059720"
  },
  {
    "deviceID": "device123",
    "eventID": "7b305e8c-8fe0-4e1e-941f-32c1c8e2fb10",
    "temperature": 30,
    "timeStamp": "2025-02-13T17:03:17",
    "trace_id": "e6859b05-bdde-456f-adf3-c7cbd82be470"
  },
  {
    "deviceID": "device123",
    "eventID": "cad8f5c1-7205-4129-8e51-d040f18ad8fe",
    "temperature": 34,
    "timeStamp": "2025-02-13T17:03:17",
    "trace_id": "829fb647-b851-422f-9cfe-b88ba6ee4909"
  },
  {
    "deviceID": "device123",
    "eventID": "44b31c09-d420-4e39-9893-7587102acb29",
    "temperature": 19,
    "timeStamp": "2025-02-13T17:03:17",
    "trace_id": "fcb48af6-6b2d-4e76-bdd4-a2238ecbeef7"
  },
  {
    "deviceID": "device123",
    "eventID": "a7e9a10e-f2be-409c-be9a-6108f27d7f59",
    "temperature": 29,
    "timeStamp": "2025-02-13T17:03:17",
    "trace_id": "bab63e8c-4a0e-40b8-bb5b-9acc310cdc12"
  },
  {
    "deviceID": "device123",
    "eventID": "bbf70505-068e-4605-8864-23b46bc0b299",
    "temperature": 22,
    "timeStamp": "2025-02-13T17:03:17",
    "trace_id": "7226c5de-4fdb-4e59-a859-d9630f86fedf"
  },
  {
    "deviceID": "device123",
    "eventID": "c88bb8bf-38b9-4335-829e-ba0eaaf830a9",
    "temperature": 22,
    "timeStamp": "2025-02-13T17:03:17",
    "trace_id": "82cf51be-d074-489a-8792-e4a7a86fb09e"
  },
  {
    "deviceID": "device123",
    "eventID": "660e5b30-dbe4-4f64-93ba-f5a616363065",
    "temperature": 22,
    "timeStamp": "2025-02-13T17:03:17",
    "trace_id": "4bf81452-d0ff-4f62-8f3d-1b1adb787bb8"
  },
  {
    "deviceID": "device123",
    "eventID": "cf2d0002-9d96-4ec0-b09f-64d9b623f92c",
    "temperature": 24,
    "timeStamp": "2025-02-13T17:03:17",
    "trace_id": "0d5eee2e-4edf-4c3d-aa07-2c624dda4394"
  },
  {
    "deviceID": "device123",
    "eventID": "fbae3a0c-0a5c-460f-bf71-1f1d07776988",
    "temperature": 35,
    "timeStamp": "2025-02-13T17:03:17",
    "trace_id": "ae7c14dc-830e-48c9-b40a-bc17cc86656e"
  },
  {
    "deviceID": "device123",
    "eventID": "0b57a2c3-ac2a-48fb-a46f-1d685854be24",
    "temperature": 28,
    "timeStamp": "2025-02-13T17:03:17",
    "trace_id": "276d0eb5-f514-4a8d-82dc-905d6216b5fd"
  },
  {
    "deviceID": "device123",
    "eventID": "83d51967-50e4-4cae-b0b8-151950830768",
    "temperature": 23,
    "timeStamp": "2025-02-13T17:03:17",
    "trace_id": "6dc611e2-e638-4568-9123-b3c225aa3d75"
  },
  {
    "deviceID": "device123",
    "eventID": "18da145d-2610-4b26-b0ca-e268caae8172",
    "temperature": 27,
    "timeStamp": "2025-02-13T17:03:17",
    "trace_id": "3375ba03-530f-4092-8212-13666bfc34a9"
  },
  {
    "deviceID": "device123",
    "eventID": "6dc88bd7-8f7b-425d-887d-f768dc67f585",
    "temperature": 22,
    "timeStamp": "2025-02-13T17:03:17",
    "trace_id": "07766138-b7db-4d8f-9274-fa3a6d2b5efb"
  },
  {
    "deviceID": "device123",
    "eventID": "ed1a139f-9012-48f3-9b0d-9e342d949ac5",
    "temperature": 15,
    "timeStamp": "2025-02-13T17:03:17",
    "trace_id": "0e1646fe-3fcb-42b8-a7c9-916d6d12a623"
  }
]

2025-02-13 17:03:19,412 - basicLogger - DEBUG - Windspeed Response Raw: [
  {
    "deviceID": "windSensor-001",
    "eventID": "3942ebd3-da28-4317-bbb6-7354b2b98708",
    "location": {
      "latitude": 35,
      "longitude": -71
    },
    "timeStamp": "2025-02-13T17:03:16",
    "trace_id": "570b1e7e-3dbe-41e6-a5bd-5ded0fbbbad2",
    "windspeed": 25
  },
  {
    "deviceID": "windSensor-001",
    "eventID": "e8c880cb-9024-4349-b53d-508a92c37e03",
    "location": {
      "latitude": 35,
      "longitude": -80
    },
    "timeStamp": "2025-02-13T17:03:16",
    "trace_id": "43a249a8-178d-41f0-a6f8-5130df318fef",
    "windspeed": 25
  },
  {
    "deviceID": "windSensor-001",
    "eventID": "4cc9b982-6845-47e7-946d-fb14b993bf96",
    "location": {
      "latitude": 35,
      "longitude": -73
    },
    "timeStamp": "2025-02-13T17:03:16",
    "trace_id": "294c2fd3-8c6b-42b2-bd31-7a0c6ca07aa7",
    "windspeed": 18
  },
  {
    "deviceID": "windSensor-001",
    "eventID": "1f0df3d2-aef1-4270-aae5-e5015d8f1009",
    "location": {
      "latitude": 38,
      "longitude": -70
    },
    "timeStamp": "2025-02-13T17:03:16",
    "trace_id": "60d7f962-a4d0-40aa-ae2e-06a1f6605bee",
    "windspeed": 15
  },
  {
    "deviceID": "windSensor-001",
    "eventID": "f2418e37-38ae-481c-a7a9-b70b912d5846",
    "location": {
      "latitude": 42,
      "longitude": -80
    },
    "timeStamp": "2025-02-13T17:03:16",
    "trace_id": "28ae5f35-d993-4d5b-ac4b-ebbac9117c2f",
    "windspeed": 29
  },
  {
    "deviceID": "windSensor-001",
    "eventID": "9999e67b-4089-4191-abaa-139727c4a7d1",
    "location": {
      "latitude": 43,
      "longitude": -77
    },
    "timeStamp": "2025-02-13T17:03:16",
    "trace_id": "bb000db0-b9c8-4a4b-9eb6-379ab3bd80ce",
    "windspeed": 16
  },
  {
    "deviceID": "windSensor-001",
    "eventID": "de6df3c0-853c-4c62-84a9-321de30c5b91",
    "location": {
      "latitude": 45,
      "longitude": -71
    },
    "timeStamp": "2025-02-13T17:03:17",
    "trace_id": "9f5ac1c3-1391-445f-83f2-4ac3345daec5",
    "windspeed": 25
  },
  {
    "deviceID": "windSensor-001",
    "eventID": "07467895-0982-41f4-8d55-a4397c8a390e",
    "location": {
      "latitude": 37,
      "longitude": -77
    },
    "timeStamp": "2025-02-13T17:03:17",
    "trace_id": "03da108d-29cb-40ad-a28d-ec87a735e035",
    "windspeed": 7
  },
  {
    "deviceID": "windSensor-001",
    "eventID": "ddbf89e9-4b63-4611-b5b2-63581b7ce6ec",
    "location": {
      "latitude": 44,
      "longitude": -78
    },
    "timeStamp": "2025-02-13T17:03:17",
    "trace_id": "116f3a45-fca5-4989-aa63-365b172799ee",
    "windspeed": 5
  },
  {
    "deviceID": "windSensor-001",
    "eventID": "44545adc-6c1f-4668-b11b-d5d36112fb1a",
    "location": {
      "latitude": 43,
      "longitude": -79
    },
    "timeStamp": "2025-02-13T17:03:17",
    "trace_id": "014643e6-0f9d-4f61-9f60-1ea3e51cfd89",
    "windspeed": 9
  },
  {
    "deviceID": "windSensor-001",
    "eventID": "2bf79f1a-778f-47a7-afeb-9ac89d55fde5",
    "location": {
      "latitude": 40,
      "longitude": -77
    },
    "timeStamp": "2025-02-13T17:03:17",
    "trace_id": "911baa51-b3d6-46f0-94de-2cdbfdf92c1d",
    "windspeed": 5
  },
  {
    "deviceID": "windSensor-001",
    "eventID": "8c2a1d04-cb74-478c-9937-be989de055d4",
    "location": {
      "latitude": 42,
      "longitude": -72
    },
    "timeStamp": "2025-02-13T17:03:17",
    "trace_id": "631bbfdb-3c84-4f68-830a-3cd277c586a0",
    "windspeed": 11
  },
  {
    "deviceID": "windSensor-001",
    "eventID": "0915ac49-2af2-43ba-aee6-521240b05e6f",
    "location": {
      "latitude": 44,
      "longitude": -77
    },
    "timeStamp": "2025-02-13T17:03:17",
    "trace_id": "acaf79b7-fc2a-4cef-948c-71cad968825d",
    "windspeed": 6
  },
  {
    "deviceID": "windSensor-001",
    "eventID": "58168672-803b-4f87-885a-a19d550225d4",
    "location": {
      "latitude": 42,
      "longitude": -72
    },
    "timeStamp": "2025-02-13T17:03:17",
    "trace_id": "2ef8c08f-853c-497a-b6e7-9e1d63773061",
    "windspeed": 18
  },
  {
    "deviceID": "windSensor-001",
    "eventID": "efdb46b8-388a-4b6f-84b1-e1d7115fc150",
    "location": {
      "latitude": 39,
      "longitude": -77
    },
    "timeStamp": "2025-02-13T17:03:17",
    "trace_id": "770355ab-9cb6-415a-a8dc-1f4fc4e52d5c",
    "windspeed": 7
  },
  {
    "deviceID": "windSensor-001",
    "eventID": "f23d6f91-2750-4fd6-b077-b9b2b67c5d6f",
    "location": {
      "latitude": 42,
      "longitude": -77
    },
    "timeStamp": "2025-02-13T17:03:17",
    "trace_id": "97eda0b8-7a9c-426e-b8e8-43416e7c5493",
    "windspeed": 8
  },
  {
    "deviceID": "windSensor-001",
    "eventID": "09b81cd4-f534-4208-9d13-70240a501dd1",
    "location": {
      "latitude": 37,
      "longitude": -79
    },
    "timeStamp": "2025-02-13T17:03:17",
    "trace_id": "79714ecb-a598-4fb4-baba-bc164a88432d",
    "windspeed": 12
  },
  {
    "deviceID": "windSensor-001",
    "eventID": "bb50c930-ebe0-400b-b93c-7c9d3d222565",
    "location": {
      "latitude": 42,
      "longitude": -75
    },
    "timeStamp": "2025-02-13T17:03:17",
    "trace_id": "3bf554bb-fc11-4a3c-ba4c-f2b05ba1d110",
    "windspeed": 9
  },
  {
    "deviceID": "windSensor-001",
    "eventID": "96ebaed3-5461-481d-b794-14487d0aeff9",
    "location": {
      "latitude": 44,
      "longitude": -72
    },
    "timeStamp": "2025-02-13T17:03:17",
    "trace_id": "77b0cc22-91a2-421e-b6f4-ecbd52bdd8d7",
    "windspeed": 6
  },
  {
    "deviceID": "windSensor-001",
    "eventID": "ff4edbba-61bc-4503-ba21-7f4c5a89e5c5",
    "location": {
      "latitude": 45,
      "longitude": -74
    },
    "timeStamp": "2025-02-13T17:03:17",
    "trace_id": "a663cbee-9bb5-4cd6-8663-0ab3f32505b8",
    "windspeed": 25
  },
  {
    "deviceID": "windSensor-001",
    "eventID": "5b7a2b78-afdb-47e0-85c9-8f276784d47b",
    "location": {
      "latitude": 39,
      "longitude": -72
    },
    "timeStamp": "2025-02-13T17:03:17",
    "trace_id": "55294789-e558-4dae-8a70-2949b8d3ebf6",
    "windspeed": 28
  },
  {
    "deviceID": "windSensor-001",
    "eventID": "35b4d2ad-bda2-43f6-9661-672c093f0645",
    "location": {
      "latitude": 36,
      "longitude": -73
    },
    "timeStamp": "2025-02-13T17:03:17",
    "trace_id": "695cf592-5882-42b0-90f4-fd2ee20263ae",
    "windspeed": 29
  },
  {
    "deviceID": "windSensor-001",
    "eventID": "4c878b02-829b-4a6e-a367-bb0f4f0786bd",
    "location": {
      "latitude": 41,
      "longitude": -75
    },
    "timeStamp": "2025-02-13T17:03:17",
    "trace_id": "6818418a-97d7-4d59-9891-ea90f705f825",
    "windspeed": 23
  },
  {
    "deviceID": "windSensor-001",
    "eventID": "cbe5be24-e17e-41a7-a584-f25a263aa764",
    "location": {
      "latitude": 41,
      "longitude": -78
    },
    "timeStamp": "2025-02-13T17:03:17",
    "trace_id": "aa3d5a7c-9ddc-46a7-9d82-4b2b94dea2ba",
    "windspeed": 25
  },
  {
    "deviceID": "windSensor-001",
    "eventID": "db44734a-e095-4dd5-bd75-12d249118c46",
    "location": {
      "latitude": 36,
      "longitude": -71
    },
    "timeStamp": "2025-02-13T17:03:17",
    "trace_id": "e49e2923-9b0e-48f9-9b22-5c6bc89ecd6c",
    "windspeed": 11
  }
]

2025-02-13 17:03:19,412 - basicLogger - DEBUG - Requesting temperature data from 2025-02-13T17:03:14.359214 to 2025-02-13T17:03:19.357225
2025-02-13 17:03:19,412 - basicLogger - DEBUG - Requesting wind speed data from 2025-02-13T17:03:14.359214 to 2025-02-13T17:03:19.357225
2025-02-13 17:03:24,357 - basicLogger - INFO - Processing has started
2025-02-13 17:03:24,358 - basicLogger - DEBUG - Fetching wind data from: http://localhost:8090/events/wind-speed?start_timestamp=2025-02-13T17:03:19.357225&end_timestamp=2025-02-13T17:03:24.358172
2025-02-13 17:03:24,358 - basicLogger - DEBUG - Fetching wind data from: http://localhost:8090/events/temperature?start_timestamp=2025-02-13T17:03:19.357225&end_timestamp=2025-02-13T17:03:24.358172
2025-02-13 17:03:24,425 - basicLogger - DEBUG - []
2025-02-13 17:03:24,426 - basicLogger - DEBUG - Temperature Response: []
2025-02-13 17:03:24,426 - basicLogger - DEBUG - Windspeed Response: []
2025-02-13 17:03:24,426 - basicLogger - DEBUG - Temperature Response Status Code: 200
2025-02-13 17:03:24,426 - basicLogger - DEBUG - Wind Speed Response Status Code: 200
2025-02-13 17:03:24,426 - basicLogger - DEBUG - Temperature Response Raw: []

2025-02-13 17:03:24,426 - basicLogger - DEBUG - Windspeed Response Raw: []

2025-02-13 17:03:24,426 - basicLogger - DEBUG - Requesting temperature data from 2025-02-13T17:03:19.357225 to 2025-02-13T17:03:24.358172
2025-02-13 17:03:24,426 - basicLogger - DEBUG - Requesting wind speed data from 2025-02-13T17:03:19.357225 to 2025-02-13T17:03:24.358172
2025-02-13 17:03:29,357 - basicLogger - INFO - Processing has started
2025-02-13 17:03:29,358 - basicLogger - DEBUG - Fetching wind data from: http://localhost:8090/events/wind-speed?start_timestamp=2025-02-13T17:03:24.358172&end_timestamp=2025-02-13T17:03:29.357999
2025-02-13 17:03:29,358 - basicLogger - DEBUG - Fetching wind data from: http://localhost:8090/events/temperature?start_timestamp=2025-02-13T17:03:24.358172&end_timestamp=2025-02-13T17:03:29.357999
2025-02-13 17:03:29,425 - basicLogger - DEBUG - []
2025-02-13 17:03:29,425 - basicLogger - DEBUG - Temperature Response: []
2025-02-13 17:03:29,425 - basicLogger - DEBUG - Windspeed Response: []
2025-02-13 17:03:29,425 - basicLogger - DEBUG - Temperature Response Status Code: 200
2025-02-13 17:03:29,425 - basicLogger - DEBUG - Wind Speed Response Status Code: 200
2025-02-13 17:03:29,425 - basicLogger - DEBUG - Temperature Response Raw: []

2025-02-13 17:03:29,426 - basicLogger - DEBUG - Windspeed Response Raw: []

2025-02-13 17:03:29,426 - basicLogger - DEBUG - Requesting temperature data from 2025-02-13T17:03:24.358172 to 2025-02-13T17:03:29.357999
2025-02-13 17:03:29,426 - basicLogger - DEBUG - Requesting wind speed data from 2025-02-13T17:03:24.358172 to 2025-02-13T17:03:29.357999
