2025-02-13 16:19:48,411 - basicLogger - DEBUG - Retrieved 0 temperature readings
2025-02-13 16:19:48,433 - basicLogger - DEBUG - Retrieved 0 wind speed readings
2025-02-13 16:24:56,178 - basicLogger - DEBUG - Retrieved 0 temperature readings
2025-02-13 16:24:56,197 - basicLogger - DEBUG - Retrieved 0 wind speed readings
2025-02-13 16:24:57,890 - basicLogger - DEBUG - Stored event Windspeed with trace id of fabce5a1-4787-4372-902e-4765c89c21b3
2025-02-13 16:24:57,918 - basicLogger - DEBUG - Stored event Temperature with trace id of efed0271-17ab-4d83-921d-de7ef752cb34
2025-02-13 16:24:57,946 - basicLogger - DEBUG - Stored event Windspeed with trace id of 63ef62ae-168e-4ee5-9f18-8b72e8b92ecc
2025-02-13 16:24:57,971 - basicLogger - DEBUG - Stored event Temperature with trace id of e72869ab-52d5-47d9-8588-73d51f4b2004
2025-02-13 16:24:57,996 - basicLogger - DEBUG - Stored event Windspeed with trace id of e86bf1b0-0a0e-4fdb-9645-aa9b2cc734c5
2025-02-13 16:24:58,024 - basicLogger - DEBUG - Stored event Temperature with trace id of a8b70a6c-531b-4850-a571-b5a1ac469027
2025-02-13 16:24:58,058 - basicLogger - DEBUG - Stored event Windspeed with trace id of bcd8476f-5352-4d5b-9c17-1381ae3af2a6
2025-02-13 16:24:58,064 - basicLogger - DEBUG - Stored event Windspeed with trace id of 4de731a7-6be3-4ce1-a74d-163a1bf19a54
2025-02-13 16:24:58,084 - basicLogger - DEBUG - Stored event Temperature with trace id of 27ac9826-79f8-43d2-b557-4bd2054178ef
2025-02-13 16:24:58,094 - basicLogger - DEBUG - Stored event Temperature with trace id of 82b80cf9-4480-46f8-829a-6d44fb4685fc
2025-02-13 16:24:58,115 - basicLogger - DEBUG - Stored event Windspeed with trace id of 94d3a5c4-1825-4e72-8cd7-f2322a22dace
2025-02-13 16:24:58,124 - basicLogger - DEBUG - Stored event Windspeed with trace id of 9f2e11c3-46f1-4e10-8dbf-fe4c016e5d94
2025-02-13 16:24:58,146 - basicLogger - DEBUG - Stored event Temperature with trace id of 71ed52c1-fc0e-4794-93c0-f1f306c862c7
2025-02-13 16:24:58,150 - basicLogger - DEBUG - Stored event Temperature with trace id of a0705d44-648a-4091-b607-c907f700c4bc
2025-02-13 16:24:58,175 - basicLogger - DEBUG - Stored event Windspeed with trace id of 9ed1a761-b91e-4a5f-9115-e311f7b094dc
2025-02-13 16:24:58,200 - basicLogger - DEBUG - Stored event Temperature with trace id of 93d8773b-3cb3-4fa3-be15-1281b700e45b
2025-02-13 16:24:58,224 - basicLogger - DEBUG - Stored event Windspeed with trace id of ecf80a39-778a-4ab0-ad02-195d1f07affc
2025-02-13 16:24:58,271 - basicLogger - DEBUG - Stored event Temperature with trace id of 6a96b1b1-17ad-4c42-be81-0b92f7a1f53c
2025-02-13 16:24:58,288 - basicLogger - DEBUG - Stored event Windspeed with trace id of 009d8fe8-36a4-44a6-9d09-bdf98272263a
2025-02-13 16:24:58,304 - basicLogger - DEBUG - Stored event Windspeed with trace id of ca1f766a-b464-44dd-9c41-6462219090c0
2025-02-13 16:24:58,314 - basicLogger - DEBUG - Stored event Temperature with trace id of a387cbd5-b561-404c-8af5-cf5b231d5519
2025-02-13 16:24:58,334 - basicLogger - DEBUG - Stored event Temperature with trace id of 973cdf3d-eb47-4d57-aa17-1e53ef1d5d19
2025-02-13 16:24:58,340 - basicLogger - DEBUG - Stored event Windspeed with trace id of d3e0e1d5-b123-4037-9993-ba4b769ca701
2025-02-13 16:24:58,366 - basicLogger - DEBUG - Stored event Temperature with trace id of bcd4305f-5623-4f2a-bc28-b6fa739f22a5
2025-02-13 16:24:58,391 - basicLogger - DEBUG - Stored event Windspeed with trace id of 6183b579-5c1c-40e3-bcfa-5191c15761f8
2025-02-13 16:24:58,418 - basicLogger - DEBUG - Stored event Temperature with trace id of 155e5086-0850-421e-a637-2013cb641c1b
2025-02-13 16:24:58,446 - basicLogger - DEBUG - Stored event Windspeed with trace id of 0bb7353f-afc4-4b65-bd55-3cb448ceb8d0
2025-02-13 16:24:58,462 - basicLogger - DEBUG - Stored event Windspeed with trace id of e2a53679-1424-453c-975a-3ed6a4501841
2025-02-13 16:24:58,480 - basicLogger - DEBUG - Stored event Temperature with trace id of 36188a0d-d26d-414a-a432-a36c122fe2e6
2025-02-13 16:24:58,497 - basicLogger - DEBUG - Stored event Temperature with trace id of ef72d267-2d80-4502-948d-df4c013e0f3b
2025-02-13 16:24:58,509 - basicLogger - DEBUG - Stored event Windspeed with trace id of 27ca9139-d49f-4e40-852a-5b9a3d53f4b7
2025-02-13 16:24:58,529 - basicLogger - DEBUG - Stored event Windspeed with trace id of 209fccf9-5e68-47ad-b9f6-c9e33bc49714
2025-02-13 16:24:58,545 - basicLogger - DEBUG - Stored event Temperature with trace id of 37c279a5-2a2a-405b-ad53-e21562f8eb13
2025-02-13 16:24:58,561 - basicLogger - DEBUG - Stored event Temperature with trace id of c00af658-236c-41bd-b5f8-2e0fa5dd4fc7
2025-02-13 16:24:58,587 - basicLogger - DEBUG - Stored event Windspeed with trace id of 25584b57-c9db-45d9-a983-01104e58ecd2
2025-02-13 16:24:58,613 - basicLogger - DEBUG - Stored event Temperature with trace id of b7ac2b2b-c788-4fbb-a995-6f64ef385f65
2025-02-13 16:24:58,638 - basicLogger - DEBUG - Stored event Windspeed with trace id of e1769658-d8e1-41b1-82bd-3a5646a54aa4
2025-02-13 16:24:58,663 - basicLogger - DEBUG - Stored event Windspeed with trace id of 333469bc-4e08-46ca-bf95-9981e60c77cf
2025-02-13 16:24:58,668 - basicLogger - DEBUG - Stored event Temperature with trace id of 58dc3142-f37a-4577-a55b-3da352365a6c
2025-02-13 16:24:58,690 - basicLogger - DEBUG - Stored event Temperature with trace id of a3f21177-24e4-4e34-975f-729dee3ca506
2025-02-13 16:24:58,695 - basicLogger - DEBUG - Stored event Windspeed with trace id of 599f0236-766e-4f5b-8064-eb25ada21aec
2025-02-13 16:24:58,717 - basicLogger - DEBUG - Stored event Windspeed with trace id of 27a4f6fe-ac32-4514-b7d3-935c25116966
2025-02-13 16:24:58,720 - basicLogger - DEBUG - Stored event Temperature with trace id of d34827eb-3a9a-4249-b222-c19dde61a401
2025-02-13 16:24:58,744 - basicLogger - DEBUG - Stored event Temperature with trace id of 5a54e700-4de3-42ed-97d4-53a9a3361e1d
2025-02-13 16:24:58,770 - basicLogger - DEBUG - Stored event Windspeed with trace id of 4423441c-56a7-4d6e-bcf6-035427c65d12
2025-02-13 16:24:58,797 - basicLogger - DEBUG - Stored event Temperature with trace id of 20c79097-f9dc-4782-96e0-c2e88f9abcfb
2025-02-13 16:24:58,824 - basicLogger - DEBUG - Stored event Windspeed with trace id of 08914b7c-ad77-427f-99e3-5b2500119e29
2025-02-13 16:24:58,849 - basicLogger - DEBUG - Stored event Temperature with trace id of 903befd0-55ab-44f3-ba57-c949deaa1557
2025-02-13 16:24:58,876 - basicLogger - DEBUG - Stored event Windspeed with trace id of 09c4d015-81e3-43f4-aaae-c5e7baef0921
2025-02-13 16:24:58,934 - basicLogger - DEBUG - Stored event Temperature with trace id of 02c52067-4056-4d10-81e2-7ba81e860265
2025-02-13 16:25:01,116 - basicLogger - DEBUG - Retrieved 25 temperature readings
2025-02-13 16:25:01,137 - basicLogger - DEBUG - Retrieved 25 wind speed readings
2025-02-13 16:25:06,116 - basicLogger - DEBUG - Retrieved 0 temperature readings
2025-02-13 16:25:06,132 - basicLogger - DEBUG - Retrieved 0 wind speed readings
2025-02-13 16:25:11,140 - basicLogger - DEBUG - Retrieved 0 temperature readings
2025-02-13 16:25:11,159 - basicLogger - DEBUG - Retrieved 0 wind speed readings
2025-02-13 16:25:16,126 - basicLogger - DEBUG - Retrieved 0 temperature readings
2025-02-13 16:25:16,149 - basicLogger - DEBUG - Retrieved 0 wind speed readings
2025-02-13 16:25:21,122 - basicLogger - DEBUG - Retrieved 0 temperature readings
2025-02-13 16:25:21,138 - basicLogger - DEBUG - Retrieved 0 wind speed readings
2025-02-13 16:25:26,123 - basicLogger - DEBUG - Retrieved 0 temperature readings
2025-02-13 16:25:26,140 - basicLogger - DEBUG - Retrieved 0 wind speed readings
2025-02-13 16:25:31,123 - basicLogger - DEBUG - Retrieved 0 temperature readings
2025-02-13 16:25:31,139 - basicLogger - DEBUG - Retrieved 0 wind speed readings
2025-02-13 16:25:36,115 - basicLogger - DEBUG - Retrieved 0 temperature readings
2025-02-13 16:25:36,131 - basicLogger - DEBUG - Retrieved 0 wind speed readings
2025-02-13 16:25:41,144 - basicLogger - DEBUG - Retrieved 0 temperature readings
2025-02-13 16:25:41,182 - basicLogger - DEBUG - Retrieved 0 wind speed readings
2025-02-13 16:25:46,142 - basicLogger - DEBUG - Retrieved 0 temperature readings
2025-02-13 16:25:46,160 - basicLogger - DEBUG - Retrieved 0 wind speed readings
2025-02-13 16:34:02,461 - basicLogger - DEBUG - Retrieved 0 temperature readings
2025-02-13 16:34:02,480 - basicLogger - DEBUG - Retrieved 0 wind speed readings
2025-02-13 16:34:18,544 - basicLogger - DEBUG - Retrieved 0 temperature readings
2025-02-13 16:34:18,560 - basicLogger - DEBUG - Retrieved 0 wind speed readings
2025-02-13 16:34:22,021 - basicLogger - DEBUG - Stored event Windspeed with trace id of 10d86b27-e515-433a-a615-92224f7207fb
2025-02-13 16:34:22,047 - basicLogger - DEBUG - Stored event Temperature with trace id of e8571819-afac-4a7f-9714-4668418b9308
2025-02-13 16:34:22,073 - basicLogger - DEBUG - Stored event Windspeed with trace id of a394cbfc-6e26-46e5-ab29-bebfba90e59a
2025-02-13 16:34:22,101 - basicLogger - DEBUG - Stored event Temperature with trace id of 0034995e-eaa5-4869-b067-79bdadada750
2025-02-13 16:34:22,125 - basicLogger - DEBUG - Stored event Windspeed with trace id of 0123c7ed-8bdb-4e3d-8b8f-02abd2b71654
2025-02-13 16:34:22,149 - basicLogger - DEBUG - Stored event Temperature with trace id of ed102448-b8ce-46c9-87e7-fc0f70fb8962
2025-02-13 16:34:22,174 - basicLogger - DEBUG - Stored event Windspeed with trace id of ce2886da-39c8-488a-8a5b-dccfa6e5e1d1
2025-02-13 16:34:22,206 - basicLogger - DEBUG - Stored event Temperature with trace id of 84452cb9-20f8-4511-96e1-a10813f4895b
2025-02-13 16:34:22,209 - basicLogger - DEBUG - Stored event Windspeed with trace id of cf81d48f-15f4-4d2a-b71a-e47bc9d8bff6
2025-02-13 16:34:22,235 - basicLogger - DEBUG - Stored event Windspeed with trace id of 7ce5e208-9b22-4c5b-8665-87e4af4e6559
2025-02-13 16:34:22,239 - basicLogger - DEBUG - Stored event Temperature with trace id of 2a89c7cb-65b9-4eb4-a173-94e0a4202e5d
2025-02-13 16:34:22,260 - basicLogger - DEBUG - Stored event Temperature with trace id of 92a4b185-ded7-4fad-93a4-3828f694be57
2025-02-13 16:34:22,272 - basicLogger - DEBUG - Stored event Windspeed with trace id of 96a26965-430f-4cc3-8d3a-9f243b5202da
2025-02-13 16:34:22,303 - basicLogger - DEBUG - Stored event Temperature with trace id of b8eb3ca5-4ba8-4445-b75d-be1addecbf31
2025-02-13 16:34:22,330 - basicLogger - DEBUG - Stored event Windspeed with trace id of 57030420-12a1-45e3-aa5b-36be8e9898bf
2025-02-13 16:34:22,354 - basicLogger - DEBUG - Stored event Temperature with trace id of abd2d1ad-82fc-4b3c-9b39-5aa177e9714e
2025-02-13 16:34:22,381 - basicLogger - DEBUG - Stored event Windspeed with trace id of 13a030fb-d2c4-4586-8c2f-7a075088f25d
2025-02-13 16:34:22,406 - basicLogger - DEBUG - Stored event Temperature with trace id of 14e9c54e-261f-4806-be00-8a54ac5c91d1
2025-02-13 16:34:22,410 - basicLogger - DEBUG - Stored event Windspeed with trace id of ce1afe42-b98e-4147-981f-bd9891cab8a2
2025-02-13 16:34:22,437 - basicLogger - DEBUG - Stored event Windspeed with trace id of d3b48d14-34c3-4ab4-b84f-ae58dba94059
2025-02-13 16:34:22,439 - basicLogger - DEBUG - Stored event Temperature with trace id of b1a94aea-2714-40d4-9525-a2168b25c1ff
2025-02-13 16:34:22,463 - basicLogger - DEBUG - Stored event Temperature with trace id of fa5611bf-0118-42d9-b91b-8a8a7aef6f2f
2025-02-13 16:34:22,466 - basicLogger - DEBUG - Stored event Windspeed with trace id of cee41873-a49d-49d5-bef3-7799cbd982c7
2025-02-13 16:34:22,489 - basicLogger - DEBUG - Stored event Temperature with trace id of 92773235-9ac7-4122-91ff-6961bd6ff905
2025-02-13 16:34:22,517 - basicLogger - DEBUG - Stored event Windspeed with trace id of fc587540-a5e0-4cfa-a8af-989197da2fbc
2025-02-13 16:34:22,541 - basicLogger - DEBUG - Stored event Temperature with trace id of 8887b3e5-54d0-4d0e-a815-caacff72e5f6
2025-02-13 16:34:22,564 - basicLogger - DEBUG - Stored event Windspeed with trace id of 6053c2ff-bba4-4f94-8bf4-ac901eefa3b2
2025-02-13 16:34:22,589 - basicLogger - DEBUG - Stored event Temperature with trace id of 8b1876b3-92e1-4264-a047-277fa0797534
2025-02-13 16:34:22,642 - basicLogger - DEBUG - Stored event Windspeed with trace id of 8aa23871-5acd-43c8-8b9c-2b5afb63988a
2025-02-13 16:34:22,650 - basicLogger - DEBUG - Stored event Windspeed with trace id of b7bfbba6-55e6-4d90-9706-a5f957620293
2025-02-13 16:34:22,673 - basicLogger - DEBUG - Stored event Temperature with trace id of 052e2292-1560-40ff-a0c9-b00847caa546
2025-02-13 16:34:22,677 - basicLogger - DEBUG - Stored event Temperature with trace id of e1eb046f-8e0a-44a7-b5bb-0760a6a5ffa1
2025-02-13 16:34:22,697 - basicLogger - DEBUG - Stored event Windspeed with trace id of d84b584d-0dd1-42e2-b159-f667135e3393
2025-02-13 16:34:22,724 - basicLogger - DEBUG - Stored event Temperature with trace id of 9cd36369-5703-4f7d-adc9-6691ef90b564
2025-02-13 16:34:22,748 - basicLogger - DEBUG - Stored event Windspeed with trace id of 5de387b5-63ee-4fca-9136-c29242cd4b3d
2025-02-13 16:34:22,777 - basicLogger - DEBUG - Stored event Temperature with trace id of f7308200-e665-46f0-862e-1d28b71fd380
2025-02-13 16:34:22,804 - basicLogger - DEBUG - Stored event Windspeed with trace id of 332319d9-1b46-41b6-928b-7ac94a433f7e
2025-02-13 16:34:22,809 - basicLogger - DEBUG - Stored event Windspeed with trace id of 4dccd09b-2d08-4566-b91f-d3afd4ed513f
2025-02-13 16:34:22,829 - basicLogger - DEBUG - Stored event Temperature with trace id of 55048c4c-c1e7-4f36-afb4-98589c92ec47
2025-02-13 16:34:22,834 - basicLogger - DEBUG - Stored event Temperature with trace id of 9e1c69b1-e725-4162-b25d-c00206ea567d
2025-02-13 16:34:22,856 - basicLogger - DEBUG - Stored event Windspeed with trace id of e8143036-645f-4663-aeb2-53f2860f6d14
2025-02-13 16:34:22,861 - basicLogger - DEBUG - Stored event Windspeed with trace id of b43cee44-11a3-4633-9bb0-91b37a9454d0
2025-02-13 16:34:22,881 - basicLogger - DEBUG - Stored event Temperature with trace id of 9f4e4b0d-3ebf-476e-be96-09e71a7b81c4
2025-02-13 16:34:22,886 - basicLogger - DEBUG - Stored event Temperature with trace id of 57c912a1-719b-42f1-b382-de23f5853a70
2025-02-13 16:34:22,909 - basicLogger - DEBUG - Stored event Windspeed with trace id of a28c5748-d3f2-4d5b-a165-f6cf33be3ec3
2025-02-13 16:34:22,934 - basicLogger - DEBUG - Stored event Temperature with trace id of 9e47bf76-84ed-44e3-9cdf-733a48f7cd77
2025-02-13 16:34:22,957 - basicLogger - DEBUG - Stored event Windspeed with trace id of 6315cad0-9798-4e47-9f55-77df8dac18a0
2025-02-13 16:34:22,980 - basicLogger - DEBUG - Stored event Temperature with trace id of fd2e072d-421d-4d5d-bc92-667761637934
2025-02-13 16:34:23,004 - basicLogger - DEBUG - Stored event Windspeed with trace id of 3323268d-c0d2-40d9-a845-9272d0b8ac2f
2025-02-13 16:34:23,032 - basicLogger - DEBUG - Stored event Temperature with trace id of c6e60f64-2dd4-4f3e-84be-64814c666a71
2025-02-13 16:34:23,550 - basicLogger - DEBUG - Retrieved 25 temperature readings
2025-02-13 16:34:23,570 - basicLogger - DEBUG - Retrieved 25 wind speed readings
2025-02-13 16:34:28,551 - basicLogger - DEBUG - Retrieved 0 temperature readings
2025-02-13 16:34:28,573 - basicLogger - DEBUG - Retrieved 0 wind speed readings
2025-02-13 16:39:38,760 - basicLogger - DEBUG - Retrieved 0 temperature readings
2025-02-13 16:39:38,776 - basicLogger - DEBUG - Retrieved 0 wind speed readings
2025-02-13 16:48:48,239 - basicLogger - DEBUG - Retrieved 0 temperature readings
2025-02-13 16:48:48,257 - basicLogger - DEBUG - Retrieved 0 wind speed readings
2025-02-13 16:49:39,243 - basicLogger - DEBUG - Retrieved 0 temperature readings
2025-02-13 16:49:39,263 - basicLogger - DEBUG - Retrieved 0 wind speed readings
2025-02-13 16:50:49,627 - basicLogger - DEBUG - Retrieved 0 temperature readings
2025-02-13 16:50:49,645 - basicLogger - DEBUG - Retrieved 0 wind speed readings
2025-02-13 16:50:50,019 - basicLogger - DEBUG - Stored event Windspeed with trace id of aa5cd5d0-6548-4f55-a757-8dedfd48d269
2025-02-13 16:50:50,050 - basicLogger - DEBUG - Stored event Temperature with trace id of f8dea24a-4410-423d-8160-b92452d2aedb
2025-02-13 16:50:50,073 - basicLogger - DEBUG - Stored event Windspeed with trace id of f6b35886-7ea9-402a-b983-b56a801c58cb
2025-02-13 16:50:50,095 - basicLogger - DEBUG - Stored event Temperature with trace id of 42b74b10-7d6a-4a77-a5db-09d89068ac62
2025-02-13 16:50:50,119 - basicLogger - DEBUG - Stored event Windspeed with trace id of 16350b1a-70b4-4910-9a65-a0c34c62cf73
2025-02-13 16:50:50,142 - basicLogger - DEBUG - Stored event Temperature with trace id of 1a64970b-e058-421d-989c-cd47fc6990d5
2025-02-13 16:50:50,169 - basicLogger - DEBUG - Stored event Windspeed with trace id of 8aababf3-373b-4ac3-becb-8fba33d62618
2025-02-13 16:50:50,194 - basicLogger - DEBUG - Stored event Temperature with trace id of c1d751ed-d423-4b83-be76-28e3ece5eef8
2025-02-13 16:50:50,209 - basicLogger - DEBUG - Stored event Windspeed with trace id of 5d0c76f2-0091-432d-bedd-25984074a933
2025-02-13 16:50:50,247 - basicLogger - DEBUG - Stored event Windspeed with trace id of 03ab67a6-3264-404f-a4bd-d995459b5d64
2025-02-13 16:50:50,269 - basicLogger - DEBUG - Stored event Temperature with trace id of c2a194d4-1392-40d7-b5db-a9fe2d2be7c9
2025-02-13 16:50:50,274 - basicLogger - DEBUG - Stored event Temperature with trace id of 18a8d09e-5e04-45d7-a806-87f90571b9c8
2025-02-13 16:50:50,296 - basicLogger - DEBUG - Stored event Windspeed with trace id of 7ecc0ee9-4f35-4882-8127-0be9d470c22a
2025-02-13 16:50:50,323 - basicLogger - DEBUG - Stored event Temperature with trace id of f64e7aef-e2f6-41b3-9ccf-f9a8916d516a
2025-02-13 16:50:50,347 - basicLogger - DEBUG - Stored event Windspeed with trace id of 1d4209c5-60fc-4717-adb6-5e1b1d5a9bcd
2025-02-13 16:50:50,374 - basicLogger - DEBUG - Stored event Temperature with trace id of 1282cbdf-9d3d-453f-8c0e-601b7e7b807a
2025-02-13 16:50:50,432 - basicLogger - DEBUG - Stored event Windspeed with trace id of 80c3310a-f490-4bc2-beb1-7ba439abe9ab
2025-02-13 16:50:50,439 - basicLogger - DEBUG - Stored event Windspeed with trace id of 6554df7a-f836-4b74-8081-ea79cc2fc7e8
2025-02-13 16:50:50,466 - basicLogger - DEBUG - Stored event Temperature with trace id of e19f8246-3b74-43cf-a7f6-074c781ea42e
2025-02-13 16:50:50,469 - basicLogger - DEBUG - Stored event Temperature with trace id of 21ba383b-762a-48dc-a682-4686a7663f6f
2025-02-13 16:50:50,495 - basicLogger - DEBUG - Stored event Windspeed with trace id of 13bbee25-2d83-41dc-913a-557a2eaf938a
2025-02-13 16:50:50,499 - basicLogger - DEBUG - Stored event Windspeed with trace id of 6b574aa2-cf53-4237-940e-526405269248
2025-02-13 16:50:50,521 - basicLogger - DEBUG - Stored event Temperature with trace id of 04c8cdff-d1ad-4319-a4b4-8a0348064fe9
2025-02-13 16:50:50,525 - basicLogger - DEBUG - Stored event Temperature with trace id of 2d7ed9b8-7780-4aea-8f36-6848ad5d7880
2025-02-13 16:50:50,547 - basicLogger - DEBUG - Stored event Windspeed with trace id of 92197c4c-8c3b-4063-836f-85c28c6b3cda
2025-02-13 16:50:50,576 - basicLogger - DEBUG - Stored event Temperature with trace id of 94e095dd-15a1-40bf-b460-d84e07ace7a7
2025-02-13 16:50:50,603 - basicLogger - DEBUG - Stored event Windspeed with trace id of 9e3106e1-81ae-49aa-bd7a-5dc97f33dba1
2025-02-13 16:50:50,611 - basicLogger - DEBUG - Stored event Windspeed with trace id of 0fd5652e-5d47-4fb9-b703-df8ca1d7681d
2025-02-13 16:50:50,633 - basicLogger - DEBUG - Stored event Temperature with trace id of 2bc806ec-5d34-4db4-a383-f87a15383f62
2025-02-13 16:50:50,638 - basicLogger - DEBUG - Stored event Temperature with trace id of 700a33a6-4385-489d-abac-2937c47a250c
2025-02-13 16:50:50,664 - basicLogger - DEBUG - Stored event Windspeed with trace id of b16d91cb-4d43-4d0d-a899-54baf183bd2a
2025-02-13 16:50:50,669 - basicLogger - DEBUG - Stored event Windspeed with trace id of 15d5ab74-7730-4788-b20b-2106714c3f33
2025-02-13 16:50:50,693 - basicLogger - DEBUG - Stored event Temperature with trace id of 38fb3baa-bbd2-415b-9bea-3b9ecdfa58f6
2025-02-13 16:50:50,698 - basicLogger - DEBUG - Stored event Temperature with trace id of 08b74b92-de1c-4683-95e8-5ccc57e842ec
2025-02-13 16:50:50,723 - basicLogger - DEBUG - Stored event Windspeed with trace id of 3e73df6b-6c9d-46e7-8e72-f9de2900679c
2025-02-13 16:50:50,747 - basicLogger - DEBUG - Stored event Temperature with trace id of 1804be4c-a6da-495f-b05c-0145330e5525
2025-02-13 16:50:50,770 - basicLogger - DEBUG - Stored event Windspeed with trace id of e6b01881-f96d-4b37-976b-05ce417b77a1
2025-02-13 16:50:50,800 - basicLogger - DEBUG - Stored event Temperature with trace id of af8287ff-a994-4bb6-8ad4-848f14c54549
2025-02-13 16:50:50,811 - basicLogger - DEBUG - Stored event Windspeed with trace id of 575c54dc-1977-4abc-b845-d6ef29b99585
2025-02-13 16:50:50,826 - basicLogger - DEBUG - Stored event Windspeed with trace id of 364a2fd8-b6de-4db5-a050-b44c8611d664
2025-02-13 16:50:50,868 - basicLogger - DEBUG - Stored event Temperature with trace id of b3371530-8ebb-4e88-942f-cd08b457374e
2025-02-13 16:50:50,891 - basicLogger - DEBUG - Stored event Temperature with trace id of d7f6241c-4cfa-4d4c-b13e-2f9f99ab5b17
2025-02-13 16:50:50,898 - basicLogger - DEBUG - Stored event Windspeed with trace id of 3a7d0e65-c1a3-4157-90f1-2f34906aa4ce
2025-02-13 16:50:50,924 - basicLogger - DEBUG - Stored event Temperature with trace id of 6ff4eb83-9feb-4709-84d4-62ebee7c53c7
2025-02-13 16:50:50,953 - basicLogger - DEBUG - Stored event Windspeed with trace id of fa595f70-868b-4474-b946-3d8037047ca1
2025-02-13 16:50:51,006 - basicLogger - DEBUG - Stored event Temperature with trace id of 5ccfc439-d2e0-45c3-872e-f6ffbb04b58e
2025-02-13 16:50:51,032 - basicLogger - DEBUG - Stored event Windspeed with trace id of 5a7a1919-d6cb-4577-9c2f-2f4478278fab
2025-02-13 16:50:51,060 - basicLogger - DEBUG - Stored event Temperature with trace id of 030c115a-bd81-4a99-9e42-0d07a22c6b6f
2025-02-13 16:50:51,097 - basicLogger - DEBUG - Stored event Windspeed with trace id of e0c8b177-f764-43b6-8e75-c269867f4e73
2025-02-13 16:50:51,128 - basicLogger - DEBUG - Stored event Temperature with trace id of 572277e0-b3db-4e48-a85b-c31b288df1f7
2025-02-13 16:50:54,635 - basicLogger - DEBUG - Retrieved 25 temperature readings
2025-02-13 16:50:54,663 - basicLogger - DEBUG - Retrieved 24 wind speed readings
2025-02-13 16:54:58,273 - basicLogger - DEBUG - Retrieved 0 temperature readings
2025-02-13 16:54:58,292 - basicLogger - DEBUG - Retrieved 0 wind speed readings
2025-02-13 16:55:00,066 - basicLogger - DEBUG - Stored event Windspeed with trace id of c33a566c-e3f7-415d-934c-6e1651acd899
2025-02-13 16:55:00,090 - basicLogger - DEBUG - Stored event Temperature with trace id of 72f7822b-161e-4f58-8139-e95e0a621f23
2025-02-13 16:55:00,114 - basicLogger - DEBUG - Stored event Windspeed with trace id of c33e07a0-1e11-4e0c-a1c6-4990e9cf72fa
2025-02-13 16:55:00,138 - basicLogger - DEBUG - Stored event Temperature with trace id of 59751a45-e1dd-492c-9481-8640cda17e52
2025-02-13 16:55:00,162 - basicLogger - DEBUG - Stored event Windspeed with trace id of ceb6ca30-45ff-4d04-a4fa-376b381666d8
2025-02-13 16:55:00,186 - basicLogger - DEBUG - Stored event Temperature with trace id of ee3726d8-93fc-40c1-9741-b06ca23fa634
2025-02-13 16:55:00,211 - basicLogger - DEBUG - Stored event Windspeed with trace id of c31935d7-f849-4048-91c6-27612c81ca3b
2025-02-13 16:55:00,236 - basicLogger - DEBUG - Stored event Temperature with trace id of eab03a3b-692e-428b-a426-f1b72610589d
2025-02-13 16:55:00,252 - basicLogger - DEBUG - Stored event Windspeed with trace id of a80500ec-5488-41df-aba9-940d34143bcb
2025-02-13 16:55:00,263 - basicLogger - DEBUG - Stored event Windspeed with trace id of a52fb297-e56c-488b-b3a5-afc6e8eefff9
2025-02-13 16:55:00,284 - basicLogger - DEBUG - Stored event Temperature with trace id of dc3a2e2e-2a76-4dab-aaa8-42c93baf7196
2025-02-13 16:55:00,292 - basicLogger - DEBUG - Stored event Temperature with trace id of bde860b5-907f-4ae0-b4d4-846d95126fe3
2025-02-13 16:55:00,313 - basicLogger - DEBUG - Stored event Windspeed with trace id of e80ae83e-a8e9-4ae4-81a3-fc1ad53c3d17
2025-02-13 16:55:00,336 - basicLogger - DEBUG - Stored event Temperature with trace id of 1804fcd4-0e11-4cb4-932b-fff51c7d0007
2025-02-13 16:55:00,359 - basicLogger - DEBUG - Stored event Windspeed with trace id of 62e51f22-1944-43aa-9f34-8d474252061b
2025-02-13 16:55:00,381 - basicLogger - DEBUG - Stored event Temperature with trace id of bf0597b2-f04f-4369-bab0-fe27214bfac7
2025-02-13 16:55:00,408 - basicLogger - DEBUG - Stored event Windspeed with trace id of 09b50189-911a-43d4-a2c5-79be631a46fa
2025-02-13 16:55:00,463 - basicLogger - DEBUG - Stored event Temperature with trace id of 5f76066a-c54d-46ef-aae4-6c56518c3f2f
2025-02-13 16:55:00,467 - basicLogger - DEBUG - Stored event Windspeed with trace id of 9caab7a0-600f-4b09-bcf2-c749a4680c4d
2025-02-13 16:55:00,493 - basicLogger - DEBUG - Stored event Windspeed with trace id of 22913572-d485-4323-8f7d-2f6c3b71a045
2025-02-13 16:55:00,528 - basicLogger - DEBUG - Stored event Temperature with trace id of 1b53de38-77f6-4963-b57f-c589b94dee47
2025-02-13 16:55:00,544 - basicLogger - DEBUG - Stored event Temperature with trace id of 7d8ca8a6-fa9c-4d26-8093-f49aa9537f5b
2025-02-13 16:55:00,556 - basicLogger - DEBUG - Stored event Windspeed with trace id of 6a668799-71d7-4eba-8e2a-72c7746c4e67
2025-02-13 16:55:00,579 - basicLogger - DEBUG - Stored event Temperature with trace id of 1fb86ab9-8a3f-435e-9827-08e59b96d3cb
2025-02-13 16:55:00,606 - basicLogger - DEBUG - Stored event Windspeed with trace id of 500e7d1c-688c-46cb-b6c0-04a051f8fdde
2025-02-13 16:55:00,633 - basicLogger - DEBUG - Stored event Temperature with trace id of 6c9ab35f-9805-404b-aa33-66b29e10f5a6
2025-02-13 16:55:00,654 - basicLogger - DEBUG - Stored event Windspeed with trace id of 59999042-8cb5-4c88-ae02-e633e15964bc
2025-02-13 16:55:00,660 - basicLogger - DEBUG - Stored event Windspeed with trace id of 75038424-e7d7-423e-957e-f7d6b32b119c
2025-02-13 16:55:00,679 - basicLogger - DEBUG - Stored event Temperature with trace id of d7555a60-afc2-4700-8756-02ec23a44eb1
2025-02-13 16:55:00,684 - basicLogger - DEBUG - Stored event Temperature with trace id of 31a63796-ff82-43a9-9ce9-314da8ec72cf
2025-02-13 16:55:00,710 - basicLogger - DEBUG - Stored event Windspeed with trace id of 1fdd81a6-6c3a-4db3-bd92-b33c1f7ea58b
2025-02-13 16:55:00,713 - basicLogger - DEBUG - Stored event Windspeed with trace id of d9b515b0-3d10-4f30-90b2-f4fd2ab77d40
2025-02-13 16:55:00,736 - basicLogger - DEBUG - Stored event Temperature with trace id of fc50bfa9-9977-41d3-bb46-5b61811334b4
2025-02-13 16:55:00,740 - basicLogger - DEBUG - Stored event Temperature with trace id of 503d24fe-e1b6-4a59-8dc2-7592dbe01913
2025-02-13 16:55:00,763 - basicLogger - DEBUG - Stored event Windspeed with trace id of c61ebe9a-b141-4271-a039-ad51e5305ba5
2025-02-13 16:55:00,788 - basicLogger - DEBUG - Stored event Temperature with trace id of b49f5411-6b7c-4c1b-86df-57d8a7172a8c
2025-02-13 16:55:00,811 - basicLogger - DEBUG - Stored event Windspeed with trace id of d832acfb-38bf-4aee-852c-c4dc0dd3ddb9
2025-02-13 16:55:00,835 - basicLogger - DEBUG - Stored event Temperature with trace id of 89f0a107-7275-4137-9667-41cfe7ad9a66
2025-02-13 16:55:00,855 - basicLogger - DEBUG - Stored event Windspeed with trace id of dea5ed83-758e-4898-b16f-bbc328b9ee5e
2025-02-13 16:55:00,859 - basicLogger - DEBUG - Stored event Windspeed with trace id of 99249239-2eb1-4773-a568-62340ce1fa13
2025-02-13 16:55:00,880 - basicLogger - DEBUG - Stored event Temperature with trace id of 4b73fae7-68c1-4ef1-aabb-f5a00e79939e
2025-02-13 16:55:00,886 - basicLogger - DEBUG - Stored event Temperature with trace id of 65075338-5109-4c94-8dd4-d5c6ed6bbd0b
2025-02-13 16:55:00,906 - basicLogger - DEBUG - Stored event Windspeed with trace id of 46098fd3-c67b-493b-a856-e54c513af693
2025-02-13 16:55:00,929 - basicLogger - DEBUG - Stored event Temperature with trace id of 008f35d2-3d5a-471a-b667-ca7e4bcafbb1
2025-02-13 16:55:00,952 - basicLogger - DEBUG - Stored event Windspeed with trace id of 27f6837c-b2b9-4f4a-aaaa-82203981b785
2025-02-13 16:55:00,976 - basicLogger - DEBUG - Stored event Temperature with trace id of 705751af-9d96-4c9f-91b9-2a4a1dd5c441
2025-02-13 16:55:01,002 - basicLogger - DEBUG - Stored event Windspeed with trace id of ad1d2c8e-5ed0-4458-afe2-ec6a4674070c
2025-02-13 16:55:01,025 - basicLogger - DEBUG - Stored event Temperature with trace id of 800a70a9-4733-4dd7-b8e0-d7c5e574b8b4
2025-02-13 16:55:01,051 - basicLogger - DEBUG - Stored event Windspeed with trace id of 9bea4acc-298f-4a7c-b8b5-0fa7f685505e
2025-02-13 16:55:01,078 - basicLogger - DEBUG - Stored event Temperature with trace id of 0f6304a7-113c-4796-9910-20d479b53ea9
2025-02-13 16:55:03,236 - basicLogger - DEBUG - Retrieved 25 temperature readings
2025-02-13 16:55:03,264 - basicLogger - DEBUG - Retrieved 25 wind speed readings
2025-02-13 16:58:07,264 - basicLogger - DEBUG - Retrieved 0 temperature readings
2025-02-13 16:58:07,287 - basicLogger - DEBUG - Retrieved 0 wind speed readings
2025-02-13 16:58:12,256 - basicLogger - DEBUG - Retrieved 0 temperature readings
2025-02-13 16:58:12,279 - basicLogger - DEBUG - Retrieved 0 wind speed readings
2025-02-13 16:58:17,252 - basicLogger - DEBUG - Retrieved 0 temperature readings
2025-02-13 16:58:17,271 - basicLogger - DEBUG - Retrieved 0 wind speed readings
2025-02-13 16:58:18,865 - basicLogger - DEBUG - Stored event Temperature with trace id of 55bc8ac3-dfe4-4e1e-b50f-7940643507e8
2025-02-13 16:58:18,896 - basicLogger - DEBUG - Stored event Temperature with trace id of bde90bd5-69a0-448d-9d5b-031b471d9135
2025-02-13 16:58:18,924 - basicLogger - DEBUG - Stored event Temperature with trace id of ab529f02-e39e-4dca-9090-d4fdf7b0c93a
2025-02-13 16:58:18,950 - basicLogger - DEBUG - Stored event Temperature with trace id of 1ca91099-fe41-42a8-9952-56d2503c495c
2025-02-13 16:58:18,978 - basicLogger - DEBUG - Stored event Temperature with trace id of 0d46968f-4b06-4ff5-880a-7ce877cede9c
2025-02-13 16:58:19,019 - basicLogger - DEBUG - Stored event Temperature with trace id of 917ba252-f6cd-4568-bc82-c38b25827097
2025-02-13 16:58:19,047 - basicLogger - DEBUG - Stored event Temperature with trace id of c0523b5a-aec6-457d-a505-676d0c25fd88
2025-02-13 16:58:19,075 - basicLogger - DEBUG - Stored event Temperature with trace id of f7be158a-31ee-4e5b-9231-0b966cddb6e1
2025-02-13 16:58:19,102 - basicLogger - DEBUG - Stored event Temperature with trace id of 7b8960f2-559c-4f7e-868c-f9f751689497
2025-02-13 16:58:19,130 - basicLogger - DEBUG - Stored event Temperature with trace id of 15cd7b0d-b18b-4048-a2e4-0dfe88a09f07
2025-02-13 16:58:19,268 - basicLogger - DEBUG - Stored event Temperature with trace id of b99447e2-3828-4406-8eb7-b4640e8a9f57
2025-02-13 16:58:19,294 - basicLogger - DEBUG - Stored event Temperature with trace id of 02c60503-a46c-448c-a800-c80595293fe9
2025-02-13 16:58:19,320 - basicLogger - DEBUG - Stored event Temperature with trace id of 759c9ef1-c80f-4b22-8465-9b96511852aa
2025-02-13 16:58:19,348 - basicLogger - DEBUG - Stored event Temperature with trace id of b3abfcef-a0bc-4d05-a652-d05299cb5a4c
2025-02-13 16:58:19,375 - basicLogger - DEBUG - Stored event Temperature with trace id of 4da7173c-3f3d-46fd-8ce0-a36e8396cba2
2025-02-13 16:58:19,418 - basicLogger - DEBUG - Stored event Temperature with trace id of 35fb816e-0650-462c-8152-062774ffea3c
2025-02-13 16:58:19,444 - basicLogger - DEBUG - Stored event Temperature with trace id of f235c153-90c4-4302-9062-8905a6cc5679
2025-02-13 16:58:19,469 - basicLogger - DEBUG - Stored event Temperature with trace id of dda14b42-22c4-486e-859a-61c258676be9
2025-02-13 16:58:19,497 - basicLogger - DEBUG - Stored event Temperature with trace id of 2b58fc82-36db-45fd-a3a6-9a7d9465ba96
2025-02-13 16:58:19,565 - basicLogger - DEBUG - Stored event Temperature with trace id of 77f722b7-0c4d-453c-a7f3-8e32344f6a81
2025-02-13 16:58:19,634 - basicLogger - DEBUG - Stored event Temperature with trace id of 51b0e6ab-4a56-4318-9e06-206fb43f185a
2025-02-13 16:58:19,662 - basicLogger - DEBUG - Stored event Temperature with trace id of ab1a8c01-59f4-459e-8555-c57f6051726e
2025-02-13 16:58:19,699 - basicLogger - DEBUG - Stored event Temperature with trace id of 90b6fe51-f82d-4fea-8285-54a4cf33a5ee
2025-02-13 16:58:19,725 - basicLogger - DEBUG - Stored event Temperature with trace id of 49d26d00-5b58-446e-bdc8-68a698b00d4e
2025-02-13 16:58:19,752 - basicLogger - DEBUG - Stored event Temperature with trace id of 3cdce758-b64c-4ade-99f9-b72f91c20470
2025-02-13 16:58:22,253 - basicLogger - DEBUG - Retrieved 25 temperature readings
2025-02-13 16:58:22,273 - basicLogger - DEBUG - Retrieved 0 wind speed readings
2025-02-13 16:58:27,249 - basicLogger - DEBUG - Retrieved 0 temperature readings
2025-02-13 16:58:27,272 - basicLogger - DEBUG - Retrieved 0 wind speed readings
2025-02-13 16:58:32,254 - basicLogger - DEBUG - Retrieved 0 temperature readings
2025-02-13 16:58:32,274 - basicLogger - DEBUG - Retrieved 0 wind speed readings
2025-02-13 16:59:23,083 - basicLogger - DEBUG - Stored event Temperature with trace id of 7a9dac45-5fdd-4014-a900-20a1e9d1cf1d
2025-02-13 16:59:23,127 - basicLogger - DEBUG - Stored event Temperature with trace id of f7d489c3-4563-448c-b736-b137754a06d4
2025-02-13 16:59:23,170 - basicLogger - DEBUG - Stored event Temperature with trace id of 762c47fd-ffa1-4c41-bc97-c3ded17a3603
2025-02-13 16:59:23,218 - basicLogger - DEBUG - Stored event Temperature with trace id of 4b88189b-cf51-4b36-b54e-c2c2284d8629
2025-02-13 16:59:23,275 - basicLogger - DEBUG - Stored event Temperature with trace id of 698749d3-9e61-4bee-ac5a-2d77c0436bef
2025-02-13 16:59:23,284 - basicLogger - DEBUG - Stored event Temperature with trace id of d50e4356-a15a-4f96-bf7d-2ffdcc52c2da
2025-02-13 16:59:23,335 - basicLogger - DEBUG - Stored event Temperature with trace id of 3912250a-36cb-45db-878c-c7c0ca53e480
2025-02-13 16:59:23,386 - basicLogger - DEBUG - Stored event Temperature with trace id of 27e3d688-e076-40d9-bc2e-cf9f04c9645e
2025-02-13 16:59:23,467 - basicLogger - DEBUG - Stored event Temperature with trace id of 5debbd3f-945b-4a77-8097-1f49f26a147f
2025-02-13 16:59:23,510 - basicLogger - DEBUG - Stored event Temperature with trace id of defc944c-614b-4e29-9c59-691e5a54413d
2025-02-13 16:59:23,524 - basicLogger - DEBUG - Stored event Temperature with trace id of a603c984-5185-4ce9-bcda-17f0b804696f
2025-02-13 16:59:23,563 - basicLogger - DEBUG - Stored event Temperature with trace id of b040a717-f9e7-4897-9fe0-41ee60004161
2025-02-13 16:59:23,611 - basicLogger - DEBUG - Stored event Temperature with trace id of 9162e6df-3f47-4bd9-84b4-2fb46c38dced
2025-02-13 16:59:23,671 - basicLogger - DEBUG - Stored event Temperature with trace id of 78fa12c1-0da5-4c14-b023-221c50862782
2025-02-13 16:59:23,683 - basicLogger - DEBUG - Stored event Temperature with trace id of aefe22e2-0ae1-404f-a54d-4e611e0594d7
2025-02-13 16:59:23,724 - basicLogger - DEBUG - Stored event Temperature with trace id of 0b79e4ca-1198-498d-ba54-84805abb4e69
2025-02-13 16:59:23,739 - basicLogger - DEBUG - Stored event Temperature with trace id of f963405c-5512-407e-be60-a438ecc25ff5
2025-02-13 16:59:23,785 - basicLogger - DEBUG - Stored event Temperature with trace id of 8c8ec7d7-22a8-4d8c-a2ba-358a5dd476e7
2025-02-13 16:59:23,831 - basicLogger - DEBUG - Stored event Temperature with trace id of cdf8f46d-95e0-4dc2-ac17-39987706c438
2025-02-13 16:59:23,881 - basicLogger - DEBUG - Stored event Temperature with trace id of 655c0979-f2f8-488a-90df-752d9a0bcb35
2025-02-13 16:59:23,887 - basicLogger - DEBUG - Stored event Temperature with trace id of 6413b974-156b-4d10-98ca-14ba47220557
2025-02-13 16:59:23,941 - basicLogger - DEBUG - Stored event Temperature with trace id of 63cc0455-b368-45a5-b0ee-2a126ff017a3
2025-02-13 16:59:24,021 - basicLogger - DEBUG - Stored event Temperature with trace id of 6eea0f4f-6808-498f-9fb8-74b772e166e7
2025-02-13 16:59:24,074 - basicLogger - DEBUG - Stored event Temperature with trace id of 7e74aa29-822d-4436-bc33-3e311b03425e
2025-02-13 16:59:24,119 - basicLogger - DEBUG - Stored event Temperature with trace id of 6ceccc92-425c-4ea0-bf2b-2ed0a8fe0476
2025-02-13 17:02:33,525 - basicLogger - DEBUG - Retrieved 0 temperature readings
2025-02-13 17:02:33,545 - basicLogger - DEBUG - Retrieved 0 wind speed readings
2025-02-13 17:02:34,498 - basicLogger - DEBUG - Stored event Windspeed with trace id of 6c2c1b6f-e6e8-405b-b6f3-69cd80a3a30e
2025-02-13 17:02:34,535 - basicLogger - DEBUG - Stored event Temperature with trace id of b65c8c96-45ac-4977-b808-12aace77967d
2025-02-13 17:02:34,564 - basicLogger - DEBUG - Stored event Windspeed with trace id of ea384269-7308-4447-8795-2e6cbad4a1c2
2025-02-13 17:02:34,591 - basicLogger - DEBUG - Stored event Temperature with trace id of 749d87e0-2aba-4b68-befd-e973427e5253
2025-02-13 17:02:34,617 - basicLogger - DEBUG - Stored event Windspeed with trace id of f1dbaf6a-7d62-443d-9a5f-b6ac50f9c60d
2025-02-13 17:02:34,642 - basicLogger - DEBUG - Stored event Temperature with trace id of a2020f6b-6049-4906-8d28-96a5db771ad6
2025-02-13 17:02:34,665 - basicLogger - DEBUG - Stored event Windspeed with trace id of 6824c81e-3bf8-4d59-ab08-0c83a470776b
2025-02-13 17:02:34,671 - basicLogger - DEBUG - Stored event Windspeed with trace id of bdef2dc1-d938-4df6-8bc5-2b5bfe680cbb
2025-02-13 17:02:34,691 - basicLogger - DEBUG - Stored event Temperature with trace id of a8ca4217-8c91-4f90-8089-15363d979a1c
2025-02-13 17:02:34,696 - basicLogger - DEBUG - Stored event Temperature with trace id of 1d923644-1fd8-4631-89d9-bae50de8e1f6
2025-02-13 17:02:34,716 - basicLogger - DEBUG - Stored event Windspeed with trace id of c60acb22-3c60-479a-a850-d9a9a2cfe50c
2025-02-13 17:02:34,722 - basicLogger - DEBUG - Stored event Windspeed with trace id of 3100afc1-0f82-45c0-9c8e-752e8fe726c6
2025-02-13 17:02:34,745 - basicLogger - DEBUG - Stored event Temperature with trace id of 3df0de15-a492-4d80-95ce-ebc5cb41fb6f
2025-02-13 17:02:34,748 - basicLogger - DEBUG - Stored event Temperature with trace id of 37fcecf3-78a1-471d-93dd-6f4b87c60381
2025-02-13 17:02:34,773 - basicLogger - DEBUG - Stored event Windspeed with trace id of 4060c9d9-e2ef-421a-830c-05de5516b6ba
2025-02-13 17:02:34,796 - basicLogger - DEBUG - Stored event Temperature with trace id of 88647bfa-6981-4461-bf3b-464f103a1262
2025-02-13 17:02:34,820 - basicLogger - DEBUG - Stored event Windspeed with trace id of ff1af1e1-c309-4dfc-b769-140e30de5c17
2025-02-13 17:02:34,846 - basicLogger - DEBUG - Stored event Temperature with trace id of 93c231d4-dd21-4aac-b4dd-7791794d99cb
2025-02-13 17:02:34,882 - basicLogger - DEBUG - Stored event Windspeed with trace id of 94d44da1-30e6-4090-87f3-24bf7753fb7c
2025-02-13 17:02:34,886 - basicLogger - DEBUG - Stored event Windspeed with trace id of f214ea51-94a4-4f93-980a-031d47b037d6
2025-02-13 17:02:34,910 - basicLogger - DEBUG - Stored event Temperature with trace id of 1b7667ad-4234-42f7-ba80-ec0b3ccdd4eb
2025-02-13 17:02:34,914 - basicLogger - DEBUG - Stored event Temperature with trace id of 51050e05-d907-4ab0-9253-62e0b76164bd
2025-02-13 17:02:34,933 - basicLogger - DEBUG - Stored event Windspeed with trace id of fdf47e85-15ff-4c64-ba73-46bb8cd42952
2025-02-13 17:02:34,956 - basicLogger - DEBUG - Stored event Temperature with trace id of 9b22d1a4-4458-41f8-a57c-adc5b48c6c7f
2025-02-13 17:02:34,981 - basicLogger - DEBUG - Stored event Windspeed with trace id of 06feaa98-8e25-4488-96cf-59cef227e60e
2025-02-13 17:02:35,007 - basicLogger - DEBUG - Stored event Temperature with trace id of ea82d637-2841-428f-ae0a-4b7b95ca3835
2025-02-13 17:02:35,033 - basicLogger - DEBUG - Stored event Windspeed with trace id of 08b2d47c-6121-4f4e-a521-204e9423392f
2025-02-13 17:02:35,066 - basicLogger - DEBUG - Stored event Temperature with trace id of 9e7c0491-c872-488f-9645-0bfcd56944fd
2025-02-13 17:02:35,071 - basicLogger - DEBUG - Stored event Windspeed with trace id of 323ee4f7-972d-416f-92e3-e0f156135458
2025-02-13 17:02:35,098 - basicLogger - DEBUG - Stored event Windspeed with trace id of 4bc7bd30-aaca-43b7-8450-9ade2e762d87
2025-02-13 17:02:35,103 - basicLogger - DEBUG - Stored event Temperature with trace id of be76d9d1-d1ce-40af-bd76-9e7f1d13a49a
2025-02-13 17:02:35,125 - basicLogger - DEBUG - Stored event Temperature with trace id of 43391261-41c6-4579-93c1-3c1afcca5b0e
2025-02-13 17:02:35,130 - basicLogger - DEBUG - Stored event Windspeed with trace id of cf0598be-1c96-4a50-8084-838348f0ee5d
2025-02-13 17:02:35,157 - basicLogger - DEBUG - Stored event Temperature with trace id of 4db5ec81-7ef4-4aa3-9c62-e183d6a27053
2025-02-13 17:02:35,185 - basicLogger - DEBUG - Stored event Windspeed with trace id of fdbdd87d-5ff5-4045-b819-9232aac5ea62
2025-02-13 17:02:35,210 - basicLogger - DEBUG - Stored event Temperature with trace id of 35685ac0-cfa3-4e47-be72-2536e8e2927f
2025-02-13 17:02:35,236 - basicLogger - DEBUG - Stored event Windspeed with trace id of a0b9cc5b-d115-4978-b9e6-c6d7bae167c3
2025-02-13 17:02:35,263 - basicLogger - DEBUG - Stored event Temperature with trace id of 47e6f9d8-72da-4065-bf62-ac95f5a01dea
2025-02-13 17:02:35,267 - basicLogger - DEBUG - Stored event Windspeed with trace id of bfde2c08-1beb-4712-8856-f02cd3311e5b
2025-02-13 17:02:35,293 - basicLogger - DEBUG - Stored event Windspeed with trace id of 71a07b44-41cc-4ccc-988f-d4e1058ea8cd
2025-02-13 17:02:35,297 - basicLogger - DEBUG - Stored event Temperature with trace id of d75eb79a-ab02-400a-aeb6-8aa44e5c4ba4
2025-02-13 17:02:35,322 - basicLogger - DEBUG - Stored event Temperature with trace id of 136f1be2-de6e-465b-b47b-9cccc3a409a9
2025-02-13 17:02:35,327 - basicLogger - DEBUG - Stored event Windspeed with trace id of 467fa506-594e-47e5-8f41-6fc17c793378
2025-02-13 17:02:35,353 - basicLogger - DEBUG - Stored event Temperature with trace id of d1eab2b0-707c-4bad-be95-a1899687ca97
2025-02-13 17:02:35,386 - basicLogger - DEBUG - Stored event Windspeed with trace id of 65952270-bafd-4b20-8452-c503d63fdf96
2025-02-13 17:02:35,418 - basicLogger - DEBUG - Stored event Temperature with trace id of be43aec3-3b24-4bbb-a9f6-6ad571085ff3
2025-02-13 17:02:35,451 - basicLogger - DEBUG - Stored event Windspeed with trace id of b257bbf8-1a36-49b2-80b3-ba36708677c8
2025-02-13 17:02:35,483 - basicLogger - DEBUG - Stored event Temperature with trace id of dfd09bf6-11b6-4f27-9275-50079992c740
2025-02-13 17:02:35,509 - basicLogger - DEBUG - Stored event Windspeed with trace id of ba91f6c7-db02-40d2-9b75-858f49dd1d28
2025-02-13 17:02:35,559 - basicLogger - DEBUG - Stored event Temperature with trace id of 127704c7-552f-4fa3-9749-a46a39b778a6
2025-02-13 17:02:38,463 - basicLogger - DEBUG - Retrieved 25 temperature readings
2025-02-13 17:02:38,538 - basicLogger - DEBUG - Retrieved 25 wind speed readings
2025-02-13 17:02:43,485 - basicLogger - DEBUG - Retrieved 25 temperature readings
2025-02-13 17:02:43,510 - basicLogger - DEBUG - Retrieved 25 wind speed readings
2025-02-13 17:02:48,485 - basicLogger - DEBUG - Retrieved 25 temperature readings
2025-02-13 17:02:48,511 - basicLogger - DEBUG - Retrieved 25 wind speed readings
2025-02-13 17:02:53,488 - basicLogger - DEBUG - Retrieved 25 temperature readings
2025-02-13 17:02:53,512 - basicLogger - DEBUG - Retrieved 25 wind speed readings
2025-02-13 17:02:58,467 - basicLogger - DEBUG - Retrieved 25 temperature readings
2025-02-13 17:02:58,488 - basicLogger - DEBUG - Retrieved 25 wind speed readings
2025-02-13 17:03:03,488 - basicLogger - DEBUG - Retrieved 25 temperature readings
2025-02-13 17:03:03,512 - basicLogger - DEBUG - Retrieved 25 wind speed readings
2025-02-13 17:03:14,420 - basicLogger - DEBUG - Retrieved 25 temperature readings
2025-02-13 17:03:14,439 - basicLogger - DEBUG - Retrieved 25 wind speed readings
2025-02-13 17:03:16,785 - basicLogger - DEBUG - Stored event Windspeed with trace id of 570b1e7e-3dbe-41e6-a5bd-5ded0fbbbad2
2025-02-13 17:03:16,830 - basicLogger - DEBUG - Stored event Temperature with trace id of d94911f4-96b1-4b3f-a8be-54dfc3259edd
2025-02-13 17:03:16,854 - basicLogger - DEBUG - Stored event Windspeed with trace id of 43a249a8-178d-41f0-a6f8-5130df318fef
2025-02-13 17:03:16,878 - basicLogger - DEBUG - Stored event Temperature with trace id of 67f844cc-b7a8-482e-b537-2804f8f8eb69
2025-02-13 17:03:16,904 - basicLogger - DEBUG - Stored event Windspeed with trace id of 294c2fd3-8c6b-42b2-bd31-7a0c6ca07aa7
2025-02-13 17:03:16,927 - basicLogger - DEBUG - Stored event Temperature with trace id of 14058b5b-bd9e-4ef8-a9b0-6c2a118e6185
2025-02-13 17:03:16,952 - basicLogger - DEBUG - Stored event Windspeed with trace id of 60d7f962-a4d0-40aa-ae2e-06a1f6605bee
2025-02-13 17:03:16,967 - basicLogger - DEBUG - Stored event Windspeed with trace id of 28ae5f35-d993-4d5b-ac4b-ebbac9117c2f
2025-02-13 17:03:16,982 - basicLogger - DEBUG - Stored event Temperature with trace id of 51c74d19-fcf3-415d-97b8-9e1bc0b8ac83
2025-02-13 17:03:17,000 - basicLogger - DEBUG - Stored event Temperature with trace id of 019d64d7-5b9b-4119-8642-5df2163c76bf
2025-02-13 17:03:17,013 - basicLogger - DEBUG - Stored event Windspeed with trace id of bb000db0-b9c8-4a4b-9eb6-379ab3bd80ce
2025-02-13 17:03:17,027 - basicLogger - DEBUG - Stored event Windspeed with trace id of 9f5ac1c3-1391-445f-83f2-4ac3345daec5
2025-02-13 17:03:17,043 - basicLogger - DEBUG - Stored event Temperature with trace id of 11f3becd-bebf-43f7-a3d7-9017f603e170
2025-02-13 17:03:17,055 - basicLogger - DEBUG - Stored event Temperature with trace id of aa8bdb72-7847-4681-a5b4-ef86a73a3372
2025-02-13 17:03:17,079 - basicLogger - DEBUG - Stored event Windspeed with trace id of 03da108d-29cb-40ad-a28d-ec87a735e035
2025-02-13 17:03:17,102 - basicLogger - DEBUG - Stored event Temperature with trace id of 155889f1-03e6-40a9-a340-8573b6f819ab
2025-02-13 17:03:17,124 - basicLogger - DEBUG - Stored event Windspeed with trace id of 116f3a45-fca5-4989-aa63-365b172799ee
2025-02-13 17:03:17,148 - basicLogger - DEBUG - Stored event Temperature with trace id of 6254925b-083d-4198-ae68-4ee737adcf9e
2025-02-13 17:03:17,167 - basicLogger - DEBUG - Stored event Windspeed with trace id of 014643e6-0f9d-4f61-9f60-1ea3e51cfd89
2025-02-13 17:03:17,173 - basicLogger - DEBUG - Stored event Windspeed with trace id of 911baa51-b3d6-46f0-94de-2cdbfdf92c1d
2025-02-13 17:03:17,193 - basicLogger - DEBUG - Stored event Temperature with trace id of 12cd0ef1-682f-4b1a-a99e-04eb4acd5077
2025-02-13 17:03:17,197 - basicLogger - DEBUG - Stored event Temperature with trace id of 0663416e-d98f-4f6a-98cc-bce765059720
2025-02-13 17:03:17,217 - basicLogger - DEBUG - Stored event Windspeed with trace id of 631bbfdb-3c84-4f68-830a-3cd277c586a0
2025-02-13 17:03:17,249 - basicLogger - DEBUG - Stored event Temperature with trace id of e6859b05-bdde-456f-adf3-c7cbd82be470
2025-02-13 17:03:17,308 - basicLogger - DEBUG - Stored event Windspeed with trace id of acaf79b7-fc2a-4cef-948c-71cad968825d
2025-02-13 17:03:17,348 - basicLogger - DEBUG - Stored event Temperature with trace id of 829fb647-b851-422f-9cfe-b88ba6ee4909
2025-02-13 17:03:17,371 - basicLogger - DEBUG - Stored event Windspeed with trace id of 2ef8c08f-853c-497a-b6e7-9e1d63773061
2025-02-13 17:03:17,406 - basicLogger - DEBUG - Stored event Windspeed with trace id of 770355ab-9cb6-415a-a8dc-1f4fc4e52d5c
2025-02-13 17:03:17,422 - basicLogger - DEBUG - Stored event Temperature with trace id of fcb48af6-6b2d-4e76-bdd4-a2238ecbeef7
2025-02-13 17:03:17,434 - basicLogger - DEBUG - Stored event Temperature with trace id of bab63e8c-4a0e-40b8-bb5b-9acc310cdc12
2025-02-13 17:03:17,448 - basicLogger - DEBUG - Stored event Windspeed with trace id of 97eda0b8-7a9c-426e-b8e8-43416e7c5493
2025-02-13 17:03:17,462 - basicLogger - DEBUG - Stored event Windspeed with trace id of 79714ecb-a598-4fb4-baba-bc164a88432d
2025-02-13 17:03:17,477 - basicLogger - DEBUG - Stored event Temperature with trace id of 7226c5de-4fdb-4e59-a859-d9630f86fedf
2025-02-13 17:03:17,492 - basicLogger - DEBUG - Stored event Temperature with trace id of 82cf51be-d074-489a-8792-e4a7a86fb09e
2025-02-13 17:03:17,504 - basicLogger - DEBUG - Stored event Windspeed with trace id of 3bf554bb-fc11-4a3c-ba4c-f2b05ba1d110
2025-02-13 17:03:17,529 - basicLogger - DEBUG - Stored event Temperature with trace id of 4bf81452-d0ff-4f62-8f3d-1b1adb787bb8
2025-02-13 17:03:17,552 - basicLogger - DEBUG - Stored event Windspeed with trace id of 77b0cc22-91a2-421e-b6f4-ecbd52bdd8d7
2025-02-13 17:03:17,567 - basicLogger - DEBUG - Stored event Windspeed with trace id of a663cbee-9bb5-4cd6-8663-0ab3f32505b8
2025-02-13 17:03:17,580 - basicLogger - DEBUG - Stored event Temperature with trace id of 0d5eee2e-4edf-4c3d-aa07-2c624dda4394
2025-02-13 17:03:17,594 - basicLogger - DEBUG - Stored event Temperature with trace id of ae7c14dc-830e-48c9-b40a-bc17cc86656e
2025-02-13 17:03:17,607 - basicLogger - DEBUG - Stored event Windspeed with trace id of 55294789-e558-4dae-8a70-2949b8d3ebf6
2025-02-13 17:03:17,619 - basicLogger - DEBUG - Stored event Windspeed with trace id of 695cf592-5882-42b0-90f4-fd2ee20263ae
2025-02-13 17:03:17,631 - basicLogger - DEBUG - Stored event Temperature with trace id of 276d0eb5-f514-4a8d-82dc-905d6216b5fd
2025-02-13 17:03:17,644 - basicLogger - DEBUG - Stored event Temperature with trace id of 6dc611e2-e638-4568-9123-b3c225aa3d75
2025-02-13 17:03:17,668 - basicLogger - DEBUG - Stored event Windspeed with trace id of 6818418a-97d7-4d59-9891-ea90f705f825
2025-02-13 17:03:17,691 - basicLogger - DEBUG - Stored event Temperature with trace id of 3375ba03-530f-4092-8212-13666bfc34a9
2025-02-13 17:03:17,713 - basicLogger - DEBUG - Stored event Windspeed with trace id of aa3d5a7c-9ddc-46a7-9d82-4b2b94dea2ba
2025-02-13 17:03:17,741 - basicLogger - DEBUG - Stored event Temperature with trace id of 07766138-b7db-4d8f-9274-fa3a6d2b5efb
2025-02-13 17:03:17,764 - basicLogger - DEBUG - Stored event Windspeed with trace id of e49e2923-9b0e-48f9-9b22-5c6bc89ecd6c
2025-02-13 17:03:17,789 - basicLogger - DEBUG - Stored event Temperature with trace id of 0e1646fe-3fcb-42b8-a7c9-916d6d12a623
2025-02-13 17:03:19,380 - basicLogger - DEBUG - Retrieved 25 temperature readings
2025-02-13 17:03:19,405 - basicLogger - DEBUG - Retrieved 25 wind speed readings
2025-02-13 17:03:24,400 - basicLogger - DEBUG - Retrieved 0 temperature readings
2025-02-13 17:03:24,422 - basicLogger - DEBUG - Retrieved 0 wind speed readings
2025-02-13 17:03:29,396 - basicLogger - DEBUG - Retrieved 0 temperature readings
2025-02-13 17:03:29,421 - basicLogger - DEBUG - Retrieved 0 wind speed readings
2025-03-05 22:09:32,240 - basicLogger - INFO - Message: {'type': 'temperature', 'datetime': '2025-03-05T22:09:32', 'payload': {'eventID': '3fa85f64-5717-4562-b3fc-2c963f66afa6', 'deviceID': 'string', 'timeStamp': '2025-03-06T06:09:30.970Z', 'temperature': 0}}
2025-03-05 22:09:49,093 - basicLogger - INFO - Message: {'type': 'temperature', 'datetime': '2025-03-05T22:09:32', 'payload': {'eventID': '3fa85f64-5717-4562-b3fc-2c963f66afa6', 'deviceID': 'string', 'timeStamp': '2025-03-06T06:09:30.970Z', 'temperature': 0}}
2025-03-05 22:10:04,676 - basicLogger - INFO - Message: {'type': 'temperature', 'datetime': '2025-03-05T22:10:04', 'payload': {'eventID': '3fa85f64-5717-4562-b3fc-2c963f66afa6', 'deviceID': 'string', 'timeStamp': '2025-03-06T06:10:03.853Z', 'temperature': 0}}
2025-03-05 23:21:11,764 - basicLogger - INFO - Message: {'type': 'temperature', 'datetime': '2025-03-05T23:21:11', 'payload': {'eventID': '3fa85f64-5717-4562-b3fc-2c963f66afa6', 'deviceID': 'string', 'timeStamp': '2025-03-06T07:21:09.831Z', 'temperature': 0}}
2025-03-05 23:21:16,235 - basicLogger - INFO - Message: {'type': 'temperature', 'datetime': '2025-03-05T23:21:16', 'payload': {'eventID': '3fa85f64-5717-4562-b3fc-2c963f66afa6', 'deviceID': 'string', 'timeStamp': '2025-03-06T07:21:09.831Z', 'temperature': 0}}
2025-03-05 23:23:54,705 - basicLogger - INFO - Message: {'type': 'temperature', 'datetime': '2025-03-05T23:23:54', 'payload': {'eventID': '3fa85f64-5717-4562-b3fc-2c963f66afa6', 'deviceID': 'string', 'timeStamp': '2025-03-06T07:23:53.621Z', 'temperature': 0}}
2025-03-05 23:23:56,178 - basicLogger - INFO - Message: {'type': 'temperature', 'datetime': '2025-03-05T23:23:56', 'payload': {'eventID': '3fa85f64-5717-4562-b3fc-2c963f66afa6', 'deviceID': 'string', 'timeStamp': '2025-03-06T07:23:53.621Z', 'temperature': 0}}
2025-03-05 23:23:57,265 - basicLogger - INFO - Message: {'type': 'temperature', 'datetime': '2025-03-05T23:23:57', 'payload': {'eventID': '3fa85f64-5717-4562-b3fc-2c963f66afa6', 'deviceID': 'string', 'timeStamp': '2025-03-06T07:23:53.621Z', 'temperature': 0}}
2025-03-05 23:23:57,458 - basicLogger - INFO - Message: {'type': 'temperature', 'datetime': '2025-03-05T23:23:57', 'payload': {'eventID': '3fa85f64-5717-4562-b3fc-2c963f66afa6', 'deviceID': 'string', 'timeStamp': '2025-03-06T07:23:53.621Z', 'temperature': 0}}
2025-03-05 23:23:57,622 - basicLogger - INFO - Message: {'type': 'temperature', 'datetime': '2025-03-05T23:23:57', 'payload': {'eventID': '3fa85f64-5717-4562-b3fc-2c963f66afa6', 'deviceID': 'string', 'timeStamp': '2025-03-06T07:23:53.621Z', 'temperature': 0}}
2025-03-05 23:23:57,783 - basicLogger - INFO - Message: {'type': 'temperature', 'datetime': '2025-03-05T23:23:57', 'payload': {'eventID': '3fa85f64-5717-4562-b3fc-2c963f66afa6', 'deviceID': 'string', 'timeStamp': '2025-03-06T07:23:53.621Z', 'temperature': 0}}
2025-03-05 23:25:36,592 - basicLogger - INFO - Message: {'type': 'temperature', 'datetime': '2025-03-05T23:25:36', 'payload': {'eventID': '3fa85f64-5717-4562-b3fc-2c963f66afa6', 'deviceID': 'string', 'timeStamp': '2025-03-06T07:23:53.621Z', 'temperature': 0}}
2025-03-05 23:26:02,199 - basicLogger - INFO - Message: {'type': 'temperature', 'datetime': '2025-03-05T23:26:02', 'payload': {'eventID': '3fa85f64-5717-4562-b3fc-2c963f66afa6', 'deviceID': 'string', 'timeStamp': '2025-03-06T07:23:53.621Z', 'temperature': 0}}
2025-03-05 23:26:05,819 - basicLogger - INFO - Message: {'type': 'wind-speed', 'datetime': '2025-03-05T23:26:05', 'payload': {'eventID': '3fa85f64-5717-4562-b3fc-2c963f66afa6', 'deviceID': 'string', 'timeStamp': '2025-03-06T07:26:04.862Z', 'windspeed': 0, 'location': {'latitude': 0, 'longitude': 0}}}
2025-03-05 23:26:06,583 - basicLogger - INFO - Message: {'type': 'wind-speed', 'datetime': '2025-03-05T23:26:06', 'payload': {'eventID': '3fa85f64-5717-4562-b3fc-2c963f66afa6', 'deviceID': 'string', 'timeStamp': '2025-03-06T07:26:04.862Z', 'windspeed': 0, 'location': {'latitude': 0, 'longitude': 0}}}
2025-03-05 23:26:06,761 - basicLogger - INFO - Message: {'type': 'wind-speed', 'datetime': '2025-03-05T23:26:06', 'payload': {'eventID': '3fa85f64-5717-4562-b3fc-2c963f66afa6', 'deviceID': 'string', 'timeStamp': '2025-03-06T07:26:04.862Z', 'windspeed': 0, 'location': {'latitude': 0, 'longitude': 0}}}
2025-03-05 23:26:06,924 - basicLogger - INFO - Message: {'type': 'wind-speed', 'datetime': '2025-03-05T23:26:06', 'payload': {'eventID': '3fa85f64-5717-4562-b3fc-2c963f66afa6', 'deviceID': 'string', 'timeStamp': '2025-03-06T07:26:04.862Z', 'windspeed': 0, 'location': {'latitude': 0, 'longitude': 0}}}
2025-03-05 23:26:07,084 - basicLogger - INFO - Message: {'type': 'wind-speed', 'datetime': '2025-03-05T23:26:07', 'payload': {'eventID': '3fa85f64-5717-4562-b3fc-2c963f66afa6', 'deviceID': 'string', 'timeStamp': '2025-03-06T07:26:04.862Z', 'windspeed': 0, 'location': {'latitude': 0, 'longitude': 0}}}
2025-03-05 23:30:32,743 - basicLogger - INFO - Message: {'type': 'wind-speed', 'datetime': '2025-03-05T23:30:32', 'payload': {'eventID': '3fa85f64-5717-4562-b3fc-2c963f66afa6', 'deviceID': 'string', 'timeStamp': '2025-03-06T07:26:04.862Z', 'windspeed': 0, 'location': {'latitude': 0, 'longitude': 0}}}
2025-03-05 23:30:33,111 - basicLogger - INFO - Message: {'type': 'wind-speed', 'datetime': '2025-03-05T23:30:33', 'payload': {'eventID': '3fa85f64-5717-4562-b3fc-2c963f66afa6', 'deviceID': 'string', 'timeStamp': '2025-03-06T07:26:04.862Z', 'windspeed': 0, 'location': {'latitude': 0, 'longitude': 0}}}
2025-03-05 23:30:34,194 - basicLogger - INFO - Message: {'type': 'wind-speed', 'datetime': '2025-03-05T23:30:34', 'payload': {'eventID': '3fa85f64-5717-4562-b3fc-2c963f66afa6', 'deviceID': 'string', 'timeStamp': '2025-03-06T07:26:04.862Z', 'windspeed': 0, 'location': {'latitude': 0, 'longitude': 0}}}
2025-03-05 23:30:34,370 - basicLogger - INFO - Message: {'type': 'wind-speed', 'datetime': '2025-03-05T23:30:34', 'payload': {'eventID': '3fa85f64-5717-4562-b3fc-2c963f66afa6', 'deviceID': 'string', 'timeStamp': '2025-03-06T07:26:04.862Z', 'windspeed': 0, 'location': {'latitude': 0, 'longitude': 0}}}
2025-03-05 23:30:34,569 - basicLogger - INFO - Message: {'type': 'wind-speed', 'datetime': '2025-03-05T23:30:34', 'payload': {'eventID': '3fa85f64-5717-4562-b3fc-2c963f66afa6', 'deviceID': 'string', 'timeStamp': '2025-03-06T07:26:04.862Z', 'windspeed': 0, 'location': {'latitude': 0, 'longitude': 0}}}
2025-03-05 23:30:38,434 - basicLogger - INFO - Message: {'type': 'temperature', 'datetime': '2025-03-05T23:30:38', 'payload': {'eventID': '3fa85f64-5717-4562-b3fc-2c963f66afa6', 'deviceID': 'string', 'timeStamp': '2025-03-06T07:23:53.621Z', 'temperature': 0}}
2025-03-05 23:30:38,602 - basicLogger - INFO - Message: {'type': 'temperature', 'datetime': '2025-03-05T23:30:38', 'payload': {'eventID': '3fa85f64-5717-4562-b3fc-2c963f66afa6', 'deviceID': 'string', 'timeStamp': '2025-03-06T07:23:53.621Z', 'temperature': 0}}
2025-03-05 23:30:38,765 - basicLogger - INFO - Message: {'type': 'temperature', 'datetime': '2025-03-05T23:30:38', 'payload': {'eventID': '3fa85f64-5717-4562-b3fc-2c963f66afa6', 'deviceID': 'string', 'timeStamp': '2025-03-06T07:23:53.621Z', 'temperature': 0}}
2025-03-05 23:31:19,202 - basicLogger - INFO - Message: {'type': 'temperature', 'datetime': '2025-03-05T23:31:19', 'payload': {'eventID': '3fa85f64-5717-4562-b3fc-2c963f66afa6', 'deviceID': 'string', 'timeStamp': '2025-03-06T07:23:53.621Z', 'temperature': 0}}
2025-03-05 23:31:19,375 - basicLogger - INFO - Message: {'type': 'temperature', 'datetime': '2025-03-05T23:31:19', 'payload': {'eventID': '3fa85f64-5717-4562-b3fc-2c963f66afa6', 'deviceID': 'string', 'timeStamp': '2025-03-06T07:23:53.621Z', 'temperature': 0}}
2025-03-05 23:31:19,572 - basicLogger - INFO - Message: {'type': 'temperature', 'datetime': '2025-03-05T23:31:19', 'payload': {'eventID': '3fa85f64-5717-4562-b3fc-2c963f66afa6', 'deviceID': 'string', 'timeStamp': '2025-03-06T07:23:53.621Z', 'temperature': 0}}
2025-03-05 23:31:19,725 - basicLogger - INFO - Message: {'type': 'temperature', 'datetime': '2025-03-05T23:31:19', 'payload': {'eventID': '3fa85f64-5717-4562-b3fc-2c963f66afa6', 'deviceID': 'string', 'timeStamp': '2025-03-06T07:23:53.621Z', 'temperature': 0}}
2025-03-05 23:31:21,237 - basicLogger - INFO - Message: {'type': 'wind-speed', 'datetime': '2025-03-05T23:31:21', 'payload': {'eventID': '3fa85f64-5717-4562-b3fc-2c963f66afa6', 'deviceID': 'string', 'timeStamp': '2025-03-06T07:26:04.862Z', 'windspeed': 0, 'location': {'latitude': 0, 'longitude': 0}}}
2025-03-05 23:31:21,410 - basicLogger - INFO - Message: {'type': 'wind-speed', 'datetime': '2025-03-05T23:31:21', 'payload': {'eventID': '3fa85f64-5717-4562-b3fc-2c963f66afa6', 'deviceID': 'string', 'timeStamp': '2025-03-06T07:26:04.862Z', 'windspeed': 0, 'location': {'latitude': 0, 'longitude': 0}}}
2025-03-05 23:31:21,565 - basicLogger - INFO - Message: {'type': 'wind-speed', 'datetime': '2025-03-05T23:31:21', 'payload': {'eventID': '3fa85f64-5717-4562-b3fc-2c963f66afa6', 'deviceID': 'string', 'timeStamp': '2025-03-06T07:26:04.862Z', 'windspeed': 0, 'location': {'latitude': 0, 'longitude': 0}}}
2025-03-05 23:32:57,915 - basicLogger - INFO - Message: {'type': 'wind-speed', 'datetime': '2025-03-05T23:32:57', 'payload': {'eventID': '3fa85f64-5717-4562-b3fc-2c963f66afa6', 'deviceID': 'string', 'timeStamp': '2025-03-06T07:26:04.862Z', 'windspeed': 0, 'location': {'latitude': 0, 'longitude': 0}}}
2025-03-05 23:32:58,313 - basicLogger - INFO - Message: {'type': 'wind-speed', 'datetime': '2025-03-05T23:32:58', 'payload': {'eventID': '3fa85f64-5717-4562-b3fc-2c963f66afa6', 'deviceID': 'string', 'timeStamp': '2025-03-06T07:26:04.862Z', 'windspeed': 0, 'location': {'latitude': 0, 'longitude': 0}}}
2025-03-05 23:33:11,627 - basicLogger - INFO - Message: {'type': 'wind-speed', 'datetime': '2025-03-05T23:33:11', 'payload': {'eventID': '3fa85f64-5717-4562-b3fc-2c963f66afa6', 'deviceID': 'string', 'timeStamp': '2025-03-06T07:26:04.862Z', 'windspeed': 0, 'location': {'latitude': 0, 'longitude': 0}}}
2025-03-05 23:33:15,062 - basicLogger - INFO - Message: {'type': 'temperature', 'datetime': '2025-03-05T23:33:15', 'payload': {'eventID': '3fa85f64-5717-4562-b3fc-2c963f66afa6', 'deviceID': 'string', 'timeStamp': '2025-03-06T07:23:53.621Z', 'temperature': 0}}
2025-03-05 23:34:22,839 - basicLogger - INFO - Message: {'type': 'temperature', 'datetime': '2025-03-05T23:34:22', 'payload': {'eventID': '3fa85f64-5717-4562-b3fc-2c963f66afa6', 'deviceID': 'string', 'timeStamp': '2025-03-06T07:23:53.621Z', 'temperature': 0}}
2025-03-05 23:34:23,315 - basicLogger - INFO - Message: {'type': 'temperature', 'datetime': '2025-03-05T23:34:23', 'payload': {'eventID': '3fa85f64-5717-4562-b3fc-2c963f66afa6', 'deviceID': 'string', 'timeStamp': '2025-03-06T07:23:53.621Z', 'temperature': 0}}
2025-03-05 23:41:10,289 - basicLogger - INFO - Message: {'type': 'wind-speed', 'datetime': '2025-03-05T23:41:10', 'payload': {'eventID': '3fa85f64-5717-4562-b3fc-2c963f66afa6', 'deviceID': 'string', 'timeStamp': '2025-03-06T07:41:08.817Z', 'windspeed': 0, 'location': {'latitude': 0, 'longitude': 0}}}
2025-03-05 23:41:11,056 - basicLogger - INFO - Message: {'type': 'wind-speed', 'datetime': '2025-03-05T23:41:11', 'payload': {'eventID': '3fa85f64-5717-4562-b3fc-2c963f66afa6', 'deviceID': 'string', 'timeStamp': '2025-03-06T07:41:08.817Z', 'windspeed': 0, 'location': {'latitude': 0, 'longitude': 0}}}
2025-03-05 23:43:03,057 - basicLogger - INFO - Message: {'type': 'wind-speed', 'datetime': '2025-03-05T23:43:03', 'payload': {'eventID': '3fa85f64-5717-4562-b3fc-2c963f66afa6', 'deviceID': 'string', 'timeStamp': '2025-03-06T07:41:08.817Z', 'windspeed': 0, 'location': {'latitude': 0, 'longitude': 0}}}
2025-03-05 23:45:01,680 - basicLogger - INFO - Message: {'type': 'wind-speed', 'datetime': '2025-03-05T23:45:01', 'payload': {'eventID': '3fa85f64-5717-4562-b3fc-2c963f66afa6', 'deviceID': 'string', 'timeStamp': '2025-03-06T07:41:08.817Z', 'windspeed': 0, 'location': {'latitude': 0, 'longitude': 0}}}
2025-03-05 23:45:08,237 - basicLogger - INFO - Message: {'type': 'wind-speed', 'datetime': '2025-03-05T23:45:08', 'payload': {'eventID': '3fa85f64-5717-4562-b3fc-2c963f66afa6', 'deviceID': 'string', 'timeStamp': '2025-03-06T07:41:08.817Z', 'windspeed': 0, 'location': {'latitude': 0, 'longitude': 0}}}
2025-03-05 23:47:51,390 - basicLogger - INFO - Message: {'type': 'wind-speed', 'datetime': '2025-03-05T23:47:51', 'payload': {'eventID': '3fa85f64-5717-4562-b3fc-2c963f66afa6', 'deviceID': 'string', 'timeStamp': '2025-03-06T07:41:08.817Z', 'windspeed': 0, 'location': {'latitude': 0, 'longitude': 0}}}
2025-03-05 23:48:35,541 - basicLogger - INFO - Message: {'type': 'wind-speed', 'datetime': '2025-03-05T23:48:35', 'payload': {'eventID': '3fa85f64-5717-4562-b3fc-2c963f66afa6', 'deviceID': 'string', 'timeStamp': '2025-03-06T07:41:08.817Z', 'windspeed': 0, 'location': {'latitude': 0, 'longitude': 0}}}
2025-03-05 23:48:43,953 - basicLogger - INFO - Message: {'type': 'wind-speed', 'datetime': '2025-03-05T23:48:43', 'payload': {'eventID': '3fa85f64-5717-4562-b3fc-2c963f66afa6', 'deviceID': 'string', 'timeStamp': '2025-03-06T07:41:08.817Z', 'windspeed': 0, 'location': {'latitude': 0, 'longitude': 0}}}
2025-03-05 23:48:44,650 - basicLogger - INFO - Message: {'type': 'wind-speed', 'datetime': '2025-03-05T23:48:44', 'payload': {'eventID': '3fa85f64-5717-4562-b3fc-2c963f66afa6', 'deviceID': 'string', 'timeStamp': '2025-03-06T07:41:08.817Z', 'windspeed': 0, 'location': {'latitude': 0, 'longitude': 0}}}
2025-03-05 23:48:55,943 - basicLogger - INFO - Message: {'type': 'temperature', 'datetime': '2025-03-05T23:48:55', 'payload': {'eventID': '3fa85f64-5717-4562-b3fc-2c963f66afa6', 'deviceID': 'string', 'timeStamp': '2025-03-06T07:48:54.832Z', 'temperature': 0}}
2025-03-05 23:49:44,916 - basicLogger - INFO - Message: {'type': 'temperature', 'datetime': '2025-03-05T23:49:44', 'payload': {'eventID': '3fa85f64-5717-4562-b3fc-2c963f66afa6', 'deviceID': 'string', 'timeStamp': '2025-03-06T07:48:54.832Z', 'temperature': 0}}
2025-03-05 23:51:49,817 - basicLogger - INFO - Message: {'type': 'temperature', 'datetime': '2025-03-05T23:51:49', 'payload': {'eventID': '3fa85f64-5717-4562-b3fc-2c963f66afa6', 'deviceID': 'string', 'timeStamp': '2025-03-06T07:48:54.832Z', 'temperature': 0}}
2025-03-05 23:51:50,233 - basicLogger - INFO - Message: {'type': 'temperature', 'datetime': '2025-03-05T23:51:50', 'payload': {'eventID': '3fa85f64-5717-4562-b3fc-2c963f66afa6', 'deviceID': 'string', 'timeStamp': '2025-03-06T07:48:54.832Z', 'temperature': 0}}
2025-03-05 23:51:52,389 - basicLogger - INFO - Message: {'type': 'wind-speed', 'datetime': '2025-03-05T23:51:52', 'payload': {'eventID': '3fa85f64-5717-4562-b3fc-2c963f66afa6', 'deviceID': 'string', 'timeStamp': '2025-03-06T07:41:08.817Z', 'windspeed': 0, 'location': {'latitude': 0, 'longitude': 0}}}
2025-03-05 23:51:52,539 - basicLogger - INFO - Message: {'type': 'wind-speed', 'datetime': '2025-03-05T23:51:52', 'payload': {'eventID': '3fa85f64-5717-4562-b3fc-2c963f66afa6', 'deviceID': 'string', 'timeStamp': '2025-03-06T07:41:08.817Z', 'windspeed': 0, 'location': {'latitude': 0, 'longitude': 0}}}
2025-03-05 23:51:52,700 - basicLogger - INFO - Message: {'type': 'wind-speed', 'datetime': '2025-03-05T23:51:52', 'payload': {'eventID': '3fa85f64-5717-4562-b3fc-2c963f66afa6', 'deviceID': 'string', 'timeStamp': '2025-03-06T07:41:08.817Z', 'windspeed': 0, 'location': {'latitude': 0, 'longitude': 0}}}
2025-03-05 23:51:52,868 - basicLogger - INFO - Message: {'type': 'wind-speed', 'datetime': '2025-03-05T23:51:52', 'payload': {'eventID': '3fa85f64-5717-4562-b3fc-2c963f66afa6', 'deviceID': 'string', 'timeStamp': '2025-03-06T07:41:08.817Z', 'windspeed': 0, 'location': {'latitude': 0, 'longitude': 0}}}
2025-03-05 23:52:52,034 - basicLogger - INFO - Message: {'type': 'wind-speed', 'datetime': '2025-03-05T23:52:52', 'payload': {'eventID': '3fa85f64-5717-4562-b3fc-2c963f66afa6', 'deviceID': 'string', 'timeStamp': '2025-03-06T07:41:08.817Z', 'windspeed': 0, 'location': {'latitude': 0, 'longitude': 0}}}
2025-03-05 23:52:55,003 - basicLogger - INFO - Message: {'type': 'temperature', 'datetime': '2025-03-05T23:52:54', 'payload': {'eventID': '3fa85f64-5717-4562-b3fc-2c963f66afa6', 'deviceID': 'string', 'timeStamp': '2025-03-06T07:48:54.832Z', 'temperature': 0}}
2025-03-05 23:53:58,140 - basicLogger - INFO - Message: {'type': 'wind-speed', 'datetime': '2025-03-05T23:53:58', 'payload': {'eventID': '3fa85f64-5717-4562-b3fc-2c963f66afa6', 'deviceID': 'string', 'timeStamp': '2025-03-06T07:41:08.817Z', 'windspeed': 0, 'location': {'latitude': 0, 'longitude': 0}}}
2025-03-05 23:54:00,163 - basicLogger - INFO - Message: {'type': 'temperature', 'datetime': '2025-03-05T23:54:00', 'payload': {'eventID': '3fa85f64-5717-4562-b3fc-2c963f66afa6', 'deviceID': 'string', 'timeStamp': '2025-03-06T07:48:54.832Z', 'temperature': 0}}
2025-03-05 23:54:34,825 - basicLogger - INFO - Message: {'type': 'temperature', 'datetime': '2025-03-05T23:54:34', 'payload': {'eventID': '3fa85f64-5717-4562-b3fc-2c963f66afa6', 'deviceID': 'string', 'timeStamp': '2025-03-06T07:48:54.832Z', 'temperature': 0}}
2025-03-05 23:54:47,558 - basicLogger - INFO - Message: {'type': 'temperature', 'datetime': '2025-03-05T23:54:47', 'payload': {'eventID': '3fa85f64-5717-4562-b3fc-2c963f66afa6', 'deviceID': 'string', 'timeStamp': '2025-03-06T07:48:54.832Z', 'temperature': 0}}
2025-03-05 23:54:51,514 - basicLogger - INFO - Message: {'type': 'temperature', 'datetime': '2025-03-05T23:54:51', 'payload': {'eventID': '3fa85f64-5717-4562-b3fc-2c963f66afa6', 'deviceID': 'string', 'timeStamp': '2025-03-06T07:48:54.832Z', 'temperature': 0}}
2025-03-05 23:54:51,676 - basicLogger - INFO - Message: {'type': 'temperature', 'datetime': '2025-03-05T23:54:51', 'payload': {'eventID': '3fa85f64-5717-4562-b3fc-2c963f66afa6', 'deviceID': 'string', 'timeStamp': '2025-03-06T07:48:54.832Z', 'temperature': 0}}
2025-03-05 23:54:51,847 - basicLogger - INFO - Message: {'type': 'temperature', 'datetime': '2025-03-05T23:54:51', 'payload': {'eventID': '3fa85f64-5717-4562-b3fc-2c963f66afa6', 'deviceID': 'string', 'timeStamp': '2025-03-06T07:48:54.832Z', 'temperature': 0}}
2025-03-05 23:56:31,589 - basicLogger - INFO - Message: {'type': 'temperature', 'datetime': '2025-03-05T23:56:31', 'payload': {'eventID': '3fa85f64-5717-4562-b3fc-2c963f66afa6', 'deviceID': 'string', 'timeStamp': '2025-03-06T07:48:54.832Z', 'temperature': 0}}
2025-03-05 23:56:36,705 - basicLogger - INFO - Message: {'type': 'wind-speed', 'datetime': '2025-03-05T23:56:36', 'payload': {'eventID': '3fa85f64-5717-4562-b3fc-2c963f66afa6', 'deviceID': 'string', 'timeStamp': '2025-03-06T07:41:08.817Z', 'windspeed': 0, 'location': {'latitude': 0, 'longitude': 0}}}
2025-03-05 23:59:05,600 - basicLogger - INFO - Message: {'type': 'wind-speed', 'datetime': '2025-03-05T23:59:05', 'payload': {'eventID': '3fa85f64-5717-4562-b3fc-2c963f66afa6', 'deviceID': 'string', 'timeStamp': '2025-03-06T07:59:04.728Z', 'windspeed': 0, 'location': {'latitude': 0, 'longitude': 0}}}
2025-03-05 23:59:14,720 - basicLogger - INFO - Message: {'type': 'temperature', 'datetime': '2025-03-05T23:59:14', 'payload': {'eventID': '3fa85f64-5717-4562-b3fc-2c963f66afa6', 'deviceID': 'string', 'timeStamp': '2025-03-06T07:59:13.451Z', 'temperature': 0}}
2025-03-05 23:59:49,685 - basicLogger - INFO - Message: {'type': 'temperature', 'datetime': '2025-03-05T23:59:49', 'payload': {'eventID': '3fa85f64-5717-4562-b3fc-2c963f66afa6', 'deviceID': 'string', 'timeStamp': '2025-03-06T07:59:13.451Z', 'temperature': 0}}
2025-03-06 00:00:47,109 - basicLogger - INFO - Message: {'type': 'wind-speed', 'datetime': '2025-03-06T00:00:47', 'payload': {'eventID': '3fa85f64-5717-4562-b3fc-2c963f66afa6', 'deviceID': 'string', 'timeStamp': '2025-03-06T07:59:04.728Z', 'windspeed': 0, 'location': {'latitude': 0, 'longitude': 0}}}
2025-03-06 00:00:50,643 - basicLogger - INFO - Message: {'type': 'temperature', 'datetime': '2025-03-06T00:00:50', 'payload': {'eventID': '3fa85f64-5717-4562-b3fc-2c963f66afa6', 'deviceID': 'string', 'timeStamp': '2025-03-06T07:59:13.451Z', 'temperature': 0}}
2025-03-06 00:03:12,343 - basicLogger - INFO - Message: {'type': 'wind-speed', 'datetime': '2025-03-06T00:03:12', 'payload': {'eventID': '3fa85f64-5717-4562-b3fc-2c963f66afa6', 'deviceID': 'string', 'timeStamp': '2025-03-06T07:59:04.728Z', 'windspeed': 0, 'location': {'latitude': 0, 'longitude': 0}}}
2025-03-06 00:03:12,808 - basicLogger - INFO - Message: {'type': 'wind-speed', 'datetime': '2025-03-06T00:03:12', 'payload': {'eventID': '3fa85f64-5717-4562-b3fc-2c963f66afa6', 'deviceID': 'string', 'timeStamp': '2025-03-06T07:59:04.728Z', 'windspeed': 0, 'location': {'latitude': 0, 'longitude': 0}}}
2025-03-06 00:03:16,520 - basicLogger - INFO - Message: {'type': 'temperature', 'datetime': '2025-03-06T00:03:16', 'payload': {'eventID': '3fa85f64-5717-4562-b3fc-2c963f66afa6', 'deviceID': 'string', 'timeStamp': '2025-03-06T07:59:13.451Z', 'temperature': 0}}
2025-03-06 00:03:17,564 - basicLogger - INFO - Message: {'type': 'temperature', 'datetime': '2025-03-06T00:03:17', 'payload': {'eventID': '3fa85f64-5717-4562-b3fc-2c963f66afa6', 'deviceID': 'string', 'timeStamp': '2025-03-06T07:59:13.451Z', 'temperature': 0}}
2025-03-06 00:07:21,198 - basicLogger - INFO - Message: {'type': 'wind-speed', 'datetime': '2025-03-06T00:07:21', 'payload': {'eventID': '3fa85f64-5717-4562-b3fc-2c963f66afa6', 'deviceID': 'string', 'timeStamp': '2025-03-06T07:59:04.728Z', 'windspeed': 0, 'location': {'latitude': 0, 'longitude': 0}}}
2025-03-06 00:07:21,823 - basicLogger - INFO - Message: {'type': 'wind-speed', 'datetime': '2025-03-06T00:07:21', 'payload': {'eventID': '3fa85f64-5717-4562-b3fc-2c963f66afa6', 'deviceID': 'string', 'timeStamp': '2025-03-06T07:59:04.728Z', 'windspeed': 0, 'location': {'latitude': 0, 'longitude': 0}}}
2025-03-06 00:10:26,342 - basicLogger - INFO - Message: {'type': 'wind-speed', 'datetime': '2025-03-06T00:10:26', 'payload': {'eventID': '3fa85f64-5717-4562-b3fc-2c963f66afa6', 'deviceID': 'string', 'timeStamp': '2025-03-06T07:59:04.728Z', 'windspeed': 0, 'location': {'latitude': 0, 'longitude': 0}}}
2025-03-06 00:10:30,101 - basicLogger - INFO - Message: {'type': 'temperature', 'datetime': '2025-03-06T00:10:30', 'payload': {'eventID': '3fa85f64-5717-4562-b3fc-2c963f66afa6', 'deviceID': 'string', 'timeStamp': '2025-03-06T07:59:13.451Z', 'temperature': 0}}
2025-03-06 00:10:31,640 - basicLogger - INFO - Message: {'type': 'temperature', 'datetime': '2025-03-06T00:10:31', 'payload': {'eventID': '3fa85f64-5717-4562-b3fc-2c963f66afa6', 'deviceID': 'string', 'timeStamp': '2025-03-06T07:59:13.451Z', 'temperature': 0}}
2025-03-06 00:11:49,210 - basicLogger - INFO - Message: {'type': 'wind-speed', 'datetime': '2025-03-06T00:11:49', 'payload': {'eventID': '3fa85f64-5717-4562-b3fc-2c963f66afa6', 'deviceID': 'string', 'timeStamp': '2025-03-06T07:59:04.728Z', 'windspeed': 0, 'location': {'latitude': 0, 'longitude': 0}}}
2025-03-06 00:11:56,638 - basicLogger - INFO - Message: {'type': 'wind-speed', 'datetime': '2025-03-06T00:11:56', 'payload': {'eventID': '3fa85f64-5717-4562-b3fc-2c963f66afa6', 'deviceID': 'string', 'timeStamp': '2025-03-06T07:59:04.728Z', 'windspeed': 0, 'location': {'latitude': 0, 'longitude': 0}}}
2025-03-06 00:11:58,605 - basicLogger - INFO - Message: {'type': 'wind-speed', 'datetime': '2025-03-06T00:11:58', 'payload': {'eventID': '3fa85f64-5717-4562-b3fc-2c963f66afa6', 'deviceID': 'string', 'timeStamp': '2025-03-06T07:59:04.728Z', 'windspeed': 0, 'location': {'latitude': 0, 'longitude': 0}}}
2025-03-06 00:11:59,069 - basicLogger - INFO - Message: {'type': 'wind-speed', 'datetime': '2025-03-06T00:11:59', 'payload': {'eventID': '3fa85f64-5717-4562-b3fc-2c963f66afa6', 'deviceID': 'string', 'timeStamp': '2025-03-06T07:59:04.728Z', 'windspeed': 0, 'location': {'latitude': 0, 'longitude': 0}}}
2025-03-06 00:12:54,962 - basicLogger - INFO - Message: {'type': 'wind-speed', 'datetime': '2025-03-06T00:12:54', 'payload': {'eventID': '3fa85f64-5717-4562-b3fc-2c963f66afa6', 'deviceID': 'string', 'timeStamp': '2025-03-06T07:59:04.728Z', 'windspeed': 0, 'location': {'latitude': 0, 'longitude': 0}}}
2025-03-06 00:12:55,550 - basicLogger - INFO - Message: {'type': 'wind-speed', 'datetime': '2025-03-06T00:12:55', 'payload': {'eventID': '3fa85f64-5717-4562-b3fc-2c963f66afa6', 'deviceID': 'string', 'timeStamp': '2025-03-06T07:59:04.728Z', 'windspeed': 0, 'location': {'latitude': 0, 'longitude': 0}}}
2025-03-06 00:17:31,686 - basicLogger - INFO - Message: {'type': 'wind-speed', 'datetime': '2025-03-06T00:17:31', 'payload': {'eventID': '3fa85f64-5717-4562-b3fc-2c963f66afa6', 'deviceID': 'string', 'timeStamp': '2025-03-06T08:17:30.614Z', 'windspeed': 0, 'location': {'latitude': 0, 'longitude': 0}}}
2025-03-06 00:20:00,142 - basicLogger - INFO - Message: {'type': 'wind-speed', 'datetime': '2025-03-06T00:20:00', 'payload': {'eventID': '3fa85f64-5717-4562-b3fc-2c963f66afa6', 'deviceID': 'string', 'timeStamp': '2025-03-06T08:17:30.614Z', 'windspeed': 0, 'location': {'latitude': 0, 'longitude': 0}}}
2025-03-06 00:20:00,653 - basicLogger - INFO - Message: {'type': 'wind-speed', 'datetime': '2025-03-06T00:20:00', 'payload': {'eventID': '3fa85f64-5717-4562-b3fc-2c963f66afa6', 'deviceID': 'string', 'timeStamp': '2025-03-06T08:17:30.614Z', 'windspeed': 0, 'location': {'latitude': 0, 'longitude': 0}}}
2025-03-06 00:20:05,928 - basicLogger - INFO - Message: {'type': 'temperature', 'datetime': '2025-03-06T00:20:05', 'payload': {'eventID': '3fa85f64-5717-4562-b3fc-2c963f66afa6', 'deviceID': 'string', 'timeStamp': '2025-03-06T08:20:04.829Z', 'temperature': 0}}
2025-03-06 00:20:07,369 - basicLogger - INFO - Message: {'type': 'temperature', 'datetime': '2025-03-06T00:20:07', 'payload': {'eventID': '3fa85f64-5717-4562-b3fc-2c963f66afa6', 'deviceID': 'string', 'timeStamp': '2025-03-06T08:20:04.829Z', 'temperature': 0}}
2025-03-06 00:20:56,166 - basicLogger - INFO - Message: {'type': 'temperature', 'datetime': '2025-03-06T00:20:56', 'payload': {'eventID': '3fa85f64-5717-4562-b3fc-2c963f66afa6', 'deviceID': 'string', 'timeStamp': '2025-03-06T08:20:04.829Z', 'temperature': 0}}
2025-03-06 00:23:43,974 - basicLogger - INFO - Message: {'type': 'temperature', 'datetime': '2025-03-06T00:23:43', 'payload': {'eventID': '3fa85f64-5717-4562-b3fc-2c963f66afa6', 'deviceID': 'string', 'timeStamp': '2025-03-06T08:20:04.829Z', 'temperature': 0}}
2025-03-06 00:23:47,883 - basicLogger - INFO - Message: {'type': 'temperature', 'datetime': '2025-03-06T00:23:47', 'payload': {'eventID': '3fa85f64-5717-4562-b3fc-2c963f66afa6', 'deviceID': 'string', 'timeStamp': '2025-03-06T08:20:04.829Z', 'temperature': 0}}
2025-03-06 00:23:58,251 - basicLogger - INFO - Message: {'type': 'wind-speed', 'datetime': '2025-03-06T00:23:58', 'payload': {'eventID': '3fa85f64-5717-4562-b3fc-2c963f66afa6', 'deviceID': 'string', 'timeStamp': '2025-03-06T08:17:30.614Z', 'windspeed': 0, 'location': {'latitude': 0, 'longitude': 0}}}
2025-03-06 00:23:59,443 - basicLogger - INFO - Message: {'type': 'wind-speed', 'datetime': '2025-03-06T00:23:59', 'payload': {'eventID': '3fa85f64-5717-4562-b3fc-2c963f66afa6', 'deviceID': 'string', 'timeStamp': '2025-03-06T08:17:30.614Z', 'windspeed': 0, 'location': {'latitude': 0, 'longitude': 0}}}
2025-03-06 00:27:01,128 - basicLogger - INFO - Message: {'type': 'wind-speed', 'datetime': '2025-03-06T00:27:01', 'payload': {'eventID': '3fa85f64-5717-4562-b3fc-2c963f66afa6', 'deviceID': 'string', 'timeStamp': '2025-03-06T08:17:30.614Z', 'windspeed': 0, 'location': {'latitude': 0, 'longitude': 0}}}
2025-03-06 00:27:02,716 - basicLogger - INFO - Message: {'type': 'temperature', 'datetime': '2025-03-06T00:27:02', 'payload': {'eventID': '3fa85f64-5717-4562-b3fc-2c963f66afa6', 'deviceID': 'string', 'timeStamp': '2025-03-06T08:20:04.829Z', 'temperature': 0}}
2025-03-06 00:27:29,744 - basicLogger - INFO - Message: {'type': 'wind-speed', 'datetime': '2025-03-06T00:27:29', 'payload': {'eventID': '3fa85f64-5717-4562-b3fc-2c963f66afa6', 'deviceID': 'string', 'timeStamp': '2025-03-06T08:17:30.614Z', 'windspeed': 0, 'location': {'latitude': 0, 'longitude': 0}}}
2025-03-06 00:27:30,546 - basicLogger - INFO - Message: {'type': 'wind-speed', 'datetime': '2025-03-06T00:27:30', 'payload': {'eventID': '3fa85f64-5717-4562-b3fc-2c963f66afa6', 'deviceID': 'string', 'timeStamp': '2025-03-06T08:17:30.614Z', 'windspeed': 0, 'location': {'latitude': 0, 'longitude': 0}}}
2025-03-06 00:30:28,148 - basicLogger - INFO - Message: {'type': 'wind-speed', 'datetime': '2025-03-06T00:30:28', 'payload': {'eventID': '3fa85f64-5717-4562-b3fc-2c963f66afa6', 'deviceID': 'string', 'timeStamp': '2025-03-06T08:17:30.614Z', 'windspeed': 0, 'location': {'latitude': 0, 'longitude': 0}}}
2025-03-06 00:30:30,193 - basicLogger - INFO - Message: {'type': 'temperature', 'datetime': '2025-03-06T00:30:30', 'payload': {'eventID': '3fa85f64-5717-4562-b3fc-2c963f66afa6', 'deviceID': 'string', 'timeStamp': '2025-03-06T08:20:04.829Z', 'temperature': 0}}
2025-03-06 00:30:32,178 - basicLogger - INFO - Message: {'type': 'wind-speed', 'datetime': '2025-03-06T00:30:32', 'payload': {'eventID': '3fa85f64-5717-4562-b3fc-2c963f66afa6', 'deviceID': 'string', 'timeStamp': '2025-03-06T08:17:30.614Z', 'windspeed': 0, 'location': {'latitude': 0, 'longitude': 0}}}
2025-03-06 00:30:45,839 - basicLogger - INFO - Message: {'type': 'wind-speed', 'datetime': '2025-03-06T00:30:45', 'payload': {'eventID': '3fa85f64-5717-4562-b3fc-2c963f66afa6', 'deviceID': 'string', 'timeStamp': '2025-03-06T08:17:30.614Z', 'windspeed': 0, 'location': {'latitude': 0, 'longitude': 0}}}
2025-03-06 00:31:06,254 - basicLogger - INFO - Message: {'type': 'wind-speed', 'datetime': '2025-03-06T00:31:06', 'payload': {'eventID': '3fa85f64-5717-4562-b3fc-2c963f66afa6', 'deviceID': 'string', 'timeStamp': '2025-03-06T08:17:30.614Z', 'windspeed': 0, 'location': {'latitude': 0, 'longitude': 0}}}
2025-03-06 00:31:06,292 - basicLogger - INFO - Message: {'type': 'wind-speed', 'datetime': '2025-03-06T00:31:06', 'payload': {'eventID': '3fa85f64-5717-4562-b3fc-2c963f66afa6', 'deviceID': 'string', 'timeStamp': '2025-03-06T08:17:30.614Z', 'windspeed': 0, 'location': {'latitude': 0, 'longitude': 0}}}
2025-03-06 00:31:06,454 - basicLogger - INFO - Message: {'type': 'wind-speed', 'datetime': '2025-03-06T00:31:06', 'payload': {'eventID': '3fa85f64-5717-4562-b3fc-2c963f66afa6', 'deviceID': 'string', 'timeStamp': '2025-03-06T08:17:30.614Z', 'windspeed': 0, 'location': {'latitude': 0, 'longitude': 0}}}
2025-03-06 00:31:06,652 - basicLogger - INFO - Message: {'type': 'wind-speed', 'datetime': '2025-03-06T00:31:06', 'payload': {'eventID': '3fa85f64-5717-4562-b3fc-2c963f66afa6', 'deviceID': 'string', 'timeStamp': '2025-03-06T08:17:30.614Z', 'windspeed': 0, 'location': {'latitude': 0, 'longitude': 0}}}
2025-03-06 00:31:06,814 - basicLogger - INFO - Message: {'type': 'wind-speed', 'datetime': '2025-03-06T00:31:06', 'payload': {'eventID': '3fa85f64-5717-4562-b3fc-2c963f66afa6', 'deviceID': 'string', 'timeStamp': '2025-03-06T08:17:30.614Z', 'windspeed': 0, 'location': {'latitude': 0, 'longitude': 0}}}
2025-03-06 00:31:06,991 - basicLogger - INFO - Message: {'type': 'wind-speed', 'datetime': '2025-03-06T00:31:06', 'payload': {'eventID': '3fa85f64-5717-4562-b3fc-2c963f66afa6', 'deviceID': 'string', 'timeStamp': '2025-03-06T08:17:30.614Z', 'windspeed': 0, 'location': {'latitude': 0, 'longitude': 0}}}
2025-03-06 00:31:08,281 - basicLogger - INFO - Message: {'type': 'temperature', 'datetime': '2025-03-06T00:31:08', 'payload': {'eventID': '3fa85f64-5717-4562-b3fc-2c963f66afa6', 'deviceID': 'string', 'timeStamp': '2025-03-06T08:20:04.829Z', 'temperature': 0}}
2025-03-06 00:31:08,431 - basicLogger - INFO - Message: {'type': 'temperature', 'datetime': '2025-03-06T00:31:08', 'payload': {'eventID': '3fa85f64-5717-4562-b3fc-2c963f66afa6', 'deviceID': 'string', 'timeStamp': '2025-03-06T08:20:04.829Z', 'temperature': 0}}
2025-03-06 00:31:08,601 - basicLogger - INFO - Message: {'type': 'temperature', 'datetime': '2025-03-06T00:31:08', 'payload': {'eventID': '3fa85f64-5717-4562-b3fc-2c963f66afa6', 'deviceID': 'string', 'timeStamp': '2025-03-06T08:20:04.829Z', 'temperature': 0}}
2025-03-06 00:31:08,761 - basicLogger - INFO - Message: {'type': 'temperature', 'datetime': '2025-03-06T00:31:08', 'payload': {'eventID': '3fa85f64-5717-4562-b3fc-2c963f66afa6', 'deviceID': 'string', 'timeStamp': '2025-03-06T08:20:04.829Z', 'temperature': 0}}
2025-03-06 00:31:08,923 - basicLogger - INFO - Message: {'type': 'temperature', 'datetime': '2025-03-06T00:31:08', 'payload': {'eventID': '3fa85f64-5717-4562-b3fc-2c963f66afa6', 'deviceID': 'string', 'timeStamp': '2025-03-06T08:20:04.829Z', 'temperature': 0}}
2025-03-06 00:31:09,070 - basicLogger - INFO - Message: {'type': 'temperature', 'datetime': '2025-03-06T00:31:09', 'payload': {'eventID': '3fa85f64-5717-4562-b3fc-2c963f66afa6', 'deviceID': 'string', 'timeStamp': '2025-03-06T08:20:04.829Z', 'temperature': 0}}
2025-03-06 00:32:26,349 - basicLogger - INFO - Message: {'type': 'wind-speed', 'datetime': '2025-03-06T00:32:26', 'payload': {'eventID': '3fa85f64-5717-4562-b3fc-2c963f66afa6', 'deviceID': 'string', 'timeStamp': '2025-03-06T08:32:25.313Z', 'windspeed': 0, 'location': {'latitude': 0, 'longitude': 0}}}
2025-03-06 00:32:28,072 - basicLogger - INFO - Message: {'type': 'wind-speed', 'datetime': '2025-03-06T00:32:28', 'payload': {'eventID': '3fa85f64-5717-4562-b3fc-2c963f66afa6', 'deviceID': 'string', 'timeStamp': '2025-03-06T08:32:25.313Z', 'windspeed': 0, 'location': {'latitude': 0, 'longitude': 0}}}
2025-03-06 00:32:30,879 - basicLogger - INFO - Message: {'type': 'temperature', 'datetime': '2025-03-06T00:32:30', 'payload': {'eventID': '3fa85f64-5717-4562-b3fc-2c963f66afa6', 'deviceID': 'string', 'timeStamp': '2025-03-06T08:32:29.766Z', 'temperature': 0}}
2025-03-06 00:32:31,553 - basicLogger - INFO - Message: {'type': 'temperature', 'datetime': '2025-03-06T00:32:31', 'payload': {'eventID': '3fa85f64-5717-4562-b3fc-2c963f66afa6', 'deviceID': 'string', 'timeStamp': '2025-03-06T08:32:29.766Z', 'temperature': 0}}
2025-03-06 00:32:32,167 - basicLogger - INFO - Message: {'type': 'temperature', 'datetime': '2025-03-06T00:32:32', 'payload': {'eventID': '3fa85f64-5717-4562-b3fc-2c963f66afa6', 'deviceID': 'string', 'timeStamp': '2025-03-06T08:32:29.766Z', 'temperature': 0}}
2025-03-06 00:37:50,086 - basicLogger - INFO - Message: {'type': 'wind-speed', 'datetime': '2025-03-06T00:37:50', 'payload': {'eventID': '3fa85f64-5717-4562-b3fc-2c963f66afa6', 'deviceID': 'string', 'timeStamp': '2025-03-06T08:32:25.313Z', 'windspeed': 0, 'location': {'latitude': 0, 'longitude': 0}}}
2025-03-06 00:37:51,910 - basicLogger - INFO - Message: {'type': 'wind-speed', 'datetime': '2025-03-06T00:37:51', 'payload': {'eventID': '3fa85f64-5717-4562-b3fc-2c963f66afa6', 'deviceID': 'string', 'timeStamp': '2025-03-06T08:32:25.313Z', 'windspeed': 0, 'location': {'latitude': 0, 'longitude': 0}}}
2025-03-06 00:40:13,123 - basicLogger - INFO - Message: {'type': 'wind-speed', 'datetime': '2025-03-06T00:40:13', 'payload': {'eventID': '3fa85f64-5717-4562-b3fc-2c963f66afa6', 'deviceID': 'string', 'timeStamp': '2025-03-06T08:32:25.313Z', 'windspeed': 0, 'location': {'latitude': 0, 'longitude': 0}}}
2025-03-06 00:40:14,744 - basicLogger - INFO - Message: {'type': 'wind-speed', 'datetime': '2025-03-06T00:40:14', 'payload': {'eventID': '3fa85f64-5717-4562-b3fc-2c963f66afa6', 'deviceID': 'string', 'timeStamp': '2025-03-06T08:32:25.313Z', 'windspeed': 0, 'location': {'latitude': 0, 'longitude': 0}}}
2025-03-06 00:43:11,214 - basicLogger - INFO - Message: {'type': 'wind-speed', 'datetime': '2025-03-06T00:40:21', 'payload': {'eventID': '3fa85f64-5717-4562-b3fc-2c963f66afa6', 'deviceID': 'string', 'timeStamp': '2025-03-06T08:32:25.313Z', 'windspeed': 0, 'location': {'latitude': 0, 'longitude': 0}}}
2025-03-06 00:43:11,235 - basicLogger - INFO - Message: {'type': 'temperature', 'datetime': '2025-03-06T00:40:25', 'payload': {'eventID': '3fa85f64-5717-4562-b3fc-2c963f66afa6', 'deviceID': 'string', 'timeStamp': '2025-03-06T08:32:29.766Z', 'temperature': 0}}
2025-03-06 00:43:11,247 - basicLogger - INFO - Message: {'type': 'temperature', 'datetime': '2025-03-06T00:41:34', 'payload': {'eventID': '3fa85f64-5717-4562-b3fc-2c963f66afa6', 'deviceID': 'string', 'timeStamp': '2025-03-06T08:32:29.766Z', 'temperature': 0}}
2025-03-06 00:43:11,259 - basicLogger - INFO - Message: {'type': 'temperature', 'datetime': '2025-03-06T00:41:35', 'payload': {'eventID': '3fa85f64-5717-4562-b3fc-2c963f66afa6', 'deviceID': 'string', 'timeStamp': '2025-03-06T08:32:29.766Z', 'temperature': 0}}
2025-03-06 00:47:13,641 - basicLogger - INFO - Message: {'type': 'temperature', 'datetime': '2025-03-06T00:47:13', 'payload': {'eventID': '3fa85f64-5717-4562-b3fc-2c963f66afa6', 'deviceID': 'string', 'timeStamp': '2025-03-06T08:32:29.766Z', 'temperature': 0}}
2025-03-06 00:47:15,748 - basicLogger - INFO - Message: {'type': 'temperature', 'datetime': '2025-03-06T00:47:15', 'payload': {'eventID': '3fa85f64-5717-4562-b3fc-2c963f66afa6', 'deviceID': 'string', 'timeStamp': '2025-03-06T08:32:29.766Z', 'temperature': 0}}
2025-03-06 00:47:19,567 - basicLogger - INFO - Message: {'type': 'wind-speed', 'datetime': '2025-03-06T00:47:19', 'payload': {'eventID': '3fa85f64-5717-4562-b3fc-2c963f66afa6', 'deviceID': 'string', 'timeStamp': '2025-03-06T08:32:25.313Z', 'windspeed': 0, 'location': {'latitude': 0, 'longitude': 0}}}
2025-03-06 00:49:41,901 - basicLogger - INFO - Message: {'type': 'wind-speed', 'datetime': '2025-03-06T00:49:41', 'payload': {'eventID': '3fa85f64-5717-4562-b3fc-2c963f66afa6', 'deviceID': 'string', 'timeStamp': '2025-03-06T08:32:25.313Z', 'windspeed': 0, 'location': {'latitude': 0, 'longitude': 0}}}
2025-03-06 00:49:47,019 - basicLogger - INFO - Message: {'type': 'temperature', 'datetime': '2025-03-06T00:49:47', 'payload': {'eventID': '3fa85f64-5717-4562-b3fc-2c963f66afa6', 'deviceID': 'string', 'timeStamp': '2025-03-06T08:32:29.766Z', 'temperature': 0}}
2025-03-06 00:51:11,227 - basicLogger - INFO - Message: {'type': 'temperature', 'datetime': '2025-03-06T00:51:11', 'payload': {'eventID': '3fa85f64-5717-4562-b3fc-2c963f66afa6', 'deviceID': 'string', 'timeStamp': '2025-03-06T08:32:29.766Z', 'temperature': 0}}
2025-03-06 00:51:49,830 - basicLogger - INFO - Message: {'type': 'temperature', 'datetime': '2025-03-06T00:51:49', 'payload': {'eventID': '3fa85f64-5717-4562-b3fc-2c963f66afa6', 'deviceID': 'string', 'timeStamp': '2025-03-06T08:32:29.766Z', 'temperature': 0}}
2025-03-06 00:52:19,396 - basicLogger - INFO - Message: {'type': 'temperature', 'datetime': '2025-03-06T00:52:19', 'payload': {'eventID': '3fa85f64-5717-4562-b3fc-2c963f66afa6', 'deviceID': 'string', 'timeStamp': '2025-03-06T08:32:29.766Z', 'temperature': 0}}
2025-03-06 00:53:15,508 - basicLogger - INFO - Message: {'type': 'temperature', 'datetime': '2025-03-06T00:53:15', 'payload': {'eventID': '3fa85f64-5717-4562-b3fc-2c963f66afa6', 'deviceID': 'string', 'timeStamp': '2025-03-06T08:32:29.766Z', 'temperature': 0}}
2025-03-06 00:55:38,124 - basicLogger - INFO - Message: {'type': 'temperature', 'datetime': '2025-03-06T00:55:38', 'payload': {'eventID': '3fa85f64-5717-4562-b3fc-2c963f66afa6', 'deviceID': 'string', 'timeStamp': '2025-03-06T08:32:29.766Z', 'temperature': 0}}
2025-03-06 00:55:38,305 - basicLogger - INFO - Message: {'type': 'temperature', 'datetime': '2025-03-06T00:55:38', 'payload': {'eventID': '3fa85f64-5717-4562-b3fc-2c963f66afa6', 'deviceID': 'string', 'timeStamp': '2025-03-06T08:32:29.766Z', 'temperature': 0}}
2025-03-06 00:55:38,495 - basicLogger - INFO - Message: {'type': 'temperature', 'datetime': '2025-03-06T00:55:38', 'payload': {'eventID': '3fa85f64-5717-4562-b3fc-2c963f66afa6', 'deviceID': 'string', 'timeStamp': '2025-03-06T08:32:29.766Z', 'temperature': 0}}
2025-03-06 00:55:38,657 - basicLogger - INFO - Message: {'type': 'temperature', 'datetime': '2025-03-06T00:55:38', 'payload': {'eventID': '3fa85f64-5717-4562-b3fc-2c963f66afa6', 'deviceID': 'string', 'timeStamp': '2025-03-06T08:32:29.766Z', 'temperature': 0}}
2025-03-06 00:55:38,817 - basicLogger - INFO - Message: {'type': 'temperature', 'datetime': '2025-03-06T00:55:38', 'payload': {'eventID': '3fa85f64-5717-4562-b3fc-2c963f66afa6', 'deviceID': 'string', 'timeStamp': '2025-03-06T08:32:29.766Z', 'temperature': 0}}
2025-03-06 00:55:38,976 - basicLogger - INFO - Message: {'type': 'temperature', 'datetime': '2025-03-06T00:55:38', 'payload': {'eventID': '3fa85f64-5717-4562-b3fc-2c963f66afa6', 'deviceID': 'string', 'timeStamp': '2025-03-06T08:32:29.766Z', 'temperature': 0}}
2025-03-06 00:55:39,138 - basicLogger - INFO - Message: {'type': 'temperature', 'datetime': '2025-03-06T00:55:39', 'payload': {'eventID': '3fa85f64-5717-4562-b3fc-2c963f66afa6', 'deviceID': 'string', 'timeStamp': '2025-03-06T08:32:29.766Z', 'temperature': 0}}
2025-03-06 00:55:39,298 - basicLogger - INFO - Message: {'type': 'temperature', 'datetime': '2025-03-06T00:55:39', 'payload': {'eventID': '3fa85f64-5717-4562-b3fc-2c963f66afa6', 'deviceID': 'string', 'timeStamp': '2025-03-06T08:32:29.766Z', 'temperature': 0}}
2025-03-06 00:55:39,463 - basicLogger - INFO - Message: {'type': 'temperature', 'datetime': '2025-03-06T00:55:39', 'payload': {'eventID': '3fa85f64-5717-4562-b3fc-2c963f66afa6', 'deviceID': 'string', 'timeStamp': '2025-03-06T08:32:29.766Z', 'temperature': 0}}
2025-03-06 00:55:39,632 - basicLogger - INFO - Message: {'type': 'temperature', 'datetime': '2025-03-06T00:55:39', 'payload': {'eventID': '3fa85f64-5717-4562-b3fc-2c963f66afa6', 'deviceID': 'string', 'timeStamp': '2025-03-06T08:32:29.766Z', 'temperature': 0}}
2025-03-06 00:55:39,801 - basicLogger - INFO - Message: {'type': 'temperature', 'datetime': '2025-03-06T00:55:39', 'payload': {'eventID': '3fa85f64-5717-4562-b3fc-2c963f66afa6', 'deviceID': 'string', 'timeStamp': '2025-03-06T08:32:29.766Z', 'temperature': 0}}
2025-03-06 00:55:39,964 - basicLogger - INFO - Message: {'type': 'temperature', 'datetime': '2025-03-06T00:55:39', 'payload': {'eventID': '3fa85f64-5717-4562-b3fc-2c963f66afa6', 'deviceID': 'string', 'timeStamp': '2025-03-06T08:32:29.766Z', 'temperature': 0}}
2025-03-06 00:55:40,128 - basicLogger - INFO - Message: {'type': 'temperature', 'datetime': '2025-03-06T00:55:40', 'payload': {'eventID': '3fa85f64-5717-4562-b3fc-2c963f66afa6', 'deviceID': 'string', 'timeStamp': '2025-03-06T08:32:29.766Z', 'temperature': 0}}
2025-03-06 00:55:40,294 - basicLogger - INFO - Message: {'type': 'temperature', 'datetime': '2025-03-06T00:55:40', 'payload': {'eventID': '3fa85f64-5717-4562-b3fc-2c963f66afa6', 'deviceID': 'string', 'timeStamp': '2025-03-06T08:32:29.766Z', 'temperature': 0}}
2025-03-06 00:55:40,461 - basicLogger - INFO - Message: {'type': 'temperature', 'datetime': '2025-03-06T00:55:40', 'payload': {'eventID': '3fa85f64-5717-4562-b3fc-2c963f66afa6', 'deviceID': 'string', 'timeStamp': '2025-03-06T08:32:29.766Z', 'temperature': 0}}
2025-03-06 00:56:01,298 - basicLogger - INFO - Message: {'type': 'temperature', 'datetime': '2025-03-06T00:56:01', 'payload': {'eventID': '3fa85f64-5717-4562-b3fc-2c963f66afa6', 'deviceID': 'string', 'timeStamp': '2025-03-06T08:32:29.766Z', 'temperature': 0}}
2025-03-06 00:56:01,466 - basicLogger - INFO - Message: {'type': 'temperature', 'datetime': '2025-03-06T00:56:01', 'payload': {'eventID': '3fa85f64-5717-4562-b3fc-2c963f66afa6', 'deviceID': 'string', 'timeStamp': '2025-03-06T08:32:29.766Z', 'temperature': 0}}
2025-03-06 00:56:01,637 - basicLogger - INFO - Message: {'type': 'temperature', 'datetime': '2025-03-06T00:56:01', 'payload': {'eventID': '3fa85f64-5717-4562-b3fc-2c963f66afa6', 'deviceID': 'string', 'timeStamp': '2025-03-06T08:32:29.766Z', 'temperature': 0}}
2025-03-06 00:56:01,858 - basicLogger - INFO - Message: {'type': 'temperature', 'datetime': '2025-03-06T00:56:01', 'payload': {'eventID': '3fa85f64-5717-4562-b3fc-2c963f66afa6', 'deviceID': 'string', 'timeStamp': '2025-03-06T08:32:29.766Z', 'temperature': 0}}
2025-03-06 00:56:02,020 - basicLogger - INFO - Message: {'type': 'temperature', 'datetime': '2025-03-06T00:56:02', 'payload': {'eventID': '3fa85f64-5717-4562-b3fc-2c963f66afa6', 'deviceID': 'string', 'timeStamp': '2025-03-06T08:32:29.766Z', 'temperature': 0}}
2025-03-06 00:56:02,175 - basicLogger - INFO - Message: {'type': 'temperature', 'datetime': '2025-03-06T00:56:02', 'payload': {'eventID': '3fa85f64-5717-4562-b3fc-2c963f66afa6', 'deviceID': 'string', 'timeStamp': '2025-03-06T08:32:29.766Z', 'temperature': 0}}
2025-03-06 00:56:02,351 - basicLogger - INFO - Message: {'type': 'temperature', 'datetime': '2025-03-06T00:56:02', 'payload': {'eventID': '3fa85f64-5717-4562-b3fc-2c963f66afa6', 'deviceID': 'string', 'timeStamp': '2025-03-06T08:32:29.766Z', 'temperature': 0}}
2025-03-06 00:57:49,328 - basicLogger - INFO - Message: {'type': 'temperature', 'datetime': '2025-03-06T00:57:49', 'payload': {'eventID': '3fa85f64-5717-4562-b3fc-2c963f66afa6', 'deviceID': 'string', 'timeStamp': '2025-03-06T08:32:29.766Z', 'temperature': 0}}
2025-03-06 00:57:49,984 - basicLogger - INFO - Message: {'type': 'temperature', 'datetime': '2025-03-06T00:57:49', 'payload': {'eventID': '3fa85f64-5717-4562-b3fc-2c963f66afa6', 'deviceID': 'string', 'timeStamp': '2025-03-06T08:32:29.766Z', 'temperature': 0}}
2025-03-06 00:57:50,459 - basicLogger - INFO - Message: {'type': 'temperature', 'datetime': '2025-03-06T00:57:50', 'payload': {'eventID': '3fa85f64-5717-4562-b3fc-2c963f66afa6', 'deviceID': 'string', 'timeStamp': '2025-03-06T08:32:29.766Z', 'temperature': 0}}
2025-03-06 00:57:50,701 - basicLogger - INFO - Message: {'type': 'temperature', 'datetime': '2025-03-06T00:57:50', 'payload': {'eventID': '3fa85f64-5717-4562-b3fc-2c963f66afa6', 'deviceID': 'string', 'timeStamp': '2025-03-06T08:32:29.766Z', 'temperature': 0}}
2025-03-06 00:57:50,903 - basicLogger - INFO - Message: {'type': 'temperature', 'datetime': '2025-03-06T00:57:50', 'payload': {'eventID': '3fa85f64-5717-4562-b3fc-2c963f66afa6', 'deviceID': 'string', 'timeStamp': '2025-03-06T08:32:29.766Z', 'temperature': 0}}
2025-03-06 00:57:51,088 - basicLogger - INFO - Message: {'type': 'temperature', 'datetime': '2025-03-06T00:57:51', 'payload': {'eventID': '3fa85f64-5717-4562-b3fc-2c963f66afa6', 'deviceID': 'string', 'timeStamp': '2025-03-06T08:32:29.766Z', 'temperature': 0}}
2025-03-06 00:57:51,267 - basicLogger - INFO - Message: {'type': 'temperature', 'datetime': '2025-03-06T00:57:51', 'payload': {'eventID': '3fa85f64-5717-4562-b3fc-2c963f66afa6', 'deviceID': 'string', 'timeStamp': '2025-03-06T08:32:29.766Z', 'temperature': 0}}
2025-03-06 00:58:30,801 - basicLogger - INFO - Message: {'type': 'temperature', 'datetime': '2025-03-06T00:58:30', 'payload': {'eventID': '3fa85f64-5717-4562-b3fc-2c963f66afa6', 'deviceID': 'string', 'timeStamp': '2025-03-06T08:32:29.766Z', 'temperature': 0}}
2025-03-06 00:58:32,626 - basicLogger - INFO - Message: {'type': 'temperature', 'datetime': '2025-03-06T00:58:32', 'payload': {'eventID': '3fa85f64-5717-4562-b3fc-2c963f66afa6', 'deviceID': 'string', 'timeStamp': '2025-03-06T08:32:29.766Z', 'temperature': 0}}
2025-03-06 00:59:27,223 - basicLogger - INFO - Message: {'type': 'temperature', 'datetime': '2025-03-06T00:59:27', 'payload': {'eventID': '3fa85f64-5717-4562-b3fc-2c963f66afa6', 'deviceID': 'string', 'timeStamp': '2025-03-06T08:32:29.766Z', 'temperature': 0}}
2025-03-06 00:59:27,810 - basicLogger - INFO - Message: {'type': 'temperature', 'datetime': '2025-03-06T00:59:27', 'payload': {'eventID': '3fa85f64-5717-4562-b3fc-2c963f66afa6', 'deviceID': 'string', 'timeStamp': '2025-03-06T08:32:29.766Z', 'temperature': 0}}
2025-03-06 00:59:28,287 - basicLogger - INFO - Message: {'type': 'temperature', 'datetime': '2025-03-06T00:59:28', 'payload': {'eventID': '3fa85f64-5717-4562-b3fc-2c963f66afa6', 'deviceID': 'string', 'timeStamp': '2025-03-06T08:32:29.766Z', 'temperature': 0}}
2025-03-06 00:59:28,526 - basicLogger - INFO - Message: {'type': 'temperature', 'datetime': '2025-03-06T00:59:28', 'payload': {'eventID': '3fa85f64-5717-4562-b3fc-2c963f66afa6', 'deviceID': 'string', 'timeStamp': '2025-03-06T08:32:29.766Z', 'temperature': 0}}
2025-03-06 00:59:28,691 - basicLogger - INFO - Message: {'type': 'temperature', 'datetime': '2025-03-06T00:59:28', 'payload': {'eventID': '3fa85f64-5717-4562-b3fc-2c963f66afa6', 'deviceID': 'string', 'timeStamp': '2025-03-06T08:32:29.766Z', 'temperature': 0}}
2025-03-06 01:01:15,541 - basicLogger - INFO - Message: {'type': 'temperature', 'datetime': '2025-03-06T01:01:15', 'payload': {'eventID': '3fa85f64-5717-4562-b3fc-2c963f66afa6', 'deviceID': 'string', 'timeStamp': '2025-03-06T08:32:29.766Z', 'temperature': 0}}
2025-03-06 01:01:17,084 - basicLogger - INFO - Message: {'type': 'temperature', 'datetime': '2025-03-06T01:01:17', 'payload': {'eventID': '3fa85f64-5717-4562-b3fc-2c963f66afa6', 'deviceID': 'string', 'timeStamp': '2025-03-06T08:32:29.766Z', 'temperature': 0}}
2025-03-06 10:01:49,153 - basicLogger - INFO - Message: {'type': 'wind-speed', 'datetime': '2025-03-06T09:34:31', 'payload': {'eventID': '3fa85f64-5717-4562-b3fc-2c963f66afa6', 'deviceID': 'string', 'timeStamp': '2025-03-06T17:16:36.241Z', 'windspeed': 0, 'location': {'latitude': 0, 'longitude': 0}}}
2025-03-06 10:01:49,200 - basicLogger - INFO - Message: {'type': 'wind-speed', 'datetime': '2025-03-06T09:34:32', 'payload': {'eventID': '3fa85f64-5717-4562-b3fc-2c963f66afa6', 'deviceID': 'string', 'timeStamp': '2025-03-06T17:16:36.241Z', 'windspeed': 0, 'location': {'latitude': 0, 'longitude': 0}}}
2025-03-06 10:01:49,213 - basicLogger - INFO - Message: {'type': 'wind-speed', 'datetime': '2025-03-06T09:35:07', 'payload': {'eventID': '3fa85f64-5717-4562-b3fc-2c963f66afa6', 'deviceID': 'string', 'timeStamp': '2025-03-06T17:16:36.241Z', 'windspeed': 0, 'location': {'latitude': 0, 'longitude': 0}}}
2025-03-06 10:01:49,232 - basicLogger - INFO - Message: {'type': 'wind-speed', 'datetime': '2025-03-06T09:49:06', 'payload': {'eventID': '3fa85f64-5717-4562-b3fc-2c963f66afa6', 'deviceID': 'string', 'timeStamp': '2025-03-06T17:16:36.241Z', 'windspeed': 0, 'location': {'latitude': 0, 'longitude': 0}}}
2025-03-06 10:01:49,247 - basicLogger - INFO - Message: {'type': 'wind-speed', 'datetime': '2025-03-06T09:49:06', 'payload': {'eventID': '3fa85f64-5717-4562-b3fc-2c963f66afa6', 'deviceID': 'string', 'timeStamp': '2025-03-06T17:16:36.241Z', 'windspeed': 0, 'location': {'latitude': 0, 'longitude': 0}}}
2025-03-06 10:01:49,256 - basicLogger - INFO - Message: {'type': 'wind-speed', 'datetime': '2025-03-06T09:49:07', 'payload': {'eventID': '3fa85f64-5717-4562-b3fc-2c963f66afa6', 'deviceID': 'string', 'timeStamp': '2025-03-06T17:16:36.241Z', 'windspeed': 0, 'location': {'latitude': 0, 'longitude': 0}}}
2025-03-06 10:01:49,266 - basicLogger - INFO - Message: {'type': 'temperature', 'datetime': '2025-03-06T09:59:25', 'payload': {'eventID': '3fa85f64-5717-4562-b3fc-2c963f66afa6', 'deviceID': 'string', 'timeStamp': '2025-03-06T17:59:22.893Z', 'temperature': 0}}
2025-03-06 10:01:49,294 - basicLogger - INFO - Message: {'type': 'temperature', 'datetime': '2025-03-06T09:59:25', 'payload': {'eventID': '3fa85f64-5717-4562-b3fc-2c963f66afa6', 'deviceID': 'string', 'timeStamp': '2025-03-06T17:59:22.893Z', 'temperature': 0}}
2025-03-06 10:01:49,308 - basicLogger - INFO - Message: {'type': 'wind-speed', 'datetime': '2025-03-06T09:59:29', 'payload': {'eventID': '3fa85f64-5717-4562-b3fc-2c963f66afa6', 'deviceID': 'string', 'timeStamp': '2025-03-06T17:59:27.854Z', 'windspeed': 0, 'location': {'latitude': 0, 'longitude': 0}}}
2025-03-06 10:01:49,323 - basicLogger - INFO - Message: {'type': 'wind-speed', 'datetime': '2025-03-06T09:59:30', 'payload': {'eventID': '3fa85f64-5717-4562-b3fc-2c963f66afa6', 'deviceID': 'string', 'timeStamp': '2025-03-06T17:59:27.854Z', 'windspeed': 0, 'location': {'latitude': 0, 'longitude': 0}}}
2025-03-06 10:01:49,340 - basicLogger - INFO - Message: {'type': 'wind-speed', 'datetime': '2025-03-06T09:59:31', 'payload': {'eventID': '3fa85f64-5717-4562-b3fc-2c963f66afa6', 'deviceID': 'string', 'timeStamp': '2025-03-06T17:59:27.854Z', 'windspeed': 0, 'location': {'latitude': 0, 'longitude': 0}}}
2025-03-06 11:36:37,565 - basicLogger - INFO - Message: {'type': 'wind-speed', 'datetime': '2025-03-06T09:16:37', 'payload': {'eventID': '3fa85f64-5717-4562-b3fc-2c963f66afa6', 'deviceID': 'string', 'timeStamp': '2025-03-06T17:16:36.241Z', 'windspeed': 0, 'location': {'latitude': 0, 'longitude': 0}}}
2025-03-06 11:36:37,623 - basicLogger - INFO - Message: {'type': 'wind-speed', 'datetime': '2025-03-06T09:16:38', 'payload': {'eventID': '3fa85f64-5717-4562-b3fc-2c963f66afa6', 'deviceID': 'string', 'timeStamp': '2025-03-06T17:16:36.241Z', 'windspeed': 0, 'location': {'latitude': 0, 'longitude': 0}}}
2025-03-06 11:36:37,634 - basicLogger - INFO - Message: {'type': 'wind-speed', 'datetime': '2025-03-06T09:33:04', 'payload': {'eventID': '3fa85f64-5717-4562-b3fc-2c963f66afa6', 'deviceID': 'string', 'timeStamp': '2025-03-06T17:16:36.241Z', 'windspeed': 0, 'location': {'latitude': 0, 'longitude': 0}}}
2025-03-06 11:36:37,645 - basicLogger - INFO - Message: {'type': 'wind-speed', 'datetime': '2025-03-06T09:33:05', 'payload': {'eventID': '3fa85f64-5717-4562-b3fc-2c963f66afa6', 'deviceID': 'string', 'timeStamp': '2025-03-06T17:16:36.241Z', 'windspeed': 0, 'location': {'latitude': 0, 'longitude': 0}}}
2025-03-06 11:36:37,655 - basicLogger - INFO - Message: {'type': 'wind-speed', 'datetime': '2025-03-06T09:34:31', 'payload': {'eventID': '3fa85f64-5717-4562-b3fc-2c963f66afa6', 'deviceID': 'string', 'timeStamp': '2025-03-06T17:16:36.241Z', 'windspeed': 0, 'location': {'latitude': 0, 'longitude': 0}}}
2025-03-06 11:36:37,675 - basicLogger - INFO - Message: {'type': 'wind-speed', 'datetime': '2025-03-06T09:34:32', 'payload': {'eventID': '3fa85f64-5717-4562-b3fc-2c963f66afa6', 'deviceID': 'string', 'timeStamp': '2025-03-06T17:16:36.241Z', 'windspeed': 0, 'location': {'latitude': 0, 'longitude': 0}}}
2025-03-06 11:36:37,687 - basicLogger - INFO - Message: {'type': 'wind-speed', 'datetime': '2025-03-06T09:35:07', 'payload': {'eventID': '3fa85f64-5717-4562-b3fc-2c963f66afa6', 'deviceID': 'string', 'timeStamp': '2025-03-06T17:16:36.241Z', 'windspeed': 0, 'location': {'latitude': 0, 'longitude': 0}}}
2025-03-06 11:36:37,699 - basicLogger - INFO - Message: {'type': 'wind-speed', 'datetime': '2025-03-06T09:49:06', 'payload': {'eventID': '3fa85f64-5717-4562-b3fc-2c963f66afa6', 'deviceID': 'string', 'timeStamp': '2025-03-06T17:16:36.241Z', 'windspeed': 0, 'location': {'latitude': 0, 'longitude': 0}}}
2025-03-06 11:36:37,708 - basicLogger - INFO - Message: {'type': 'wind-speed', 'datetime': '2025-03-06T09:49:06', 'payload': {'eventID': '3fa85f64-5717-4562-b3fc-2c963f66afa6', 'deviceID': 'string', 'timeStamp': '2025-03-06T17:16:36.241Z', 'windspeed': 0, 'location': {'latitude': 0, 'longitude': 0}}}
2025-03-06 11:36:37,720 - basicLogger - INFO - Message: {'type': 'wind-speed', 'datetime': '2025-03-06T09:49:07', 'payload': {'eventID': '3fa85f64-5717-4562-b3fc-2c963f66afa6', 'deviceID': 'string', 'timeStamp': '2025-03-06T17:16:36.241Z', 'windspeed': 0, 'location': {'latitude': 0, 'longitude': 0}}}
2025-03-06 11:36:37,731 - basicLogger - INFO - Message: {'type': 'temperature', 'datetime': '2025-03-06T09:59:25', 'payload': {'eventID': '3fa85f64-5717-4562-b3fc-2c963f66afa6', 'deviceID': 'string', 'timeStamp': '2025-03-06T17:59:22.893Z', 'temperature': 0}}
2025-03-06 11:36:37,744 - basicLogger - INFO - Message: {'type': 'temperature', 'datetime': '2025-03-06T09:59:25', 'payload': {'eventID': '3fa85f64-5717-4562-b3fc-2c963f66afa6', 'deviceID': 'string', 'timeStamp': '2025-03-06T17:59:22.893Z', 'temperature': 0}}
2025-03-06 11:36:37,754 - basicLogger - INFO - Message: {'type': 'wind-speed', 'datetime': '2025-03-06T09:59:29', 'payload': {'eventID': '3fa85f64-5717-4562-b3fc-2c963f66afa6', 'deviceID': 'string', 'timeStamp': '2025-03-06T17:59:27.854Z', 'windspeed': 0, 'location': {'latitude': 0, 'longitude': 0}}}
2025-03-06 11:36:37,765 - basicLogger - INFO - Message: {'type': 'wind-speed', 'datetime': '2025-03-06T09:59:30', 'payload': {'eventID': '3fa85f64-5717-4562-b3fc-2c963f66afa6', 'deviceID': 'string', 'timeStamp': '2025-03-06T17:59:27.854Z', 'windspeed': 0, 'location': {'latitude': 0, 'longitude': 0}}}
2025-03-06 11:36:37,775 - basicLogger - INFO - Message: {'type': 'wind-speed', 'datetime': '2025-03-06T09:59:31', 'payload': {'eventID': '3fa85f64-5717-4562-b3fc-2c963f66afa6', 'deviceID': 'string', 'timeStamp': '2025-03-06T17:59:27.854Z', 'windspeed': 0, 'location': {'latitude': 0, 'longitude': 0}}}
2025-03-06 11:36:37,785 - basicLogger - INFO - Message: {'type': 'wind-speed', 'datetime': '2025-03-06T10:04:57', 'payload': {'eventID': '3fa85f64-5717-4562-b3fc-2c963f66afa6', 'deviceID': 'string', 'timeStamp': '2025-03-06T17:59:27.854Z', 'windspeed': 0, 'location': {'latitude': 0, 'longitude': 0}}}
2025-03-06 11:36:37,795 - basicLogger - INFO - Message: {'type': 'wind-speed', 'datetime': '2025-03-06T10:04:58', 'payload': {'eventID': '3fa85f64-5717-4562-b3fc-2c963f66afa6', 'deviceID': 'string', 'timeStamp': '2025-03-06T17:59:27.854Z', 'windspeed': 0, 'location': {'latitude': 0, 'longitude': 0}}}
2025-03-06 11:36:37,806 - basicLogger - INFO - Message: {'type': 'wind-speed', 'datetime': '2025-03-06T10:04:58', 'payload': {'eventID': '3fa85f64-5717-4562-b3fc-2c963f66afa6', 'deviceID': 'string', 'timeStamp': '2025-03-06T17:59:27.854Z', 'windspeed': 0, 'location': {'latitude': 0, 'longitude': 0}}}
2025-03-06 11:36:37,815 - basicLogger - INFO - Message: {'type': 'wind-speed', 'datetime': '2025-03-06T10:06:19', 'payload': {'eventID': '3fa85f64-5717-4562-b3fc-2c963f66afa6', 'deviceID': 'string', 'timeStamp': '2025-03-06T17:59:27.854Z', 'windspeed': 0, 'location': {'latitude': 0, 'longitude': 0}}}
2025-03-06 11:36:37,826 - basicLogger - INFO - Message: {'type': 'wind-speed', 'datetime': '2025-03-06T10:06:19', 'payload': {'eventID': '3fa85f64-5717-4562-b3fc-2c963f66afa6', 'deviceID': 'string', 'timeStamp': '2025-03-06T17:59:27.854Z', 'windspeed': 0, 'location': {'latitude': 0, 'longitude': 0}}}
2025-03-06 11:36:37,836 - basicLogger - INFO - Message: {'type': 'wind-speed', 'datetime': '2025-03-06T10:06:19', 'payload': {'eventID': '3fa85f64-5717-4562-b3fc-2c963f66afa6', 'deviceID': 'string', 'timeStamp': '2025-03-06T17:59:27.854Z', 'windspeed': 0, 'location': {'latitude': 0, 'longitude': 0}}}
2025-03-06 11:36:37,847 - basicLogger - INFO - Message: {'type': 'wind-speed', 'datetime': '2025-03-06T10:06:20', 'payload': {'eventID': '3fa85f64-5717-4562-b3fc-2c963f66afa6', 'deviceID': 'string', 'timeStamp': '2025-03-06T17:59:27.854Z', 'windspeed': 0, 'location': {'latitude': 0, 'longitude': 0}}}
2025-03-06 11:36:37,857 - basicLogger - INFO - Message: {'type': 'wind-speed', 'datetime': '2025-03-06T10:06:20', 'payload': {'eventID': '3fa85f64-5717-4562-b3fc-2c963f66afa6', 'deviceID': 'string', 'timeStamp': '2025-03-06T17:59:27.854Z', 'windspeed': 0, 'location': {'latitude': 0, 'longitude': 0}}}
2025-03-06 11:36:37,869 - basicLogger - INFO - Message: {'type': 'wind-speed', 'datetime': '2025-03-06T10:06:20', 'payload': {'eventID': '3fa85f64-5717-4562-b3fc-2c963f66afa6', 'deviceID': 'string', 'timeStamp': '2025-03-06T17:59:27.854Z', 'windspeed': 0, 'location': {'latitude': 0, 'longitude': 0}}}
2025-03-06 11:36:37,880 - basicLogger - INFO - Message: {'type': 'wind-speed', 'datetime': '2025-03-06T10:06:20', 'payload': {'eventID': '3fa85f64-5717-4562-b3fc-2c963f66afa6', 'deviceID': 'string', 'timeStamp': '2025-03-06T17:59:27.854Z', 'windspeed': 0, 'location': {'latitude': 0, 'longitude': 0}}}
2025-03-06 11:36:37,888 - basicLogger - INFO - Message: {'type': 'wind-speed', 'datetime': '2025-03-06T10:09:14', 'payload': {'eventID': '3fa85f64-5717-4562-b3fc-2c963f66afa6', 'deviceID': 'string', 'timeStamp': '2025-03-06T17:59:27.854Z', 'windspeed': 0, 'location': {'latitude': 0, 'longitude': 0}}}
2025-03-06 11:36:37,900 - basicLogger - INFO - Message: {'type': 'wind-speed', 'datetime': '2025-03-06T10:09:14', 'payload': {'eventID': '3fa85f64-5717-4562-b3fc-2c963f66afa6', 'deviceID': 'string', 'timeStamp': '2025-03-06T17:59:27.854Z', 'windspeed': 0, 'location': {'latitude': 0, 'longitude': 0}}}
2025-03-06 11:36:37,912 - basicLogger - INFO - Message: {'type': 'wind-speed', 'datetime': '2025-03-06T10:09:14', 'payload': {'eventID': '3fa85f64-5717-4562-b3fc-2c963f66afa6', 'deviceID': 'string', 'timeStamp': '2025-03-06T17:59:27.854Z', 'windspeed': 0, 'location': {'latitude': 0, 'longitude': 0}}}
2025-03-06 11:36:37,923 - basicLogger - INFO - Message: {'type': 'wind-speed', 'datetime': '2025-03-06T10:09:15', 'payload': {'eventID': '3fa85f64-5717-4562-b3fc-2c963f66afa6', 'deviceID': 'string', 'timeStamp': '2025-03-06T17:59:27.854Z', 'windspeed': 0, 'location': {'latitude': 0, 'longitude': 0}}}
2025-03-06 11:36:37,934 - basicLogger - INFO - Message: {'type': 'wind-speed', 'datetime': '2025-03-06T10:09:15', 'payload': {'eventID': '3fa85f64-5717-4562-b3fc-2c963f66afa6', 'deviceID': 'string', 'timeStamp': '2025-03-06T17:59:27.854Z', 'windspeed': 0, 'location': {'latitude': 0, 'longitude': 0}}}
2025-03-06 11:36:37,943 - basicLogger - INFO - Message: {'type': 'wind-speed', 'datetime': '2025-03-06T10:09:15', 'payload': {'eventID': '3fa85f64-5717-4562-b3fc-2c963f66afa6', 'deviceID': 'string', 'timeStamp': '2025-03-06T17:59:27.854Z', 'windspeed': 0, 'location': {'latitude': 0, 'longitude': 0}}}
2025-03-06 11:36:37,956 - basicLogger - INFO - Message: {'type': 'wind-speed', 'datetime': '2025-03-06T10:09:15', 'payload': {'eventID': '3fa85f64-5717-4562-b3fc-2c963f66afa6', 'deviceID': 'string', 'timeStamp': '2025-03-06T17:59:27.854Z', 'windspeed': 0, 'location': {'latitude': 0, 'longitude': 0}}}
2025-03-06 11:36:37,966 - basicLogger - INFO - Message: {'type': 'wind-speed', 'datetime': '2025-03-06T10:11:19', 'payload': {'eventID': '3fa85f64-5717-4562-b3fc-2c963f66afa6', 'deviceID': 'string', 'timeStamp': '2025-03-06T17:59:27.854Z', 'windspeed': 0, 'location': {'latitude': 0, 'longitude': 0}}}
2025-03-06 11:36:37,976 - basicLogger - INFO - Message: {'type': 'wind-speed', 'datetime': '2025-03-06T10:11:19', 'payload': {'eventID': '3fa85f64-5717-4562-b3fc-2c963f66afa6', 'deviceID': 'string', 'timeStamp': '2025-03-06T17:59:27.854Z', 'windspeed': 0, 'location': {'latitude': 0, 'longitude': 0}}}
2025-03-06 11:36:37,985 - basicLogger - INFO - Message: {'type': 'wind-speed', 'datetime': '2025-03-06T10:11:19', 'payload': {'eventID': '3fa85f64-5717-4562-b3fc-2c963f66afa6', 'deviceID': 'string', 'timeStamp': '2025-03-06T17:59:27.854Z', 'windspeed': 0, 'location': {'latitude': 0, 'longitude': 0}}}
2025-03-06 11:36:37,995 - basicLogger - INFO - Message: {'type': 'wind-speed', 'datetime': '2025-03-06T10:11:20', 'payload': {'eventID': '3fa85f64-5717-4562-b3fc-2c963f66afa6', 'deviceID': 'string', 'timeStamp': '2025-03-06T17:59:27.854Z', 'windspeed': 0, 'location': {'latitude': 0, 'longitude': 0}}}
2025-03-06 11:36:38,004 - basicLogger - INFO - Message: {'type': 'wind-speed', 'datetime': '2025-03-06T10:11:34', 'payload': {'eventID': '3fa85f64-5717-4562-b3fc-2c963f66afa6', 'deviceID': 'string', 'timeStamp': '2025-03-06T17:59:27.854Z', 'windspeed': 0, 'location': {'latitude': 0, 'longitude': 0}}}
2025-03-06 11:36:38,014 - basicLogger - INFO - Message: {'type': 'wind-speed', 'datetime': '2025-03-06T10:11:34', 'payload': {'eventID': '3fa85f64-5717-4562-b3fc-2c963f66afa6', 'deviceID': 'string', 'timeStamp': '2025-03-06T17:59:27.854Z', 'windspeed': 0, 'location': {'latitude': 0, 'longitude': 0}}}
2025-03-06 11:36:38,024 - basicLogger - INFO - Message: {'type': 'wind-speed', 'datetime': '2025-03-06T10:11:34', 'payload': {'eventID': '3fa85f64-5717-4562-b3fc-2c963f66afa6', 'deviceID': 'string', 'timeStamp': '2025-03-06T17:59:27.854Z', 'windspeed': 0, 'location': {'latitude': 0, 'longitude': 0}}}
2025-03-06 11:36:38,035 - basicLogger - INFO - Message: {'type': 'wind-speed', 'datetime': '2025-03-06T10:11:34', 'payload': {'eventID': '3fa85f64-5717-4562-b3fc-2c963f66afa6', 'deviceID': 'string', 'timeStamp': '2025-03-06T17:59:27.854Z', 'windspeed': 0, 'location': {'latitude': 0, 'longitude': 0}}}
2025-03-06 11:36:38,045 - basicLogger - INFO - Message: {'type': 'temperature', 'datetime': '2025-03-06T10:11:37', 'payload': {'eventID': '3fa85f64-5717-4562-b3fc-2c963f66afa6', 'deviceID': 'string', 'timeStamp': '2025-03-06T17:59:22.893Z', 'temperature': 0}}
2025-03-06 11:36:38,055 - basicLogger - INFO - Message: {'type': 'temperature', 'datetime': '2025-03-06T10:11:37', 'payload': {'eventID': '3fa85f64-5717-4562-b3fc-2c963f66afa6', 'deviceID': 'string', 'timeStamp': '2025-03-06T17:59:22.893Z', 'temperature': 0}}
2025-03-06 11:36:38,065 - basicLogger - INFO - Message: {'type': 'temperature', 'datetime': '2025-03-06T10:11:37', 'payload': {'eventID': '3fa85f64-5717-4562-b3fc-2c963f66afa6', 'deviceID': 'string', 'timeStamp': '2025-03-06T17:59:22.893Z', 'temperature': 0}}
2025-03-06 11:36:38,075 - basicLogger - INFO - Message: {'type': 'temperature', 'datetime': '2025-03-06T10:11:37', 'payload': {'eventID': '3fa85f64-5717-4562-b3fc-2c963f66afa6', 'deviceID': 'string', 'timeStamp': '2025-03-06T17:59:22.893Z', 'temperature': 0}}
2025-03-06 11:36:38,086 - basicLogger - INFO - Message: {'type': 'temperature', 'datetime': '2025-03-06T10:16:50', 'payload': {'eventID': '3fa85f64-5717-4562-b3fc-2c963f66afa6', 'deviceID': 'string', 'timeStamp': '2025-03-06T17:59:22.893Z', 'temperature': 0}}
2025-03-06 11:36:38,095 - basicLogger - INFO - Message: {'type': 'temperature', 'datetime': '2025-03-06T10:16:50', 'payload': {'eventID': '3fa85f64-5717-4562-b3fc-2c963f66afa6', 'deviceID': 'string', 'timeStamp': '2025-03-06T17:59:22.893Z', 'temperature': 0}}
2025-03-06 11:36:38,105 - basicLogger - INFO - Message: {'type': 'temperature', 'datetime': '2025-03-06T10:16:50', 'payload': {'eventID': '3fa85f64-5717-4562-b3fc-2c963f66afa6', 'deviceID': 'string', 'timeStamp': '2025-03-06T17:59:22.893Z', 'temperature': 0}}
2025-03-06 11:36:38,117 - basicLogger - INFO - Message: {'type': 'temperature', 'datetime': '2025-03-06T10:16:50', 'payload': {'eventID': '3fa85f64-5717-4562-b3fc-2c963f66afa6', 'deviceID': 'string', 'timeStamp': '2025-03-06T17:59:22.893Z', 'temperature': 0}}
2025-03-06 11:36:38,126 - basicLogger - INFO - Message: {'type': 'temperature', 'datetime': '2025-03-06T10:16:50', 'payload': {'eventID': '3fa85f64-5717-4562-b3fc-2c963f66afa6', 'deviceID': 'string', 'timeStamp': '2025-03-06T17:59:22.893Z', 'temperature': 0}}
2025-03-06 11:36:38,135 - basicLogger - INFO - Message: {'type': 'temperature', 'datetime': '2025-03-06T10:16:51', 'payload': {'eventID': '3fa85f64-5717-4562-b3fc-2c963f66afa6', 'deviceID': 'string', 'timeStamp': '2025-03-06T17:59:22.893Z', 'temperature': 0}}
2025-03-06 11:36:38,144 - basicLogger - INFO - Message: {'type': 'temperature', 'datetime': '2025-03-06T10:16:51', 'payload': {'eventID': '3fa85f64-5717-4562-b3fc-2c963f66afa6', 'deviceID': 'string', 'timeStamp': '2025-03-06T17:59:22.893Z', 'temperature': 0}}
2025-03-06 11:36:38,156 - basicLogger - INFO - Message: {'type': 'wind-speed', 'datetime': '2025-03-06T10:19:44', 'payload': {'eventID': '70841033-418d-4a4a-a184-e9f7be7025ae', 'deviceID': 'windSensor-001', 'timeStamp': '2025-03-06T10:19:44Z', 'windspeed': 20, 'location': {'latitude': 43, 'longitude': -70}, 'trace_id': 'aeafbb92-81b2-4a66-ba02-330e726c534f'}}
2025-03-06 12:09:46,637 - basicLogger - INFO - Message: {'type': 'wind-speed', 'datetime': '2025-03-06T10:19:44', 'payload': {'eventID': '70841033-418d-4a4a-a184-e9f7be7025ae', 'deviceID': 'windSensor-001', 'timeStamp': '2025-03-06T10:19:44Z', 'windspeed': 20, 'location': {'latitude': 43, 'longitude': -70}, 'trace_id': 'aeafbb92-81b2-4a66-ba02-330e726c534f'}}
2025-03-06 12:09:46,669 - basicLogger - INFO - Message: {'type': 'wind-speed', 'datetime': '2025-03-06T10:19:44', 'payload': {'eventID': '2614f36b-2109-4f1f-a10f-f84ee672b241', 'deviceID': 'windSensor-001', 'timeStamp': '2025-03-06T10:19:44Z', 'windspeed': 8, 'location': {'latitude': 39, 'longitude': -71}, 'trace_id': 'dea1b002-afbf-410a-b4f9-025f17f9215e'}}
2025-03-06 12:09:46,683 - basicLogger - INFO - Message: {'type': 'wind-speed', 'datetime': '2025-03-06T10:19:44', 'payload': {'eventID': 'ba542960-5b13-4732-b3e1-053591b02bbf', 'deviceID': 'windSensor-001', 'timeStamp': '2025-03-06T10:19:44Z', 'windspeed': 19, 'location': {'latitude': 43, 'longitude': -80}, 'trace_id': '2d3a17f2-4cf5-450a-850a-647fe860e64e'}}
2025-03-06 12:09:46,706 - basicLogger - INFO - Message: {'type': 'wind-speed', 'datetime': '2025-03-06T10:19:44', 'payload': {'eventID': 'bf43a8c5-a71e-47d9-bd3e-d756e2e4e07f', 'deviceID': 'windSensor-001', 'timeStamp': '2025-03-06T10:19:44Z', 'windspeed': 7, 'location': {'latitude': 40, 'longitude': -71}, 'trace_id': '4650f62c-9257-44f4-b7ab-ff78d2f8fadf'}}
2025-03-06 12:09:46,753 - basicLogger - INFO - Message: {'type': 'wind-speed', 'datetime': '2025-03-06T10:19:44', 'payload': {'eventID': 'b9fa989c-2d60-492b-a73c-5607fa717600', 'deviceID': 'windSensor-001', 'timeStamp': '2025-03-06T10:19:44Z', 'windspeed': 24, 'location': {'latitude': 38, 'longitude': -78}, 'trace_id': '77d5f6c1-e9a4-4aef-bba8-23dd1aaabf56'}}
2025-03-06 12:09:46,763 - basicLogger - INFO - Message: {'type': 'wind-speed', 'datetime': '2025-03-06T10:19:44', 'payload': {'eventID': 'eeaabbcc-6dee-4041-97f5-09cc9b796932', 'deviceID': 'windSensor-001', 'timeStamp': '2025-03-06T10:19:44Z', 'windspeed': 29, 'location': {'latitude': 44, 'longitude': -74}, 'trace_id': 'f6957fa8-9106-435e-b491-356edf9ab646'}}
2025-03-06 12:09:46,775 - basicLogger - INFO - Message: {'type': 'wind-speed', 'datetime': '2025-03-06T10:19:44', 'payload': {'eventID': '94db59ce-062d-4969-b5a8-9d91d2235242', 'deviceID': 'windSensor-001', 'timeStamp': '2025-03-06T10:19:44Z', 'windspeed': 10, 'location': {'latitude': 41, 'longitude': -75}, 'trace_id': 'f81b3a1d-8df0-46ba-b407-24c48ce2cca0'}}
2025-03-06 12:09:46,786 - basicLogger - INFO - Message: {'type': 'wind-speed', 'datetime': '2025-03-06T10:19:44', 'payload': {'eventID': 'e9bdecbf-c22b-439d-8ac7-67caa92128ae', 'deviceID': 'windSensor-001', 'timeStamp': '2025-03-06T10:19:44Z', 'windspeed': 15, 'location': {'latitude': 38, 'longitude': -76}, 'trace_id': '5dcb882e-1c33-4ced-a511-ca7c4e164f3c'}}
2025-03-06 12:09:46,795 - basicLogger - INFO - Message: {'type': 'wind-speed', 'datetime': '2025-03-06T10:19:44', 'payload': {'eventID': '2df796dc-9fd4-4a32-aaa1-a885003caf24', 'deviceID': 'windSensor-001', 'timeStamp': '2025-03-06T10:19:44Z', 'windspeed': 12, 'location': {'latitude': 42, 'longitude': -71}, 'trace_id': '1ce18896-7e26-4798-94f3-bd417b11d208'}}
2025-03-06 12:09:46,804 - basicLogger - INFO - Message: {'type': 'wind-speed', 'datetime': '2025-03-06T10:19:44', 'payload': {'eventID': 'da85e495-451c-4c5f-8854-95a9e5d1abe8', 'deviceID': 'windSensor-001', 'timeStamp': '2025-03-06T10:19:44Z', 'windspeed': 20, 'location': {'latitude': 44, 'longitude': -74}, 'trace_id': '5466936e-e32e-4998-bab9-86196e4aeb96'}}
2025-03-06 12:09:46,815 - basicLogger - INFO - Message: {'type': 'wind-speed', 'datetime': '2025-03-06T10:19:44', 'payload': {'eventID': 'b5eba31f-acbf-4cd5-b94e-7d90ae50f983', 'deviceID': 'windSensor-001', 'timeStamp': '2025-03-06T10:19:44Z', 'windspeed': 23, 'location': {'latitude': 40, 'longitude': -76}, 'trace_id': '82cd6783-3355-46d5-a0a6-3be97fca3b65'}}
2025-03-06 12:09:46,825 - basicLogger - INFO - Message: {'type': 'wind-speed', 'datetime': '2025-03-06T10:19:44', 'payload': {'eventID': '5b4bad04-79e0-4c95-a816-14fb62bd0bda', 'deviceID': 'windSensor-001', 'timeStamp': '2025-03-06T10:19:44Z', 'windspeed': 17, 'location': {'latitude': 35, 'longitude': -77}, 'trace_id': '46deb22c-9e3f-454e-9daf-82dcc97b98c8'}}
2025-03-06 12:09:46,835 - basicLogger - INFO - Message: {'type': 'wind-speed', 'datetime': '2025-03-06T10:19:44', 'payload': {'eventID': '5a6c5a9f-bdbb-485a-920c-e50675afe3d8', 'deviceID': 'windSensor-001', 'timeStamp': '2025-03-06T10:19:44Z', 'windspeed': 6, 'location': {'latitude': 38, 'longitude': -72}, 'trace_id': '738a9808-1e88-41bd-9ab4-7f32bb1542d9'}}
2025-03-06 12:09:46,845 - basicLogger - INFO - Message: {'type': 'wind-speed', 'datetime': '2025-03-06T10:19:44', 'payload': {'eventID': 'f1b1dd39-829b-4bc2-9172-1f024823c295', 'deviceID': 'windSensor-001', 'timeStamp': '2025-03-06T10:19:44Z', 'windspeed': 5, 'location': {'latitude': 35, 'longitude': -70}, 'trace_id': 'e6e55741-8e4f-499e-82f4-ff6605afa28d'}}
2025-03-06 12:09:46,855 - basicLogger - INFO - Message: {'type': 'wind-speed', 'datetime': '2025-03-06T10:19:44', 'payload': {'eventID': '14b9ef14-1080-4d54-b39b-f7719272bdde', 'deviceID': 'windSensor-001', 'timeStamp': '2025-03-06T10:19:44Z', 'windspeed': 18, 'location': {'latitude': 37, 'longitude': -74}, 'trace_id': '84fce0a4-8403-42c7-89e1-3ac436fd7c53'}}
2025-03-06 12:09:46,867 - basicLogger - INFO - Message: {'type': 'wind-speed', 'datetime': '2025-03-06T10:19:44', 'payload': {'eventID': '2402f748-05b6-4258-95ac-90f41dfa9107', 'deviceID': 'windSensor-001', 'timeStamp': '2025-03-06T10:19:44Z', 'windspeed': 6, 'location': {'latitude': 36, 'longitude': -71}, 'trace_id': '3878a63e-05f0-4aab-aeba-f9f8ea735a7b'}}
2025-03-06 12:09:46,877 - basicLogger - INFO - Message: {'type': 'wind-speed', 'datetime': '2025-03-06T10:19:44', 'payload': {'eventID': '33a87c09-2684-4871-8d10-b98b8b3e587a', 'deviceID': 'windSensor-001', 'timeStamp': '2025-03-06T10:19:44Z', 'windspeed': 30, 'location': {'latitude': 41, 'longitude': -71}, 'trace_id': '40992ed8-3583-4199-8c32-af6d0b18dc1b'}}
2025-03-06 12:09:46,887 - basicLogger - INFO - Message: {'type': 'wind-speed', 'datetime': '2025-03-06T10:19:44', 'payload': {'eventID': '6d67e2f7-b907-4211-85fb-007b4fbb15b3', 'deviceID': 'windSensor-001', 'timeStamp': '2025-03-06T10:19:44Z', 'windspeed': 6, 'location': {'latitude': 40, 'longitude': -71}, 'trace_id': 'a9ba2103-b519-42e2-a446-77bc681c8114'}}
2025-03-06 12:09:46,898 - basicLogger - INFO - Message: {'type': 'wind-speed', 'datetime': '2025-03-06T10:19:44', 'payload': {'eventID': 'd32c53ac-444e-4ce0-8f8c-8dff6cf02bac', 'deviceID': 'windSensor-001', 'timeStamp': '2025-03-06T10:19:44Z', 'windspeed': 12, 'location': {'latitude': 39, 'longitude': -75}, 'trace_id': 'e61d24a8-1d6c-4702-814d-2fcecff2bc55'}}
2025-03-06 12:09:46,907 - basicLogger - INFO - Message: {'type': 'wind-speed', 'datetime': '2025-03-06T10:19:44', 'payload': {'eventID': '169363d5-c48e-4d44-92e7-1a5c6062fc6b', 'deviceID': 'windSensor-001', 'timeStamp': '2025-03-06T10:19:44Z', 'windspeed': 7, 'location': {'latitude': 40, 'longitude': -73}, 'trace_id': '0361ce5b-cac2-48ad-a60e-8cbe8d298bdc'}}
2025-03-06 12:09:46,919 - basicLogger - INFO - Message: {'type': 'wind-speed', 'datetime': '2025-03-06T10:19:44', 'payload': {'eventID': 'eef32fa8-798c-4ca3-823f-2baa7b477c73', 'deviceID': 'windSensor-001', 'timeStamp': '2025-03-06T10:19:44Z', 'windspeed': 8, 'location': {'latitude': 35, 'longitude': -74}, 'trace_id': 'f380c917-84e8-4e5f-b288-2d451e8ae022'}}
2025-03-06 12:09:46,930 - basicLogger - INFO - Message: {'type': 'wind-speed', 'datetime': '2025-03-06T10:19:44', 'payload': {'eventID': 'f2f11192-11b0-4a85-a9a7-de7e43d35b2b', 'deviceID': 'windSensor-001', 'timeStamp': '2025-03-06T10:19:44Z', 'windspeed': 20, 'location': {'latitude': 37, 'longitude': -80}, 'trace_id': '40dfdb6e-6213-4f01-977c-4b57ea476094'}}
2025-03-06 12:09:46,941 - basicLogger - INFO - Message: {'type': 'wind-speed', 'datetime': '2025-03-06T10:19:44', 'payload': {'eventID': '936d8253-07af-470a-8bbf-efc9226ea78c', 'deviceID': 'windSensor-001', 'timeStamp': '2025-03-06T10:19:44Z', 'windspeed': 29, 'location': {'latitude': 42, 'longitude': -80}, 'trace_id': '06276ef5-c4a6-4abd-a57c-f7fd2500e4d2'}}
2025-03-06 12:09:46,951 - basicLogger - INFO - Message: {'type': 'wind-speed', 'datetime': '2025-03-06T10:19:44', 'payload': {'eventID': 'ef90fe4f-63d7-4728-88a8-b402b4f317d3', 'deviceID': 'windSensor-001', 'timeStamp': '2025-03-06T10:19:44Z', 'windspeed': 7, 'location': {'latitude': 35, 'longitude': -73}, 'trace_id': '6093c9a5-e727-4517-8cf7-97d3d3e0f86f'}}
2025-03-06 12:09:46,961 - basicLogger - INFO - Message: {'type': 'wind-speed', 'datetime': '2025-03-06T10:19:44', 'payload': {'eventID': '8a533552-fb6c-46f0-8bbf-0c281387fb13', 'deviceID': 'windSensor-001', 'timeStamp': '2025-03-06T10:19:44Z', 'windspeed': 28, 'location': {'latitude': 38, 'longitude': -70}, 'trace_id': '5bd7e8ed-90ea-489e-ac7d-b1b7df34c56d'}}
2025-03-06 12:09:46,970 - basicLogger - INFO - Message: {'type': 'wind-speed', 'datetime': '2025-03-06T10:19:44', 'payload': {'eventID': 'ca3f8369-53ca-43dd-9105-c4bc41ea2934', 'deviceID': 'windSensor-001', 'timeStamp': '2025-03-06T10:19:44Z', 'windspeed': 19, 'location': {'latitude': 37, 'longitude': -73}, 'trace_id': 'e92f34d3-9c34-4ab4-a6fb-6ccfd5b1df35'}}
2025-03-06 12:09:46,980 - basicLogger - INFO - Message: {'type': 'wind-speed', 'datetime': '2025-03-06T10:19:44', 'payload': {'eventID': 'd597de53-9f11-44e8-b897-295708e5ce13', 'deviceID': 'windSensor-001', 'timeStamp': '2025-03-06T10:19:44Z', 'windspeed': 6, 'location': {'latitude': 43, 'longitude': -77}, 'trace_id': 'c0a69c6b-c010-435f-ba1a-1a79631ce677'}}
2025-03-06 12:09:46,989 - basicLogger - INFO - Message: {'type': 'wind-speed', 'datetime': '2025-03-06T10:19:44', 'payload': {'eventID': '2e2acd71-728e-4fc8-a502-f32319220cfe', 'deviceID': 'windSensor-001', 'timeStamp': '2025-03-06T10:19:44Z', 'windspeed': 8, 'location': {'latitude': 40, 'longitude': -77}, 'trace_id': '7832e7fd-f239-4825-9540-d49decb0cdfd'}}
2025-03-06 12:09:46,999 - basicLogger - INFO - Message: {'type': 'wind-speed', 'datetime': '2025-03-06T10:19:44', 'payload': {'eventID': '83b7ecb3-8dfc-4184-b11b-ecc17bae4160', 'deviceID': 'windSensor-001', 'timeStamp': '2025-03-06T10:19:44Z', 'windspeed': 17, 'location': {'latitude': 36, 'longitude': -70}, 'trace_id': '70773c55-f56a-4533-b8d2-b72674c92198'}}
2025-03-06 12:09:47,009 - basicLogger - INFO - Message: {'type': 'wind-speed', 'datetime': '2025-03-06T10:19:44', 'payload': {'eventID': '15491ef7-0bc4-4798-9c68-f4776829e99d', 'deviceID': 'windSensor-001', 'timeStamp': '2025-03-06T10:19:44Z', 'windspeed': 6, 'location': {'latitude': 44, 'longitude': -73}, 'trace_id': '77b4c564-8147-4099-8b58-4e955393e3ee'}}
2025-03-06 12:09:47,018 - basicLogger - INFO - Message: {'type': 'wind-speed', 'datetime': '2025-03-06T10:19:44', 'payload': {'eventID': '5035a9ce-2c4e-441a-915b-d1d2d14c570f', 'deviceID': 'windSensor-001', 'timeStamp': '2025-03-06T10:19:44Z', 'windspeed': 21, 'location': {'latitude': 45, 'longitude': -71}, 'trace_id': '9b4245fa-6726-462d-987f-b8a877d05b42'}}
2025-03-06 12:09:47,030 - basicLogger - INFO - Message: {'type': 'wind-speed', 'datetime': '2025-03-06T10:19:44', 'payload': {'eventID': '49c8e048-f45b-4786-9559-ab9a23510545', 'deviceID': 'windSensor-001', 'timeStamp': '2025-03-06T10:19:44Z', 'windspeed': 27, 'location': {'latitude': 41, 'longitude': -76}, 'trace_id': 'a93be9aa-22b7-496f-956d-0bf274b72377'}}
2025-03-06 12:09:47,039 - basicLogger - INFO - Message: {'type': 'temperature', 'datetime': '2025-03-06T10:19:44', 'payload': {'eventID': '74a55ea1-3b55-4118-a39a-b921caef6aeb', 'deviceID': 'device123', 'timeStamp': '2025-03-06T10:19:44Z', 'temperature': 24, 'trace_id': '55433d22-8da7-44d6-8ad3-21230eb47a5c'}}
2025-03-06 12:09:47,052 - basicLogger - INFO - Message: {'type': 'temperature', 'datetime': '2025-03-06T10:19:44', 'payload': {'eventID': '2516c305-2dff-4d05-8862-7c7a58e1c538', 'deviceID': 'device123', 'timeStamp': '2025-03-06T10:19:44Z', 'temperature': 19, 'trace_id': 'aa6c5b5f-11e5-414b-9714-612c356f8aaa'}}
2025-03-06 12:09:47,061 - basicLogger - INFO - Message: {'type': 'temperature', 'datetime': '2025-03-06T10:19:44', 'payload': {'eventID': '14cfe2a0-c22a-45ce-b39b-6acfdd925e0e', 'deviceID': 'device123', 'timeStamp': '2025-03-06T10:19:44Z', 'temperature': 25, 'trace_id': 'f5c752a1-0c24-492f-8a4e-742199980992'}}
2025-03-06 12:09:47,070 - basicLogger - INFO - Message: {'type': 'temperature', 'datetime': '2025-03-06T10:19:44', 'payload': {'eventID': '1c1b16cc-ec6a-4371-9343-161371f496ca', 'deviceID': 'device123', 'timeStamp': '2025-03-06T10:19:44Z', 'temperature': 30, 'trace_id': 'e75370f9-01e1-4389-90f1-7fd9754adf90'}}
2025-03-06 12:09:47,080 - basicLogger - INFO - Message: {'type': 'temperature', 'datetime': '2025-03-06T10:19:44', 'payload': {'eventID': 'f54b526a-13f8-4e0b-8dc9-754a1d709641', 'deviceID': 'device123', 'timeStamp': '2025-03-06T10:19:44Z', 'temperature': 16, 'trace_id': 'dec2d5bd-4f33-4bb7-8179-2506222f7295'}}
2025-03-06 12:09:47,088 - basicLogger - INFO - Message: {'type': 'temperature', 'datetime': '2025-03-06T10:19:44', 'payload': {'eventID': 'b21fa636-f23f-4a03-a128-2130ce3fdde0', 'deviceID': 'device123', 'timeStamp': '2025-03-06T10:19:44Z', 'temperature': 21, 'trace_id': '40bc8bbb-69a8-445e-92c4-1ef061fa4608'}}
2025-03-06 12:09:47,098 - basicLogger - INFO - Message: {'type': 'temperature', 'datetime': '2025-03-06T10:19:44', 'payload': {'eventID': '010a55d8-d1da-4a67-9029-8be6e8a59f88', 'deviceID': 'device123', 'timeStamp': '2025-03-06T10:19:44Z', 'temperature': 22, 'trace_id': '3657f448-791a-4032-8296-9a8168630dd4'}}
2025-03-06 12:09:47,108 - basicLogger - INFO - Message: {'type': 'temperature', 'datetime': '2025-03-06T10:19:44', 'payload': {'eventID': '6bce335b-f4da-4846-b1a7-8b11d105675b', 'deviceID': 'device123', 'timeStamp': '2025-03-06T10:19:44Z', 'temperature': 34, 'trace_id': 'f949efb3-9b20-4f91-a024-515f3295d1c4'}}
2025-03-06 12:09:47,118 - basicLogger - INFO - Message: {'type': 'temperature', 'datetime': '2025-03-06T10:19:44', 'payload': {'eventID': 'd92b960f-fbec-48a1-b457-631355f30c72', 'deviceID': 'device123', 'timeStamp': '2025-03-06T10:19:44Z', 'temperature': 26, 'trace_id': '1e3c020f-bd50-4bb3-84c5-8d8e8d5a6a19'}}
2025-03-06 12:09:47,128 - basicLogger - INFO - Message: {'type': 'temperature', 'datetime': '2025-03-06T10:19:44', 'payload': {'eventID': '502c85a2-437f-4c0c-af8b-a88827fbfe72', 'deviceID': 'device123', 'timeStamp': '2025-03-06T10:19:44Z', 'temperature': 19, 'trace_id': 'd7d1887b-2613-4099-92b2-49bbba1c28f0'}}
2025-03-06 12:09:47,138 - basicLogger - INFO - Message: {'type': 'temperature', 'datetime': '2025-03-06T10:19:44', 'payload': {'eventID': '431e9b6e-6bc4-4736-aef4-b6620230745b', 'deviceID': 'device123', 'timeStamp': '2025-03-06T10:19:44Z', 'temperature': 27, 'trace_id': '705b1800-e4c0-4e06-b54f-7a9097e32676'}}
2025-03-06 12:09:47,147 - basicLogger - INFO - Message: {'type': 'wind-speed', 'datetime': '2025-03-06T10:19:44', 'payload': {'eventID': 'a758172a-8556-44df-b3db-b484a00bb3f3', 'deviceID': 'windSensor-001', 'timeStamp': '2025-03-06T10:19:44Z', 'windspeed': 8, 'location': {'latitude': 43, 'longitude': -72}, 'trace_id': 'c8b84843-f8e1-4513-a3de-2f98a6da2f5e'}}
2025-03-06 12:09:47,158 - basicLogger - INFO - Message: {'type': 'wind-speed', 'datetime': '2025-03-06T10:19:44', 'payload': {'eventID': 'e0d4c158-bf68-49cd-8d3d-058135b48a97', 'deviceID': 'windSensor-001', 'timeStamp': '2025-03-06T10:19:44Z', 'windspeed': 26, 'location': {'latitude': 38, 'longitude': -70}, 'trace_id': 'c7eaa40b-d655-453c-9803-609923a470d7'}}
2025-03-06 12:09:47,169 - basicLogger - INFO - Message: {'type': 'wind-speed', 'datetime': '2025-03-06T10:19:44', 'payload': {'eventID': 'f84bb396-5ba4-4b26-af5e-202017925899', 'deviceID': 'windSensor-001', 'timeStamp': '2025-03-06T10:19:44Z', 'windspeed': 10, 'location': {'latitude': 38, 'longitude': -73}, 'trace_id': '27e045df-7cc7-461b-90e3-703661938766'}}
2025-03-06 12:09:47,178 - basicLogger - INFO - Message: {'type': 'temperature', 'datetime': '2025-03-06T10:19:44', 'payload': {'eventID': '6c55ebc7-cd7d-41c8-b8e1-0a40a1bb80dc', 'deviceID': 'device123', 'timeStamp': '2025-03-06T10:19:44Z', 'temperature': 15, 'trace_id': '0596bff4-5abc-404a-a1d0-e782600d76a5'}}
2025-03-06 12:09:47,188 - basicLogger - INFO - Message: {'type': 'wind-speed', 'datetime': '2025-03-06T10:19:44', 'payload': {'eventID': '8295fcfa-2df5-4851-a730-a2f26dc54afa', 'deviceID': 'windSensor-001', 'timeStamp': '2025-03-06T10:19:44Z', 'windspeed': 13, 'location': {'latitude': 41, 'longitude': -73}, 'trace_id': 'c4db92b6-5930-4e57-8d01-63b9670d15dc'}}
2025-03-06 12:09:47,200 - basicLogger - INFO - Message: {'type': 'wind-speed', 'datetime': '2025-03-06T10:19:44', 'payload': {'eventID': '2131b48d-c5f3-4eed-b0d3-6f0aed68f599', 'deviceID': 'windSensor-001', 'timeStamp': '2025-03-06T10:19:44Z', 'windspeed': 7, 'location': {'latitude': 44, 'longitude': -77}, 'trace_id': '7912c298-6bbf-497d-b2e7-068623f9738b'}}
2025-03-06 12:09:47,210 - basicLogger - INFO - Message: {'type': 'temperature', 'datetime': '2025-03-06T10:19:44', 'payload': {'eventID': '65d31b0f-18ac-48ae-a197-93fa0a81f664', 'deviceID': 'device123', 'timeStamp': '2025-03-06T10:19:44Z', 'temperature': 30, 'trace_id': 'c6926d41-c189-45b7-a744-5aea2daac088'}}
2025-03-06 12:09:47,219 - basicLogger - INFO - Message: {'type': 'temperature', 'datetime': '2025-03-06T10:19:44', 'payload': {'eventID': '1d560d62-d383-418d-a6ef-2028ec7f6e6b', 'deviceID': 'device123', 'timeStamp': '2025-03-06T10:19:44Z', 'temperature': 17, 'trace_id': '61b41975-b812-4132-86b5-84c497ae62ef'}}
2025-03-06 12:09:47,229 - basicLogger - INFO - Message: {'type': 'temperature', 'datetime': '2025-03-06T10:19:44', 'payload': {'eventID': 'a9c56db5-a444-4613-b9cd-56fb03d77884', 'deviceID': 'device123', 'timeStamp': '2025-03-06T10:19:44Z', 'temperature': 23, 'trace_id': 'eab8b47c-4a26-4605-a833-cbfa7cfffd53'}}
2025-03-06 12:09:47,238 - basicLogger - INFO - Message: {'type': 'temperature', 'datetime': '2025-03-06T10:19:44', 'payload': {'eventID': '953b8920-cdcc-4150-80de-689054312991', 'deviceID': 'device123', 'timeStamp': '2025-03-06T10:19:44Z', 'temperature': 23, 'trace_id': '76273a20-89e4-40ee-898c-8a917029bc9e'}}
2025-03-06 12:09:47,247 - basicLogger - INFO - Message: {'type': 'temperature', 'datetime': '2025-03-06T10:19:44', 'payload': {'eventID': '8f0014f5-3cdf-4aa2-9e63-56367c7759ef', 'deviceID': 'device123', 'timeStamp': '2025-03-06T10:19:44Z', 'temperature': 20, 'trace_id': '6244fb98-8738-4ce0-867b-a64e28da03a8'}}
2025-03-06 12:09:47,255 - basicLogger - INFO - Message: {'type': 'wind-speed', 'datetime': '2025-03-06T10:19:44', 'payload': {'eventID': '39605d29-6a0f-414b-9d99-6e25e28b2087', 'deviceID': 'windSensor-001', 'timeStamp': '2025-03-06T10:19:44Z', 'windspeed': 21, 'location': {'latitude': 44, 'longitude': -80}, 'trace_id': '60871397-76c0-49ec-baba-11609de5fa61'}}
2025-03-06 12:09:47,263 - basicLogger - INFO - Message: {'type': 'wind-speed', 'datetime': '2025-03-06T10:19:44', 'payload': {'eventID': '8fd60e98-fb77-41bf-834e-92bf4f35b371', 'deviceID': 'windSensor-001', 'timeStamp': '2025-03-06T10:19:44Z', 'windspeed': 17, 'location': {'latitude': 38, 'longitude': -75}, 'trace_id': '3c7f5e9e-1820-431b-88a1-5a60d195b853'}}
2025-03-06 12:09:47,270 - basicLogger - INFO - Message: {'type': 'temperature', 'datetime': '2025-03-06T10:19:44', 'payload': {'eventID': '8e783478-0dd7-4680-8013-93b4e8f55934', 'deviceID': 'device123', 'timeStamp': '2025-03-06T10:19:44Z', 'temperature': 17, 'trace_id': 'f86dd106-c175-4963-889e-2cb88d756023'}}
2025-03-06 12:09:47,277 - basicLogger - INFO - Message: {'type': 'temperature', 'datetime': '2025-03-06T10:19:44', 'payload': {'eventID': 'b20ec278-1a90-4ca5-a196-6866372be7b4', 'deviceID': 'device123', 'timeStamp': '2025-03-06T10:19:44Z', 'temperature': 34, 'trace_id': '944fab20-fc69-4ee7-b1aa-b06907449a6c'}}
2025-03-06 12:09:47,284 - basicLogger - INFO - Message: {'type': 'temperature', 'datetime': '2025-03-06T10:19:44', 'payload': {'eventID': '02811464-5ca7-45b3-9a20-e7141ab751e1', 'deviceID': 'device123', 'timeStamp': '2025-03-06T10:19:44Z', 'temperature': 28, 'trace_id': '513b5481-8743-4f46-ac55-6477f8526d36'}}
2025-03-06 12:09:47,293 - basicLogger - INFO - Message: {'type': 'wind-speed', 'datetime': '2025-03-06T10:19:44', 'payload': {'eventID': '3922a7f0-2d72-40b3-888f-e0a36837fe1c', 'deviceID': 'windSensor-001', 'timeStamp': '2025-03-06T10:19:44Z', 'windspeed': 25, 'location': {'latitude': 44, 'longitude': -70}, 'trace_id': '8bd49866-b76a-414d-b857-6cbf504d1ec9'}}
2025-03-06 12:09:47,303 - basicLogger - INFO - Message: {'type': 'wind-speed', 'datetime': '2025-03-06T10:19:44', 'payload': {'eventID': '8f7159ac-fe2e-4e5b-af8c-acb095a5e836', 'deviceID': 'windSensor-001', 'timeStamp': '2025-03-06T10:19:44Z', 'windspeed': 30, 'location': {'latitude': 36, 'longitude': -73}, 'trace_id': 'a6e08d69-80d1-4710-9b38-8fd06b806e7a'}}
2025-03-06 12:09:47,312 - basicLogger - INFO - Message: {'type': 'wind-speed', 'datetime': '2025-03-06T10:19:44', 'payload': {'eventID': '9ccb1fd3-665d-4073-810f-9f552aec2093', 'deviceID': 'windSensor-001', 'timeStamp': '2025-03-06T10:19:44Z', 'windspeed': 26, 'location': {'latitude': 43, 'longitude': -76}, 'trace_id': '73856d07-bef8-4471-b19e-2c10013352a8'}}
2025-03-06 12:09:47,321 - basicLogger - INFO - Message: {'type': 'temperature', 'datetime': '2025-03-06T10:19:44', 'payload': {'eventID': '665f1a02-fab6-47c1-a1d3-ffafa533650e', 'deviceID': 'device123', 'timeStamp': '2025-03-06T10:19:44Z', 'temperature': 28, 'trace_id': '6a0f73e3-ed3d-4697-a1a7-c316eb9d03cc'}}
2025-03-06 12:09:47,331 - basicLogger - INFO - Message: {'type': 'wind-speed', 'datetime': '2025-03-06T10:19:44', 'payload': {'eventID': 'a32fea6e-4083-4347-ad8c-9428d8215124', 'deviceID': 'windSensor-001', 'timeStamp': '2025-03-06T10:19:44Z', 'windspeed': 13, 'location': {'latitude': 45, 'longitude': -71}, 'trace_id': '4d2f5d14-4aa3-4ca7-bc6b-b4498a76ad50'}}
2025-03-06 12:09:47,341 - basicLogger - INFO - Message: {'type': 'wind-speed', 'datetime': '2025-03-06T10:19:44', 'payload': {'eventID': '3ebe0f98-f46f-4eac-9d8d-1861f05fad02', 'deviceID': 'windSensor-001', 'timeStamp': '2025-03-06T10:19:44Z', 'windspeed': 21, 'location': {'latitude': 40, 'longitude': -71}, 'trace_id': 'e5adf978-bfe8-427f-8df1-cccdb38f19d4'}}
2025-03-06 12:09:47,353 - basicLogger - INFO - Message: {'type': 'temperature', 'datetime': '2025-03-06T10:19:44', 'payload': {'eventID': '0d8bae8c-7d9b-4e5c-9f68-dcabd74c8ead', 'deviceID': 'device123', 'timeStamp': '2025-03-06T10:19:44Z', 'temperature': 26, 'trace_id': 'd45faa33-9b09-4c9e-92b1-c4573098175d'}}
2025-03-06 12:09:47,362 - basicLogger - INFO - Message: {'type': 'temperature', 'datetime': '2025-03-06T10:19:44', 'payload': {'eventID': '7dbc1a98-6b83-49ef-a5ec-0ced0f265553', 'deviceID': 'device123', 'timeStamp': '2025-03-06T10:19:44Z', 'temperature': 25, 'trace_id': 'ac0f8af0-ad11-482e-bac1-6bac8bb8a16f'}}
2025-03-06 12:09:47,373 - basicLogger - INFO - Message: {'type': 'temperature', 'datetime': '2025-03-06T10:19:44', 'payload': {'eventID': 'de0d21e1-4dfa-4bac-989e-2607a817ef43', 'deviceID': 'device123', 'timeStamp': '2025-03-06T10:19:44Z', 'temperature': 26, 'trace_id': 'bb9d1679-ea70-4ab9-95e7-02c28de94bec'}}
2025-03-06 12:09:47,383 - basicLogger - INFO - Message: {'type': 'temperature', 'datetime': '2025-03-06T10:19:44', 'payload': {'eventID': 'f56285e7-5652-4a3a-ae5a-65f005fb264f', 'deviceID': 'device123', 'timeStamp': '2025-03-06T10:19:44Z', 'temperature': 28, 'trace_id': '5377bf74-960c-4171-a54a-2b76226af9a3'}}
2025-03-06 12:09:47,394 - basicLogger - INFO - Message: {'type': 'temperature', 'datetime': '2025-03-06T10:19:44', 'payload': {'eventID': '159e9612-1102-4677-bd24-e19a9fdafa49', 'deviceID': 'device123', 'timeStamp': '2025-03-06T10:19:44Z', 'temperature': 20, 'trace_id': 'e495c5e9-630d-4956-992c-3decd5e804b9'}}
2025-03-06 12:09:47,404 - basicLogger - INFO - Message: {'type': 'temperature', 'datetime': '2025-03-06T10:19:44', 'payload': {'eventID': 'b420f71a-3f2c-432d-8d5d-90464c169c21', 'deviceID': 'device123', 'timeStamp': '2025-03-06T10:19:44Z', 'temperature': 26, 'trace_id': 'ddfcc140-b3f1-4a72-b8c2-9eb93badce37'}}
2025-03-06 12:09:47,414 - basicLogger - INFO - Message: {'type': 'temperature', 'datetime': '2025-03-06T10:19:44', 'payload': {'eventID': '1e384917-b9d5-49d8-b1ed-6ea3fe3fff38', 'deviceID': 'device123', 'timeStamp': '2025-03-06T10:19:44Z', 'temperature': 24, 'trace_id': 'd01a197a-878b-48f4-a950-9ff99797e0cf'}}
2025-03-06 12:09:47,423 - basicLogger - INFO - Message: {'type': 'temperature', 'datetime': '2025-03-06T10:19:44', 'payload': {'eventID': '15c63fba-184d-46e1-9769-84648e5989a8', 'deviceID': 'device123', 'timeStamp': '2025-03-06T10:19:44Z', 'temperature': 19, 'trace_id': '24af827f-59a2-47a0-853c-f467a0777321'}}
2025-03-06 12:09:47,433 - basicLogger - INFO - Message: {'type': 'wind-speed', 'datetime': '2025-03-06T10:19:44', 'payload': {'eventID': '48d66273-8c3b-490a-b588-3c0cf5421d31', 'deviceID': 'windSensor-001', 'timeStamp': '2025-03-06T10:19:44Z', 'windspeed': 18, 'location': {'latitude': 44, 'longitude': -77}, 'trace_id': '5d579840-68da-4871-80ae-731139b56c49'}}
2025-03-06 12:09:47,443 - basicLogger - INFO - Message: {'type': 'wind-speed', 'datetime': '2025-03-06T10:19:44', 'payload': {'eventID': 'e0172f2d-6ce8-4332-b5e0-9ef43b937970', 'deviceID': 'windSensor-001', 'timeStamp': '2025-03-06T10:19:44Z', 'windspeed': 15, 'location': {'latitude': 42, 'longitude': -76}, 'trace_id': '5a5fd8e8-a53c-4f32-a927-303643cfb9be'}}
2025-03-06 12:09:47,452 - basicLogger - INFO - Message: {'type': 'wind-speed', 'datetime': '2025-03-06T10:19:44', 'payload': {'eventID': '2879a0c9-391c-4055-934e-3760afb08d4c', 'deviceID': 'windSensor-001', 'timeStamp': '2025-03-06T10:19:44Z', 'windspeed': 29, 'location': {'latitude': 38, 'longitude': -70}, 'trace_id': 'ed1b666c-39eb-4140-93b0-f36400cefe18'}}
2025-03-06 12:09:47,462 - basicLogger - INFO - Message: {'type': 'wind-speed', 'datetime': '2025-03-06T10:19:44', 'payload': {'eventID': 'd02a70a7-1cb2-43d2-889a-a3334dbec2ab', 'deviceID': 'windSensor-001', 'timeStamp': '2025-03-06T10:19:44Z', 'windspeed': 10, 'location': {'latitude': 43, 'longitude': -76}, 'trace_id': 'f4c1e0c8-1dbc-49f0-be4c-c6b67d50c459'}}
2025-03-06 12:09:47,471 - basicLogger - INFO - Message: {'type': 'wind-speed', 'datetime': '2025-03-06T10:19:44', 'payload': {'eventID': '7163a27a-8702-486a-884c-eeb1512bf21e', 'deviceID': 'windSensor-001', 'timeStamp': '2025-03-06T10:19:44Z', 'windspeed': 6, 'location': {'latitude': 41, 'longitude': -70}, 'trace_id': 'bd65be86-4530-4995-a53e-d8e3a94067a0'}}
2025-03-06 12:09:47,486 - basicLogger - INFO - Message: {'type': 'temperature', 'datetime': '2025-03-06T10:19:44', 'payload': {'eventID': '543529f5-9f94-4058-83bf-46dcb657b735', 'deviceID': 'device123', 'timeStamp': '2025-03-06T10:19:44Z', 'temperature': 32, 'trace_id': 'b6df55bb-16ba-462a-ad88-96e76d3763b5'}}
2025-03-06 12:09:47,495 - basicLogger - INFO - Message: {'type': 'temperature', 'datetime': '2025-03-06T10:19:44', 'payload': {'eventID': 'f7465f45-f12d-4a70-9a72-6e12bea63e6d', 'deviceID': 'device123', 'timeStamp': '2025-03-06T10:19:44Z', 'temperature': 21, 'trace_id': '1c5eea46-d387-4342-957b-7cd975bbaf0b'}}
2025-03-06 12:09:47,505 - basicLogger - INFO - Message: {'type': 'wind-speed', 'datetime': '2025-03-06T10:19:44', 'payload': {'eventID': 'c9391769-47fa-4046-b41f-b5d8473a7c29', 'deviceID': 'windSensor-001', 'timeStamp': '2025-03-06T10:19:44Z', 'windspeed': 19, 'location': {'latitude': 35, 'longitude': -79}, 'trace_id': '35aab85b-3447-4fe1-a487-f8aee6313372'}}
2025-03-06 12:09:47,513 - basicLogger - INFO - Message: {'type': 'temperature', 'datetime': '2025-03-06T10:19:44', 'payload': {'eventID': 'dcc13a2f-1524-44df-b084-ce795b331e93', 'deviceID': 'device123', 'timeStamp': '2025-03-06T10:19:44Z', 'temperature': 35, 'trace_id': '523644ff-85a0-462b-8bf0-87bcd9179a59'}}
2025-03-06 12:09:47,530 - basicLogger - INFO - Message: {'type': 'wind-speed', 'datetime': '2025-03-06T10:19:44', 'payload': {'eventID': 'c4c34b12-212d-4048-9525-6eb0f8b4ef26', 'deviceID': 'windSensor-001', 'timeStamp': '2025-03-06T10:19:44Z', 'windspeed': 10, 'location': {'latitude': 39, 'longitude': -77}, 'trace_id': '9e562212-c6d9-4503-8bc0-bf251026a7c3'}}
2025-03-06 12:09:47,539 - basicLogger - INFO - Message: {'type': 'wind-speed', 'datetime': '2025-03-06T10:19:44', 'payload': {'eventID': '76aa8f3b-a177-44b1-9a26-8558b89a8a52', 'deviceID': 'windSensor-001', 'timeStamp': '2025-03-06T10:19:44Z', 'windspeed': 24, 'location': {'latitude': 39, 'longitude': -71}, 'trace_id': '52d09879-0f0b-41e5-bffe-d680b1800fef'}}
2025-03-06 12:09:47,554 - basicLogger - INFO - Message: {'type': 'wind-speed', 'datetime': '2025-03-06T10:19:44', 'payload': {'eventID': '2f850394-1ba4-48bf-8f0e-bf407bae507e', 'deviceID': 'windSensor-001', 'timeStamp': '2025-03-06T10:19:44Z', 'windspeed': 25, 'location': {'latitude': 41, 'longitude': -78}, 'trace_id': 'be4235dd-1f1d-40eb-8131-4639e68a1798'}}
2025-03-06 12:09:47,563 - basicLogger - INFO - Message: {'type': 'wind-speed', 'datetime': '2025-03-06T10:19:44', 'payload': {'eventID': '7bfa9747-3535-4396-a858-12b1c74ceb97', 'deviceID': 'windSensor-001', 'timeStamp': '2025-03-06T10:19:44Z', 'windspeed': 14, 'location': {'latitude': 40, 'longitude': -72}, 'trace_id': 'ba778d2d-34f3-4080-9a3d-4884b14e7efd'}}
2025-03-06 12:09:47,575 - basicLogger - INFO - Message: {'type': 'wind-speed', 'datetime': '2025-03-06T10:19:44', 'payload': {'eventID': 'a13dca2f-b568-4467-94c7-0057a48f9b19', 'deviceID': 'windSensor-001', 'timeStamp': '2025-03-06T10:19:44Z', 'windspeed': 10, 'location': {'latitude': 36, 'longitude': -76}, 'trace_id': 'a0ddb0df-c6a2-4511-a441-3041e88024c2'}}
2025-03-06 12:09:47,587 - basicLogger - INFO - Message: {'type': 'wind-speed', 'datetime': '2025-03-06T10:19:44', 'payload': {'eventID': 'ca45d436-0ccf-4b05-b207-e90ddff0c6a7', 'deviceID': 'windSensor-001', 'timeStamp': '2025-03-06T10:19:44Z', 'windspeed': 30, 'location': {'latitude': 35, 'longitude': -77}, 'trace_id': '3fe71c9a-c473-46c6-8eae-a255bccbe35c'}}
2025-03-06 12:09:47,597 - basicLogger - INFO - Message: {'type': 'wind-speed', 'datetime': '2025-03-06T10:19:44', 'payload': {'eventID': 'f01d2983-af4f-400f-9147-16c5e0560934', 'deviceID': 'windSensor-001', 'timeStamp': '2025-03-06T10:19:44Z', 'windspeed': 29, 'location': {'latitude': 36, 'longitude': -78}, 'trace_id': 'f55048f8-ea48-46a6-a111-20a96cf29326'}}
2025-03-06 12:09:47,605 - basicLogger - INFO - Message: {'type': 'wind-speed', 'datetime': '2025-03-06T10:19:44', 'payload': {'eventID': '1305e21f-7328-414f-b807-003d9140f648', 'deviceID': 'windSensor-001', 'timeStamp': '2025-03-06T10:19:44Z', 'windspeed': 29, 'location': {'latitude': 38, 'longitude': -71}, 'trace_id': '7ae9d084-1000-4734-8730-c90c96417031'}}
2025-03-06 12:09:47,614 - basicLogger - INFO - Message: {'type': 'wind-speed', 'datetime': '2025-03-06T10:19:44', 'payload': {'eventID': 'e4eb8bb6-0455-40e3-95a3-1384d71b5170', 'deviceID': 'windSensor-001', 'timeStamp': '2025-03-06T10:19:44Z', 'windspeed': 26, 'location': {'latitude': 45, 'longitude': -73}, 'trace_id': '688c9344-939d-4880-98f2-d30eef22399f'}}
2025-03-06 12:09:47,623 - basicLogger - INFO - Message: {'type': 'wind-speed', 'datetime': '2025-03-06T10:19:44', 'payload': {'eventID': '3cca3948-6807-4145-a9cf-ec376f7162c8', 'deviceID': 'windSensor-001', 'timeStamp': '2025-03-06T10:19:44Z', 'windspeed': 13, 'location': {'latitude': 41, 'longitude': -70}, 'trace_id': 'c442315e-4b86-40a8-9e87-bc21797f110d'}}
2025-03-06 12:09:47,632 - basicLogger - INFO - Message: {'type': 'wind-speed', 'datetime': '2025-03-06T10:19:44', 'payload': {'eventID': '23e89f47-41f7-4fcc-bd27-5288251b39a2', 'deviceID': 'windSensor-001', 'timeStamp': '2025-03-06T10:19:44Z', 'windspeed': 16, 'location': {'latitude': 37, 'longitude': -72}, 'trace_id': 'bf77b5a3-c1b5-4f20-8d41-ed57e50cc1fd'}}
2025-03-06 12:09:47,642 - basicLogger - INFO - Message: {'type': 'wind-speed', 'datetime': '2025-03-06T10:19:44', 'payload': {'eventID': 'f15c47f0-4fa4-4eec-bd2d-3fdd50054e31', 'deviceID': 'windSensor-001', 'timeStamp': '2025-03-06T10:19:44Z', 'windspeed': 21, 'location': {'latitude': 43, 'longitude': -76}, 'trace_id': '25f76760-8e29-4c33-9482-4404d304572e'}}
2025-03-06 12:09:47,652 - basicLogger - INFO - Message: {'type': 'wind-speed', 'datetime': '2025-03-06T10:19:44', 'payload': {'eventID': '6ef4198f-b4ba-4332-9c5d-91540311cca7', 'deviceID': 'windSensor-001', 'timeStamp': '2025-03-06T10:19:44Z', 'windspeed': 29, 'location': {'latitude': 38, 'longitude': -71}, 'trace_id': '30d7e4f5-b656-4a73-9b5b-ed60b659bbe0'}}
2025-03-06 12:09:47,662 - basicLogger - INFO - Message: {'type': 'wind-speed', 'datetime': '2025-03-06T10:19:44', 'payload': {'eventID': '61ba64af-f0a6-404f-b424-d2025a48236c', 'deviceID': 'windSensor-001', 'timeStamp': '2025-03-06T10:19:44Z', 'windspeed': 8, 'location': {'latitude': 43, 'longitude': -79}, 'trace_id': 'da995ecb-8afd-4a71-8f13-dd06896a731f'}}
2025-03-06 12:09:47,671 - basicLogger - INFO - Message: {'type': 'wind-speed', 'datetime': '2025-03-06T10:19:44', 'payload': {'eventID': '0e2762a5-966a-4d22-9e32-35320f86b360', 'deviceID': 'windSensor-001', 'timeStamp': '2025-03-06T10:19:44Z', 'windspeed': 25, 'location': {'latitude': 41, 'longitude': -77}, 'trace_id': '18afb788-5fb4-43ed-8462-43c488b4e686'}}
2025-03-06 12:09:47,680 - basicLogger - INFO - Message: {'type': 'temperature', 'datetime': '2025-03-06T10:19:44', 'payload': {'eventID': '65d6d338-f8cf-4b13-bdd3-15010983eec5', 'deviceID': 'device123', 'timeStamp': '2025-03-06T10:19:44Z', 'temperature': 16, 'trace_id': 'fc5fa1d9-4e4b-401e-9f13-77c70118ad8e'}}
2025-03-06 12:09:47,690 - basicLogger - INFO - Message: {'type': 'temperature', 'datetime': '2025-03-06T10:19:44', 'payload': {'eventID': '51db3a7a-ef4b-4055-9051-99d2227ac995', 'deviceID': 'device123', 'timeStamp': '2025-03-06T10:19:44Z', 'temperature': 33, 'trace_id': '9987209f-513b-4821-bd87-3e7b805a11c6'}}
2025-03-06 12:09:47,699 - basicLogger - INFO - Message: {'type': 'wind-speed', 'datetime': '2025-03-06T10:19:44', 'payload': {'eventID': '5fc97603-e4ca-4ca2-b6ae-ad8208833c40', 'deviceID': 'windSensor-001', 'timeStamp': '2025-03-06T10:19:44Z', 'windspeed': 15, 'location': {'latitude': 42, 'longitude': -78}, 'trace_id': 'e9313fda-0c29-4df2-a0bf-559a908e31bd'}}
2025-03-06 12:09:47,708 - basicLogger - INFO - Message: {'type': 'temperature', 'datetime': '2025-03-06T10:19:44', 'payload': {'eventID': 'dc582ae9-f562-4838-ad16-358137ea624f', 'deviceID': 'device123', 'timeStamp': '2025-03-06T10:19:44Z', 'temperature': 26, 'trace_id': '3ea419ba-a7e4-420e-8675-07891490f728'}}
2025-03-06 12:09:47,720 - basicLogger - INFO - Message: {'type': 'temperature', 'datetime': '2025-03-06T10:19:44', 'payload': {'eventID': '6fb7f6d8-fbf1-47bb-aaf9-c2992dd48893', 'deviceID': 'device123', 'timeStamp': '2025-03-06T10:19:44Z', 'temperature': 31, 'trace_id': 'a3b8089c-88a7-4c3f-8cde-b7c0ef73047a'}}
2025-03-06 12:09:47,731 - basicLogger - INFO - Message: {'type': 'wind-speed', 'datetime': '2025-03-06T10:19:44', 'payload': {'eventID': '5ccc5ff9-de8e-4abf-9d5c-900775ad66a3', 'deviceID': 'windSensor-001', 'timeStamp': '2025-03-06T10:19:44Z', 'windspeed': 17, 'location': {'latitude': 35, 'longitude': -72}, 'trace_id': 'aecbb308-afc3-465f-99fd-6d8868a5a311'}}
2025-03-06 12:09:47,741 - basicLogger - INFO - Message: {'type': 'wind-speed', 'datetime': '2025-03-06T10:19:44', 'payload': {'eventID': 'd348b190-f617-4990-847f-da029a53a136', 'deviceID': 'windSensor-001', 'timeStamp': '2025-03-06T10:19:44Z', 'windspeed': 22, 'location': {'latitude': 43, 'longitude': -70}, 'trace_id': '327e0071-28ac-4900-b9a4-b38b8e2fd0b0'}}
2025-03-06 12:09:47,750 - basicLogger - INFO - Message: {'type': 'wind-speed', 'datetime': '2025-03-06T10:19:44', 'payload': {'eventID': 'e5c4e47c-a107-4c5e-970d-f61647fa9422', 'deviceID': 'windSensor-001', 'timeStamp': '2025-03-06T10:19:44Z', 'windspeed': 25, 'location': {'latitude': 40, 'longitude': -75}, 'trace_id': '9e051934-e433-467d-9323-23fb1342249a'}}
2025-03-06 12:09:47,760 - basicLogger - INFO - Message: {'type': 'wind-speed', 'datetime': '2025-03-06T10:19:44', 'payload': {'eventID': 'efee18a9-e575-463f-9735-f61e075a899c', 'deviceID': 'windSensor-001', 'timeStamp': '2025-03-06T10:19:44Z', 'windspeed': 7, 'location': {'latitude': 42, 'longitude': -80}, 'trace_id': '18886976-7e46-4758-94bd-fcbe551099dc'}}
2025-03-06 12:09:47,769 - basicLogger - INFO - Message: {'type': 'wind-speed', 'datetime': '2025-03-06T10:19:44', 'payload': {'eventID': '84fccc2c-5640-4d28-ba9c-faa5fc11d331', 'deviceID': 'windSensor-001', 'timeStamp': '2025-03-06T10:19:44Z', 'windspeed': 24, 'location': {'latitude': 41, 'longitude': -76}, 'trace_id': '7bddc2c5-a873-4aa5-b257-6fafb6cc153b'}}
2025-03-06 12:09:47,778 - basicLogger - INFO - Message: {'type': 'temperature', 'datetime': '2025-03-06T10:19:44', 'payload': {'eventID': '36639d9b-5466-4f32-bd6e-133e35ab4d93', 'deviceID': 'device123', 'timeStamp': '2025-03-06T10:19:44Z', 'temperature': 30, 'trace_id': '3c19a0bd-497b-4f24-b87e-e205b75ba494'}}
2025-03-06 12:09:47,787 - basicLogger - INFO - Message: {'type': 'wind-speed', 'datetime': '2025-03-06T10:19:44', 'payload': {'eventID': '04b1d29e-5831-4a0f-b31e-bfbaa9595b0c', 'deviceID': 'windSensor-001', 'timeStamp': '2025-03-06T10:19:44Z', 'windspeed': 9, 'location': {'latitude': 42, 'longitude': -80}, 'trace_id': '74572641-c7a9-4ad4-9a24-42d979b8ce49'}}
2025-03-06 12:09:47,797 - basicLogger - INFO - Message: {'type': 'wind-speed', 'datetime': '2025-03-06T10:19:44', 'payload': {'eventID': '7df1703a-8b63-444e-910b-5f359ff5bb80', 'deviceID': 'windSensor-001', 'timeStamp': '2025-03-06T10:19:44Z', 'windspeed': 16, 'location': {'latitude': 38, 'longitude': -78}, 'trace_id': 'a72f8acb-9c1e-4484-9a0b-980fd9e6b9dd'}}
2025-03-06 12:09:47,805 - basicLogger - INFO - Message: {'type': 'wind-speed', 'datetime': '2025-03-06T10:19:44', 'payload': {'eventID': 'bfa004b3-47dc-4f6c-be9c-d3e97eab09c4', 'deviceID': 'windSensor-001', 'timeStamp': '2025-03-06T10:19:44Z', 'windspeed': 14, 'location': {'latitude': 38, 'longitude': -80}, 'trace_id': '9b79bc63-a9c5-4818-997a-3228468e587e'}}
2025-03-06 12:09:47,815 - basicLogger - INFO - Message: {'type': 'wind-speed', 'datetime': '2025-03-06T10:19:44', 'payload': {'eventID': '1cd37687-323d-4a20-8518-469edbc40273', 'deviceID': 'windSensor-001', 'timeStamp': '2025-03-06T10:19:44Z', 'windspeed': 12, 'location': {'latitude': 38, 'longitude': -80}, 'trace_id': 'e60a2e0f-7332-4911-809e-125b0cd5fc91'}}
2025-03-06 12:09:47,824 - basicLogger - INFO - Message: {'type': 'wind-speed', 'datetime': '2025-03-06T10:19:44', 'payload': {'eventID': '996291e8-03c8-4efa-98f3-3b0f44b9b195', 'deviceID': 'windSensor-001', 'timeStamp': '2025-03-06T10:19:44Z', 'windspeed': 24, 'location': {'latitude': 40, 'longitude': -78}, 'trace_id': '2afd26d9-285c-47c1-9319-ff82ca4a2146'}}
2025-03-06 12:09:47,834 - basicLogger - INFO - Message: {'type': 'wind-speed', 'datetime': '2025-03-06T10:19:44', 'payload': {'eventID': 'ef058951-896c-4919-85e9-f47ecc224f66', 'deviceID': 'windSensor-001', 'timeStamp': '2025-03-06T10:19:44Z', 'windspeed': 28, 'location': {'latitude': 42, 'longitude': -78}, 'trace_id': 'a461a59e-6ad4-4fb7-a7df-a4fa92075588'}}
2025-03-06 12:09:47,843 - basicLogger - INFO - Message: {'type': 'wind-speed', 'datetime': '2025-03-06T10:19:44', 'payload': {'eventID': 'baae4959-d3d7-426a-af73-7e5d6428933a', 'deviceID': 'windSensor-001', 'timeStamp': '2025-03-06T10:19:44Z', 'windspeed': 15, 'location': {'latitude': 40, 'longitude': -70}, 'trace_id': '0a3d0088-8421-4227-95ec-252f8af26f22'}}
2025-03-06 12:09:47,852 - basicLogger - INFO - Message: {'type': 'wind-speed', 'datetime': '2025-03-06T10:19:44', 'payload': {'eventID': '440e2cb7-6f82-4264-a8ad-250ac31318a8', 'deviceID': 'windSensor-001', 'timeStamp': '2025-03-06T10:19:44Z', 'windspeed': 21, 'location': {'latitude': 42, 'longitude': -71}, 'trace_id': '1b645569-7220-4b6f-93b5-c23a4ef97998'}}
2025-03-06 12:09:47,861 - basicLogger - INFO - Message: {'type': 'temperature', 'datetime': '2025-03-06T10:19:44', 'payload': {'eventID': '5e0392e0-a050-441f-b326-4a1d0fad8ec8', 'deviceID': 'device123', 'timeStamp': '2025-03-06T10:19:44Z', 'temperature': 16, 'trace_id': '3ae5b473-1c5c-4c0f-8386-91a0ddf0132b'}}
2025-03-06 12:09:47,871 - basicLogger - INFO - Message: {'type': 'wind-speed', 'datetime': '2025-03-06T10:19:44', 'payload': {'eventID': '6b44bf68-6dee-44e6-81e1-535d53acd10f', 'deviceID': 'windSensor-001', 'timeStamp': '2025-03-06T10:19:44Z', 'windspeed': 9, 'location': {'latitude': 42, 'longitude': -71}, 'trace_id': '6284b3c4-9174-45ea-a058-465e927287a2'}}
2025-03-06 12:09:47,882 - basicLogger - INFO - Message: {'type': 'wind-speed', 'datetime': '2025-03-06T10:19:44', 'payload': {'eventID': '198d96d4-7ee7-4fbc-87ea-13b40eaa0cde', 'deviceID': 'windSensor-001', 'timeStamp': '2025-03-06T10:19:44Z', 'windspeed': 5, 'location': {'latitude': 45, 'longitude': -79}, 'trace_id': 'a8265824-c03e-4c2a-a740-d3f958d1a4f1'}}
2025-03-06 12:09:47,892 - basicLogger - INFO - Message: {'type': 'wind-speed', 'datetime': '2025-03-06T10:19:44', 'payload': {'eventID': '2e32c00c-559b-426f-bbff-89e27852670f', 'deviceID': 'windSensor-001', 'timeStamp': '2025-03-06T10:19:44Z', 'windspeed': 15, 'location': {'latitude': 36, 'longitude': -78}, 'trace_id': '346f476b-fa26-4379-89ca-bdab735b231b'}}
2025-03-06 12:09:47,901 - basicLogger - INFO - Message: {'type': 'temperature', 'datetime': '2025-03-06T10:19:44', 'payload': {'eventID': '8c77f181-cf27-4b7e-b76c-c8479f39d129', 'deviceID': 'device123', 'timeStamp': '2025-03-06T10:19:44Z', 'temperature': 15, 'trace_id': 'c81c2839-3c0a-4147-94b9-802006de001a'}}
2025-03-06 12:09:47,911 - basicLogger - INFO - Message: {'type': 'wind-speed', 'datetime': '2025-03-06T10:19:44', 'payload': {'eventID': '1bfa2743-49b2-416b-aa55-0b287ef8b240', 'deviceID': 'windSensor-001', 'timeStamp': '2025-03-06T10:19:44Z', 'windspeed': 30, 'location': {'latitude': 36, 'longitude': -80}, 'trace_id': '3e42a57e-03ff-4644-83ce-cb860d270401'}}
2025-03-06 12:09:47,920 - basicLogger - INFO - Message: {'type': 'wind-speed', 'datetime': '2025-03-06T10:19:45', 'payload': {'eventID': 'f43db9e3-f00c-4c51-b057-70375ad1353f', 'deviceID': 'windSensor-001', 'timeStamp': '2025-03-06T10:19:44Z', 'windspeed': 20, 'location': {'latitude': 42, 'longitude': -74}, 'trace_id': 'a8113bab-04ae-4bd0-8e79-4c9d710320a7'}}
2025-03-06 12:09:47,929 - basicLogger - INFO - Message: {'type': 'wind-speed', 'datetime': '2025-03-06T10:19:45', 'payload': {'eventID': 'cf62f636-5407-442e-8fd1-2a771dae34e8', 'deviceID': 'windSensor-001', 'timeStamp': '2025-03-06T10:19:44Z', 'windspeed': 12, 'location': {'latitude': 38, 'longitude': -73}, 'trace_id': '6df77362-848d-4431-8121-69744f2bb082'}}
2025-03-06 12:09:47,938 - basicLogger - INFO - Message: {'type': 'temperature', 'datetime': '2025-03-06T10:19:45', 'payload': {'eventID': 'bb42754e-4adc-4058-9097-78c6852bebd2', 'deviceID': 'device123', 'timeStamp': '2025-03-06T10:19:44Z', 'temperature': 26, 'trace_id': '27c2f53d-6d7e-4de9-99fe-85e1004ca188'}}
2025-03-06 12:09:47,948 - basicLogger - INFO - Message: {'type': 'wind-speed', 'datetime': '2025-03-06T10:19:45', 'payload': {'eventID': '7fd44a90-3c1c-45fe-8612-1a8ffcaef89b', 'deviceID': 'windSensor-001', 'timeStamp': '2025-03-06T10:19:44Z', 'windspeed': 23, 'location': {'latitude': 45, 'longitude': -78}, 'trace_id': 'afc03cd0-e175-43fa-941d-3df4a80cc40f'}}
2025-03-06 12:09:47,958 - basicLogger - INFO - Message: {'type': 'temperature', 'datetime': '2025-03-06T10:19:45', 'payload': {'eventID': '00273931-2804-4272-9bca-4aaf7dcb4da7', 'deviceID': 'device123', 'timeStamp': '2025-03-06T10:19:44Z', 'temperature': 26, 'trace_id': 'f56f1b86-9180-49ef-a4ac-bff36ca55977'}}
2025-03-06 12:09:47,968 - basicLogger - INFO - Message: {'type': 'wind-speed', 'datetime': '2025-03-06T10:19:45', 'payload': {'eventID': 'e4f14fe8-52ad-453f-ae9d-68854a466224', 'deviceID': 'windSensor-001', 'timeStamp': '2025-03-06T10:19:44Z', 'windspeed': 19, 'location': {'latitude': 35, 'longitude': -72}, 'trace_id': '3018e9eb-6fe0-4d06-a1c2-c8fefc8557d6'}}
2025-03-06 12:09:47,978 - basicLogger - INFO - Message: {'type': 'wind-speed', 'datetime': '2025-03-06T10:19:45', 'payload': {'eventID': '501ae940-4677-43bb-bfb4-23847285a5c1', 'deviceID': 'windSensor-001', 'timeStamp': '2025-03-06T10:19:44Z', 'windspeed': 21, 'location': {'latitude': 38, 'longitude': -75}, 'trace_id': '959fb9be-2781-4b35-b4cb-150ad068719e'}}
2025-03-06 12:09:47,987 - basicLogger - INFO - Message: {'type': 'temperature', 'datetime': '2025-03-06T10:19:45', 'payload': {'eventID': '68357d74-b23f-41b0-a11d-3c44cdc3bb64', 'deviceID': 'device123', 'timeStamp': '2025-03-06T10:19:44Z', 'temperature': 30, 'trace_id': '2930beb2-145d-434a-8d4c-9ba2f48d5383'}}
2025-03-06 12:09:47,997 - basicLogger - INFO - Message: {'type': 'wind-speed', 'datetime': '2025-03-06T10:19:45', 'payload': {'eventID': '609221ef-8f5b-4e50-beee-591213d120f8', 'deviceID': 'windSensor-001', 'timeStamp': '2025-03-06T10:19:44Z', 'windspeed': 22, 'location': {'latitude': 38, 'longitude': -74}, 'trace_id': 'b958849a-d4ed-41df-8c45-acc741693992'}}
2025-03-06 12:09:48,005 - basicLogger - INFO - Message: {'type': 'temperature', 'datetime': '2025-03-06T10:19:45', 'payload': {'eventID': '0ce46f2b-d1b1-4d56-93ab-83e463aea791', 'deviceID': 'device123', 'timeStamp': '2025-03-06T10:19:44Z', 'temperature': 17, 'trace_id': 'c5658459-bedc-472f-b55b-8cfbd1d6e270'}}
2025-03-06 12:09:48,015 - basicLogger - INFO - Message: {'type': 'wind-speed', 'datetime': '2025-03-06T10:19:45', 'payload': {'eventID': '7fc32d2a-05a1-47f9-b50b-7e25fe7e0b13', 'deviceID': 'windSensor-001', 'timeStamp': '2025-03-06T10:19:44Z', 'windspeed': 27, 'location': {'latitude': 43, 'longitude': -73}, 'trace_id': '3fbe27e0-0114-484f-bf03-350b71bf3478'}}
2025-03-06 12:09:48,025 - basicLogger - INFO - Message: {'type': 'wind-speed', 'datetime': '2025-03-06T10:19:45', 'payload': {'eventID': 'f407d867-6ef8-45c5-b19a-8744f3582303', 'deviceID': 'windSensor-001', 'timeStamp': '2025-03-06T10:19:44Z', 'windspeed': 28, 'location': {'latitude': 37, 'longitude': -77}, 'trace_id': '4d0265d9-70f6-4012-99ff-4a06733f3970'}}
2025-03-06 12:09:48,036 - basicLogger - INFO - Message: {'type': 'temperature', 'datetime': '2025-03-06T10:19:45', 'payload': {'eventID': '64a000d5-1f6b-4f62-a38d-815bd01203e1', 'deviceID': 'device123', 'timeStamp': '2025-03-06T10:19:44Z', 'temperature': 27, 'trace_id': '0f068334-e68a-4494-bef2-f0f63096c393'}}
2025-03-06 12:09:48,047 - basicLogger - INFO - Message: {'type': 'wind-speed', 'datetime': '2025-03-06T10:19:45', 'payload': {'eventID': '7cf9825a-1233-4fa5-9601-da24af8240e5', 'deviceID': 'windSensor-001', 'timeStamp': '2025-03-06T10:19:44Z', 'windspeed': 25, 'location': {'latitude': 45, 'longitude': -78}, 'trace_id': '132ebe52-6478-492d-a340-f46c90b09ea4'}}
2025-03-06 12:09:48,055 - basicLogger - INFO - Message: {'type': 'wind-speed', 'datetime': '2025-03-06T10:19:45', 'payload': {'eventID': 'c40c04c3-e83e-4f11-9b95-d4dbbf2ff35f', 'deviceID': 'windSensor-001', 'timeStamp': '2025-03-06T10:19:44Z', 'windspeed': 14, 'location': {'latitude': 36, 'longitude': -77}, 'trace_id': 'b53c91b8-c317-458b-bdf9-3d298831c051'}}
2025-03-06 12:09:48,067 - basicLogger - INFO - Message: {'type': 'wind-speed', 'datetime': '2025-03-06T10:19:45', 'payload': {'eventID': '244de1f2-c9c3-4691-b654-635ce2ec3edc', 'deviceID': 'windSensor-001', 'timeStamp': '2025-03-06T10:19:44Z', 'windspeed': 25, 'location': {'latitude': 45, 'longitude': -71}, 'trace_id': '61be9ef5-9ecd-4167-a304-ee06a30f0fea'}}
2025-03-06 12:09:48,077 - basicLogger - INFO - Message: {'type': 'wind-speed', 'datetime': '2025-03-06T10:19:45', 'payload': {'eventID': 'f6b34569-1373-4951-891c-91a8f8938d63', 'deviceID': 'windSensor-001', 'timeStamp': '2025-03-06T10:19:44Z', 'windspeed': 9, 'location': {'latitude': 40, 'longitude': -71}, 'trace_id': 'fdc20cd5-6429-497d-99a0-4647bc1fa758'}}
2025-03-06 12:09:48,086 - basicLogger - INFO - Message: {'type': 'wind-speed', 'datetime': '2025-03-06T10:19:45', 'payload': {'eventID': '1946ca74-8790-440f-a49e-f8daeb33f232', 'deviceID': 'windSensor-001', 'timeStamp': '2025-03-06T10:19:44Z', 'windspeed': 15, 'location': {'latitude': 45, 'longitude': -71}, 'trace_id': '97ed9a63-8f5d-4c60-9b01-7457ce048add'}}
2025-03-06 12:09:48,096 - basicLogger - INFO - Message: {'type': 'wind-speed', 'datetime': '2025-03-06T10:19:45', 'payload': {'eventID': '5e0b7b1e-0ec4-4105-bcbb-68022697ff18', 'deviceID': 'windSensor-001', 'timeStamp': '2025-03-06T10:19:44Z', 'windspeed': 5, 'location': {'latitude': 38, 'longitude': -79}, 'trace_id': 'c06a2cb1-cb81-467b-b323-07bf67cbc3a4'}}
2025-03-06 12:09:48,111 - basicLogger - INFO - Message: {'type': 'wind-speed', 'datetime': '2025-03-06T10:19:45', 'payload': {'eventID': 'd88e1e00-d96c-4e39-a507-7b97218ab66a', 'deviceID': 'windSensor-001', 'timeStamp': '2025-03-06T10:19:44Z', 'windspeed': 10, 'location': {'latitude': 39, 'longitude': -79}, 'trace_id': '3e0b7c6c-004c-4511-97b8-89fb381944e3'}}
2025-03-06 12:09:48,120 - basicLogger - INFO - Message: {'type': 'wind-speed', 'datetime': '2025-03-06T10:19:45', 'payload': {'eventID': '68543943-0592-4e4d-943d-b14d6051a479', 'deviceID': 'windSensor-001', 'timeStamp': '2025-03-06T10:19:44Z', 'windspeed': 6, 'location': {'latitude': 38, 'longitude': -79}, 'trace_id': '0011f0ea-4fcb-4004-94f4-037ec0fca51a'}}
2025-03-06 12:09:48,131 - basicLogger - INFO - Message: {'type': 'wind-speed', 'datetime': '2025-03-06T10:19:45', 'payload': {'eventID': '4a059e5f-2a71-41a2-827b-1d4ecd23020e', 'deviceID': 'windSensor-001', 'timeStamp': '2025-03-06T10:19:44Z', 'windspeed': 18, 'location': {'latitude': 36, 'longitude': -71}, 'trace_id': 'c6e96b12-3a1d-4c1b-b5ba-dfea68cc5fb6'}}
2025-03-06 12:09:48,141 - basicLogger - INFO - Message: {'type': 'wind-speed', 'datetime': '2025-03-06T10:19:45', 'payload': {'eventID': '7026f00e-0ccc-45f0-b012-3bb97786c26d', 'deviceID': 'windSensor-001', 'timeStamp': '2025-03-06T10:19:44Z', 'windspeed': 5, 'location': {'latitude': 42, 'longitude': -71}, 'trace_id': '4c77f61d-20b7-4f0f-aa1b-fb5e45cace39'}}
2025-03-06 12:09:48,152 - basicLogger - INFO - Message: {'type': 'wind-speed', 'datetime': '2025-03-06T10:19:45', 'payload': {'eventID': '54827823-09f3-47ca-9456-0da431f9090f', 'deviceID': 'windSensor-001', 'timeStamp': '2025-03-06T10:19:44Z', 'windspeed': 25, 'location': {'latitude': 41, 'longitude': -77}, 'trace_id': 'bcac608a-76f5-4c82-aa41-d1bd5f3ca4bd'}}
2025-03-06 12:09:48,165 - basicLogger - INFO - Message: {'type': 'wind-speed', 'datetime': '2025-03-06T10:19:45', 'payload': {'eventID': '8f826b59-8553-41c6-90ea-ca200b0d7c04', 'deviceID': 'windSensor-001', 'timeStamp': '2025-03-06T10:19:44Z', 'windspeed': 15, 'location': {'latitude': 35, 'longitude': -76}, 'trace_id': '3c864a63-d0e7-49fd-b18d-b6488e10987c'}}
2025-03-06 12:09:48,182 - basicLogger - INFO - Message: {'type': 'wind-speed', 'datetime': '2025-03-06T10:19:45', 'payload': {'eventID': '7f5bf06e-1bc0-41a4-b8a7-85ccbcec9ce1', 'deviceID': 'windSensor-001', 'timeStamp': '2025-03-06T10:19:44Z', 'windspeed': 26, 'location': {'latitude': 37, 'longitude': -70}, 'trace_id': 'e728a13b-7916-4c5e-8305-083ebdf7c23d'}}
2025-03-06 12:09:48,199 - basicLogger - INFO - Message: {'type': 'temperature', 'datetime': '2025-03-06T10:19:45', 'payload': {'eventID': '27a5d081-85f2-45c6-97c0-b335fb7e1b75', 'deviceID': 'device123', 'timeStamp': '2025-03-06T10:19:44Z', 'temperature': 25, 'trace_id': '21726ce1-3763-4f8b-8135-4fe25e15eb6c'}}
2025-03-06 12:09:48,215 - basicLogger - INFO - Message: {'type': 'wind-speed', 'datetime': '2025-03-06T10:19:45', 'payload': {'eventID': '31be6a9b-a3a2-49aa-82ed-b061a113ba79', 'deviceID': 'windSensor-001', 'timeStamp': '2025-03-06T10:19:44Z', 'windspeed': 21, 'location': {'latitude': 39, 'longitude': -79}, 'trace_id': 'a586b3da-1944-4eaf-b323-63c480d11678'}}
2025-03-06 12:09:48,232 - basicLogger - INFO - Message: {'type': 'wind-speed', 'datetime': '2025-03-06T10:19:45', 'payload': {'eventID': '1aa661a6-70a7-4f6e-ab10-c2865e01a819', 'deviceID': 'windSensor-001', 'timeStamp': '2025-03-06T10:19:44Z', 'windspeed': 10, 'location': {'latitude': 44, 'longitude': -79}, 'trace_id': '64d55f44-fc0a-4a86-aae2-0e6fad64d353'}}
2025-03-06 12:09:48,251 - basicLogger - INFO - Message: {'type': 'temperature', 'datetime': '2025-03-06T10:19:45', 'payload': {'eventID': '08f8da79-84d4-4863-90bb-0c4a8251babb', 'deviceID': 'device123', 'timeStamp': '2025-03-06T10:19:44Z', 'temperature': 27, 'trace_id': '51c6d1cd-6e64-4943-98fd-cfef526fdba4'}}
2025-03-06 12:09:48,267 - basicLogger - INFO - Message: {'type': 'temperature', 'datetime': '2025-03-06T10:19:45', 'payload': {'eventID': 'e68557f8-4a77-4734-be8b-918d20b52ed6', 'deviceID': 'device123', 'timeStamp': '2025-03-06T10:19:44Z', 'temperature': 35, 'trace_id': '2da5bf7e-0ff1-493a-afb1-ac3421569b4a'}}
2025-03-06 12:09:48,284 - basicLogger - INFO - Message: {'type': 'temperature', 'datetime': '2025-03-06T10:19:45', 'payload': {'eventID': 'cfb89096-4629-44e3-93e5-e79d2ced6c05', 'deviceID': 'device123', 'timeStamp': '2025-03-06T10:19:44Z', 'temperature': 32, 'trace_id': 'df17c44f-e04a-4130-ac41-6551b0f7a578'}}
2025-03-06 12:09:48,301 - basicLogger - INFO - Message: {'type': 'wind-speed', 'datetime': '2025-03-06T10:19:45', 'payload': {'eventID': '50114900-e132-4028-94eb-98ead5f34ea6', 'deviceID': 'windSensor-001', 'timeStamp': '2025-03-06T10:19:44Z', 'windspeed': 16, 'location': {'latitude': 36, 'longitude': -75}, 'trace_id': 'a5802640-86c3-40bd-8b2c-a960463c9136'}}
2025-03-06 12:09:48,319 - basicLogger - INFO - Message: {'type': 'wind-speed', 'datetime': '2025-03-06T10:19:45', 'payload': {'eventID': 'db2e4391-b8aa-4edd-8c3a-29b2b7e1f217', 'deviceID': 'windSensor-001', 'timeStamp': '2025-03-06T10:19:44Z', 'windspeed': 19, 'location': {'latitude': 36, 'longitude': -70}, 'trace_id': 'cd430783-e0ba-4d16-bf32-3cde8c4284fc'}}
2025-03-06 12:09:48,336 - basicLogger - INFO - Message: {'type': 'temperature', 'datetime': '2025-03-06T10:19:45', 'payload': {'eventID': '5dff3d48-7993-40ec-8995-cf3a548850e4', 'deviceID': 'device123', 'timeStamp': '2025-03-06T10:19:44Z', 'temperature': 35, 'trace_id': '0be6dc77-2f02-4e39-b083-d893766ea75a'}}
2025-03-06 12:09:48,352 - basicLogger - INFO - Message: {'type': 'wind-speed', 'datetime': '2025-03-06T10:19:45', 'payload': {'eventID': 'a8be63d0-7dc8-478a-8348-216cd45468a3', 'deviceID': 'windSensor-001', 'timeStamp': '2025-03-06T10:19:44Z', 'windspeed': 18, 'location': {'latitude': 37, 'longitude': -79}, 'trace_id': 'd55073ea-87c0-46ae-8a15-0dc3c42695ea'}}
2025-03-06 12:09:48,369 - basicLogger - INFO - Message: {'type': 'wind-speed', 'datetime': '2025-03-06T10:19:45', 'payload': {'eventID': '5e6b4c62-5209-48ad-bca7-f4dcbb4d9dca', 'deviceID': 'windSensor-001', 'timeStamp': '2025-03-06T10:19:44Z', 'windspeed': 12, 'location': {'latitude': 40, 'longitude': -75}, 'trace_id': 'a5127a9c-5b7c-4613-a5c6-55c66dc52562'}}
2025-03-06 12:09:48,386 - basicLogger - INFO - Message: {'type': 'wind-speed', 'datetime': '2025-03-06T10:19:45', 'payload': {'eventID': '873867f4-4991-452a-946c-c6fce26be329', 'deviceID': 'windSensor-001', 'timeStamp': '2025-03-06T10:19:44Z', 'windspeed': 16, 'location': {'latitude': 39, 'longitude': -78}, 'trace_id': 'f8bf5606-bd64-4617-b493-8578d21fae81'}}
2025-03-06 12:09:48,403 - basicLogger - INFO - Message: {'type': 'wind-speed', 'datetime': '2025-03-06T10:19:45', 'payload': {'eventID': '520a5546-6b00-4b6c-978a-363418de4552', 'deviceID': 'windSensor-001', 'timeStamp': '2025-03-06T10:19:44Z', 'windspeed': 16, 'location': {'latitude': 44, 'longitude': -76}, 'trace_id': 'ba180b6c-2eea-4da4-b5b3-29845a23e9ac'}}
2025-03-06 12:09:48,419 - basicLogger - INFO - Message: {'type': 'wind-speed', 'datetime': '2025-03-06T10:19:45', 'payload': {'eventID': '9b01daa9-269d-4053-b3f3-11c43c2fe371', 'deviceID': 'windSensor-001', 'timeStamp': '2025-03-06T10:19:44Z', 'windspeed': 25, 'location': {'latitude': 39, 'longitude': -77}, 'trace_id': 'e240cc38-5f84-42b5-8c4d-319a01996106'}}
2025-03-06 12:09:48,435 - basicLogger - INFO - Message: {'type': 'temperature', 'datetime': '2025-03-06T10:19:45', 'payload': {'eventID': '77582175-27f6-4416-aabb-bbe70293d0ca', 'deviceID': 'device123', 'timeStamp': '2025-03-06T10:19:44Z', 'temperature': 24, 'trace_id': '6d6d0c22-a066-4dbd-9603-3b01ef10669c'}}
2025-03-06 12:09:48,455 - basicLogger - INFO - Message: {'type': 'temperature', 'datetime': '2025-03-06T10:19:45', 'payload': {'eventID': '96b04993-e098-4ee0-9796-8ee44c89a1cc', 'deviceID': 'device123', 'timeStamp': '2025-03-06T10:19:44Z', 'temperature': 34, 'trace_id': '75213094-e90b-40bb-83a8-393e630a8f4b'}}
2025-03-06 12:09:48,472 - basicLogger - INFO - Message: {'type': 'wind-speed', 'datetime': '2025-03-06T10:19:45', 'payload': {'eventID': '0bac0d75-1044-4216-8539-79310a46c460', 'deviceID': 'windSensor-001', 'timeStamp': '2025-03-06T10:19:44Z', 'windspeed': 21, 'location': {'latitude': 36, 'longitude': -80}, 'trace_id': '6247cf3e-2922-41a5-9cb0-804b9d54b967'}}
2025-03-06 12:09:48,490 - basicLogger - INFO - Message: {'type': 'wind-speed', 'datetime': '2025-03-06T10:19:45', 'payload': {'eventID': '68bae86a-8646-48e7-aea2-658387cf91ac', 'deviceID': 'windSensor-001', 'timeStamp': '2025-03-06T10:19:44Z', 'windspeed': 9, 'location': {'latitude': 38, 'longitude': -78}, 'trace_id': 'fc8bc57d-3489-4af1-aaae-29aac332ef4a'}}
2025-03-06 12:09:48,507 - basicLogger - INFO - Message: {'type': 'wind-speed', 'datetime': '2025-03-06T10:19:45', 'payload': {'eventID': '7490dcdc-3081-41f1-8fb5-7826cbb0a991', 'deviceID': 'windSensor-001', 'timeStamp': '2025-03-06T10:19:44Z', 'windspeed': 24, 'location': {'latitude': 41, 'longitude': -73}, 'trace_id': '7f880772-493c-4a93-9fab-4490983bc9f4'}}
2025-03-06 12:09:48,530 - basicLogger - INFO - Message: {'type': 'temperature', 'datetime': '2025-03-06T10:19:45', 'payload': {'eventID': 'aa30c5fc-5527-4119-b8a5-95983b6a1856', 'deviceID': 'device123', 'timeStamp': '2025-03-06T10:19:44Z', 'temperature': 24, 'trace_id': '61f67350-8bc8-476c-8777-1dca6fd52f27'}}
2025-03-06 12:09:48,547 - basicLogger - INFO - Message: {'type': 'temperature', 'datetime': '2025-03-06T10:19:45', 'payload': {'eventID': '48d9a858-4d57-4537-b830-6e7eb04d127c', 'deviceID': 'device123', 'timeStamp': '2025-03-06T10:19:44Z', 'temperature': 34, 'trace_id': '6f812e08-7caa-424e-8716-2a70353b602b'}}
2025-03-06 12:09:48,563 - basicLogger - INFO - Message: {'type': 'temperature', 'datetime': '2025-03-06T10:19:45', 'payload': {'eventID': 'b51db98d-1bd0-42ad-8828-59601476a893', 'deviceID': 'device123', 'timeStamp': '2025-03-06T10:19:44Z', 'temperature': 23, 'trace_id': 'ac094997-9eff-445c-b52e-e46639a173a7'}}
2025-03-06 12:09:48,580 - basicLogger - INFO - Message: {'type': 'temperature', 'datetime': '2025-03-06T10:19:45', 'payload': {'eventID': '2218fee3-5ad0-4b3d-a7fa-7023e5161cda', 'deviceID': 'device123', 'timeStamp': '2025-03-06T10:19:44Z', 'temperature': 26, 'trace_id': '44fc54ec-37c6-4151-a24a-8aaa12bd6a51'}}
2025-03-06 12:09:48,597 - basicLogger - INFO - Message: {'type': 'wind-speed', 'datetime': '2025-03-06T10:19:45', 'payload': {'eventID': 'ba61a508-7e69-4555-a113-61a8e05c3098', 'deviceID': 'windSensor-001', 'timeStamp': '2025-03-06T10:19:44Z', 'windspeed': 19, 'location': {'latitude': 44, 'longitude': -79}, 'trace_id': 'bd089bac-0e47-4bef-a755-31317edf6e7b'}}
2025-03-06 12:09:48,615 - basicLogger - INFO - Message: {'type': 'temperature', 'datetime': '2025-03-06T10:19:45', 'payload': {'eventID': '19db73f4-2ba2-49ed-a1b0-7304e7fd0490', 'deviceID': 'device123', 'timeStamp': '2025-03-06T10:19:44Z', 'temperature': 34, 'trace_id': '5993100b-81fb-4bce-b274-71982a2b836c'}}
2025-03-06 12:09:48,633 - basicLogger - INFO - Message: {'type': 'wind-speed', 'datetime': '2025-03-06T10:19:45', 'payload': {'eventID': '450dd9f7-781d-4ad7-b125-c69ca05d36af', 'deviceID': 'windSensor-001', 'timeStamp': '2025-03-06T10:19:44Z', 'windspeed': 29, 'location': {'latitude': 36, 'longitude': -76}, 'trace_id': 'ff71a6f2-8505-49dd-8dce-40e9370cc583'}}
2025-03-06 12:09:48,651 - basicLogger - INFO - Message: {'type': 'wind-speed', 'datetime': '2025-03-06T10:19:45', 'payload': {'eventID': '8cda001b-a140-4ae6-80c1-b4ac6726a279', 'deviceID': 'windSensor-001', 'timeStamp': '2025-03-06T10:19:44Z', 'windspeed': 16, 'location': {'latitude': 44, 'longitude': -80}, 'trace_id': 'd30ca7fc-7a64-4958-8c2a-a3cbd5b44f6b'}}
2025-03-06 12:09:48,668 - basicLogger - INFO - Message: {'type': 'temperature', 'datetime': '2025-03-06T10:19:45', 'payload': {'eventID': '0320b93d-04c1-40cc-8e7c-8193af183eaa', 'deviceID': 'device123', 'timeStamp': '2025-03-06T10:19:44Z', 'temperature': 34, 'trace_id': '1d33cb74-9917-43e6-9a39-8ae1cb365e18'}}
2025-03-06 12:09:48,686 - basicLogger - INFO - Message: {'type': 'temperature', 'datetime': '2025-03-06T10:19:45', 'payload': {'eventID': 'bd83f77f-6e40-4105-af84-77390ba03415', 'deviceID': 'device123', 'timeStamp': '2025-03-06T10:19:44Z', 'temperature': 30, 'trace_id': '4329b423-8162-455c-a18d-d4eeff2518ce'}}
2025-03-06 12:09:48,698 - basicLogger - INFO - Message: {'type': 'wind-speed', 'datetime': '2025-03-06T10:19:45', 'payload': {'eventID': 'd9e4edd8-78ac-4e86-9948-8289f1fc99d9', 'deviceID': 'windSensor-001', 'timeStamp': '2025-03-06T10:19:44Z', 'windspeed': 7, 'location': {'latitude': 38, 'longitude': -70}, 'trace_id': 'c2561437-d0bd-44e2-b604-fe115d23aab9'}}
2025-03-06 12:09:48,708 - basicLogger - INFO - Message: {'type': 'temperature', 'datetime': '2025-03-06T10:19:45', 'payload': {'eventID': '2babd9c9-6423-40a7-9d9d-49df49d8d02c', 'deviceID': 'device123', 'timeStamp': '2025-03-06T10:19:44Z', 'temperature': 22, 'trace_id': '512519ea-b369-4df1-9e4c-bf6b0ebe85ac'}}
2025-03-06 12:09:48,717 - basicLogger - INFO - Message: {'type': 'wind-speed', 'datetime': '2025-03-06T10:19:45', 'payload': {'eventID': 'c9a628de-2756-4ede-aabf-807415b9fcda', 'deviceID': 'windSensor-001', 'timeStamp': '2025-03-06T10:19:44Z', 'windspeed': 6, 'location': {'latitude': 42, 'longitude': -74}, 'trace_id': '2d6031cd-ce5b-4111-a396-5dca88b8d9b2'}}
2025-03-06 12:09:48,727 - basicLogger - INFO - Message: {'type': 'temperature', 'datetime': '2025-03-06T10:19:45', 'payload': {'eventID': '308fc939-6796-4e86-b06c-ec2daa00bbab', 'deviceID': 'device123', 'timeStamp': '2025-03-06T10:19:44Z', 'temperature': 31, 'trace_id': '88b4dccd-423f-4036-a17e-8709ce271bb1'}}
2025-03-06 12:09:48,736 - basicLogger - INFO - Message: {'type': 'wind-speed', 'datetime': '2025-03-06T10:19:45', 'payload': {'eventID': 'bf582e10-8291-4cd0-91aa-5a5cebed1ca4', 'deviceID': 'windSensor-001', 'timeStamp': '2025-03-06T10:19:44Z', 'windspeed': 5, 'location': {'latitude': 42, 'longitude': -72}, 'trace_id': 'e8150e2e-e235-4840-a7c8-0aa7a3312918'}}
2025-03-06 12:09:48,747 - basicLogger - INFO - Message: {'type': 'temperature', 'datetime': '2025-03-06T10:19:45', 'payload': {'eventID': 'e965b406-83e7-4da7-ad92-e4e82ef5a7a0', 'deviceID': 'device123', 'timeStamp': '2025-03-06T10:19:44Z', 'temperature': 33, 'trace_id': 'b7b468d5-0103-4d1e-9255-71861187e3c2'}}
2025-03-06 12:09:48,756 - basicLogger - INFO - Message: {'type': 'temperature', 'datetime': '2025-03-06T10:19:45', 'payload': {'eventID': '3ad39de4-6b3c-4d36-b2a7-df602f8cf00c', 'deviceID': 'device123', 'timeStamp': '2025-03-06T10:19:44Z', 'temperature': 17, 'trace_id': 'ad3f0f1b-00ea-4993-ae8a-45876936efb0'}}
2025-03-06 12:09:48,766 - basicLogger - INFO - Message: {'type': 'temperature', 'datetime': '2025-03-06T10:19:45', 'payload': {'eventID': 'f3ed439f-f446-4538-a1ca-daaa65d81b13', 'deviceID': 'device123', 'timeStamp': '2025-03-06T10:19:44Z', 'temperature': 28, 'trace_id': 'e2ac33d8-b289-4f45-99f6-fad535349c5a'}}
2025-03-06 12:09:48,777 - basicLogger - INFO - Message: {'type': 'wind-speed', 'datetime': '2025-03-06T10:19:45', 'payload': {'eventID': 'b1279142-12e1-416d-940e-166c78b6e628', 'deviceID': 'windSensor-001', 'timeStamp': '2025-03-06T10:19:44Z', 'windspeed': 17, 'location': {'latitude': 45, 'longitude': -73}, 'trace_id': 'd1371a68-e684-4760-9bfb-413f8609fc02'}}
2025-03-06 12:09:48,786 - basicLogger - INFO - Message: {'type': 'temperature', 'datetime': '2025-03-06T10:19:45', 'payload': {'eventID': '5641b528-c2d9-441a-b1a3-a802be9cd3c1', 'deviceID': 'device123', 'timeStamp': '2025-03-06T10:19:44Z', 'temperature': 18, 'trace_id': '8446a3ae-6fe6-4af3-9146-c583d0c78ad4'}}
2025-03-06 12:09:48,797 - basicLogger - INFO - Message: {'type': 'wind-speed', 'datetime': '2025-03-06T10:19:45', 'payload': {'eventID': 'f4ef2465-5d88-49ff-a786-472714ab5b03', 'deviceID': 'windSensor-001', 'timeStamp': '2025-03-06T10:19:44Z', 'windspeed': 24, 'location': {'latitude': 45, 'longitude': -72}, 'trace_id': 'ca557306-4756-4907-9581-581245230969'}}
2025-03-06 12:09:48,805 - basicLogger - INFO - Message: {'type': 'wind-speed', 'datetime': '2025-03-06T10:19:45', 'payload': {'eventID': '782c83ec-aebb-417c-b1a1-f003572c055f', 'deviceID': 'windSensor-001', 'timeStamp': '2025-03-06T10:19:44Z', 'windspeed': 19, 'location': {'latitude': 36, 'longitude': -70}, 'trace_id': '6449723e-e36f-437b-88a7-3c93b495cd74'}}
2025-03-06 12:09:48,818 - basicLogger - INFO - Message: {'type': 'wind-speed', 'datetime': '2025-03-06T10:19:45', 'payload': {'eventID': '3b0888aa-14ee-46e9-b232-21474a495e70', 'deviceID': 'windSensor-001', 'timeStamp': '2025-03-06T10:19:44Z', 'windspeed': 25, 'location': {'latitude': 38, 'longitude': -70}, 'trace_id': '0f0bf852-efb9-471f-a9e1-b98754fe6019'}}
2025-03-06 12:09:48,828 - basicLogger - INFO - Message: {'type': 'wind-speed', 'datetime': '2025-03-06T10:19:45', 'payload': {'eventID': '16644eda-78f3-4d10-8cc9-b33171eacf0e', 'deviceID': 'windSensor-001', 'timeStamp': '2025-03-06T10:19:44Z', 'windspeed': 18, 'location': {'latitude': 36, 'longitude': -73}, 'trace_id': '9168b927-6e7e-462c-b9b2-78e079e5ac74'}}
2025-03-06 12:09:48,838 - basicLogger - INFO - Message: {'type': 'wind-speed', 'datetime': '2025-03-06T10:19:45', 'payload': {'eventID': '1d2ae5ec-ffcc-4b12-b1ec-c1bb789f1bc4', 'deviceID': 'windSensor-001', 'timeStamp': '2025-03-06T10:19:44Z', 'windspeed': 15, 'location': {'latitude': 36, 'longitude': -79}, 'trace_id': '7efbcff3-040f-4171-ba0e-7e9c1bd6420c'}}
2025-03-06 12:09:48,848 - basicLogger - INFO - Message: {'type': 'temperature', 'datetime': '2025-03-06T10:19:45', 'payload': {'eventID': '5bcbd9b3-8eb3-4f0b-a68a-63f5f86a76f3', 'deviceID': 'device123', 'timeStamp': '2025-03-06T10:19:44Z', 'temperature': 27, 'trace_id': 'a418b883-e811-401a-b122-9429c4122920'}}
2025-03-06 12:09:48,856 - basicLogger - INFO - Message: {'type': 'wind-speed', 'datetime': '2025-03-06T10:19:45', 'payload': {'eventID': 'f8ac8219-79f7-4149-ac89-e118538a5cb4', 'deviceID': 'windSensor-001', 'timeStamp': '2025-03-06T10:19:44Z', 'windspeed': 15, 'location': {'latitude': 36, 'longitude': -71}, 'trace_id': 'dff7ef9c-6278-47c3-9882-ee64adee370c'}}
2025-03-06 12:09:48,866 - basicLogger - INFO - Message: {'type': 'wind-speed', 'datetime': '2025-03-06T10:19:45', 'payload': {'eventID': 'a1f9a4ff-169b-4d56-973d-8d5e77a767d3', 'deviceID': 'windSensor-001', 'timeStamp': '2025-03-06T10:19:44Z', 'windspeed': 10, 'location': {'latitude': 37, 'longitude': -74}, 'trace_id': 'ae1095a2-0631-4801-ae3c-5548b4e1392f'}}
2025-03-06 12:09:48,877 - basicLogger - INFO - Message: {'type': 'temperature', 'datetime': '2025-03-06T10:19:45', 'payload': {'eventID': '613fb32b-b67d-4e2a-b4ed-cdd0134271e1', 'deviceID': 'device123', 'timeStamp': '2025-03-06T10:19:44Z', 'temperature': 21, 'trace_id': '8d69828e-9a42-49c5-9ff4-fefb59311c07'}}
2025-03-06 12:09:48,887 - basicLogger - INFO - Message: {'type': 'wind-speed', 'datetime': '2025-03-06T10:19:45', 'payload': {'eventID': 'd4e78504-f625-49e5-9f98-2bc7f9a24428', 'deviceID': 'windSensor-001', 'timeStamp': '2025-03-06T10:19:44Z', 'windspeed': 28, 'location': {'latitude': 42, 'longitude': -79}, 'trace_id': '4727ecbf-d40b-4e37-839a-76f61b839d4a'}}
2025-03-06 12:09:48,897 - basicLogger - INFO - Message: {'type': 'wind-speed', 'datetime': '2025-03-06T10:19:45', 'payload': {'eventID': '6c3f630d-2915-481c-a945-955156d4d318', 'deviceID': 'windSensor-001', 'timeStamp': '2025-03-06T10:19:44Z', 'windspeed': 11, 'location': {'latitude': 35, 'longitude': -78}, 'trace_id': 'a5589b66-9581-4fbf-9b37-3d31b804c46c'}}
2025-03-06 12:09:48,910 - basicLogger - INFO - Message: {'type': 'wind-speed', 'datetime': '2025-03-06T10:19:45', 'payload': {'eventID': '482efda0-4603-4b06-a817-339631a22221', 'deviceID': 'windSensor-001', 'timeStamp': '2025-03-06T10:19:44Z', 'windspeed': 5, 'location': {'latitude': 35, 'longitude': -77}, 'trace_id': '846b04bd-c614-4908-825f-0937d8c26c0c'}}
2025-03-06 12:09:48,931 - basicLogger - INFO - Message: {'type': 'wind-speed', 'datetime': '2025-03-06T10:19:45', 'payload': {'eventID': '73fcb075-29fb-42a1-92fa-0d0eb7349de6', 'deviceID': 'windSensor-001', 'timeStamp': '2025-03-06T10:19:44Z', 'windspeed': 22, 'location': {'latitude': 39, 'longitude': -79}, 'trace_id': '733143a7-4956-41c9-babd-991307c08f4c'}}
2025-03-06 12:09:48,950 - basicLogger - INFO - Message: {'type': 'temperature', 'datetime': '2025-03-06T10:19:45', 'payload': {'eventID': '77f02ed4-0eff-4872-9ac6-e522d6927b89', 'deviceID': 'device123', 'timeStamp': '2025-03-06T10:19:44Z', 'temperature': 23, 'trace_id': '524a0678-04dd-48a2-ba78-aa8ad07f4d56'}}
2025-03-06 12:09:48,967 - basicLogger - INFO - Message: {'type': 'temperature', 'datetime': '2025-03-06T10:19:45', 'payload': {'eventID': 'b6dee735-8895-4c8b-bb20-bd5b97b8ad74', 'deviceID': 'device123', 'timeStamp': '2025-03-06T10:19:44Z', 'temperature': 20, 'trace_id': '1ee22b59-ecd1-42ab-803d-9348c7766a62'}}
2025-03-06 12:09:48,983 - basicLogger - INFO - Message: {'type': 'temperature', 'datetime': '2025-03-06T10:19:45', 'payload': {'eventID': 'ded96100-a9c3-41d1-be6d-a53e8e26fe2d', 'deviceID': 'device123', 'timeStamp': '2025-03-06T10:19:44Z', 'temperature': 20, 'trace_id': 'cec12f41-a037-4068-a867-fdc5956a6cc0'}}
2025-03-06 12:09:49,001 - basicLogger - INFO - Message: {'type': 'temperature', 'datetime': '2025-03-06T10:19:45', 'payload': {'eventID': '72bca6f9-3205-44ab-82c8-3f91f6ae3153', 'deviceID': 'device123', 'timeStamp': '2025-03-06T10:19:44Z', 'temperature': 23, 'trace_id': 'ea71a1f3-fb52-4155-9741-0beb09e27ef2'}}
2025-03-06 12:09:49,020 - basicLogger - INFO - Message: {'type': 'wind-speed', 'datetime': '2025-03-06T10:19:45', 'payload': {'eventID': 'f2aeb602-b6f2-4780-a2ea-a2feec3a0c64', 'deviceID': 'windSensor-001', 'timeStamp': '2025-03-06T10:19:44Z', 'windspeed': 5, 'location': {'latitude': 36, 'longitude': -77}, 'trace_id': 'e40e615d-dae4-45ab-a0e8-5606a5597f16'}}
2025-03-06 12:09:49,037 - basicLogger - INFO - Message: {'type': 'wind-speed', 'datetime': '2025-03-06T10:19:45', 'payload': {'eventID': '4bc315d2-3709-4b8f-bcef-9b1596ba32ad', 'deviceID': 'windSensor-001', 'timeStamp': '2025-03-06T10:19:44Z', 'windspeed': 9, 'location': {'latitude': 36, 'longitude': -70}, 'trace_id': '28483f8f-4d66-45ba-8f8e-9a97ec2419cb'}}
2025-03-06 12:09:49,054 - basicLogger - INFO - Message: {'type': 'temperature', 'datetime': '2025-03-06T10:19:45', 'payload': {'eventID': '1793da92-831f-45d0-b37a-80baa9aecc5d', 'deviceID': 'device123', 'timeStamp': '2025-03-06T10:19:44Z', 'temperature': 25, 'trace_id': '97f7dcb1-6175-49e7-aa97-444ef7f17ec9'}}
2025-03-06 12:09:49,071 - basicLogger - INFO - Message: {'type': 'wind-speed', 'datetime': '2025-03-06T10:19:45', 'payload': {'eventID': 'ac551c90-dc2a-4ee3-84de-001bada79a2b', 'deviceID': 'windSensor-001', 'timeStamp': '2025-03-06T10:19:44Z', 'windspeed': 29, 'location': {'latitude': 36, 'longitude': -73}, 'trace_id': 'ccd03d72-a1c3-4fa6-a65d-9ae797240138'}}
2025-03-06 12:09:49,090 - basicLogger - INFO - Message: {'type': 'temperature', 'datetime': '2025-03-06T10:19:45', 'payload': {'eventID': 'e0c3dfa5-4731-4c5c-8ff8-1d67cfda03f7', 'deviceID': 'device123', 'timeStamp': '2025-03-06T10:19:44Z', 'temperature': 15, 'trace_id': '5ed5c4aa-d4fa-4fe0-9c09-91571b98eb9d'}}
2025-03-06 12:09:49,107 - basicLogger - INFO - Message: {'type': 'temperature', 'datetime': '2025-03-06T10:19:45', 'payload': {'eventID': '20b67f56-46eb-4adc-bc8a-2d56b0abc114', 'deviceID': 'device123', 'timeStamp': '2025-03-06T10:19:44Z', 'temperature': 31, 'trace_id': '23986808-f199-4f37-a294-a1f2cf2b721a'}}
2025-03-06 12:09:49,124 - basicLogger - INFO - Message: {'type': 'temperature', 'datetime': '2025-03-06T10:19:45', 'payload': {'eventID': 'bb65972c-8497-47e4-aa9d-c03764007c51', 'deviceID': 'device123', 'timeStamp': '2025-03-06T10:19:44Z', 'temperature': 20, 'trace_id': '6b27fa82-3041-4ed3-9ea9-26427a0b72a4'}}
2025-03-06 12:09:49,142 - basicLogger - INFO - Message: {'type': 'temperature', 'datetime': '2025-03-06T10:19:45', 'payload': {'eventID': '902c4ddc-4495-48d4-8920-6ee89094363b', 'deviceID': 'device123', 'timeStamp': '2025-03-06T10:19:44Z', 'temperature': 35, 'trace_id': 'c63c357b-ab9b-4e81-afae-eb6fc1d5140f'}}
2025-03-06 12:09:49,159 - basicLogger - INFO - Message: {'type': 'temperature', 'datetime': '2025-03-06T10:19:45', 'payload': {'eventID': 'c28744b2-1a6c-4d72-b0a2-4e1e4a937e1e', 'deviceID': 'device123', 'timeStamp': '2025-03-06T10:19:44Z', 'temperature': 22, 'trace_id': '4e27b00d-4d4e-4184-a110-6f68b52ba76a'}}
2025-03-06 12:09:49,177 - basicLogger - INFO - Message: {'type': 'temperature', 'datetime': '2025-03-06T10:19:45', 'payload': {'eventID': 'e994e13a-3a0f-4706-a554-23e3e3292d55', 'deviceID': 'device123', 'timeStamp': '2025-03-06T10:19:44Z', 'temperature': 30, 'trace_id': '33b675a2-ff1f-4a12-a38a-692ca69004dc'}}
2025-03-06 12:09:49,195 - basicLogger - INFO - Message: {'type': 'temperature', 'datetime': '2025-03-06T10:19:45', 'payload': {'eventID': 'dae4a76c-4012-473e-bd09-02e1e3adfbfd', 'deviceID': 'device123', 'timeStamp': '2025-03-06T10:19:44Z', 'temperature': 18, 'trace_id': '049fdccb-3537-4905-bc4a-2599f1019cef'}}
2025-03-06 12:09:49,213 - basicLogger - INFO - Message: {'type': 'temperature', 'datetime': '2025-03-06T10:19:45', 'payload': {'eventID': '56313345-8fb8-409c-9a6a-fd4c88e2fd00', 'deviceID': 'device123', 'timeStamp': '2025-03-06T10:19:44Z', 'temperature': 35, 'trace_id': '7e85685d-bc0d-49aa-93d7-a9c4885c48ca'}}
2025-03-06 12:09:49,232 - basicLogger - INFO - Message: {'type': 'temperature', 'datetime': '2025-03-06T10:19:45', 'payload': {'eventID': '3fb9c799-a913-4d01-a147-c7f8aa4e356f', 'deviceID': 'device123', 'timeStamp': '2025-03-06T10:19:45Z', 'temperature': 21, 'trace_id': '5f8fe32e-b101-4de0-90e4-35d3fa15715f'}}
2025-03-06 12:09:49,249 - basicLogger - INFO - Message: {'type': 'temperature', 'datetime': '2025-03-06T10:19:45', 'payload': {'eventID': '5bddac58-33e4-4895-b4df-a7ac4a382675', 'deviceID': 'device123', 'timeStamp': '2025-03-06T10:19:45Z', 'temperature': 27, 'trace_id': '698fb718-9a90-4b22-9c2c-3f6714cacfda'}}
2025-03-06 12:09:49,266 - basicLogger - INFO - Message: {'type': 'temperature', 'datetime': '2025-03-06T10:19:45', 'payload': {'eventID': '0b6fc9db-2f3a-45e7-8667-cd0e389d8c30', 'deviceID': 'device123', 'timeStamp': '2025-03-06T10:19:45Z', 'temperature': 22, 'trace_id': '3a4c471f-7dad-41b7-877e-17f27db0c7df'}}
2025-03-06 12:09:49,283 - basicLogger - INFO - Message: {'type': 'wind-speed', 'datetime': '2025-03-06T10:19:45', 'payload': {'eventID': 'd5d30fe2-6bf5-4557-a649-0c04156ad11c', 'deviceID': 'windSensor-001', 'timeStamp': '2025-03-06T10:19:45Z', 'windspeed': 24, 'location': {'latitude': 43, 'longitude': -80}, 'trace_id': '5aaf7011-83b4-412c-baf2-23b91257aba2'}}
2025-03-06 12:09:49,299 - basicLogger - INFO - Message: {'type': 'temperature', 'datetime': '2025-03-06T10:19:45', 'payload': {'eventID': '9c6130fd-1f24-4aa8-9449-6786f95dbc1b', 'deviceID': 'device123', 'timeStamp': '2025-03-06T10:19:45Z', 'temperature': 32, 'trace_id': '5c70f438-59ac-4b4f-b424-7581a56c56d7'}}
2025-03-06 12:09:49,317 - basicLogger - INFO - Message: {'type': 'temperature', 'datetime': '2025-03-06T10:19:45', 'payload': {'eventID': '40fd20f5-14c3-4821-8140-17c292d2fa9e', 'deviceID': 'device123', 'timeStamp': '2025-03-06T10:19:45Z', 'temperature': 15, 'trace_id': 'c91aabcc-524e-462b-b84e-d45f520fec94'}}
2025-03-06 12:09:49,334 - basicLogger - INFO - Message: {'type': 'wind-speed', 'datetime': '2025-03-06T10:19:45', 'payload': {'eventID': '8958ca97-a84e-4cf8-81e0-4037bfcb3410', 'deviceID': 'windSensor-001', 'timeStamp': '2025-03-06T10:19:45Z', 'windspeed': 6, 'location': {'latitude': 36, 'longitude': -72}, 'trace_id': 'ba3530da-d091-43f9-a47a-88d3c94ee665'}}
2025-03-06 12:09:49,350 - basicLogger - INFO - Message: {'type': 'wind-speed', 'datetime': '2025-03-06T10:19:45', 'payload': {'eventID': '318f0749-1184-41eb-9a8c-74c5c18d3131', 'deviceID': 'windSensor-001', 'timeStamp': '2025-03-06T10:19:45Z', 'windspeed': 23, 'location': {'latitude': 40, 'longitude': -80}, 'trace_id': '6cd12939-3dc4-4f20-9b12-bd3c440c2829'}}
2025-03-06 12:09:49,368 - basicLogger - INFO - Message: {'type': 'temperature', 'datetime': '2025-03-06T10:19:45', 'payload': {'eventID': 'db4e85c8-a9f8-480d-bfbe-ec0d7ae219e1', 'deviceID': 'device123', 'timeStamp': '2025-03-06T10:19:45Z', 'temperature': 29, 'trace_id': '2e845e3e-6186-44b5-9a7b-b14a18a5709b'}}
2025-03-06 12:09:49,385 - basicLogger - INFO - Message: {'type': 'temperature', 'datetime': '2025-03-06T10:19:45', 'payload': {'eventID': 'ec731629-8f74-474d-810d-d5e6b04d500a', 'deviceID': 'device123', 'timeStamp': '2025-03-06T10:19:45Z', 'temperature': 18, 'trace_id': '2dd0020e-2249-4496-9bf5-bf3070c83d27'}}
2025-03-06 12:09:49,401 - basicLogger - INFO - Message: {'type': 'wind-speed', 'datetime': '2025-03-06T10:19:45', 'payload': {'eventID': 'd936c5ea-e235-494e-a5cb-b1e1b891d2fa', 'deviceID': 'windSensor-001', 'timeStamp': '2025-03-06T10:19:45Z', 'windspeed': 20, 'location': {'latitude': 39, 'longitude': -71}, 'trace_id': 'ab1e6455-a7e0-471b-ac3e-5eedc790c04d'}}
2025-03-06 12:09:49,418 - basicLogger - INFO - Message: {'type': 'temperature', 'datetime': '2025-03-06T10:19:45', 'payload': {'eventID': 'efbfdf96-751f-4639-9f60-5cc3b22e75e6', 'deviceID': 'device123', 'timeStamp': '2025-03-06T10:19:45Z', 'temperature': 15, 'trace_id': '75dbefd4-3cc9-4cc2-8349-da20b4b4645c'}}
2025-03-06 12:09:49,433 - basicLogger - INFO - Message: {'type': 'temperature', 'datetime': '2025-03-06T10:19:45', 'payload': {'eventID': 'e3364060-6cff-4930-bc43-06acdff4fe8d', 'deviceID': 'device123', 'timeStamp': '2025-03-06T10:19:45Z', 'temperature': 17, 'trace_id': '3ad0332e-4b98-4fe6-ba99-cf9fb84425e2'}}
2025-03-06 12:09:49,450 - basicLogger - INFO - Message: {'type': 'temperature', 'datetime': '2025-03-06T10:19:45', 'payload': {'eventID': '34ae6257-6d0c-494b-91b5-c7eed721d74e', 'deviceID': 'device123', 'timeStamp': '2025-03-06T10:19:45Z', 'temperature': 29, 'trace_id': '91480ef0-5913-4021-95da-5257d20aa99f'}}
2025-03-06 12:09:49,466 - basicLogger - INFO - Message: {'type': 'temperature', 'datetime': '2025-03-06T10:19:45', 'payload': {'eventID': '0d63eadf-5d7b-4f4f-941d-930b545e81af', 'deviceID': 'device123', 'timeStamp': '2025-03-06T10:19:45Z', 'temperature': 21, 'trace_id': '59441317-648d-4086-813b-9043159c3bea'}}
2025-03-06 12:09:49,483 - basicLogger - INFO - Message: {'type': 'wind-speed', 'datetime': '2025-03-06T10:19:45', 'payload': {'eventID': 'fc804c33-c556-4cfa-b824-a93955fd0ff8', 'deviceID': 'windSensor-001', 'timeStamp': '2025-03-06T10:19:45Z', 'windspeed': 26, 'location': {'latitude': 39, 'longitude': -74}, 'trace_id': '3f634540-694e-4ff1-977e-f764202340dc'}}
2025-03-06 12:09:49,500 - basicLogger - INFO - Message: {'type': 'wind-speed', 'datetime': '2025-03-06T10:19:45', 'payload': {'eventID': '77f24e35-2825-4218-94b1-35ae99e357cf', 'deviceID': 'windSensor-001', 'timeStamp': '2025-03-06T10:19:45Z', 'windspeed': 29, 'location': {'latitude': 45, 'longitude': -71}, 'trace_id': '8eec53d0-5f78-4342-8e7c-1a764fcf4a5c'}}
2025-03-06 12:09:49,520 - basicLogger - INFO - Message: {'type': 'temperature', 'datetime': '2025-03-06T10:19:45', 'payload': {'eventID': '799ae602-5676-4960-ad22-bc489ea1d76f', 'deviceID': 'device123', 'timeStamp': '2025-03-06T10:19:45Z', 'temperature': 27, 'trace_id': '98c56d9c-e527-4d8e-a80f-aad6aa31546b'}}
2025-03-06 12:09:49,542 - basicLogger - INFO - Message: {'type': 'wind-speed', 'datetime': '2025-03-06T10:19:45', 'payload': {'eventID': '61ab6dd3-fb01-4e69-8ae8-e5b5cded4a2f', 'deviceID': 'windSensor-001', 'timeStamp': '2025-03-06T10:19:45Z', 'windspeed': 15, 'location': {'latitude': 38, 'longitude': -78}, 'trace_id': '1d241d45-e250-409b-b51c-39bf58b95d18'}}
2025-03-06 12:09:49,572 - basicLogger - INFO - Message: {'type': 'temperature', 'datetime': '2025-03-06T10:19:45', 'payload': {'eventID': '23e89e9c-1457-4ea1-a712-2fc47311c857', 'deviceID': 'device123', 'timeStamp': '2025-03-06T10:19:45Z', 'temperature': 22, 'trace_id': 'b0d14379-2300-4c16-950c-09c1a573dab5'}}
2025-03-06 12:09:49,600 - basicLogger - INFO - Message: {'type': 'temperature', 'datetime': '2025-03-06T10:19:45', 'payload': {'eventID': '3d58183d-a319-48f2-8cfe-862a6cfb9c29', 'deviceID': 'device123', 'timeStamp': '2025-03-06T10:19:45Z', 'temperature': 35, 'trace_id': '1e04d678-40f2-4ec0-ad52-c7f461a4253c'}}
2025-03-06 12:09:49,619 - basicLogger - INFO - Message: {'type': 'temperature', 'datetime': '2025-03-06T10:19:45', 'payload': {'eventID': '21fa4189-1879-4405-bea1-b478b7e4c292', 'deviceID': 'device123', 'timeStamp': '2025-03-06T10:19:45Z', 'temperature': 15, 'trace_id': '5769ad2e-5903-47a7-acb2-9134277e0152'}}
2025-03-06 12:09:49,632 - basicLogger - INFO - Message: {'type': 'temperature', 'datetime': '2025-03-06T10:19:45', 'payload': {'eventID': '44ac5eb1-3978-4bb1-86e9-19e786cbd085', 'deviceID': 'device123', 'timeStamp': '2025-03-06T10:19:45Z', 'temperature': 26, 'trace_id': '421748f6-0ddf-4fa5-9eb7-b7098b659b26'}}
2025-03-06 12:09:49,647 - basicLogger - INFO - Message: {'type': 'temperature', 'datetime': '2025-03-06T10:19:45', 'payload': {'eventID': '33b39d50-788f-4619-980f-c3d4574f7462', 'deviceID': 'device123', 'timeStamp': '2025-03-06T10:19:45Z', 'temperature': 21, 'trace_id': '11f0ba68-e342-4e57-be56-625afdf173e1'}}
2025-03-06 12:09:49,658 - basicLogger - INFO - Message: {'type': 'temperature', 'datetime': '2025-03-06T10:19:45', 'payload': {'eventID': '1052e1ff-e30b-4692-a7e1-4ff1aac95db6', 'deviceID': 'device123', 'timeStamp': '2025-03-06T10:19:45Z', 'temperature': 19, 'trace_id': 'df68c834-c680-43a3-a5b7-c1eb85317a63'}}
2025-03-06 12:09:49,668 - basicLogger - INFO - Message: {'type': 'temperature', 'datetime': '2025-03-06T10:19:45', 'payload': {'eventID': 'c2b5d4de-70bf-4198-8880-d0254a0fd437', 'deviceID': 'device123', 'timeStamp': '2025-03-06T10:19:45Z', 'temperature': 25, 'trace_id': '5e4f75b6-bc3e-4e66-848c-7ce0e8c041d7'}}
2025-03-06 12:09:49,676 - basicLogger - INFO - Message: {'type': 'temperature', 'datetime': '2025-03-06T10:19:45', 'payload': {'eventID': 'c202105e-a1c5-4f04-b98b-13bb9ca36078', 'deviceID': 'device123', 'timeStamp': '2025-03-06T10:19:45Z', 'temperature': 25, 'trace_id': '3ba6fc50-b2a7-4e36-b559-143ce7a64da0'}}
2025-03-06 12:09:49,686 - basicLogger - INFO - Message: {'type': 'temperature', 'datetime': '2025-03-06T10:19:45', 'payload': {'eventID': 'aacde7eb-e339-48cb-b9b1-fdb96bcd72f9', 'deviceID': 'device123', 'timeStamp': '2025-03-06T10:19:45Z', 'temperature': 29, 'trace_id': 'b827ec37-5f2f-42cf-844f-7761787e8b1b'}}
2025-03-06 12:09:49,694 - basicLogger - INFO - Message: {'type': 'temperature', 'datetime': '2025-03-06T10:19:45', 'payload': {'eventID': 'b76828f7-e3f9-4ef0-9e0a-d4487a506704', 'deviceID': 'device123', 'timeStamp': '2025-03-06T10:19:45Z', 'temperature': 26, 'trace_id': '155c749c-abf5-441e-b5b5-824bd4506e4f'}}
2025-03-06 12:09:49,703 - basicLogger - INFO - Message: {'type': 'temperature', 'datetime': '2025-03-06T10:19:45', 'payload': {'eventID': 'a6dde3c5-ff03-424b-b862-4a28f3c05142', 'deviceID': 'device123', 'timeStamp': '2025-03-06T10:19:45Z', 'temperature': 32, 'trace_id': '6ec0594e-0960-409e-b458-ec111b5f858c'}}
2025-03-06 12:09:49,713 - basicLogger - INFO - Message: {'type': 'temperature', 'datetime': '2025-03-06T10:19:45', 'payload': {'eventID': '3b484548-b34f-4a57-af8c-851dbca089c0', 'deviceID': 'device123', 'timeStamp': '2025-03-06T10:19:45Z', 'temperature': 27, 'trace_id': 'dbc0ab6e-68e8-4a23-aac1-fa004a59150e'}}
2025-03-06 12:09:49,721 - basicLogger - INFO - Message: {'type': 'temperature', 'datetime': '2025-03-06T10:19:45', 'payload': {'eventID': '601ccae3-5442-4d62-afe6-8b05848efeba', 'deviceID': 'device123', 'timeStamp': '2025-03-06T10:19:45Z', 'temperature': 23, 'trace_id': 'ed728075-953d-4ad7-8dfc-c369f5c125aa'}}
2025-03-06 12:09:49,731 - basicLogger - INFO - Message: {'type': 'wind-speed', 'datetime': '2025-03-06T10:19:45', 'payload': {'eventID': 'e82f3127-40ac-4dbc-b42b-84a83a163e9d', 'deviceID': 'windSensor-001', 'timeStamp': '2025-03-06T10:19:45Z', 'windspeed': 16, 'location': {'latitude': 37, 'longitude': -80}, 'trace_id': '5122af4a-5f61-41ca-af90-05b6fc9b46eb'}}
2025-03-06 12:09:49,739 - basicLogger - INFO - Message: {'type': 'wind-speed', 'datetime': '2025-03-06T10:19:45', 'payload': {'eventID': 'a680d130-ff96-42ac-8ea5-bc1c3ccb4296', 'deviceID': 'windSensor-001', 'timeStamp': '2025-03-06T10:19:45Z', 'windspeed': 16, 'location': {'latitude': 39, 'longitude': -79}, 'trace_id': '25c7d78c-7cfe-469b-855a-4b22386ab362'}}
2025-03-06 12:09:49,751 - basicLogger - INFO - Message: {'type': 'temperature', 'datetime': '2025-03-06T10:19:45', 'payload': {'eventID': '6b7531fa-7ec1-4f0c-8699-e7c844474955', 'deviceID': 'device123', 'timeStamp': '2025-03-06T10:19:45Z', 'temperature': 15, 'trace_id': '10cfb77d-4973-4d9a-812c-01260b328e92'}}
2025-03-06 12:09:49,761 - basicLogger - INFO - Message: {'type': 'wind-speed', 'datetime': '2025-03-06T10:19:45', 'payload': {'eventID': 'd89e5cf6-4b75-4010-9318-46c90a547ef6', 'deviceID': 'windSensor-001', 'timeStamp': '2025-03-06T10:19:45Z', 'windspeed': 21, 'location': {'latitude': 36, 'longitude': -78}, 'trace_id': '742f3863-1fdb-4ad0-9bc9-7851f35f099b'}}
2025-03-06 12:09:49,771 - basicLogger - INFO - Message: {'type': 'temperature', 'datetime': '2025-03-06T10:19:45', 'payload': {'eventID': 'bd13f366-c712-4fd1-a768-c0a178cfde84', 'deviceID': 'device123', 'timeStamp': '2025-03-06T10:19:45Z', 'temperature': 33, 'trace_id': 'eb97f0a6-6c96-4603-9f5a-3dda588d85da'}}
2025-03-06 12:09:49,782 - basicLogger - INFO - Message: {'type': 'wind-speed', 'datetime': '2025-03-06T10:19:45', 'payload': {'eventID': 'e8ae6694-b1af-41f5-8bbf-6f35349db625', 'deviceID': 'windSensor-001', 'timeStamp': '2025-03-06T10:19:45Z', 'windspeed': 6, 'location': {'latitude': 45, 'longitude': -75}, 'trace_id': 'f49a57d2-07bb-4c32-86d9-85e63929068b'}}
2025-03-06 12:09:49,790 - basicLogger - INFO - Message: {'type': 'temperature', 'datetime': '2025-03-06T10:19:45', 'payload': {'eventID': '235bcffe-321a-4175-8564-0ed96f7488b1', 'deviceID': 'device123', 'timeStamp': '2025-03-06T10:19:45Z', 'temperature': 24, 'trace_id': '3f43d8ee-973f-4df7-9ffb-353091c0247d'}}
2025-03-06 12:09:49,800 - basicLogger - INFO - Message: {'type': 'temperature', 'datetime': '2025-03-06T10:19:45', 'payload': {'eventID': '961bcaea-d143-414b-897b-08a82b267121', 'deviceID': 'device123', 'timeStamp': '2025-03-06T10:19:45Z', 'temperature': 21, 'trace_id': '3d7b5fe5-7259-49fb-b6d6-3a72fab6fd59'}}
2025-03-06 12:09:49,810 - basicLogger - INFO - Message: {'type': 'temperature', 'datetime': '2025-03-06T10:19:45', 'payload': {'eventID': '98a8901c-84eb-4a34-83bb-93351257068e', 'deviceID': 'device123', 'timeStamp': '2025-03-06T10:19:45Z', 'temperature': 27, 'trace_id': '21354b4e-73f9-4ae6-86a4-c38d4d97713a'}}
2025-03-06 12:09:49,819 - basicLogger - INFO - Message: {'type': 'wind-speed', 'datetime': '2025-03-06T10:19:45', 'payload': {'eventID': '7bfa2e41-f2cf-4758-8c83-bf9d63a77705', 'deviceID': 'windSensor-001', 'timeStamp': '2025-03-06T10:19:45Z', 'windspeed': 15, 'location': {'latitude': 44, 'longitude': -80}, 'trace_id': '5f1effa6-feab-42f7-a856-a487c2e16b68'}}
2025-03-06 12:09:49,829 - basicLogger - INFO - Message: {'type': 'temperature', 'datetime': '2025-03-06T10:19:45', 'payload': {'eventID': '95787cfe-41fd-48d2-81d7-4bf34ecd05fe', 'deviceID': 'device123', 'timeStamp': '2025-03-06T10:19:45Z', 'temperature': 20, 'trace_id': 'dce79bd4-8ebf-4f8f-b815-81c7b2367ae7'}}
2025-03-06 12:09:49,837 - basicLogger - INFO - Message: {'type': 'temperature', 'datetime': '2025-03-06T10:19:45', 'payload': {'eventID': 'c0720db3-f8c6-4a29-9c32-8fb96aa88a14', 'deviceID': 'device123', 'timeStamp': '2025-03-06T10:19:45Z', 'temperature': 25, 'trace_id': '552d5b06-dfbe-4a96-93be-b7d539703850'}}
2025-03-06 12:09:49,850 - basicLogger - INFO - Message: {'type': 'temperature', 'datetime': '2025-03-06T10:19:45', 'payload': {'eventID': '973e4436-212f-41d6-85f7-13a311108d39', 'deviceID': 'device123', 'timeStamp': '2025-03-06T10:19:45Z', 'temperature': 33, 'trace_id': '3383798e-9aff-4caf-b22b-0e4ae7b51993'}}
2025-03-06 12:09:49,865 - basicLogger - INFO - Message: {'type': 'temperature', 'datetime': '2025-03-06T10:19:45', 'payload': {'eventID': '2d4505e2-2281-4f73-9c40-db6455391d87', 'deviceID': 'device123', 'timeStamp': '2025-03-06T10:19:45Z', 'temperature': 30, 'trace_id': 'cabd5523-0714-4bea-a1ab-49a27057d61e'}}
2025-03-06 12:09:49,876 - basicLogger - INFO - Message: {'type': 'wind-speed', 'datetime': '2025-03-06T10:19:45', 'payload': {'eventID': 'cab6af0b-b0d0-4206-a22a-27cf0b7d83bd', 'deviceID': 'windSensor-001', 'timeStamp': '2025-03-06T10:19:45Z', 'windspeed': 6, 'location': {'latitude': 39, 'longitude': -70}, 'trace_id': 'e7ed850f-6778-4d51-8346-c6af635a2282'}}
2025-03-06 12:09:49,889 - basicLogger - INFO - Message: {'type': 'wind-speed', 'datetime': '2025-03-06T10:19:45', 'payload': {'eventID': '23fb0f04-3cf6-4668-b746-94898d1be7a4', 'deviceID': 'windSensor-001', 'timeStamp': '2025-03-06T10:19:45Z', 'windspeed': 23, 'location': {'latitude': 38, 'longitude': -76}, 'trace_id': 'de2755d1-7a69-420b-95a5-fe3b0e2b52e7'}}
2025-03-06 12:09:49,902 - basicLogger - INFO - Message: {'type': 'temperature', 'datetime': '2025-03-06T10:19:45', 'payload': {'eventID': '8f0e851d-8824-4f2e-9b53-a7499a4c5bc7', 'deviceID': 'device123', 'timeStamp': '2025-03-06T10:19:45Z', 'temperature': 18, 'trace_id': '9dce6ce4-5c82-4fe5-8102-67ac10770eb7'}}
2025-03-06 12:09:49,914 - basicLogger - INFO - Message: {'type': 'temperature', 'datetime': '2025-03-06T10:19:45', 'payload': {'eventID': '6dd7caa4-bcbb-4ba2-9d6e-85775498f3f6', 'deviceID': 'device123', 'timeStamp': '2025-03-06T10:19:45Z', 'temperature': 18, 'trace_id': '01483e2c-e930-4a1b-b9d5-161f8cdb2696'}}
2025-03-06 12:09:49,929 - basicLogger - INFO - Message: {'type': 'temperature', 'datetime': '2025-03-06T10:19:45', 'payload': {'eventID': '56c61281-3c50-4a78-97de-4365fd340d26', 'deviceID': 'device123', 'timeStamp': '2025-03-06T10:19:45Z', 'temperature': 15, 'trace_id': 'c6e6f1ef-5fa3-4c72-be76-54b38abfb3ba'}}
2025-03-06 12:09:49,942 - basicLogger - INFO - Message: {'type': 'wind-speed', 'datetime': '2025-03-06T10:19:45', 'payload': {'eventID': '8536fde6-13a8-4a4f-851d-71d137102ad2', 'deviceID': 'windSensor-001', 'timeStamp': '2025-03-06T10:19:45Z', 'windspeed': 21, 'location': {'latitude': 45, 'longitude': -70}, 'trace_id': 'e1b6ef96-6350-46cc-b12a-cc274eb2a788'}}
2025-03-06 12:09:49,957 - basicLogger - INFO - Message: {'type': 'wind-speed', 'datetime': '2025-03-06T10:19:45', 'payload': {'eventID': 'd83233a8-adda-44de-ad39-154db70402cf', 'deviceID': 'windSensor-001', 'timeStamp': '2025-03-06T10:19:45Z', 'windspeed': 12, 'location': {'latitude': 35, 'longitude': -71}, 'trace_id': 'e2a92948-4992-4458-be64-36f1d27bfc39'}}
2025-03-06 12:09:49,971 - basicLogger - INFO - Message: {'type': 'temperature', 'datetime': '2025-03-06T10:19:45', 'payload': {'eventID': '286bbc32-670d-4d06-bc56-54b33ccd1022', 'deviceID': 'device123', 'timeStamp': '2025-03-06T10:19:45Z', 'temperature': 32, 'trace_id': '5c915531-4f94-4206-ae72-5fe87f033f9d'}}
2025-03-06 12:09:49,984 - basicLogger - INFO - Message: {'type': 'wind-speed', 'datetime': '2025-03-06T10:19:45', 'payload': {'eventID': '2f74b759-2d70-486d-8d29-58a45a29acc3', 'deviceID': 'windSensor-001', 'timeStamp': '2025-03-06T10:19:45Z', 'windspeed': 10, 'location': {'latitude': 37, 'longitude': -77}, 'trace_id': '05443d7e-8877-4b47-8e15-0bf798400e1b'}}
2025-03-06 12:09:49,997 - basicLogger - INFO - Message: {'type': 'wind-speed', 'datetime': '2025-03-06T10:19:45', 'payload': {'eventID': 'aababd24-218c-42d3-809b-38fd97cda3b3', 'deviceID': 'windSensor-001', 'timeStamp': '2025-03-06T10:19:45Z', 'windspeed': 13, 'location': {'latitude': 37, 'longitude': -71}, 'trace_id': '5f5c2952-e2c8-4684-9975-aad18a61b2bb'}}
2025-03-06 12:09:50,013 - basicLogger - INFO - Message: {'type': 'wind-speed', 'datetime': '2025-03-06T10:19:45', 'payload': {'eventID': 'de8c47af-b6d2-4e03-8948-a79d5ae2425e', 'deviceID': 'windSensor-001', 'timeStamp': '2025-03-06T10:19:45Z', 'windspeed': 30, 'location': {'latitude': 38, 'longitude': -80}, 'trace_id': '55b6ddab-3dd0-4328-9412-b2b94d8e5933'}}
2025-03-06 12:09:50,028 - basicLogger - INFO - Message: {'type': 'temperature', 'datetime': '2025-03-06T10:19:45', 'payload': {'eventID': 'a45ceb43-3c9a-478b-bb1e-dddbe97a137a', 'deviceID': 'device123', 'timeStamp': '2025-03-06T10:19:45Z', 'temperature': 21, 'trace_id': '079cc62c-e273-479f-ba2c-1214683bd5d8'}}
2025-03-06 12:09:50,040 - basicLogger - INFO - Message: {'type': 'temperature', 'datetime': '2025-03-06T10:19:45', 'payload': {'eventID': '3203b403-61cb-4ceb-bbd0-9ccb22ae3268', 'deviceID': 'device123', 'timeStamp': '2025-03-06T10:19:45Z', 'temperature': 30, 'trace_id': 'f2dcbe7a-fb95-43f4-b392-4c717d6673ae'}}
2025-03-06 12:09:50,054 - basicLogger - INFO - Message: {'type': 'temperature', 'datetime': '2025-03-06T10:19:45', 'payload': {'eventID': '06b8f6af-b961-414c-a364-165cefa747b1', 'deviceID': 'device123', 'timeStamp': '2025-03-06T10:19:45Z', 'temperature': 32, 'trace_id': '73710106-55f7-4c34-a24c-33ba924a77dc'}}
2025-03-06 12:09:50,066 - basicLogger - INFO - Message: {'type': 'wind-speed', 'datetime': '2025-03-06T10:19:45', 'payload': {'eventID': '8efd148d-5d40-428a-9104-3baefe7b18c5', 'deviceID': 'windSensor-001', 'timeStamp': '2025-03-06T10:19:45Z', 'windspeed': 17, 'location': {'latitude': 37, 'longitude': -76}, 'trace_id': '7f2e439e-165f-444b-91ec-8caa2ea14d1f'}}
2025-03-06 12:09:50,079 - basicLogger - INFO - Message: {'type': 'temperature', 'datetime': '2025-03-06T10:19:45', 'payload': {'eventID': '7f80bd87-3992-49a2-a213-e3857af321bb', 'deviceID': 'device123', 'timeStamp': '2025-03-06T10:19:45Z', 'temperature': 25, 'trace_id': 'bf383ccc-8f99-4b74-9a31-d09dfa7eaaf2'}}
2025-03-06 12:09:50,092 - basicLogger - INFO - Message: {'type': 'temperature', 'datetime': '2025-03-06T10:19:45', 'payload': {'eventID': '07c77d9b-2c2b-48d8-867f-aad758e89932', 'deviceID': 'device123', 'timeStamp': '2025-03-06T10:19:45Z', 'temperature': 28, 'trace_id': 'bff883c0-6074-4136-8f53-314c4ea1ba46'}}
2025-03-06 12:09:50,105 - basicLogger - INFO - Message: {'type': 'wind-speed', 'datetime': '2025-03-06T10:19:45', 'payload': {'eventID': 'ea651214-62b4-4f61-b429-5279af26d4b0', 'deviceID': 'windSensor-001', 'timeStamp': '2025-03-06T10:19:45Z', 'windspeed': 17, 'location': {'latitude': 38, 'longitude': -76}, 'trace_id': 'd1052614-07d3-42e7-855e-5fbf5d2ee5df'}}
2025-03-06 12:09:50,120 - basicLogger - INFO - Message: {'type': 'wind-speed', 'datetime': '2025-03-06T10:19:45', 'payload': {'eventID': 'e97d3780-8d3a-4a2f-95d1-82ca3838f1c9', 'deviceID': 'windSensor-001', 'timeStamp': '2025-03-06T10:19:45Z', 'windspeed': 9, 'location': {'latitude': 41, 'longitude': -72}, 'trace_id': '20b0b328-759b-48d9-bc67-a3b232279e5f'}}
2025-03-06 12:09:50,132 - basicLogger - INFO - Message: {'type': 'wind-speed', 'datetime': '2025-03-06T10:19:45', 'payload': {'eventID': '1692cf5c-4c89-40b7-95e2-e6d0b69e0dfc', 'deviceID': 'windSensor-001', 'timeStamp': '2025-03-06T10:19:45Z', 'windspeed': 9, 'location': {'latitude': 42, 'longitude': -79}, 'trace_id': '459cee0d-0ae0-49b4-bbc3-045658a414cf'}}
2025-03-06 12:09:50,145 - basicLogger - INFO - Message: {'type': 'wind-speed', 'datetime': '2025-03-06T10:19:45', 'payload': {'eventID': '67298058-a9c9-441c-9a67-c1f1f8bfba7d', 'deviceID': 'windSensor-001', 'timeStamp': '2025-03-06T10:19:45Z', 'windspeed': 13, 'location': {'latitude': 41, 'longitude': -76}, 'trace_id': '369efcf9-5b4d-4732-9605-c63646abd9bd'}}
2025-03-06 12:09:50,158 - basicLogger - INFO - Message: {'type': 'wind-speed', 'datetime': '2025-03-06T10:19:45', 'payload': {'eventID': 'c4090137-6437-4359-84fe-4f3e8606df24', 'deviceID': 'windSensor-001', 'timeStamp': '2025-03-06T10:19:45Z', 'windspeed': 19, 'location': {'latitude': 45, 'longitude': -70}, 'trace_id': 'fb5d19cd-d16b-4adb-8110-2b6ebe157683'}}
2025-03-06 12:09:50,172 - basicLogger - INFO - Message: {'type': 'wind-speed', 'datetime': '2025-03-06T10:19:45', 'payload': {'eventID': 'f56ed95e-89ab-4e1c-8acd-f2a90a81157f', 'deviceID': 'windSensor-001', 'timeStamp': '2025-03-06T10:19:45Z', 'windspeed': 26, 'location': {'latitude': 39, 'longitude': -77}, 'trace_id': '5433bf78-8b4a-4226-bb9e-e30e5ab07ff9'}}
2025-03-06 12:09:50,185 - basicLogger - INFO - Message: {'type': 'wind-speed', 'datetime': '2025-03-06T10:19:45', 'payload': {'eventID': '91504b74-eee2-47a0-86e7-0cde10125d59', 'deviceID': 'windSensor-001', 'timeStamp': '2025-03-06T10:19:45Z', 'windspeed': 22, 'location': {'latitude': 37, 'longitude': -72}, 'trace_id': '478ac3eb-ffe2-48f9-9187-ab659d079eb2'}}
2025-03-06 12:09:50,198 - basicLogger - INFO - Message: {'type': 'temperature', 'datetime': '2025-03-06T10:19:45', 'payload': {'eventID': '5490738d-2a85-4b08-9f9a-bbce7c06f000', 'deviceID': 'device123', 'timeStamp': '2025-03-06T10:19:45Z', 'temperature': 24, 'trace_id': '4c400a26-b7a9-4bd1-a1c1-f65c1e83a792'}}
2025-03-06 12:09:50,215 - basicLogger - INFO - Message: {'type': 'temperature', 'datetime': '2025-03-06T10:19:45', 'payload': {'eventID': '5d231191-f7c2-4fd1-966e-3f3380f1aa4c', 'deviceID': 'device123', 'timeStamp': '2025-03-06T10:19:45Z', 'temperature': 22, 'trace_id': '9d0d7fee-5c71-4224-bcfd-13ed9f87bf67'}}
2025-03-06 12:09:50,231 - basicLogger - INFO - Message: {'type': 'temperature', 'datetime': '2025-03-06T10:19:45', 'payload': {'eventID': 'a9540574-7765-4dd3-bb65-54db97e3f3ed', 'deviceID': 'device123', 'timeStamp': '2025-03-06T10:19:45Z', 'temperature': 19, 'trace_id': '064ef5b1-70a6-427c-b31a-1835330f8cfb'}}
2025-03-06 12:09:50,246 - basicLogger - INFO - Message: {'type': 'temperature', 'datetime': '2025-03-06T10:19:45', 'payload': {'eventID': 'b309baf1-a393-43dc-8263-a45033bde4ed', 'deviceID': 'device123', 'timeStamp': '2025-03-06T10:19:45Z', 'temperature': 30, 'trace_id': '06375469-1e07-484b-be8e-af037e0d672d'}}
2025-03-06 12:09:50,261 - basicLogger - INFO - Message: {'type': 'temperature', 'datetime': '2025-03-06T10:19:45', 'payload': {'eventID': '74c142c7-eddf-466d-8ae2-76a7aef4f300', 'deviceID': 'device123', 'timeStamp': '2025-03-06T10:19:45Z', 'temperature': 24, 'trace_id': '2ef211f4-8872-413a-a034-43efc916510c'}}
2025-03-06 12:09:50,276 - basicLogger - INFO - Message: {'type': 'wind-speed', 'datetime': '2025-03-06T10:19:45', 'payload': {'eventID': '96a1c56f-1b71-4385-9694-fb5a90a2890f', 'deviceID': 'windSensor-001', 'timeStamp': '2025-03-06T10:19:45Z', 'windspeed': 19, 'location': {'latitude': 40, 'longitude': -80}, 'trace_id': '44181a49-4461-41a5-b163-2b41ed800e87'}}
2025-03-06 12:09:50,290 - basicLogger - INFO - Message: {'type': 'temperature', 'datetime': '2025-03-06T10:19:45', 'payload': {'eventID': '50e40ab7-29b3-4386-918b-348a7902ab88', 'deviceID': 'device123', 'timeStamp': '2025-03-06T10:19:45Z', 'temperature': 25, 'trace_id': 'f3e05eb8-1179-4e2f-8d95-284fe40ca1db'}}
2025-03-06 12:09:50,304 - basicLogger - INFO - Message: {'type': 'temperature', 'datetime': '2025-03-06T10:19:45', 'payload': {'eventID': '230fc177-4c91-4dac-90ab-0c7a1713a3f0', 'deviceID': 'device123', 'timeStamp': '2025-03-06T10:19:45Z', 'temperature': 30, 'trace_id': 'bc3c30fe-f75d-481e-8a80-201498963303'}}
2025-03-06 12:09:50,317 - basicLogger - INFO - Message: {'type': 'temperature', 'datetime': '2025-03-06T10:19:45', 'payload': {'eventID': 'b35fcb69-00d6-4c62-95fe-fed7c9c7a432', 'deviceID': 'device123', 'timeStamp': '2025-03-06T10:19:45Z', 'temperature': 17, 'trace_id': '6ac344cb-7ed1-4677-95ab-b507a954f78f'}}
2025-03-06 12:09:50,330 - basicLogger - INFO - Message: {'type': 'temperature', 'datetime': '2025-03-06T10:19:45', 'payload': {'eventID': '61207cc1-4adf-42a5-a91f-de62a523d495', 'deviceID': 'device123', 'timeStamp': '2025-03-06T10:19:45Z', 'temperature': 32, 'trace_id': '72479681-b695-402f-b9a8-07eaf6863cac'}}
2025-03-06 12:09:50,343 - basicLogger - INFO - Message: {'type': 'temperature', 'datetime': '2025-03-06T10:19:45', 'payload': {'eventID': 'ff0a68c8-47ca-486f-b004-c81a37a039d3', 'deviceID': 'device123', 'timeStamp': '2025-03-06T10:19:45Z', 'temperature': 23, 'trace_id': '74b269f7-6509-4ed0-8f7a-baacc4e45464'}}
2025-03-06 12:09:50,355 - basicLogger - INFO - Message: {'type': 'temperature', 'datetime': '2025-03-06T10:19:45', 'payload': {'eventID': '5550d050-b452-4459-88e9-baaebdfeccfa', 'deviceID': 'device123', 'timeStamp': '2025-03-06T10:19:45Z', 'temperature': 20, 'trace_id': '19e7fb36-8f83-414a-85f4-9d930c680692'}}
2025-03-06 12:09:50,369 - basicLogger - INFO - Message: {'type': 'wind-speed', 'datetime': '2025-03-06T10:19:45', 'payload': {'eventID': 'fe91daa1-e27a-492b-a44f-9b545590f2bf', 'deviceID': 'windSensor-001', 'timeStamp': '2025-03-06T10:19:45Z', 'windspeed': 7, 'location': {'latitude': 35, 'longitude': -76}, 'trace_id': 'afca1a48-9519-4b76-b725-099fa54e6543'}}
2025-03-06 12:09:50,381 - basicLogger - INFO - Message: {'type': 'wind-speed', 'datetime': '2025-03-06T10:19:45', 'payload': {'eventID': '690cacdd-b360-4554-8816-99ebb51ad504', 'deviceID': 'windSensor-001', 'timeStamp': '2025-03-06T10:19:45Z', 'windspeed': 27, 'location': {'latitude': 45, 'longitude': -74}, 'trace_id': '1311f525-1f53-4362-bc4e-37914d61a80f'}}
2025-03-06 12:09:50,394 - basicLogger - INFO - Message: {'type': 'temperature', 'datetime': '2025-03-06T10:19:45', 'payload': {'eventID': 'c006f983-6328-48df-be74-ba700fc022bf', 'deviceID': 'device123', 'timeStamp': '2025-03-06T10:19:45Z', 'temperature': 28, 'trace_id': 'b2e89cd0-7235-45f9-94b6-239367354e47'}}
2025-03-06 12:09:50,408 - basicLogger - INFO - Message: {'type': 'wind-speed', 'datetime': '2025-03-06T10:19:45', 'payload': {'eventID': '18c4f0fc-ba4f-487c-89aa-5fc0cd76f5d5', 'deviceID': 'windSensor-001', 'timeStamp': '2025-03-06T10:19:45Z', 'windspeed': 16, 'location': {'latitude': 43, 'longitude': -71}, 'trace_id': 'da37dbd2-77e5-46af-974c-4810e0354f0d'}}
2025-03-06 12:09:50,421 - basicLogger - INFO - Message: {'type': 'wind-speed', 'datetime': '2025-03-06T10:19:45', 'payload': {'eventID': '09a6fefd-867c-4580-8153-9be15dc6de3e', 'deviceID': 'windSensor-001', 'timeStamp': '2025-03-06T10:19:45Z', 'windspeed': 22, 'location': {'latitude': 38, 'longitude': -72}, 'trace_id': 'c578be2b-f831-472a-917d-918550341ea3'}}
2025-03-06 12:09:50,433 - basicLogger - INFO - Message: {'type': 'wind-speed', 'datetime': '2025-03-06T10:19:45', 'payload': {'eventID': '18286783-ce72-43ac-9452-1f86cf9bd88f', 'deviceID': 'windSensor-001', 'timeStamp': '2025-03-06T10:19:45Z', 'windspeed': 29, 'location': {'latitude': 35, 'longitude': -73}, 'trace_id': '3e900592-5bb4-4feb-92c7-662355c34506'}}
2025-03-06 12:09:50,446 - basicLogger - INFO - Message: {'type': 'temperature', 'datetime': '2025-03-06T10:19:45', 'payload': {'eventID': '62d988b7-9291-409e-85d1-7d94982f26f5', 'deviceID': 'device123', 'timeStamp': '2025-03-06T10:19:45Z', 'temperature': 29, 'trace_id': '94cc13db-a722-4ef6-99b3-e1f2379255b6'}}
2025-03-06 12:09:50,459 - basicLogger - INFO - Message: {'type': 'temperature', 'datetime': '2025-03-06T10:19:45', 'payload': {'eventID': '3f97e365-be67-48f5-a70b-877769700b98', 'deviceID': 'device123', 'timeStamp': '2025-03-06T10:19:45Z', 'temperature': 16, 'trace_id': 'f6545fa7-373a-42d0-84e1-74ab39825e1c'}}
2025-03-06 12:09:50,474 - basicLogger - INFO - Message: {'type': 'temperature', 'datetime': '2025-03-06T10:19:45', 'payload': {'eventID': '68a87061-3082-4359-814e-44d051a9c6a9', 'deviceID': 'device123', 'timeStamp': '2025-03-06T10:19:45Z', 'temperature': 25, 'trace_id': 'e8ecd1e2-67d8-4ee1-af41-b2dd174ec61d'}}
2025-03-06 12:09:50,487 - basicLogger - INFO - Message: {'type': 'wind-speed', 'datetime': '2025-03-06T10:19:45', 'payload': {'eventID': '0023ee08-cc4d-498d-98e1-a8228c0d3375', 'deviceID': 'windSensor-001', 'timeStamp': '2025-03-06T10:19:45Z', 'windspeed': 5, 'location': {'latitude': 35, 'longitude': -77}, 'trace_id': '66bdf1fe-ecfe-43f6-93d4-f7df4fb51609'}}
2025-03-06 12:09:50,500 - basicLogger - INFO - Message: {'type': 'wind-speed', 'datetime': '2025-03-06T10:19:45', 'payload': {'eventID': '5e67b0cb-9049-4a03-8655-9e1aa4913d2c', 'deviceID': 'windSensor-001', 'timeStamp': '2025-03-06T10:19:45Z', 'windspeed': 19, 'location': {'latitude': 45, 'longitude': -71}, 'trace_id': '82e42c0c-365d-462f-82f9-9c45e651a5e7'}}
2025-03-06 12:09:50,512 - basicLogger - INFO - Message: {'type': 'wind-speed', 'datetime': '2025-03-06T10:19:45', 'payload': {'eventID': 'f9ad9948-adb7-4dc8-a26c-a758b1b80420', 'deviceID': 'windSensor-001', 'timeStamp': '2025-03-06T10:19:45Z', 'windspeed': 20, 'location': {'latitude': 38, 'longitude': -77}, 'trace_id': '94c5be1f-1540-4d6c-9a08-4197d04201f5'}}
2025-03-06 12:09:50,525 - basicLogger - INFO - Message: {'type': 'wind-speed', 'datetime': '2025-03-06T10:19:45', 'payload': {'eventID': 'aa3d4289-7459-4079-ae6a-f07ee944a2d1', 'deviceID': 'windSensor-001', 'timeStamp': '2025-03-06T10:19:45Z', 'windspeed': 29, 'location': {'latitude': 39, 'longitude': -73}, 'trace_id': '60d0215d-6acf-4bc8-a483-b263c6fae6ed'}}
2025-03-06 12:09:50,540 - basicLogger - INFO - Message: {'type': 'wind-speed', 'datetime': '2025-03-06T10:19:45', 'payload': {'eventID': 'ca7feaa4-1ac3-4e8e-b1d6-f5b67a556187', 'deviceID': 'windSensor-001', 'timeStamp': '2025-03-06T10:19:45Z', 'windspeed': 9, 'location': {'latitude': 40, 'longitude': -74}, 'trace_id': 'b9bec3d4-5ff7-430d-ae8f-4b46002adc38'}}
2025-03-06 12:09:50,553 - basicLogger - INFO - Message: {'type': 'wind-speed', 'datetime': '2025-03-06T10:19:45', 'payload': {'eventID': 'bca0e2d9-7d63-44fa-9acc-d79b5e74af1e', 'deviceID': 'windSensor-001', 'timeStamp': '2025-03-06T10:19:45Z', 'windspeed': 24, 'location': {'latitude': 38, 'longitude': -79}, 'trace_id': '0b1da3af-3dfe-4b44-ac6b-76d147b01471'}}
2025-03-06 12:09:50,566 - basicLogger - INFO - Message: {'type': 'wind-speed', 'datetime': '2025-03-06T10:19:45', 'payload': {'eventID': 'ba6149cf-0340-4ccf-a6f0-b16911f47d05', 'deviceID': 'windSensor-001', 'timeStamp': '2025-03-06T10:19:45Z', 'windspeed': 13, 'location': {'latitude': 36, 'longitude': -79}, 'trace_id': '82bc42c3-b347-4950-b5c0-dc1c217f0e62'}}
2025-03-06 12:09:50,579 - basicLogger - INFO - Message: {'type': 'wind-speed', 'datetime': '2025-03-06T10:19:45', 'payload': {'eventID': '2eab52b0-8d29-44e2-bf4a-df0beb6c0038', 'deviceID': 'windSensor-001', 'timeStamp': '2025-03-06T10:19:45Z', 'windspeed': 7, 'location': {'latitude': 42, 'longitude': -77}, 'trace_id': '9764c725-8566-45c2-b841-29412fa794a7'}}
2025-03-06 12:09:50,591 - basicLogger - INFO - Message: {'type': 'wind-speed', 'datetime': '2025-03-06T10:19:45', 'payload': {'eventID': '89464442-ce6f-4702-ad32-8ab940a2a364', 'deviceID': 'windSensor-001', 'timeStamp': '2025-03-06T10:19:45Z', 'windspeed': 6, 'location': {'latitude': 40, 'longitude': -80}, 'trace_id': '322eceb1-d5b9-494c-9219-3a410d392345'}}
2025-03-06 12:09:50,604 - basicLogger - INFO - Message: {'type': 'wind-speed', 'datetime': '2025-03-06T10:19:45', 'payload': {'eventID': '84dd2bbf-426d-4bf4-ae5f-5d79f7c2f364', 'deviceID': 'windSensor-001', 'timeStamp': '2025-03-06T10:19:45Z', 'windspeed': 12, 'location': {'latitude': 43, 'longitude': -74}, 'trace_id': '78fff6f0-d9a1-4d8b-8ea1-ca71beee5478'}}
2025-03-06 12:09:50,620 - basicLogger - INFO - Message: {'type': 'wind-speed', 'datetime': '2025-03-06T10:19:45', 'payload': {'eventID': '3ab4da15-59fe-4bbd-b095-df6c30b5c2d2', 'deviceID': 'windSensor-001', 'timeStamp': '2025-03-06T10:19:45Z', 'windspeed': 5, 'location': {'latitude': 44, 'longitude': -70}, 'trace_id': '0cba2489-4fc7-49d4-b0eb-15a848e7c4b9'}}
2025-03-06 12:09:50,637 - basicLogger - INFO - Message: {'type': 'temperature', 'datetime': '2025-03-06T10:19:45', 'payload': {'eventID': '92f6575c-c4dc-4094-a509-137d89ba70d1', 'deviceID': 'device123', 'timeStamp': '2025-03-06T10:19:45Z', 'temperature': 32, 'trace_id': '57d1fb0e-a1cf-4d88-9d66-22c912815d04'}}
2025-03-06 12:09:50,650 - basicLogger - INFO - Message: {'type': 'wind-speed', 'datetime': '2025-03-06T10:19:45', 'payload': {'eventID': 'aa40b9b9-39d9-4728-a0e5-a5dbb0e8e347', 'deviceID': 'windSensor-001', 'timeStamp': '2025-03-06T10:19:45Z', 'windspeed': 22, 'location': {'latitude': 37, 'longitude': -77}, 'trace_id': 'b679a635-97c2-4156-8230-8da44b491a1e'}}
2025-03-06 12:09:50,663 - basicLogger - INFO - Message: {'type': 'temperature', 'datetime': '2025-03-06T10:19:45', 'payload': {'eventID': '96762921-fa2c-4e2b-9ce7-0f6492a5bce1', 'deviceID': 'device123', 'timeStamp': '2025-03-06T10:19:45Z', 'temperature': 23, 'trace_id': '36853ebe-2e0e-4d2f-95a3-f55fa7e5e8ef'}}
2025-03-06 12:09:50,677 - basicLogger - INFO - Message: {'type': 'temperature', 'datetime': '2025-03-06T10:19:45', 'payload': {'eventID': '5d9596b6-531b-4e19-b71e-7cfc34464fe8', 'deviceID': 'device123', 'timeStamp': '2025-03-06T10:19:45Z', 'temperature': 35, 'trace_id': 'f87ae45a-43a3-4d51-97e2-04ee5ec93ec1'}}
2025-03-06 12:09:50,693 - basicLogger - INFO - Message: {'type': 'wind-speed', 'datetime': '2025-03-06T10:19:45', 'payload': {'eventID': '4340ad55-4aed-4044-bdf3-124a96ed7bd5', 'deviceID': 'windSensor-001', 'timeStamp': '2025-03-06T10:19:45Z', 'windspeed': 13, 'location': {'latitude': 38, 'longitude': -80}, 'trace_id': '62f888e1-5c31-40ee-beac-440d736aaef9'}}
2025-03-06 12:09:50,710 - basicLogger - INFO - Message: {'type': 'wind-speed', 'datetime': '2025-03-06T10:19:45', 'payload': {'eventID': 'bb6cd2de-6677-4ef9-95ef-39e73f675cf9', 'deviceID': 'windSensor-001', 'timeStamp': '2025-03-06T10:19:45Z', 'windspeed': 15, 'location': {'latitude': 43, 'longitude': -79}, 'trace_id': '5bb146dc-4f37-4609-8f37-b6a13d7ae246'}}
2025-03-06 12:09:50,723 - basicLogger - INFO - Message: {'type': 'temperature', 'datetime': '2025-03-06T10:19:45', 'payload': {'eventID': 'fbac33fd-f120-4c3b-b0be-3b95e9d76414', 'deviceID': 'device123', 'timeStamp': '2025-03-06T10:19:45Z', 'temperature': 23, 'trace_id': 'd2701436-d295-4c72-af15-a70b00040e5b'}}
2025-03-06 12:09:50,736 - basicLogger - INFO - Message: {'type': 'wind-speed', 'datetime': '2025-03-06T10:19:45', 'payload': {'eventID': '1059440b-1999-401b-aad9-83af9557840e', 'deviceID': 'windSensor-001', 'timeStamp': '2025-03-06T10:19:45Z', 'windspeed': 20, 'location': {'latitude': 37, 'longitude': -70}, 'trace_id': '22044772-0d8f-40e9-9e9f-6b4fb69210e4'}}
2025-03-06 12:09:50,749 - basicLogger - INFO - Message: {'type': 'wind-speed', 'datetime': '2025-03-06T10:19:45', 'payload': {'eventID': '5caa5a61-fbd6-4987-b6ee-d3b0a689e080', 'deviceID': 'windSensor-001', 'timeStamp': '2025-03-06T10:19:45Z', 'windspeed': 29, 'location': {'latitude': 38, 'longitude': -72}, 'trace_id': '15c46473-57c6-48ef-a794-aede6be7f88a'}}
2025-03-06 12:09:50,762 - basicLogger - INFO - Message: {'type': 'wind-speed', 'datetime': '2025-03-06T10:19:45', 'payload': {'eventID': '76762ddb-1491-4289-8998-e2ab6f8a4b1a', 'deviceID': 'windSensor-001', 'timeStamp': '2025-03-06T10:19:45Z', 'windspeed': 5, 'location': {'latitude': 38, 'longitude': -70}, 'trace_id': 'fe846934-1163-4e05-b8d6-0646c2f57510'}}
2025-03-06 12:09:50,775 - basicLogger - INFO - Message: {'type': 'wind-speed', 'datetime': '2025-03-06T10:19:45', 'payload': {'eventID': 'bfdef0a1-f15b-46ae-b8dc-b3926f85dd2b', 'deviceID': 'windSensor-001', 'timeStamp': '2025-03-06T10:19:45Z', 'windspeed': 9, 'location': {'latitude': 40, 'longitude': -75}, 'trace_id': 'a54fa2f0-8aee-44b0-a81f-7eb8af3e437e'}}
2025-03-06 12:09:50,789 - basicLogger - INFO - Message: {'type': 'temperature', 'datetime': '2025-03-06T10:19:45', 'payload': {'eventID': '1ee64de0-8d4a-4456-862d-e4ac5d38ea5e', 'deviceID': 'device123', 'timeStamp': '2025-03-06T10:19:45Z', 'temperature': 19, 'trace_id': '8c552e47-b2ef-4583-aa7a-95c352dfb0a6'}}
2025-03-06 12:09:50,803 - basicLogger - INFO - Message: {'type': 'wind-speed', 'datetime': '2025-03-06T10:19:45', 'payload': {'eventID': '8dad56db-e23b-431a-8b4e-12739f5eecc1', 'deviceID': 'windSensor-001', 'timeStamp': '2025-03-06T10:19:45Z', 'windspeed': 6, 'location': {'latitude': 41, 'longitude': -74}, 'trace_id': '6ce19d73-389e-4046-8b63-5ed0bd7a975c'}}
2025-03-06 12:09:50,816 - basicLogger - INFO - Message: {'type': 'wind-speed', 'datetime': '2025-03-06T10:19:45', 'payload': {'eventID': '0f294b0a-02ee-47a4-b49a-064826c0150e', 'deviceID': 'windSensor-001', 'timeStamp': '2025-03-06T10:19:45Z', 'windspeed': 8, 'location': {'latitude': 43, 'longitude': -73}, 'trace_id': '09ca37f0-982a-4c9d-a4b5-3f74ef58c05d'}}
2025-03-06 12:09:50,830 - basicLogger - INFO - Message: {'type': 'wind-speed', 'datetime': '2025-03-06T10:19:45', 'payload': {'eventID': '79a1c455-5679-4339-84c0-f304e380f605', 'deviceID': 'windSensor-001', 'timeStamp': '2025-03-06T10:19:45Z', 'windspeed': 15, 'location': {'latitude': 40, 'longitude': -71}, 'trace_id': '683c8f93-8e4d-4080-b80b-8b1dc618abb5'}}
2025-03-06 12:09:50,848 - basicLogger - INFO - Message: {'type': 'wind-speed', 'datetime': '2025-03-06T10:19:45', 'payload': {'eventID': 'e219797d-a907-4429-ba57-bb5985c68eec', 'deviceID': 'windSensor-001', 'timeStamp': '2025-03-06T10:19:45Z', 'windspeed': 26, 'location': {'latitude': 44, 'longitude': -76}, 'trace_id': '74f976bd-1989-4bf1-8d6e-98389ac35825'}}
2025-03-06 12:09:50,862 - basicLogger - INFO - Message: {'type': 'wind-speed', 'datetime': '2025-03-06T10:19:45', 'payload': {'eventID': 'cce7b741-8178-4d04-9301-27ba5581602c', 'deviceID': 'windSensor-001', 'timeStamp': '2025-03-06T10:19:45Z', 'windspeed': 17, 'location': {'latitude': 35, 'longitude': -80}, 'trace_id': '55abc889-f91d-4e3f-aeb9-af54ab38c9d9'}}
2025-03-06 12:09:50,877 - basicLogger - INFO - Message: {'type': 'wind-speed', 'datetime': '2025-03-06T10:19:45', 'payload': {'eventID': '1c6bc4cb-cd31-44ad-9732-d3813c8f1792', 'deviceID': 'windSensor-001', 'timeStamp': '2025-03-06T10:19:45Z', 'windspeed': 25, 'location': {'latitude': 36, 'longitude': -79}, 'trace_id': 'f7fcb508-1222-4117-88df-7cdcfed2bd7b'}}
2025-03-06 12:09:50,890 - basicLogger - INFO - Message: {'type': 'temperature', 'datetime': '2025-03-06T10:19:45', 'payload': {'eventID': 'ccf5b9b5-d65d-403e-a8c7-8c466766eb35', 'deviceID': 'device123', 'timeStamp': '2025-03-06T10:19:45Z', 'temperature': 23, 'trace_id': 'd47b94cb-a4fb-4ed0-a8b1-f4ece7561522'}}
2025-03-06 12:09:50,903 - basicLogger - INFO - Message: {'type': 'temperature', 'datetime': '2025-03-06T10:19:45', 'payload': {'eventID': 'c8c339ba-e1f8-4c12-96a3-8b9aa21da9ff', 'deviceID': 'device123', 'timeStamp': '2025-03-06T10:19:45Z', 'temperature': 32, 'trace_id': '97e60e19-0ad3-41f1-899f-6f864fdc411b'}}
2025-03-06 12:09:50,917 - basicLogger - INFO - Message: {'type': 'wind-speed', 'datetime': '2025-03-06T10:19:45', 'payload': {'eventID': '49e877c9-a919-466b-9318-20ea513d3750', 'deviceID': 'windSensor-001', 'timeStamp': '2025-03-06T10:19:45Z', 'windspeed': 22, 'location': {'latitude': 36, 'longitude': -75}, 'trace_id': '69df83c8-b10b-4414-bb4e-f3bf8e31de12'}}
2025-03-06 12:09:50,930 - basicLogger - INFO - Message: {'type': 'wind-speed', 'datetime': '2025-03-06T10:19:45', 'payload': {'eventID': 'eceb8387-a31e-402f-b0ba-a04f0956690d', 'deviceID': 'windSensor-001', 'timeStamp': '2025-03-06T10:19:45Z', 'windspeed': 11, 'location': {'latitude': 37, 'longitude': -77}, 'trace_id': '6b963e46-cee2-4433-8eb9-e393d95fd943'}}
2025-03-06 12:09:50,942 - basicLogger - INFO - Message: {'type': 'wind-speed', 'datetime': '2025-03-06T10:19:45', 'payload': {'eventID': '2dc435ff-d7e0-4c42-a2c5-ebb0da1192e8', 'deviceID': 'windSensor-001', 'timeStamp': '2025-03-06T10:19:45Z', 'windspeed': 30, 'location': {'latitude': 42, 'longitude': -78}, 'trace_id': '9e4994b6-5e7f-400c-afcb-2dacadc23710'}}
2025-03-06 12:09:50,956 - basicLogger - INFO - Message: {'type': 'wind-speed', 'datetime': '2025-03-06T10:19:45', 'payload': {'eventID': '3ee754fb-3b2f-4a7f-b253-d6c8acc65513', 'deviceID': 'windSensor-001', 'timeStamp': '2025-03-06T10:19:45Z', 'windspeed': 21, 'location': {'latitude': 40, 'longitude': -80}, 'trace_id': 'e80bfa7e-4276-4f57-8df6-c6a5eae4fcd1'}}
2025-03-06 12:09:50,972 - basicLogger - INFO - Message: {'type': 'wind-speed', 'datetime': '2025-03-06T10:19:45', 'payload': {'eventID': '083316e9-2d8e-432a-a389-8d0ea1f1238d', 'deviceID': 'windSensor-001', 'timeStamp': '2025-03-06T10:19:45Z', 'windspeed': 22, 'location': {'latitude': 37, 'longitude': -79}, 'trace_id': 'dce408e0-b8e5-4ee6-a7a2-ce15e12b74e0'}}
2025-03-06 12:09:50,987 - basicLogger - INFO - Message: {'type': 'wind-speed', 'datetime': '2025-03-06T10:19:45', 'payload': {'eventID': 'a8413b7f-2c8b-4180-b838-18a8cc467fd5', 'deviceID': 'windSensor-001', 'timeStamp': '2025-03-06T10:19:45Z', 'windspeed': 12, 'location': {'latitude': 35, 'longitude': -70}, 'trace_id': '1bd4e14e-2f01-419d-a002-ca9c247b481f'}}
2025-03-06 12:09:51,001 - basicLogger - INFO - Message: {'type': 'wind-speed', 'datetime': '2025-03-06T10:19:45', 'payload': {'eventID': '4388b7f6-0c4a-4b95-a91c-8d6fcb632dab', 'deviceID': 'windSensor-001', 'timeStamp': '2025-03-06T10:19:45Z', 'windspeed': 5, 'location': {'latitude': 41, 'longitude': -78}, 'trace_id': 'fc01fe45-af1a-49aa-bf21-d1de2daa0f31'}}
2025-03-06 12:09:51,016 - basicLogger - INFO - Message: {'type': 'wind-speed', 'datetime': '2025-03-06T10:19:45', 'payload': {'eventID': 'd310f884-c663-4359-8c44-5320d56856d7', 'deviceID': 'windSensor-001', 'timeStamp': '2025-03-06T10:19:45Z', 'windspeed': 16, 'location': {'latitude': 43, 'longitude': -71}, 'trace_id': '2a77e034-9a19-46d1-9fb2-306b1c4fd1f8'}}
2025-03-06 12:09:51,030 - basicLogger - INFO - Message: {'type': 'wind-speed', 'datetime': '2025-03-06T10:19:45', 'payload': {'eventID': '065b1414-cabf-4a0e-9d22-90f201531cac', 'deviceID': 'windSensor-001', 'timeStamp': '2025-03-06T10:19:45Z', 'windspeed': 29, 'location': {'latitude': 45, 'longitude': -75}, 'trace_id': 'ef59205f-91b1-4bb5-9849-5aab2bab71db'}}
2025-03-06 12:09:51,045 - basicLogger - INFO - Message: {'type': 'wind-speed', 'datetime': '2025-03-06T10:19:45', 'payload': {'eventID': 'cd306232-8318-44e7-8f8d-56409b9ad37d', 'deviceID': 'windSensor-001', 'timeStamp': '2025-03-06T10:19:45Z', 'windspeed': 30, 'location': {'latitude': 37, 'longitude': -70}, 'trace_id': 'f9ab5778-7468-43b5-b34a-9f204f4180e3'}}
2025-03-06 12:09:51,060 - basicLogger - INFO - Message: {'type': 'wind-speed', 'datetime': '2025-03-06T10:19:45', 'payload': {'eventID': '7ec6bf9c-fd02-4829-b6c5-da4364868add', 'deviceID': 'windSensor-001', 'timeStamp': '2025-03-06T10:19:45Z', 'windspeed': 22, 'location': {'latitude': 36, 'longitude': -74}, 'trace_id': '376e3168-e329-40ad-b769-add44c50d9e5'}}
2025-03-06 12:09:51,074 - basicLogger - INFO - Message: {'type': 'temperature', 'datetime': '2025-03-06T10:19:45', 'payload': {'eventID': '47b0febb-bbd0-496f-b1ef-3fc4c427d4b9', 'deviceID': 'device123', 'timeStamp': '2025-03-06T10:19:45Z', 'temperature': 29, 'trace_id': '6f1f70cb-0188-4858-9ce9-d2c08460a8cf'}}
2025-03-06 12:09:51,087 - basicLogger - INFO - Message: {'type': 'temperature', 'datetime': '2025-03-06T10:19:45', 'payload': {'eventID': '01a415e4-63c6-4c1e-96b9-2e9ad622ccd3', 'deviceID': 'device123', 'timeStamp': '2025-03-06T10:19:45Z', 'temperature': 22, 'trace_id': 'e656264c-f307-4b42-8593-699451c0e2af'}}
2025-03-06 12:09:51,100 - basicLogger - INFO - Message: {'type': 'temperature', 'datetime': '2025-03-06T10:19:45', 'payload': {'eventID': '251645dd-4a26-4456-a6f4-bd30ca2c1cd7', 'deviceID': 'device123', 'timeStamp': '2025-03-06T10:19:45Z', 'temperature': 15, 'trace_id': '8aa84a4d-ddd7-46eb-a670-fdd4b764fd69'}}
2025-03-06 12:09:51,112 - basicLogger - INFO - Message: {'type': 'wind-speed', 'datetime': '2025-03-06T10:19:45', 'payload': {'eventID': '898e9522-dd84-4cf4-995f-26595df0fce3', 'deviceID': 'windSensor-001', 'timeStamp': '2025-03-06T10:19:45Z', 'windspeed': 24, 'location': {'latitude': 35, 'longitude': -80}, 'trace_id': '76b74df1-ce2f-445f-9fe7-3171093e037e'}}
2025-03-06 12:09:51,126 - basicLogger - INFO - Message: {'type': 'wind-speed', 'datetime': '2025-03-06T10:19:45', 'payload': {'eventID': '92393908-3aa9-41cc-a1f2-b36708a1d1a2', 'deviceID': 'windSensor-001', 'timeStamp': '2025-03-06T10:19:45Z', 'windspeed': 16, 'location': {'latitude': 37, 'longitude': -74}, 'trace_id': '31385511-23b8-4930-b43b-afc3edc8491b'}}
2025-03-06 12:09:51,145 - basicLogger - INFO - Message: {'type': 'wind-speed', 'datetime': '2025-03-06T10:19:45', 'payload': {'eventID': '3d4bccf3-e334-47ff-9bfd-c64932eead23', 'deviceID': 'windSensor-001', 'timeStamp': '2025-03-06T10:19:45Z', 'windspeed': 29, 'location': {'latitude': 45, 'longitude': -74}, 'trace_id': 'f1cb4bb8-6f84-45fc-a9e5-2d98502f45d5'}}
2025-03-06 12:09:51,162 - basicLogger - INFO - Message: {'type': 'temperature', 'datetime': '2025-03-06T10:19:45', 'payload': {'eventID': 'b63d743e-cbbc-4e4e-a248-34c7bd28c07f', 'deviceID': 'device123', 'timeStamp': '2025-03-06T10:19:45Z', 'temperature': 24, 'trace_id': 'b697c7aa-fc07-4f75-a795-348b9e515ab6'}}
2025-03-06 12:09:51,174 - basicLogger - INFO - Message: {'type': 'wind-speed', 'datetime': '2025-03-06T10:19:45', 'payload': {'eventID': 'd7e361bc-470d-4152-8916-1e1d16f42863', 'deviceID': 'windSensor-001', 'timeStamp': '2025-03-06T10:19:45Z', 'windspeed': 19, 'location': {'latitude': 42, 'longitude': -70}, 'trace_id': 'c9fade71-9468-4edb-aa3c-7097a1b2a5fa'}}
2025-03-06 12:09:51,188 - basicLogger - INFO - Message: {'type': 'wind-speed', 'datetime': '2025-03-06T10:19:46', 'payload': {'eventID': '90109cda-9b3b-4fe8-9206-b8a2a3eccca6', 'deviceID': 'windSensor-001', 'timeStamp': '2025-03-06T10:19:45Z', 'windspeed': 23, 'location': {'latitude': 42, 'longitude': -73}, 'trace_id': 'dc464a4c-a232-45d6-a930-6422e46b90dd'}}
2025-03-06 12:09:51,201 - basicLogger - INFO - Message: {'type': 'wind-speed', 'datetime': '2025-03-06T10:19:46', 'payload': {'eventID': '6b4bf3ee-efd1-40b3-b23a-39b3e4d91ad9', 'deviceID': 'windSensor-001', 'timeStamp': '2025-03-06T10:19:45Z', 'windspeed': 22, 'location': {'latitude': 40, 'longitude': -74}, 'trace_id': 'cb27462d-e4e6-4801-bcf0-9c23a9ea4641'}}
2025-03-06 12:09:51,215 - basicLogger - INFO - Message: {'type': 'temperature', 'datetime': '2025-03-06T10:19:46', 'payload': {'eventID': 'c5094304-11ab-484b-a194-ede3a079685d', 'deviceID': 'device123', 'timeStamp': '2025-03-06T10:19:45Z', 'temperature': 23, 'trace_id': '34c91804-cdcf-450d-b0d1-4042bd8c43ee'}}
2025-03-06 12:09:51,228 - basicLogger - INFO - Message: {'type': 'temperature', 'datetime': '2025-03-06T10:19:46', 'payload': {'eventID': '6d0ff3b6-8dd6-4b6d-b267-f383d5cb1d15', 'deviceID': 'device123', 'timeStamp': '2025-03-06T10:19:45Z', 'temperature': 28, 'trace_id': 'bf86de43-98a7-44b6-ae41-e109e11e2a51'}}
2025-03-06 12:09:51,243 - basicLogger - INFO - Message: {'type': 'temperature', 'datetime': '2025-03-06T10:19:46', 'payload': {'eventID': '81411942-43c1-4860-b26a-f16a3afdc212', 'deviceID': 'device123', 'timeStamp': '2025-03-06T10:19:45Z', 'temperature': 18, 'trace_id': 'bd19f037-e229-430a-8503-1d89b4ea9180'}}
2025-03-06 12:09:51,263 - basicLogger - INFO - Message: {'type': 'wind-speed', 'datetime': '2025-03-06T10:19:46', 'payload': {'eventID': 'c62ba732-e82f-4cae-9f6d-b7a99ec86ccf', 'deviceID': 'windSensor-001', 'timeStamp': '2025-03-06T10:19:45Z', 'windspeed': 11, 'location': {'latitude': 38, 'longitude': -78}, 'trace_id': '87d76af1-c4d4-4983-ba6c-e5605f82e1c6'}}
2025-03-06 12:09:51,277 - basicLogger - INFO - Message: {'type': 'wind-speed', 'datetime': '2025-03-06T10:19:46', 'payload': {'eventID': 'af1d3654-4032-4539-a059-5d964cba37c8', 'deviceID': 'windSensor-001', 'timeStamp': '2025-03-06T10:19:45Z', 'windspeed': 30, 'location': {'latitude': 37, 'longitude': -70}, 'trace_id': '6ab49cfc-b380-4d78-a320-ffc0c39544c9'}}
2025-03-06 12:09:51,291 - basicLogger - INFO - Message: {'type': 'wind-speed', 'datetime': '2025-03-06T10:19:46', 'payload': {'eventID': 'c8fe5f4f-b036-4be7-949b-7ec23816003d', 'deviceID': 'windSensor-001', 'timeStamp': '2025-03-06T10:19:45Z', 'windspeed': 12, 'location': {'latitude': 39, 'longitude': -78}, 'trace_id': 'e3814152-3f04-4ff3-9a02-0f60f43dfbc6'}}
2025-03-06 12:09:51,307 - basicLogger - INFO - Message: {'type': 'wind-speed', 'datetime': '2025-03-06T10:19:46', 'payload': {'eventID': '33a559f4-4958-4ea5-8ad7-9e0176b3fd2e', 'deviceID': 'windSensor-001', 'timeStamp': '2025-03-06T10:19:45Z', 'windspeed': 5, 'location': {'latitude': 42, 'longitude': -72}, 'trace_id': '892d3a6c-8eab-436a-bcfa-cff3b9b014c9'}}
2025-03-06 12:09:51,320 - basicLogger - INFO - Message: {'type': 'wind-speed', 'datetime': '2025-03-06T10:19:46', 'payload': {'eventID': '80e9e488-ca29-4ad0-beaa-0617969a295a', 'deviceID': 'windSensor-001', 'timeStamp': '2025-03-06T10:19:45Z', 'windspeed': 27, 'location': {'latitude': 41, 'longitude': -80}, 'trace_id': 'bf57e98c-89ac-4d5b-85fb-f7620d6ec4d4'}}
2025-03-06 12:09:51,330 - basicLogger - INFO - Message: {'type': 'temperature', 'datetime': '2025-03-06T10:19:46', 'payload': {'eventID': 'e0f21163-6ed0-4316-90fb-8dd924058585', 'deviceID': 'device123', 'timeStamp': '2025-03-06T10:19:45Z', 'temperature': 18, 'trace_id': 'bde156ce-8d55-442b-b19f-17d3ffc43d32'}}
2025-03-06 12:09:51,341 - basicLogger - INFO - Message: {'type': 'temperature', 'datetime': '2025-03-06T10:19:46', 'payload': {'eventID': '988dd9d2-c23c-44c0-8f5d-53aeeb893645', 'deviceID': 'device123', 'timeStamp': '2025-03-06T10:19:45Z', 'temperature': 33, 'trace_id': '393232b8-6ec3-40e2-bcbd-054c73b4752c'}}
2025-03-06 12:09:51,352 - basicLogger - INFO - Message: {'type': 'temperature', 'datetime': '2025-03-06T10:19:46', 'payload': {'eventID': '3f420180-1e1f-4bec-b0d0-23f773d5dde2', 'deviceID': 'device123', 'timeStamp': '2025-03-06T10:19:45Z', 'temperature': 25, 'trace_id': '696ee5a6-8322-4afe-9572-35b8169c750e'}}
2025-03-06 12:09:51,363 - basicLogger - INFO - Message: {'type': 'wind-speed', 'datetime': '2025-03-06T10:19:46', 'payload': {'eventID': 'f465cb54-083a-42cf-a96d-bb7c8275fe53', 'deviceID': 'windSensor-001', 'timeStamp': '2025-03-06T10:19:45Z', 'windspeed': 11, 'location': {'latitude': 35, 'longitude': -72}, 'trace_id': '0315e02c-4872-4893-8f77-359ed1d337ed'}}
2025-03-06 12:09:51,378 - basicLogger - INFO - Message: {'type': 'temperature', 'datetime': '2025-03-06T10:19:46', 'payload': {'eventID': '3bdc518b-ebe7-4ef5-88ec-406a096405ae', 'deviceID': 'device123', 'timeStamp': '2025-03-06T10:19:45Z', 'temperature': 26, 'trace_id': 'b545a6bc-85ac-43e3-99c2-0a753cf53ea2'}}
2025-03-06 12:09:51,388 - basicLogger - INFO - Message: {'type': 'temperature', 'datetime': '2025-03-06T10:19:46', 'payload': {'eventID': 'e7bb09aa-fc99-4f2e-8c90-56d83f49f874', 'deviceID': 'device123', 'timeStamp': '2025-03-06T10:19:45Z', 'temperature': 34, 'trace_id': '870ec1ee-1ec0-40f5-ac48-3860f66341b0'}}
2025-03-06 12:09:51,400 - basicLogger - INFO - Message: {'type': 'wind-speed', 'datetime': '2025-03-06T10:19:46', 'payload': {'eventID': '7d846c6c-109f-45c1-98c8-861feb0247c3', 'deviceID': 'windSensor-001', 'timeStamp': '2025-03-06T10:19:45Z', 'windspeed': 20, 'location': {'latitude': 42, 'longitude': -80}, 'trace_id': '7992f3ad-927c-42bc-9c41-9baeb996b797'}}
2025-03-06 12:09:51,411 - basicLogger - INFO - Message: {'type': 'wind-speed', 'datetime': '2025-03-06T10:19:46', 'payload': {'eventID': '96aab5c9-3fad-4d22-a1f8-0c6115370364', 'deviceID': 'windSensor-001', 'timeStamp': '2025-03-06T10:19:45Z', 'windspeed': 11, 'location': {'latitude': 43, 'longitude': -80}, 'trace_id': '98d4520d-62df-4d44-a1af-0265515b4e15'}}
2025-03-06 12:09:51,422 - basicLogger - INFO - Message: {'type': 'temperature', 'datetime': '2025-03-06T10:19:46', 'payload': {'eventID': '46790bc5-286c-4739-a67e-881fb9b51cd0', 'deviceID': 'device123', 'timeStamp': '2025-03-06T10:19:45Z', 'temperature': 34, 'trace_id': '7cdd46fd-2379-4c31-860b-64b7553f6086'}}
2025-03-06 12:09:51,434 - basicLogger - INFO - Message: {'type': 'wind-speed', 'datetime': '2025-03-06T10:19:46', 'payload': {'eventID': '433ecfaa-cd93-4106-9570-99a453ab3f75', 'deviceID': 'windSensor-001', 'timeStamp': '2025-03-06T10:19:45Z', 'windspeed': 6, 'location': {'latitude': 37, 'longitude': -70}, 'trace_id': 'c56f0eda-0a7d-4337-ae21-ab07a5cac25f'}}
2025-03-06 12:09:51,445 - basicLogger - INFO - Message: {'type': 'wind-speed', 'datetime': '2025-03-06T10:19:46', 'payload': {'eventID': '302bd5a8-6112-41b6-a830-526db62e73a1', 'deviceID': 'windSensor-001', 'timeStamp': '2025-03-06T10:19:45Z', 'windspeed': 23, 'location': {'latitude': 40, 'longitude': -78}, 'trace_id': 'e4955993-f049-41a1-bc3a-a3142516d25a'}}
2025-03-06 12:09:51,455 - basicLogger - INFO - Message: {'type': 'temperature', 'datetime': '2025-03-06T10:19:46', 'payload': {'eventID': '49d44be2-4250-4c71-8aa3-022582401de9', 'deviceID': 'device123', 'timeStamp': '2025-03-06T10:19:45Z', 'temperature': 18, 'trace_id': '7b31859e-90c1-4cb8-91c8-04b76c3f677d'}}
2025-03-06 12:09:51,467 - basicLogger - INFO - Message: {'type': 'temperature', 'datetime': '2025-03-06T10:19:46', 'payload': {'eventID': 'fd809641-f174-49d2-9bd7-2111c382ef93', 'deviceID': 'device123', 'timeStamp': '2025-03-06T10:19:45Z', 'temperature': 20, 'trace_id': 'ed8706b1-40f4-4716-b7ea-e63c5506fd7b'}}
2025-03-06 12:09:51,478 - basicLogger - INFO - Message: {'type': 'temperature', 'datetime': '2025-03-06T10:19:46', 'payload': {'eventID': '0a08fc38-3063-4fa6-8ddc-69aee9488f29', 'deviceID': 'device123', 'timeStamp': '2025-03-06T10:19:45Z', 'temperature': 17, 'trace_id': '5dbc0622-6362-4215-9160-88fc9a763171'}}
2025-03-06 12:09:51,488 - basicLogger - INFO - Message: {'type': 'wind-speed', 'datetime': '2025-03-06T10:19:46', 'payload': {'eventID': '2e796d1b-010a-4e22-9306-3e92ef1a923b', 'deviceID': 'windSensor-001', 'timeStamp': '2025-03-06T10:19:45Z', 'windspeed': 30, 'location': {'latitude': 44, 'longitude': -80}, 'trace_id': 'c790a6d1-d12a-4715-baa6-fb04255dc32b'}}
2025-03-06 12:09:51,500 - basicLogger - INFO - Message: {'type': 'wind-speed', 'datetime': '2025-03-06T10:19:46', 'payload': {'eventID': 'bd245853-6e3b-4e88-9071-8c3cd11509c2', 'deviceID': 'windSensor-001', 'timeStamp': '2025-03-06T10:19:45Z', 'windspeed': 18, 'location': {'latitude': 38, 'longitude': -70}, 'trace_id': 'ad6c9d46-7803-401b-95dd-129a7c5235cb'}}
2025-03-06 12:09:51,512 - basicLogger - INFO - Message: {'type': 'temperature', 'datetime': '2025-03-06T10:19:46', 'payload': {'eventID': '1c784f02-efb4-41e6-a487-16f233c0d1bb', 'deviceID': 'device123', 'timeStamp': '2025-03-06T10:19:45Z', 'temperature': 28, 'trace_id': 'fdf0e7a3-16a6-49e8-92fd-a4376f8f4f37'}}
2025-03-06 12:09:51,522 - basicLogger - INFO - Message: {'type': 'temperature', 'datetime': '2025-03-06T10:19:46', 'payload': {'eventID': '84a84f5e-577c-4582-a95d-740f50cd82d4', 'deviceID': 'device123', 'timeStamp': '2025-03-06T10:19:45Z', 'temperature': 16, 'trace_id': '3cd37b60-fd11-4d34-9211-8caad8693deb'}}
2025-03-06 12:09:51,534 - basicLogger - INFO - Message: {'type': 'temperature', 'datetime': '2025-03-06T10:19:46', 'payload': {'eventID': 'f928d42e-11c1-4dbb-9f65-483382ac9af9', 'deviceID': 'device123', 'timeStamp': '2025-03-06T10:19:45Z', 'temperature': 26, 'trace_id': '9eae8c8e-5f0b-4584-a61a-c5c34aabdccc'}}
2025-03-06 12:09:51,545 - basicLogger - INFO - Message: {'type': 'temperature', 'datetime': '2025-03-06T10:19:46', 'payload': {'eventID': '676c54dc-f7c4-481e-956e-c51697607a11', 'deviceID': 'device123', 'timeStamp': '2025-03-06T10:19:45Z', 'temperature': 28, 'trace_id': '4179e0dd-4859-4659-a970-5388f3f1fc12'}}
2025-03-06 12:09:51,555 - basicLogger - INFO - Message: {'type': 'wind-speed', 'datetime': '2025-03-06T10:19:46', 'payload': {'eventID': '2ae4715a-3a4a-4ee7-a5d1-0b584855c088', 'deviceID': 'windSensor-001', 'timeStamp': '2025-03-06T10:19:45Z', 'windspeed': 29, 'location': {'latitude': 38, 'longitude': -76}, 'trace_id': '24a94b64-affa-4faf-a851-b4d486790ce0'}}
2025-03-06 12:09:51,570 - basicLogger - INFO - Message: {'type': 'wind-speed', 'datetime': '2025-03-06T10:19:46', 'payload': {'eventID': '6b24aa60-bcc2-469b-a338-148e1f410754', 'deviceID': 'windSensor-001', 'timeStamp': '2025-03-06T10:19:45Z', 'windspeed': 6, 'location': {'latitude': 36, 'longitude': -73}, 'trace_id': '88d3ce1a-5487-4f6c-85d9-4f2674f273bf'}}
2025-03-06 12:09:51,580 - basicLogger - INFO - Message: {'type': 'wind-speed', 'datetime': '2025-03-06T10:19:46', 'payload': {'eventID': 'b493f578-834a-4ba7-a8cf-8b71917225f5', 'deviceID': 'windSensor-001', 'timeStamp': '2025-03-06T10:19:45Z', 'windspeed': 9, 'location': {'latitude': 36, 'longitude': -71}, 'trace_id': '6ae3ca6b-ef22-4683-83f6-a72c88304d0f'}}
2025-03-06 12:09:51,590 - basicLogger - INFO - Message: {'type': 'wind-speed', 'datetime': '2025-03-06T10:19:46', 'payload': {'eventID': 'ef865e44-fd64-4af6-86b5-8f24a262a83a', 'deviceID': 'windSensor-001', 'timeStamp': '2025-03-06T10:19:45Z', 'windspeed': 14, 'location': {'latitude': 44, 'longitude': -71}, 'trace_id': '10f7b438-4ee9-4a38-8809-08d2cd5959e6'}}
2025-03-06 12:09:51,602 - basicLogger - INFO - Message: {'type': 'temperature', 'datetime': '2025-03-06T10:19:46', 'payload': {'eventID': 'eabf302a-74fa-4539-b19e-721f1fb5560d', 'deviceID': 'device123', 'timeStamp': '2025-03-06T10:19:45Z', 'temperature': 18, 'trace_id': '15d9491b-d0e6-410a-953d-c8e78f77637a'}}
2025-03-06 12:09:51,612 - basicLogger - INFO - Message: {'type': 'wind-speed', 'datetime': '2025-03-06T10:19:46', 'payload': {'eventID': '13cd4e83-ee74-4224-8da0-68711d65911e', 'deviceID': 'windSensor-001', 'timeStamp': '2025-03-06T10:19:45Z', 'windspeed': 10, 'location': {'latitude': 45, 'longitude': -76}, 'trace_id': '5fa7b993-086a-4093-b731-c4e59cd645cc'}}
2025-03-06 12:09:51,622 - basicLogger - INFO - Message: {'type': 'wind-speed', 'datetime': '2025-03-06T10:19:46', 'payload': {'eventID': 'b901dd54-1bd2-40d1-a02e-eeb13b2fcf40', 'deviceID': 'windSensor-001', 'timeStamp': '2025-03-06T10:19:45Z', 'windspeed': 27, 'location': {'latitude': 44, 'longitude': -72}, 'trace_id': '90efde92-ebab-4e2a-a7e3-c44b3cdf182e'}}
2025-03-06 12:09:51,632 - basicLogger - INFO - Message: {'type': 'wind-speed', 'datetime': '2025-03-06T10:19:46', 'payload': {'eventID': '44cb7d4d-53b6-4acb-a1f9-af8312efceb2', 'deviceID': 'windSensor-001', 'timeStamp': '2025-03-06T10:19:45Z', 'windspeed': 21, 'location': {'latitude': 43, 'longitude': -71}, 'trace_id': '1b69658c-269f-4267-bffc-bfbb8fb45ec8'}}
2025-03-06 12:09:51,643 - basicLogger - INFO - Message: {'type': 'wind-speed', 'datetime': '2025-03-06T10:19:46', 'payload': {'eventID': 'a86f9773-0892-4972-8a1a-4234625e6ec9', 'deviceID': 'windSensor-001', 'timeStamp': '2025-03-06T10:19:45Z', 'windspeed': 21, 'location': {'latitude': 39, 'longitude': -71}, 'trace_id': 'c8619fe5-208f-4b5e-a63a-992dcadd2bac'}}
2025-03-06 12:09:51,654 - basicLogger - INFO - Message: {'type': 'wind-speed', 'datetime': '2025-03-06T10:19:46', 'payload': {'eventID': '605e1b8a-23d0-4c56-b94a-33f882fb168d', 'deviceID': 'windSensor-001', 'timeStamp': '2025-03-06T10:19:45Z', 'windspeed': 6, 'location': {'latitude': 38, 'longitude': -71}, 'trace_id': 'f49ee045-bba8-47d7-bb2d-eca6b306d36f'}}
2025-03-06 12:09:51,664 - basicLogger - INFO - Message: {'type': 'temperature', 'datetime': '2025-03-06T10:19:46', 'payload': {'eventID': '253d3149-1309-4158-83d7-c8f371496a6e', 'deviceID': 'device123', 'timeStamp': '2025-03-06T10:19:45Z', 'temperature': 26, 'trace_id': '152238c6-70a9-4d68-9efb-13c8762e30a2'}}
2025-03-06 12:09:51,674 - basicLogger - INFO - Message: {'type': 'wind-speed', 'datetime': '2025-03-06T10:19:46', 'payload': {'eventID': '45d8e0f3-70f9-4720-8b31-68eb12abea05', 'deviceID': 'windSensor-001', 'timeStamp': '2025-03-06T10:19:45Z', 'windspeed': 17, 'location': {'latitude': 40, 'longitude': -72}, 'trace_id': '3401f287-b301-45b5-8053-fb7a38649296'}}
2025-03-06 12:09:51,684 - basicLogger - INFO - Message: {'type': 'wind-speed', 'datetime': '2025-03-06T10:19:46', 'payload': {'eventID': '8308906b-d59d-45af-bd3f-08e576dfa850', 'deviceID': 'windSensor-001', 'timeStamp': '2025-03-06T10:19:45Z', 'windspeed': 26, 'location': {'latitude': 36, 'longitude': -73}, 'trace_id': '7fe55bc7-6b45-47ea-8a63-04d7202ef319'}}
2025-03-06 12:09:51,694 - basicLogger - INFO - Message: {'type': 'temperature', 'datetime': '2025-03-06T10:19:46', 'payload': {'eventID': '29da652f-d716-4e04-a21e-8fe20851efc4', 'deviceID': 'device123', 'timeStamp': '2025-03-06T10:19:45Z', 'temperature': 24, 'trace_id': 'b16c7771-6a01-4b3d-8666-f0253fb2799b'}}
2025-03-06 12:09:51,704 - basicLogger - INFO - Message: {'type': 'temperature', 'datetime': '2025-03-06T10:19:46', 'payload': {'eventID': '8cbe29c4-e89c-4c58-bd6d-449502c4cb72', 'deviceID': 'device123', 'timeStamp': '2025-03-06T10:19:45Z', 'temperature': 22, 'trace_id': '9eb7a832-4c9c-4bb5-ab28-042e76b875c0'}}
2025-03-06 12:09:51,715 - basicLogger - INFO - Message: {'type': 'temperature', 'datetime': '2025-03-06T10:19:46', 'payload': {'eventID': 'b11d9211-28fa-41c9-8a62-5306d553babd', 'deviceID': 'device123', 'timeStamp': '2025-03-06T10:19:45Z', 'temperature': 30, 'trace_id': '2a8a5b8e-3484-4a84-aba1-4c2efa468a80'}}
2025-03-06 12:09:51,725 - basicLogger - INFO - Message: {'type': 'wind-speed', 'datetime': '2025-03-06T10:19:46', 'payload': {'eventID': '81c2020a-2ad7-4240-a2eb-a78c7060e916', 'deviceID': 'windSensor-001', 'timeStamp': '2025-03-06T10:19:45Z', 'windspeed': 7, 'location': {'latitude': 37, 'longitude': -77}, 'trace_id': 'efdca117-8631-4fc8-80fa-f3bc9950b08c'}}
2025-03-06 12:09:51,737 - basicLogger - INFO - Message: {'type': 'temperature', 'datetime': '2025-03-06T10:19:46', 'payload': {'eventID': '840a4909-a4c9-4e44-8743-c8cea48b99c8', 'deviceID': 'device123', 'timeStamp': '2025-03-06T10:19:45Z', 'temperature': 21, 'trace_id': '72e8eb46-f5e1-4b58-ad5b-b8cb060e3b0d'}}
2025-03-06 12:09:51,747 - basicLogger - INFO - Message: {'type': 'wind-speed', 'datetime': '2025-03-06T10:19:46', 'payload': {'eventID': '2e30ca10-de43-49b4-8e14-a5894fed14d9', 'deviceID': 'windSensor-001', 'timeStamp': '2025-03-06T10:19:45Z', 'windspeed': 30, 'location': {'latitude': 35, 'longitude': -80}, 'trace_id': '506c6a25-9a21-472f-ab3d-0d983e39a54d'}}
2025-03-06 12:09:51,757 - basicLogger - INFO - Message: {'type': 'wind-speed', 'datetime': '2025-03-06T10:19:46', 'payload': {'eventID': '0fa9181f-cdcc-4eee-a174-306c504c2395', 'deviceID': 'windSensor-001', 'timeStamp': '2025-03-06T10:19:45Z', 'windspeed': 24, 'location': {'latitude': 39, 'longitude': -76}, 'trace_id': '254af227-1fa5-4c24-8d71-a41b01e205dc'}}
2025-03-06 12:09:51,768 - basicLogger - INFO - Message: {'type': 'temperature', 'datetime': '2025-03-06T10:19:46', 'payload': {'eventID': '2ec81714-2514-4d2b-a7f3-6863e38e58cd', 'deviceID': 'device123', 'timeStamp': '2025-03-06T10:19:45Z', 'temperature': 25, 'trace_id': '432f61d5-e6f4-45df-a384-8e63221872e4'}}
2025-03-06 12:09:51,776 - basicLogger - INFO - Message: {'type': 'temperature', 'datetime': '2025-03-06T10:19:46', 'payload': {'eventID': '34157df4-28db-4734-9f53-632c8bcf3908', 'deviceID': 'device123', 'timeStamp': '2025-03-06T10:19:45Z', 'temperature': 27, 'trace_id': 'f67a90d4-ad1c-4179-bb58-a0673f7f0531'}}
2025-03-06 12:09:51,784 - basicLogger - INFO - Message: {'type': 'temperature', 'datetime': '2025-03-06T10:19:46', 'payload': {'eventID': 'd2a826e9-fa15-4461-8b35-06092dc945b9', 'deviceID': 'device123', 'timeStamp': '2025-03-06T10:19:45Z', 'temperature': 31, 'trace_id': '5d098650-a4ae-43d7-b5d0-98f29633bbeb'}}
2025-03-06 12:09:51,792 - basicLogger - INFO - Message: {'type': 'temperature', 'datetime': '2025-03-06T10:19:46', 'payload': {'eventID': '1b2a7765-baeb-466b-b321-783255be7ab8', 'deviceID': 'device123', 'timeStamp': '2025-03-06T10:19:45Z', 'temperature': 27, 'trace_id': '01ae945f-908a-401f-8cc8-e69c2ed1dc39'}}
2025-03-06 12:09:51,800 - basicLogger - INFO - Message: {'type': 'temperature', 'datetime': '2025-03-06T10:19:46', 'payload': {'eventID': '20a85850-1c4a-4022-bf0c-213c973a2808', 'deviceID': 'device123', 'timeStamp': '2025-03-06T10:19:45Z', 'temperature': 22, 'trace_id': '77a5d7af-7902-4268-b53d-61a4da587f24'}}
2025-03-06 12:09:51,811 - basicLogger - INFO - Message: {'type': 'temperature', 'datetime': '2025-03-06T10:19:46', 'payload': {'eventID': '6986644e-f6fc-4655-a512-cd6780ef7d15', 'deviceID': 'device123', 'timeStamp': '2025-03-06T10:19:45Z', 'temperature': 24, 'trace_id': '70b06f75-937a-4c9b-b113-64b627f50036'}}
2025-03-06 12:09:51,819 - basicLogger - INFO - Message: {'type': 'temperature', 'datetime': '2025-03-06T10:19:46', 'payload': {'eventID': '5993376c-408b-46b2-aa77-48b87fc43053', 'deviceID': 'device123', 'timeStamp': '2025-03-06T10:19:45Z', 'temperature': 23, 'trace_id': 'd999e6f2-b2e1-4a19-a517-0e0b949bd163'}}
2025-03-06 12:09:51,828 - basicLogger - INFO - Message: {'type': 'temperature', 'datetime': '2025-03-06T10:19:46', 'payload': {'eventID': '9c7329fe-7371-46da-8641-2a01d21dcb1f', 'deviceID': 'device123', 'timeStamp': '2025-03-06T10:19:45Z', 'temperature': 31, 'trace_id': '7d4cd8dc-590b-4fe7-94ee-3be9e605d9d1'}}
2025-03-06 12:09:51,836 - basicLogger - INFO - Message: {'type': 'temperature', 'datetime': '2025-03-06T10:19:46', 'payload': {'eventID': 'ff92e9be-a8fa-40cd-80f7-c2b214fa2e9e', 'deviceID': 'device123', 'timeStamp': '2025-03-06T10:19:45Z', 'temperature': 18, 'trace_id': 'd04e3ebe-1c75-4c04-9544-a1bbb61fceb7'}}
2025-03-06 12:09:51,844 - basicLogger - INFO - Message: {'type': 'temperature', 'datetime': '2025-03-06T10:19:46', 'payload': {'eventID': 'bded6d15-cb05-4934-bec4-872cc3ef0d09', 'deviceID': 'device123', 'timeStamp': '2025-03-06T10:19:45Z', 'temperature': 32, 'trace_id': '2cd05fae-896b-4179-ad1f-7e1b82ba4aea'}}
2025-03-06 12:09:51,851 - basicLogger - INFO - Message: {'type': 'temperature', 'datetime': '2025-03-06T10:19:46', 'payload': {'eventID': 'dc08a131-9def-458b-9b6b-0acb19542821', 'deviceID': 'device123', 'timeStamp': '2025-03-06T10:19:45Z', 'temperature': 24, 'trace_id': '7a528b8f-1b8d-4844-a250-c3a1b6fe7a61'}}
2025-03-06 12:09:51,859 - basicLogger - INFO - Message: {'type': 'wind-speed', 'datetime': '2025-03-06T10:19:46', 'payload': {'eventID': '1915d67a-5e2b-4767-a8ab-ccd58dd732a6', 'deviceID': 'windSensor-001', 'timeStamp': '2025-03-06T10:19:45Z', 'windspeed': 28, 'location': {'latitude': 36, 'longitude': -77}, 'trace_id': '985a23da-41e1-4e29-aebe-f1e61d2d4688'}}
2025-03-06 12:09:51,867 - basicLogger - INFO - Message: {'type': 'temperature', 'datetime': '2025-03-06T10:19:46', 'payload': {'eventID': '78b9abd1-f776-4508-add8-e3d7196cadc0', 'deviceID': 'device123', 'timeStamp': '2025-03-06T10:19:45Z', 'temperature': 27, 'trace_id': 'f459aaaf-0411-4456-9615-6f7e3048f689'}}
2025-03-06 12:09:51,875 - basicLogger - INFO - Message: {'type': 'wind-speed', 'datetime': '2025-03-06T10:19:46', 'payload': {'eventID': '8518bff8-38eb-4373-860d-f182220e582e', 'deviceID': 'windSensor-001', 'timeStamp': '2025-03-06T10:19:45Z', 'windspeed': 7, 'location': {'latitude': 37, 'longitude': -80}, 'trace_id': '8233f2eb-5137-4a22-a17c-38f72dc497b7'}}
2025-03-06 12:09:51,888 - basicLogger - INFO - Message: {'type': 'wind-speed', 'datetime': '2025-03-06T10:19:46', 'payload': {'eventID': 'bd7fe3a9-b463-4cdf-bf66-fd4dcd4cc13b', 'deviceID': 'windSensor-001', 'timeStamp': '2025-03-06T10:19:45Z', 'windspeed': 25, 'location': {'latitude': 37, 'longitude': -74}, 'trace_id': 'aa7d1675-75db-4af1-be37-c316b469eb6a'}}
2025-03-06 12:09:51,905 - basicLogger - INFO - Message: {'type': 'temperature', 'datetime': '2025-03-06T10:19:46', 'payload': {'eventID': '89fb0c79-c877-4577-9ec6-10c6c73a0813', 'deviceID': 'device123', 'timeStamp': '2025-03-06T10:19:45Z', 'temperature': 17, 'trace_id': '709f2556-d688-40d4-9773-8f77f47e0d25'}}
2025-03-06 12:09:51,920 - basicLogger - INFO - Message: {'type': 'temperature', 'datetime': '2025-03-06T10:19:46', 'payload': {'eventID': '594240df-71fe-4551-bf95-e54b99541bf3', 'deviceID': 'device123', 'timeStamp': '2025-03-06T10:19:45Z', 'temperature': 27, 'trace_id': '8caf126d-f96f-4767-8569-839fc4c2dd39'}}
2025-03-06 12:09:51,937 - basicLogger - INFO - Message: {'type': 'temperature', 'datetime': '2025-03-06T10:19:46', 'payload': {'eventID': '5e137a9e-feea-4e1f-a0d5-2d3de32e526d', 'deviceID': 'device123', 'timeStamp': '2025-03-06T10:19:45Z', 'temperature': 35, 'trace_id': 'a033f70d-93e6-4be7-b279-49b71b15ff52'}}
2025-03-06 12:09:51,953 - basicLogger - INFO - Message: {'type': 'wind-speed', 'datetime': '2025-03-06T10:19:46', 'payload': {'eventID': '17df3773-27d2-4a42-8608-2952a45d2d06', 'deviceID': 'windSensor-001', 'timeStamp': '2025-03-06T10:19:45Z', 'windspeed': 10, 'location': {'latitude': 38, 'longitude': -79}, 'trace_id': '1b287ec6-79e1-4b95-b2e2-700d4e365a67'}}
2025-03-06 12:09:51,969 - basicLogger - INFO - Message: {'type': 'temperature', 'datetime': '2025-03-06T10:19:46', 'payload': {'eventID': '067b2047-8974-466c-b49c-057186485a3f', 'deviceID': 'device123', 'timeStamp': '2025-03-06T10:19:45Z', 'temperature': 21, 'trace_id': '194b2e03-86d5-48cb-be56-86abed309d70'}}
2025-03-06 12:09:51,985 - basicLogger - INFO - Message: {'type': 'temperature', 'datetime': '2025-03-06T10:19:46', 'payload': {'eventID': '8455947a-dda1-447c-9ff2-ddd1c6fd65ff', 'deviceID': 'device123', 'timeStamp': '2025-03-06T10:19:45Z', 'temperature': 27, 'trace_id': 'cc6f1ce3-0b79-4db2-a191-0ab565693bc2'}}
2025-03-06 12:09:52,001 - basicLogger - INFO - Message: {'type': 'temperature', 'datetime': '2025-03-06T10:19:46', 'payload': {'eventID': '12b76f26-722a-45be-989b-d080e0a620bf', 'deviceID': 'device123', 'timeStamp': '2025-03-06T10:19:45Z', 'temperature': 16, 'trace_id': 'efda2769-ca94-4fff-978f-6baa40decf3b'}}
2025-03-06 12:09:52,014 - basicLogger - INFO - Message: {'type': 'wind-speed', 'datetime': '2025-03-06T10:19:46', 'payload': {'eventID': 'edf26629-ee5e-48a4-a196-92ffc3d9f9e0', 'deviceID': 'windSensor-001', 'timeStamp': '2025-03-06T10:19:45Z', 'windspeed': 25, 'location': {'latitude': 40, 'longitude': -76}, 'trace_id': 'd5293d77-aa30-4500-9cb9-a0bd21313523'}}
2025-03-06 12:09:52,023 - basicLogger - INFO - Message: {'type': 'temperature', 'datetime': '2025-03-06T10:19:46', 'payload': {'eventID': '30d4df54-299a-451d-a66f-076e110ad4e8', 'deviceID': 'device123', 'timeStamp': '2025-03-06T10:19:45Z', 'temperature': 15, 'trace_id': 'a08581a8-0d15-434b-8695-1f7a666c861e'}}
2025-03-06 12:09:52,031 - basicLogger - INFO - Message: {'type': 'temperature', 'datetime': '2025-03-06T10:19:46', 'payload': {'eventID': 'f67554e9-ad43-4792-96dc-5b88ddc1d7fd', 'deviceID': 'device123', 'timeStamp': '2025-03-06T10:19:45Z', 'temperature': 32, 'trace_id': '2f4608eb-501d-4125-8780-288d66b5727f'}}
2025-03-06 12:09:52,039 - basicLogger - INFO - Message: {'type': 'temperature', 'datetime': '2025-03-06T10:19:46', 'payload': {'eventID': '8b961f76-d5ea-4db9-bb4c-7d8ff2250b60', 'deviceID': 'device123', 'timeStamp': '2025-03-06T10:19:45Z', 'temperature': 27, 'trace_id': 'fe220252-0580-4a62-88c7-68e920e16cf6'}}
2025-03-06 12:09:52,046 - basicLogger - INFO - Message: {'type': 'temperature', 'datetime': '2025-03-06T10:19:46', 'payload': {'eventID': '4fa3ee58-39df-46e3-9042-abe7c44f3538', 'deviceID': 'device123', 'timeStamp': '2025-03-06T10:19:45Z', 'temperature': 32, 'trace_id': 'e6f39dfe-1aef-4979-984c-d2e596470235'}}
2025-03-06 12:09:52,054 - basicLogger - INFO - Message: {'type': 'temperature', 'datetime': '2025-03-06T10:19:46', 'payload': {'eventID': '9c922ded-4c76-488a-a526-fec8d97c116c', 'deviceID': 'device123', 'timeStamp': '2025-03-06T10:19:45Z', 'temperature': 27, 'trace_id': '5c81843e-0923-48fd-bbb5-fd58a58ed34b'}}
2025-03-06 12:09:52,061 - basicLogger - INFO - Message: {'type': 'wind-speed', 'datetime': '2025-03-06T10:19:46', 'payload': {'eventID': '4985c8aa-2eac-4665-ad7a-2e70c6f9761a', 'deviceID': 'windSensor-001', 'timeStamp': '2025-03-06T10:19:45Z', 'windspeed': 27, 'location': {'latitude': 40, 'longitude': -75}, 'trace_id': '0d937d26-fa42-48d2-904b-7442980585da'}}
2025-03-06 12:09:52,068 - basicLogger - INFO - Message: {'type': 'temperature', 'datetime': '2025-03-06T10:19:46', 'payload': {'eventID': 'dfce9395-ee71-425a-94ac-0100cd32d6b2', 'deviceID': 'device123', 'timeStamp': '2025-03-06T10:19:45Z', 'temperature': 17, 'trace_id': 'fd714ae4-717a-452b-86c7-735dff354208'}}
2025-03-06 12:09:52,076 - basicLogger - INFO - Message: {'type': 'temperature', 'datetime': '2025-03-06T10:19:46', 'payload': {'eventID': '1b53d1af-b276-4ed3-b9c5-f96da0ccb2f3', 'deviceID': 'device123', 'timeStamp': '2025-03-06T10:19:45Z', 'temperature': 29, 'trace_id': '376df8cb-981b-48bf-9ff1-366b258a83e7'}}
2025-03-06 12:09:52,086 - basicLogger - INFO - Message: {'type': 'temperature', 'datetime': '2025-03-06T10:19:46', 'payload': {'eventID': '36537de5-10e0-4b3b-b9bf-bdc28780e76e', 'deviceID': 'device123', 'timeStamp': '2025-03-06T10:19:45Z', 'temperature': 26, 'trace_id': 'e7d13c6f-2cdb-4eb2-8037-639d61c9b5b3'}}
2025-03-06 12:09:52,093 - basicLogger - INFO - Message: {'type': 'wind-speed', 'datetime': '2025-03-06T10:19:46', 'payload': {'eventID': '03134334-cc16-4ab9-b91f-9548f71aba18', 'deviceID': 'windSensor-001', 'timeStamp': '2025-03-06T10:19:45Z', 'windspeed': 29, 'location': {'latitude': 39, 'longitude': -79}, 'trace_id': 'a940b411-15ea-4a06-9f1a-2999c7234d71'}}
2025-03-06 12:09:52,100 - basicLogger - INFO - Message: {'type': 'temperature', 'datetime': '2025-03-06T10:19:46', 'payload': {'eventID': '3838d8c8-c64b-45b4-a37e-0abd42ae3d1b', 'deviceID': 'device123', 'timeStamp': '2025-03-06T10:19:45Z', 'temperature': 22, 'trace_id': '33fa9adb-b914-44ba-beda-f4b1e73bb3f4'}}
2025-03-06 12:09:52,108 - basicLogger - INFO - Message: {'type': 'temperature', 'datetime': '2025-03-06T10:19:46', 'payload': {'eventID': '13176d09-1680-4a64-bd87-1624f75da4c6', 'deviceID': 'device123', 'timeStamp': '2025-03-06T10:19:45Z', 'temperature': 28, 'trace_id': '78a79768-7856-427b-8d4b-b371d55b1e68'}}
2025-03-06 12:09:52,115 - basicLogger - INFO - Message: {'type': 'temperature', 'datetime': '2025-03-06T10:19:46', 'payload': {'eventID': 'f8324048-8e0a-4673-ab18-2117902987ba', 'deviceID': 'device123', 'timeStamp': '2025-03-06T10:19:45Z', 'temperature': 15, 'trace_id': 'c6b01c27-7ede-4a6a-8a8e-aaf6dc9ce679'}}
2025-03-06 12:09:52,127 - basicLogger - INFO - Message: {'type': 'temperature', 'datetime': '2025-03-06T10:19:46', 'payload': {'eventID': '8b6fd8d0-0e81-4abf-ae10-0c7a266b7cbc', 'deviceID': 'device123', 'timeStamp': '2025-03-06T10:19:45Z', 'temperature': 33, 'trace_id': '8756a45d-108b-4610-989a-0958701805da'}}
2025-03-06 12:09:52,143 - basicLogger - INFO - Message: {'type': 'temperature', 'datetime': '2025-03-06T10:19:46', 'payload': {'eventID': '444f4036-2b02-450d-8180-ef853aef6e68', 'deviceID': 'device123', 'timeStamp': '2025-03-06T10:19:45Z', 'temperature': 28, 'trace_id': '89e5a8e5-0a46-4acd-917f-e355b43a94f3'}}
2025-03-06 12:09:52,159 - basicLogger - INFO - Message: {'type': 'temperature', 'datetime': '2025-03-06T10:19:46', 'payload': {'eventID': 'dea3c9f5-885d-4d59-99f4-5899509aa9f5', 'deviceID': 'device123', 'timeStamp': '2025-03-06T10:19:45Z', 'temperature': 31, 'trace_id': '65018634-8f3c-4b09-bb7c-0919baacc258'}}
2025-03-06 12:09:52,174 - basicLogger - INFO - Message: {'type': 'temperature', 'datetime': '2025-03-06T10:19:46', 'payload': {'eventID': 'ea271319-4d86-48f7-bef5-88206d3afd80', 'deviceID': 'device123', 'timeStamp': '2025-03-06T10:19:45Z', 'temperature': 27, 'trace_id': '22cc184c-45fb-4540-bdf1-4cae0c89576f'}}
2025-03-06 12:09:52,185 - basicLogger - INFO - Message: {'type': 'wind-speed', 'datetime': '2025-03-06T10:19:46', 'payload': {'eventID': '24a1aabf-bb66-49b7-ae4b-3e6292bc16b5', 'deviceID': 'windSensor-001', 'timeStamp': '2025-03-06T10:19:46Z', 'windspeed': 14, 'location': {'latitude': 45, 'longitude': -79}, 'trace_id': 'c56974d0-4371-4a47-a8e9-6d721b4d6c7b'}}
2025-03-06 12:09:52,196 - basicLogger - INFO - Message: {'type': 'temperature', 'datetime': '2025-03-06T10:19:46', 'payload': {'eventID': '19db0339-3427-4231-9d02-79f813be4ce0', 'deviceID': 'device123', 'timeStamp': '2025-03-06T10:19:46Z', 'temperature': 28, 'trace_id': 'b392bdd6-d000-45a7-a81c-55c2f81132c5'}}
2025-03-06 12:09:52,206 - basicLogger - INFO - Message: {'type': 'temperature', 'datetime': '2025-03-06T10:19:46', 'payload': {'eventID': 'e142d57e-167d-48b4-8c57-39ab7417998e', 'deviceID': 'device123', 'timeStamp': '2025-03-06T10:19:45Z', 'temperature': 18, 'trace_id': '01805540-a2b3-48b9-bdb6-364433cfaf26'}}
2025-03-06 12:09:52,216 - basicLogger - INFO - Message: {'type': 'wind-speed', 'datetime': '2025-03-06T10:19:46', 'payload': {'eventID': '469d25a2-5f76-4aa1-b675-bcf2b0ab3eec', 'deviceID': 'windSensor-001', 'timeStamp': '2025-03-06T10:19:46Z', 'windspeed': 25, 'location': {'latitude': 37, 'longitude': -75}, 'trace_id': '2b041a9b-0918-4f2d-9b37-5af3ea726720'}}
2025-03-06 12:09:52,226 - basicLogger - INFO - Message: {'type': 'wind-speed', 'datetime': '2025-03-06T10:19:46', 'payload': {'eventID': '4633bb3f-36fd-4c97-b691-5b455c3364b0', 'deviceID': 'windSensor-001', 'timeStamp': '2025-03-06T10:19:46Z', 'windspeed': 14, 'location': {'latitude': 40, 'longitude': -75}, 'trace_id': 'ba3af6aa-2034-4b91-aa8d-7672572ca30a'}}
2025-03-06 12:09:52,238 - basicLogger - INFO - Message: {'type': 'temperature', 'datetime': '2025-03-06T10:19:46', 'payload': {'eventID': '236b1f2e-4c95-4dd0-afe5-973134645c2b', 'deviceID': 'device123', 'timeStamp': '2025-03-06T10:19:46Z', 'temperature': 19, 'trace_id': '9a09baa2-a316-4bad-9706-cf362d4c2bc7'}}
2025-03-06 12:09:52,250 - basicLogger - INFO - Message: {'type': 'temperature', 'datetime': '2025-03-06T10:19:46', 'payload': {'eventID': '4cffd3d3-7169-4099-b3be-cff62c00bf38', 'deviceID': 'device123', 'timeStamp': '2025-03-06T10:19:46Z', 'temperature': 26, 'trace_id': 'f144f9d7-1033-4816-9e62-acfa2d83c6ba'}}
2025-03-06 12:09:52,260 - basicLogger - INFO - Message: {'type': 'temperature', 'datetime': '2025-03-06T10:19:46', 'payload': {'eventID': '8c2ea466-c403-4d80-a3d3-272419351602', 'deviceID': 'device123', 'timeStamp': '2025-03-06T10:19:46Z', 'temperature': 26, 'trace_id': '5e0f86b9-d22c-45da-9e93-ec865cd81845'}}
2025-03-06 12:09:52,275 - basicLogger - INFO - Message: {'type': 'wind-speed', 'datetime': '2025-03-06T10:19:46', 'payload': {'eventID': '3cb961a6-3e00-4c8b-a199-b4b3446f865a', 'deviceID': 'windSensor-001', 'timeStamp': '2025-03-06T10:19:46Z', 'windspeed': 23, 'location': {'latitude': 38, 'longitude': -79}, 'trace_id': 'c9ed328c-87f2-43a6-9b48-4590ad0eba39'}}
2025-03-06 12:09:52,284 - basicLogger - INFO - Message: {'type': 'temperature', 'datetime': '2025-03-06T10:19:46', 'payload': {'eventID': 'a99b09e6-3ecd-45d5-89fb-b975db3e4510', 'deviceID': 'device123', 'timeStamp': '2025-03-06T10:19:46Z', 'temperature': 15, 'trace_id': '54e5aa24-1f08-48ce-bd5a-9c63b1906402'}}
2025-03-06 12:09:52,294 - basicLogger - INFO - Message: {'type': 'wind-speed', 'datetime': '2025-03-06T10:19:46', 'payload': {'eventID': '19d78620-96bd-4716-8cc1-127ba3ddc6ed', 'deviceID': 'windSensor-001', 'timeStamp': '2025-03-06T10:19:46Z', 'windspeed': 18, 'location': {'latitude': 43, 'longitude': -73}, 'trace_id': '06df6923-b4a0-4c7e-b6b6-5993279591fe'}}
2025-03-06 12:09:52,303 - basicLogger - INFO - Message: {'type': 'temperature', 'datetime': '2025-03-06T10:19:46', 'payload': {'eventID': 'e6b1004b-75f4-4810-83cf-b98622ae2d24', 'deviceID': 'device123', 'timeStamp': '2025-03-06T10:19:46Z', 'temperature': 31, 'trace_id': 'b7aa86df-232f-40cb-90d3-8acd45e22cf8'}}
2025-03-06 12:09:52,313 - basicLogger - INFO - Message: {'type': 'wind-speed', 'datetime': '2025-03-06T10:19:46', 'payload': {'eventID': '5e6da023-d53a-42a7-87dd-5a81746108a3', 'deviceID': 'windSensor-001', 'timeStamp': '2025-03-06T10:19:46Z', 'windspeed': 10, 'location': {'latitude': 45, 'longitude': -74}, 'trace_id': '2ad25e10-790a-4acf-8312-ca21cd020ef3'}}
2025-03-06 12:09:52,322 - basicLogger - INFO - Message: {'type': 'temperature', 'datetime': '2025-03-06T10:19:46', 'payload': {'eventID': 'a746bea8-8207-455e-8118-a314cbb1eb36', 'deviceID': 'device123', 'timeStamp': '2025-03-06T10:19:46Z', 'temperature': 35, 'trace_id': '17e9d52b-88fb-4c2a-bc89-099ebb38213a'}}
2025-03-06 12:09:52,333 - basicLogger - INFO - Message: {'type': 'temperature', 'datetime': '2025-03-06T10:19:46', 'payload': {'eventID': '517a0f73-2801-4604-8db1-4b9f9c0f1d89', 'deviceID': 'device123', 'timeStamp': '2025-03-06T10:19:46Z', 'temperature': 35, 'trace_id': 'a56a25dd-fcba-47c6-9772-6653be4ec754'}}
2025-03-06 12:09:52,343 - basicLogger - INFO - Message: {'type': 'temperature', 'datetime': '2025-03-06T10:19:46', 'payload': {'eventID': '9fe04c3d-e43c-40fe-9e9f-044f3334c7a1', 'deviceID': 'device123', 'timeStamp': '2025-03-06T10:19:46Z', 'temperature': 27, 'trace_id': '608e7cfb-4ef3-4b9b-a0eb-2311cc0a1e9e'}}
2025-03-06 12:09:52,352 - basicLogger - INFO - Message: {'type': 'temperature', 'datetime': '2025-03-06T10:19:46', 'payload': {'eventID': '92f83cc9-6e5e-461a-99f9-142a751ee189', 'deviceID': 'device123', 'timeStamp': '2025-03-06T10:19:46Z', 'temperature': 20, 'trace_id': 'ba613370-64ac-42ce-a834-7882e0ce2358'}}
2025-03-06 12:09:52,361 - basicLogger - INFO - Message: {'type': 'temperature', 'datetime': '2025-03-06T10:19:46', 'payload': {'eventID': '0076862b-7a1c-49ed-87f2-d485476f3500', 'deviceID': 'device123', 'timeStamp': '2025-03-06T10:19:46Z', 'temperature': 32, 'trace_id': '468c7e2c-787a-46ee-967a-d528a22cbf84'}}
2025-03-06 12:09:52,370 - basicLogger - INFO - Message: {'type': 'wind-speed', 'datetime': '2025-03-06T10:19:46', 'payload': {'eventID': '7f6f8aaf-9f43-4dbe-80fe-4b6a68cffae4', 'deviceID': 'windSensor-001', 'timeStamp': '2025-03-06T10:19:46Z', 'windspeed': 12, 'location': {'latitude': 41, 'longitude': -80}, 'trace_id': 'c65f5cf3-638b-4d6b-ab69-ce99702b473a'}}
2025-03-06 12:09:52,379 - basicLogger - INFO - Message: {'type': 'temperature', 'datetime': '2025-03-06T10:19:46', 'payload': {'eventID': '3f070502-0cc8-4d33-b987-1a6afe57b078', 'deviceID': 'device123', 'timeStamp': '2025-03-06T10:19:46Z', 'temperature': 32, 'trace_id': 'b541571e-7908-4c03-a9ca-d59d738136a8'}}
2025-03-06 12:09:52,387 - basicLogger - INFO - Message: {'type': 'wind-speed', 'datetime': '2025-03-06T10:19:46', 'payload': {'eventID': '32827eda-1ce4-4885-a4d7-fa715391f6e8', 'deviceID': 'windSensor-001', 'timeStamp': '2025-03-06T10:19:46Z', 'windspeed': 24, 'location': {'latitude': 36, 'longitude': -80}, 'trace_id': '3d619104-dcf4-424e-b774-6511b883022b'}}
2025-03-06 12:09:52,397 - basicLogger - INFO - Message: {'type': 'wind-speed', 'datetime': '2025-03-06T10:19:46', 'payload': {'eventID': '6a825c2b-3f91-43ad-bdcd-049f07e2bdcd', 'deviceID': 'windSensor-001', 'timeStamp': '2025-03-06T10:19:46Z', 'windspeed': 10, 'location': {'latitude': 44, 'longitude': -73}, 'trace_id': '7017b959-2395-4e34-b6f2-b773f4701833'}}
2025-03-06 12:09:52,406 - basicLogger - INFO - Message: {'type': 'wind-speed', 'datetime': '2025-03-06T10:19:46', 'payload': {'eventID': 'e67cf0b2-0780-4ca7-a9d9-56c4423ba905', 'deviceID': 'windSensor-001', 'timeStamp': '2025-03-06T10:19:46Z', 'windspeed': 12, 'location': {'latitude': 35, 'longitude': -78}, 'trace_id': '87d70f9b-fd4c-4332-99e8-402effa80484'}}
2025-03-06 12:09:52,416 - basicLogger - INFO - Message: {'type': 'wind-speed', 'datetime': '2025-03-06T10:19:46', 'payload': {'eventID': 'f65c723a-0b90-42ab-87dd-dc97725fcdb9', 'deviceID': 'windSensor-001', 'timeStamp': '2025-03-06T10:19:46Z', 'windspeed': 29, 'location': {'latitude': 39, 'longitude': -75}, 'trace_id': '9407b829-1012-4337-a79e-3ad4c8508ad0'}}
2025-03-06 12:09:52,426 - basicLogger - INFO - Message: {'type': 'temperature', 'datetime': '2025-03-06T10:19:46', 'payload': {'eventID': 'b8c512fb-d4a4-4f2c-983f-59f33f8d920e', 'deviceID': 'device123', 'timeStamp': '2025-03-06T10:19:46Z', 'temperature': 31, 'trace_id': '5fceb8d8-190c-4946-ba4d-f42781300b9f'}}
2025-03-06 12:09:52,438 - basicLogger - INFO - Message: {'type': 'temperature', 'datetime': '2025-03-06T10:19:46', 'payload': {'eventID': '5cf46988-528a-4381-97c9-b58887b6f779', 'deviceID': 'device123', 'timeStamp': '2025-03-06T10:19:46Z', 'temperature': 15, 'trace_id': 'c3738da9-5cf3-4ac8-82e1-64667ae6e20a'}}
2025-03-06 12:09:52,448 - basicLogger - INFO - Message: {'type': 'wind-speed', 'datetime': '2025-03-06T10:19:46', 'payload': {'eventID': '7c1bdc45-301b-490c-a996-73e396dff723', 'deviceID': 'windSensor-001', 'timeStamp': '2025-03-06T10:19:46Z', 'windspeed': 20, 'location': {'latitude': 45, 'longitude': -73}, 'trace_id': 'faeb4894-3aef-4653-9856-4e03f1437448'}}
2025-03-06 12:09:52,458 - basicLogger - INFO - Message: {'type': 'temperature', 'datetime': '2025-03-06T10:19:46', 'payload': {'eventID': '4399950c-b8a9-494c-be72-800997c575b4', 'deviceID': 'device123', 'timeStamp': '2025-03-06T10:19:46Z', 'temperature': 22, 'trace_id': 'e9e813ef-191c-4813-84f2-d52f1d77a9a1'}}
2025-03-06 12:09:52,467 - basicLogger - INFO - Message: {'type': 'wind-speed', 'datetime': '2025-03-06T10:19:46', 'payload': {'eventID': 'b5a62807-a161-4f96-bf60-58107b17fa15', 'deviceID': 'windSensor-001', 'timeStamp': '2025-03-06T10:19:46Z', 'windspeed': 21, 'location': {'latitude': 40, 'longitude': -78}, 'trace_id': '5dc959e3-71fb-4550-9f46-8b0aee1f6528'}}
2025-03-06 12:09:52,477 - basicLogger - INFO - Message: {'type': 'wind-speed', 'datetime': '2025-03-06T10:19:46', 'payload': {'eventID': 'ec9fff51-7552-4921-af91-17787ed5242e', 'deviceID': 'windSensor-001', 'timeStamp': '2025-03-06T10:19:46Z', 'windspeed': 21, 'location': {'latitude': 42, 'longitude': -74}, 'trace_id': '975d40af-54ae-4843-b04e-016a5ac682b3'}}
2025-03-06 12:09:52,486 - basicLogger - INFO - Message: {'type': 'temperature', 'datetime': '2025-03-06T10:19:46', 'payload': {'eventID': '7feab94c-a635-43b9-a309-f8dcb2a4f3bb', 'deviceID': 'device123', 'timeStamp': '2025-03-06T10:19:46Z', 'temperature': 34, 'trace_id': 'e4005c93-57dd-4333-83f9-a29fef50c93f'}}
2025-03-06 12:09:52,496 - basicLogger - INFO - Message: {'type': 'wind-speed', 'datetime': '2025-03-06T10:19:46', 'payload': {'eventID': '36a7a971-f099-4c82-8b8f-a63075acf55c', 'deviceID': 'windSensor-001', 'timeStamp': '2025-03-06T10:19:46Z', 'windspeed': 13, 'location': {'latitude': 38, 'longitude': -79}, 'trace_id': 'dfa1f622-c157-4473-a614-5254d54fd94b'}}
2025-03-06 12:09:52,505 - basicLogger - INFO - Message: {'type': 'temperature', 'datetime': '2025-03-06T10:19:46', 'payload': {'eventID': '27617ebe-5240-49d9-a7c6-e66699539298', 'deviceID': 'device123', 'timeStamp': '2025-03-06T10:19:46Z', 'temperature': 15, 'trace_id': '008476be-f41e-467b-8d34-e344d7e70379'}}
2025-03-06 12:09:52,515 - basicLogger - INFO - Message: {'type': 'wind-speed', 'datetime': '2025-03-06T10:19:46', 'payload': {'eventID': '199e3799-2064-41e9-b3e7-6161c2c10e6a', 'deviceID': 'windSensor-001', 'timeStamp': '2025-03-06T10:19:46Z', 'windspeed': 18, 'location': {'latitude': 40, 'longitude': -78}, 'trace_id': '1c1d3d24-e008-43be-a1a8-50ed54cf1201'}}
2025-03-06 12:09:52,526 - basicLogger - INFO - Message: {'type': 'temperature', 'datetime': '2025-03-06T10:19:46', 'payload': {'eventID': 'ad500aed-90a7-4162-86a4-007f020c5a3c', 'deviceID': 'device123', 'timeStamp': '2025-03-06T10:19:46Z', 'temperature': 25, 'trace_id': '440ed0be-7908-4b40-905c-528484c58c45'}}
2025-03-06 12:09:52,535 - basicLogger - INFO - Message: {'type': 'wind-speed', 'datetime': '2025-03-06T10:19:46', 'payload': {'eventID': 'aa6002b8-9bbd-485a-98c7-7aa38bb1596c', 'deviceID': 'windSensor-001', 'timeStamp': '2025-03-06T10:19:46Z', 'windspeed': 21, 'location': {'latitude': 44, 'longitude': -74}, 'trace_id': '0654d7d4-ce87-4d74-9963-3c1fe505a447'}}
2025-03-06 12:09:52,545 - basicLogger - INFO - Message: {'type': 'wind-speed', 'datetime': '2025-03-06T10:19:46', 'payload': {'eventID': 'df1ac0ad-92ca-435d-aa2b-00a51c3bc2cf', 'deviceID': 'windSensor-001', 'timeStamp': '2025-03-06T10:19:46Z', 'windspeed': 28, 'location': {'latitude': 36, 'longitude': -78}, 'trace_id': 'a054cc2f-377f-46bb-9ddf-b71644212fca'}}
2025-03-06 12:09:52,553 - basicLogger - INFO - Message: {'type': 'temperature', 'datetime': '2025-03-06T10:19:46', 'payload': {'eventID': 'f37d8c1e-67ab-423e-9107-dc452758b0f8', 'deviceID': 'device123', 'timeStamp': '2025-03-06T10:19:46Z', 'temperature': 25, 'trace_id': 'ab154d69-bf3e-47b9-8a24-810f800c4b9e'}}
2025-03-06 12:09:52,563 - basicLogger - INFO - Message: {'type': 'wind-speed', 'datetime': '2025-03-06T10:19:46', 'payload': {'eventID': 'e643279f-4801-4bd2-a044-cfa153b7657b', 'deviceID': 'windSensor-001', 'timeStamp': '2025-03-06T10:19:46Z', 'windspeed': 19, 'location': {'latitude': 40, 'longitude': -80}, 'trace_id': '51df0134-aa9c-42c9-b3c1-41ce5beaa1ba'}}
2025-03-06 12:09:52,571 - basicLogger - INFO - Message: {'type': 'wind-speed', 'datetime': '2025-03-06T10:19:46', 'payload': {'eventID': '68ffcb59-2277-4d0c-ba19-f2d2a1054759', 'deviceID': 'windSensor-001', 'timeStamp': '2025-03-06T10:19:46Z', 'windspeed': 11, 'location': {'latitude': 36, 'longitude': -77}, 'trace_id': '37cb5293-19c9-4005-b0c0-31d2e6686117'}}
2025-03-06 12:09:52,582 - basicLogger - INFO - Message: {'type': 'temperature', 'datetime': '2025-03-06T10:19:46', 'payload': {'eventID': 'e70e8dc7-5627-4e17-906c-242dcdbbb961', 'deviceID': 'device123', 'timeStamp': '2025-03-06T10:19:46Z', 'temperature': 24, 'trace_id': 'ac341830-8976-4300-ac35-6579eae4c089'}}
2025-03-06 12:09:52,594 - basicLogger - INFO - Message: {'type': 'temperature', 'datetime': '2025-03-06T10:19:46', 'payload': {'eventID': 'b72dceef-ab1c-490a-a4bf-c5dbfc726bc3', 'deviceID': 'device123', 'timeStamp': '2025-03-06T10:19:46Z', 'temperature': 20, 'trace_id': '8ef6fb02-4d3c-4f9f-8d70-f4c6a7092447'}}
2025-03-06 12:09:52,603 - basicLogger - INFO - Message: {'type': 'wind-speed', 'datetime': '2025-03-06T10:19:46', 'payload': {'eventID': '1616d49d-04c7-45b6-8c46-b2f7a4a5bf2b', 'deviceID': 'windSensor-001', 'timeStamp': '2025-03-06T10:19:46Z', 'windspeed': 16, 'location': {'latitude': 41, 'longitude': -73}, 'trace_id': 'b6c8f304-a08b-4052-9a52-38a28480bf11'}}
2025-03-06 12:09:52,614 - basicLogger - INFO - Message: {'type': 'temperature', 'datetime': '2025-03-06T10:19:46', 'payload': {'eventID': '7258e114-556d-4598-bad1-5e942f123dc8', 'deviceID': 'device123', 'timeStamp': '2025-03-06T10:19:46Z', 'temperature': 22, 'trace_id': '5c64e74b-8fad-4f80-851b-329ca9edcd69'}}
2025-03-06 12:09:52,622 - basicLogger - INFO - Message: {'type': 'temperature', 'datetime': '2025-03-06T10:19:46', 'payload': {'eventID': '0031a6b7-20c2-4bbf-89d0-a5f7bcb2863f', 'deviceID': 'device123', 'timeStamp': '2025-03-06T10:19:46Z', 'temperature': 24, 'trace_id': '16170f7b-1d57-4281-9a32-c910ab997d87'}}
2025-03-06 12:09:52,632 - basicLogger - INFO - Message: {'type': 'wind-speed', 'datetime': '2025-03-06T10:19:46', 'payload': {'eventID': '269dbd0b-af51-4922-b01e-77d86bcbeabc', 'deviceID': 'windSensor-001', 'timeStamp': '2025-03-06T10:19:46Z', 'windspeed': 16, 'location': {'latitude': 35, 'longitude': -76}, 'trace_id': '17cb9c68-083a-4f25-ba51-1c724bf2bb9d'}}
2025-03-06 12:09:52,643 - basicLogger - INFO - Message: {'type': 'temperature', 'datetime': '2025-03-06T10:19:46', 'payload': {'eventID': '29131b44-a4b6-4b85-97fd-05ca9ce7429d', 'deviceID': 'device123', 'timeStamp': '2025-03-06T10:19:46Z', 'temperature': 29, 'trace_id': 'fe35ade5-46fa-4e60-b3f8-a06b548289cc'}}
2025-03-06 12:09:52,652 - basicLogger - INFO - Message: {'type': 'temperature', 'datetime': '2025-03-06T10:19:46', 'payload': {'eventID': '835a49c6-62cb-40c5-9ae6-35376716b3d6', 'deviceID': 'device123', 'timeStamp': '2025-03-06T10:19:46Z', 'temperature': 16, 'trace_id': '00d9372a-f6c4-43bd-aa75-01d6edadf2dd'}}
2025-03-06 12:09:52,662 - basicLogger - INFO - Message: {'type': 'temperature', 'datetime': '2025-03-06T10:19:46', 'payload': {'eventID': '39620787-1b2a-41d3-88a5-f56eef9fa4d1', 'deviceID': 'device123', 'timeStamp': '2025-03-06T10:19:46Z', 'temperature': 25, 'trace_id': '13ede407-3726-48bb-a751-716107547891'}}
2025-03-06 12:09:52,672 - basicLogger - INFO - Message: {'type': 'wind-speed', 'datetime': '2025-03-06T10:19:46', 'payload': {'eventID': 'c9bf5ce1-21af-45e8-909d-b1359b7aac44', 'deviceID': 'windSensor-001', 'timeStamp': '2025-03-06T10:19:46Z', 'windspeed': 26, 'location': {'latitude': 36, 'longitude': -74}, 'trace_id': 'bce7e34c-61f4-4183-bfd1-b8c2afe9d2ce'}}
2025-03-06 12:09:52,682 - basicLogger - INFO - Message: {'type': 'temperature', 'datetime': '2025-03-06T10:19:46', 'payload': {'eventID': 'a5df6e4d-7bdc-4e5e-8997-144fb84eedb7', 'deviceID': 'device123', 'timeStamp': '2025-03-06T10:19:46Z', 'temperature': 17, 'trace_id': 'f5582ffc-8632-484d-a76f-7116066e259f'}}
2025-03-06 12:09:52,692 - basicLogger - INFO - Message: {'type': 'temperature', 'datetime': '2025-03-06T10:19:46', 'payload': {'eventID': '3db38037-e3d6-4c9c-ac92-d6f0120d4efe', 'deviceID': 'device123', 'timeStamp': '2025-03-06T10:19:46Z', 'temperature': 19, 'trace_id': '76164a58-0391-4893-933c-a38341b22785'}}
2025-03-06 12:09:52,701 - basicLogger - INFO - Message: {'type': 'temperature', 'datetime': '2025-03-06T10:19:46', 'payload': {'eventID': '8dac66cd-5cb7-4604-a684-37d8dc4e8efb', 'deviceID': 'device123', 'timeStamp': '2025-03-06T10:19:46Z', 'temperature': 16, 'trace_id': '5787e17d-d93b-4df5-aae0-0d6ccff90310'}}
2025-03-06 12:09:52,710 - basicLogger - INFO - Message: {'type': 'temperature', 'datetime': '2025-03-06T10:19:46', 'payload': {'eventID': 'd17ff3be-9c65-4311-833f-ee1622525844', 'deviceID': 'device123', 'timeStamp': '2025-03-06T10:19:46Z', 'temperature': 20, 'trace_id': '5902cac3-9e1f-4a60-b63d-10a31b75563e'}}
2025-03-06 12:09:52,719 - basicLogger - INFO - Message: {'type': 'wind-speed', 'datetime': '2025-03-06T10:19:46', 'payload': {'eventID': '93559560-9e89-463b-84b3-d97ee96c8740', 'deviceID': 'windSensor-001', 'timeStamp': '2025-03-06T10:19:46Z', 'windspeed': 17, 'location': {'latitude': 44, 'longitude': -75}, 'trace_id': 'd63fc138-544c-4134-abb3-b5242a63eaf9'}}
2025-03-06 12:09:52,728 - basicLogger - INFO - Message: {'type': 'wind-speed', 'datetime': '2025-03-06T10:19:46', 'payload': {'eventID': '369d9cda-b3fa-42b5-9e79-3d62202453f0', 'deviceID': 'windSensor-001', 'timeStamp': '2025-03-06T10:19:46Z', 'windspeed': 18, 'location': {'latitude': 42, 'longitude': -73}, 'trace_id': '75269bdd-4db7-49eb-b6f3-f39cd7dfdbfb'}}
2025-03-06 12:09:52,737 - basicLogger - INFO - Message: {'type': 'temperature', 'datetime': '2025-03-06T10:19:46', 'payload': {'eventID': '73e66693-5f62-4b9b-90d4-dc7de195171a', 'deviceID': 'device123', 'timeStamp': '2025-03-06T10:19:46Z', 'temperature': 28, 'trace_id': '81d109bc-4ecf-43d2-8ed8-b7c9d0e1df2a'}}
2025-03-06 12:09:52,747 - basicLogger - INFO - Message: {'type': 'wind-speed', 'datetime': '2025-03-06T10:19:46', 'payload': {'eventID': 'f9647117-5c65-43cb-8603-47c209f7fc84', 'deviceID': 'windSensor-001', 'timeStamp': '2025-03-06T10:19:46Z', 'windspeed': 9, 'location': {'latitude': 36, 'longitude': -70}, 'trace_id': '52f079a6-f38f-45cf-9670-eda1a32f8daf'}}
2025-03-06 12:09:52,759 - basicLogger - INFO - Message: {'type': 'temperature', 'datetime': '2025-03-06T10:19:46', 'payload': {'eventID': 'b48deea1-c271-4b11-b28c-a583021d9376', 'deviceID': 'device123', 'timeStamp': '2025-03-06T10:19:46Z', 'temperature': 21, 'trace_id': '33e57306-1585-4977-bbdd-96ef2ed9ec1e'}}
2025-03-06 12:09:52,768 - basicLogger - INFO - Message: {'type': 'wind-speed', 'datetime': '2025-03-06T10:19:46', 'payload': {'eventID': '6296a4fa-2885-4509-a31b-3c7b16d059ac', 'deviceID': 'windSensor-001', 'timeStamp': '2025-03-06T10:19:46Z', 'windspeed': 25, 'location': {'latitude': 45, 'longitude': -80}, 'trace_id': 'a230a022-95d1-4cac-8079-1cfc54bc96cb'}}
2025-03-06 12:09:52,777 - basicLogger - INFO - Message: {'type': 'temperature', 'datetime': '2025-03-06T10:19:46', 'payload': {'eventID': '7fa82b5b-f2ca-4b50-8b38-c9f6260a683b', 'deviceID': 'device123', 'timeStamp': '2025-03-06T10:19:46Z', 'temperature': 16, 'trace_id': 'ad28b587-b87a-4739-a363-1edd9b91d702'}}
2025-03-06 12:09:52,789 - basicLogger - INFO - Message: {'type': 'wind-speed', 'datetime': '2025-03-06T10:19:46', 'payload': {'eventID': 'badc5491-d18f-45fe-afda-f7ef86bed78d', 'deviceID': 'windSensor-001', 'timeStamp': '2025-03-06T10:19:46Z', 'windspeed': 26, 'location': {'latitude': 43, 'longitude': -79}, 'trace_id': '4cf4b5ec-b998-4469-9456-cc04ac3d09f7'}}
2025-03-06 12:09:52,807 - basicLogger - INFO - Message: {'type': 'wind-speed', 'datetime': '2025-03-06T10:19:46', 'payload': {'eventID': '7fef17a1-27a4-439d-ae9c-c22076b11632', 'deviceID': 'windSensor-001', 'timeStamp': '2025-03-06T10:19:46Z', 'windspeed': 11, 'location': {'latitude': 43, 'longitude': -75}, 'trace_id': '62cb03a4-c918-4ed2-aa88-b074e35b6dbe'}}
2025-03-06 12:09:52,826 - basicLogger - INFO - Message: {'type': 'wind-speed', 'datetime': '2025-03-06T10:19:46', 'payload': {'eventID': 'e66a1318-684f-4d64-bd43-cf12ee03f047', 'deviceID': 'windSensor-001', 'timeStamp': '2025-03-06T10:19:46Z', 'windspeed': 29, 'location': {'latitude': 43, 'longitude': -73}, 'trace_id': '9efd9dc7-186c-45d9-ae73-c2a6e82d8665'}}
2025-03-06 12:09:52,845 - basicLogger - INFO - Message: {'type': 'wind-speed', 'datetime': '2025-03-06T10:19:46', 'payload': {'eventID': 'd1df6087-420a-4156-bd93-8f0dfa8ee3df', 'deviceID': 'windSensor-001', 'timeStamp': '2025-03-06T10:19:46Z', 'windspeed': 25, 'location': {'latitude': 43, 'longitude': -75}, 'trace_id': '2a659bb5-69cb-4f97-b128-2e88027e1540'}}
2025-03-06 12:09:52,862 - basicLogger - INFO - Message: {'type': 'wind-speed', 'datetime': '2025-03-06T10:19:46', 'payload': {'eventID': '35797e9a-a033-4205-bf73-04b0f2eb85c6', 'deviceID': 'windSensor-001', 'timeStamp': '2025-03-06T10:19:46Z', 'windspeed': 13, 'location': {'latitude': 45, 'longitude': -70}, 'trace_id': '6e869248-383c-45f2-867d-8fe05a30e608'}}
2025-03-06 12:09:52,881 - basicLogger - INFO - Message: {'type': 'wind-speed', 'datetime': '2025-03-06T10:19:46', 'payload': {'eventID': 'c3b5c53a-4cba-4d30-943f-bd6789199207', 'deviceID': 'windSensor-001', 'timeStamp': '2025-03-06T10:19:46Z', 'windspeed': 14, 'location': {'latitude': 36, 'longitude': -74}, 'trace_id': '34ebc7c5-fdab-4fc4-b7fd-8ce60a0af2e2'}}
2025-03-06 12:09:52,897 - basicLogger - INFO - Message: {'type': 'wind-speed', 'datetime': '2025-03-06T10:19:46', 'payload': {'eventID': '5698a6e5-4a2e-48af-935d-221c10d0b3b5', 'deviceID': 'windSensor-001', 'timeStamp': '2025-03-06T10:19:46Z', 'windspeed': 26, 'location': {'latitude': 41, 'longitude': -70}, 'trace_id': 'a494d7ed-9c95-4ab5-abc7-152c030691c4'}}
2025-03-06 12:09:52,913 - basicLogger - INFO - Message: {'type': 'wind-speed', 'datetime': '2025-03-06T10:19:46', 'payload': {'eventID': 'aa4eee31-802e-4d08-96d7-25d1fd90a969', 'deviceID': 'windSensor-001', 'timeStamp': '2025-03-06T10:19:46Z', 'windspeed': 23, 'location': {'latitude': 42, 'longitude': -76}, 'trace_id': '6e48fc2a-a89d-4564-9393-06eda754c95c'}}
2025-03-06 12:09:52,930 - basicLogger - INFO - Message: {'type': 'wind-speed', 'datetime': '2025-03-06T10:19:46', 'payload': {'eventID': '2d794152-68a5-4892-9001-30ea1db579df', 'deviceID': 'windSensor-001', 'timeStamp': '2025-03-06T10:19:46Z', 'windspeed': 22, 'location': {'latitude': 39, 'longitude': -78}, 'trace_id': '590ce053-ff64-42b1-846f-63417f22fc1d'}}
2025-03-06 12:09:52,948 - basicLogger - INFO - Message: {'type': 'wind-speed', 'datetime': '2025-03-06T10:19:46', 'payload': {'eventID': '6a153d85-92d9-4b1a-a9e0-c6fbca1c15db', 'deviceID': 'windSensor-001', 'timeStamp': '2025-03-06T10:19:46Z', 'windspeed': 6, 'location': {'latitude': 44, 'longitude': -74}, 'trace_id': 'bb5c5ae1-8a20-45c1-99fb-145e38c95b12'}}
2025-03-06 12:09:52,966 - basicLogger - INFO - Message: {'type': 'wind-speed', 'datetime': '2025-03-06T10:19:46', 'payload': {'eventID': 'ff396656-27e7-4187-9630-9f3a3804405b', 'deviceID': 'windSensor-001', 'timeStamp': '2025-03-06T10:19:46Z', 'windspeed': 17, 'location': {'latitude': 38, 'longitude': -70}, 'trace_id': 'cdb5e2dc-96b5-4739-98cb-62e4d98b5d6d'}}
2025-03-06 12:09:52,984 - basicLogger - INFO - Message: {'type': 'temperature', 'datetime': '2025-03-06T10:19:46', 'payload': {'eventID': '5ed711e7-0db8-4ab5-bbe5-979d5ee716e9', 'deviceID': 'device123', 'timeStamp': '2025-03-06T10:19:46Z', 'temperature': 30, 'trace_id': 'ed6de855-9f64-4525-92f8-42d366bdaeee'}}
2025-03-06 12:09:53,000 - basicLogger - INFO - Message: {'type': 'wind-speed', 'datetime': '2025-03-06T10:19:46', 'payload': {'eventID': 'a452d840-fd2b-477e-9d20-76c628b2b572', 'deviceID': 'windSensor-001', 'timeStamp': '2025-03-06T10:19:46Z', 'windspeed': 10, 'location': {'latitude': 40, 'longitude': -76}, 'trace_id': '70b0a79d-d199-4e09-a9b9-ab14084dc905'}}
2025-03-06 12:09:53,014 - basicLogger - INFO - Message: {'type': 'wind-speed', 'datetime': '2025-03-06T10:19:46', 'payload': {'eventID': '0a76fc74-3610-4c66-999d-d844aa22159b', 'deviceID': 'windSensor-001', 'timeStamp': '2025-03-06T10:19:46Z', 'windspeed': 30, 'location': {'latitude': 36, 'longitude': -70}, 'trace_id': '0be2b3eb-c7bc-4be6-af98-c49bfe805f5d'}}
2025-03-06 12:09:53,025 - basicLogger - INFO - Message: {'type': 'temperature', 'datetime': '2025-03-06T10:19:46', 'payload': {'eventID': '737c7ab0-0fe0-4786-be8c-e56c6438e3d8', 'deviceID': 'device123', 'timeStamp': '2025-03-06T10:19:46Z', 'temperature': 25, 'trace_id': 'e3474ba8-c723-4aca-a893-7949a7ee3dc5'}}
2025-03-06 12:09:53,036 - basicLogger - INFO - Message: {'type': 'temperature', 'datetime': '2025-03-06T10:19:46', 'payload': {'eventID': 'cfc32fd3-795d-40af-99d0-2b2bbadb2f6d', 'deviceID': 'device123', 'timeStamp': '2025-03-06T10:19:46Z', 'temperature': 17, 'trace_id': '8a8a9af0-0f33-4451-9788-fff8a868d46d'}}
2025-03-06 12:09:53,048 - basicLogger - INFO - Message: {'type': 'wind-speed', 'datetime': '2025-03-06T10:19:46', 'payload': {'eventID': '9813cac5-a547-4a0c-bb2c-b5bdb50e354d', 'deviceID': 'windSensor-001', 'timeStamp': '2025-03-06T10:19:46Z', 'windspeed': 20, 'location': {'latitude': 39, 'longitude': -75}, 'trace_id': '9e1983ff-cd74-4d84-929b-aeb1812d3d21'}}
2025-03-06 12:09:53,063 - basicLogger - INFO - Message: {'type': 'wind-speed', 'datetime': '2025-03-06T10:19:46', 'payload': {'eventID': '194e6df4-36a2-40b7-9b50-ebdcb2926de6', 'deviceID': 'windSensor-001', 'timeStamp': '2025-03-06T10:19:46Z', 'windspeed': 8, 'location': {'latitude': 40, 'longitude': -72}, 'trace_id': 'f07093ec-03a1-439b-97b0-cbfbb241c0ce'}}
2025-03-06 12:09:53,078 - basicLogger - INFO - Message: {'type': 'wind-speed', 'datetime': '2025-03-06T10:19:46', 'payload': {'eventID': '726199fe-38a6-4023-a82c-3eed20d9f897', 'deviceID': 'windSensor-001', 'timeStamp': '2025-03-06T10:19:46Z', 'windspeed': 20, 'location': {'latitude': 35, 'longitude': -77}, 'trace_id': 'b976db52-a157-447b-969d-a86d2f9c70d9'}}
2025-03-06 12:09:53,094 - basicLogger - INFO - Message: {'type': 'temperature', 'datetime': '2025-03-06T10:19:46', 'payload': {'eventID': '52106456-6f8c-42e0-81c7-b4c636a1a6b8', 'deviceID': 'device123', 'timeStamp': '2025-03-06T10:19:46Z', 'temperature': 25, 'trace_id': '837fc29d-d87f-430a-a514-d858b75afd9d'}}
2025-03-06 12:09:53,104 - basicLogger - INFO - Message: {'type': 'wind-speed', 'datetime': '2025-03-06T10:19:46', 'payload': {'eventID': '991d167a-f677-49f6-959e-a5c4241a4de3', 'deviceID': 'windSensor-001', 'timeStamp': '2025-03-06T10:19:46Z', 'windspeed': 16, 'location': {'latitude': 38, 'longitude': -70}, 'trace_id': 'ff8155a6-227e-424e-a65b-a7423d8c5c2d'}}
2025-03-06 12:09:53,116 - basicLogger - INFO - Message: {'type': 'wind-speed', 'datetime': '2025-03-06T10:19:46', 'payload': {'eventID': '67957498-4d61-4292-af05-f5c6bd9acb5e', 'deviceID': 'windSensor-001', 'timeStamp': '2025-03-06T10:19:46Z', 'windspeed': 14, 'location': {'latitude': 45, 'longitude': -73}, 'trace_id': '9b98bab9-e3eb-4355-84a5-133625d734e2'}}
2025-03-06 12:09:53,127 - basicLogger - INFO - Message: {'type': 'temperature', 'datetime': '2025-03-06T10:19:46', 'payload': {'eventID': '0d3e5df5-f279-4fbc-8510-e2cd53021828', 'deviceID': 'device123', 'timeStamp': '2025-03-06T10:19:46Z', 'temperature': 33, 'trace_id': '2c944ce9-de39-440a-8eab-3a49697f89dd'}}
2025-03-06 12:09:53,138 - basicLogger - INFO - Message: {'type': 'wind-speed', 'datetime': '2025-03-06T10:19:46', 'payload': {'eventID': '88ffd323-9d4b-4a37-a7e4-aed2676a1d44', 'deviceID': 'windSensor-001', 'timeStamp': '2025-03-06T10:19:46Z', 'windspeed': 23, 'location': {'latitude': 45, 'longitude': -76}, 'trace_id': '4b0c0f2c-97e9-40e9-b50e-163d75910a1d'}}
2025-03-06 12:09:53,149 - basicLogger - INFO - Message: {'type': 'wind-speed', 'datetime': '2025-03-06T10:19:46', 'payload': {'eventID': 'd5f35641-0648-49da-b85d-536d826756d6', 'deviceID': 'windSensor-001', 'timeStamp': '2025-03-06T10:19:46Z', 'windspeed': 30, 'location': {'latitude': 36, 'longitude': -70}, 'trace_id': 'bb2b9844-41cb-4f4c-b015-dc7f667a1483'}}
2025-03-06 12:09:53,161 - basicLogger - INFO - Message: {'type': 'wind-speed', 'datetime': '2025-03-06T10:19:46', 'payload': {'eventID': 'd6ef7f57-7ea8-4c2f-9b53-db98de21f2dc', 'deviceID': 'windSensor-001', 'timeStamp': '2025-03-06T10:19:46Z', 'windspeed': 30, 'location': {'latitude': 45, 'longitude': -73}, 'trace_id': 'fab75a0a-5aeb-4038-81da-29e8e5f98d4d'}}
2025-03-06 12:09:53,172 - basicLogger - INFO - Message: {'type': 'wind-speed', 'datetime': '2025-03-06T10:19:46', 'payload': {'eventID': '38540303-f047-419a-8f65-2ff9e14d179c', 'deviceID': 'windSensor-001', 'timeStamp': '2025-03-06T10:19:46Z', 'windspeed': 19, 'location': {'latitude': 37, 'longitude': -73}, 'trace_id': '213e777f-60a6-49ed-8470-26ed89cf9748'}}
2025-03-06 12:09:53,184 - basicLogger - INFO - Message: {'type': 'wind-speed', 'datetime': '2025-03-06T10:19:46', 'payload': {'eventID': 'e6ded5b8-dafb-4460-a336-4bd85585cbd5', 'deviceID': 'windSensor-001', 'timeStamp': '2025-03-06T10:19:46Z', 'windspeed': 18, 'location': {'latitude': 40, 'longitude': -76}, 'trace_id': 'e7b6405e-a5d9-4493-8dbe-2f786220192f'}}
2025-03-06 12:09:53,195 - basicLogger - INFO - Message: {'type': 'wind-speed', 'datetime': '2025-03-06T10:19:46', 'payload': {'eventID': 'f8d6ef7e-09f4-45da-82ad-87e2c04ca96b', 'deviceID': 'windSensor-001', 'timeStamp': '2025-03-06T10:19:46Z', 'windspeed': 7, 'location': {'latitude': 40, 'longitude': -71}, 'trace_id': '8761333a-74b6-4f67-84c1-de4720fe16b6'}}
2025-03-06 12:09:53,208 - basicLogger - INFO - Message: {'type': 'temperature', 'datetime': '2025-03-06T10:19:46', 'payload': {'eventID': '63d5ce74-4405-4a59-ae9d-1ed17f6de477', 'deviceID': 'device123', 'timeStamp': '2025-03-06T10:19:46Z', 'temperature': 33, 'trace_id': '56803060-5059-4ddd-a17b-8d75ffee4562'}}
2025-03-06 12:09:53,219 - basicLogger - INFO - Message: {'type': 'temperature', 'datetime': '2025-03-06T10:19:46', 'payload': {'eventID': '05d27b44-6d45-47aa-9d2a-2af06b170103', 'deviceID': 'device123', 'timeStamp': '2025-03-06T10:19:46Z', 'temperature': 35, 'trace_id': 'a0f28be4-11c4-4cdc-8218-8f9a717abdd9'}}
2025-03-06 12:09:53,230 - basicLogger - INFO - Message: {'type': 'wind-speed', 'datetime': '2025-03-06T10:19:46', 'payload': {'eventID': 'a11ac4be-2578-4d6c-bead-7cf483d4888f', 'deviceID': 'windSensor-001', 'timeStamp': '2025-03-06T10:19:46Z', 'windspeed': 20, 'location': {'latitude': 37, 'longitude': -80}, 'trace_id': 'e4e19c5f-95ba-403a-9727-327b9f0a0ce9'}}
2025-03-06 12:09:53,241 - basicLogger - INFO - Message: {'type': 'wind-speed', 'datetime': '2025-03-06T10:19:46', 'payload': {'eventID': '756de666-4ba4-407d-a58d-59055f8dbd10', 'deviceID': 'windSensor-001', 'timeStamp': '2025-03-06T10:19:46Z', 'windspeed': 25, 'location': {'latitude': 45, 'longitude': -71}, 'trace_id': '7c97ad68-c08c-4580-9235-ac8d8e22b834'}}
2025-03-06 12:09:53,253 - basicLogger - INFO - Message: {'type': 'wind-speed', 'datetime': '2025-03-06T10:19:46', 'payload': {'eventID': 'b600a0b9-c354-4ead-b279-1d55381f123d', 'deviceID': 'windSensor-001', 'timeStamp': '2025-03-06T10:19:46Z', 'windspeed': 23, 'location': {'latitude': 37, 'longitude': -74}, 'trace_id': 'fd669bb3-3872-49ce-9d68-4571a921838a'}}
2025-03-06 12:09:53,265 - basicLogger - INFO - Message: {'type': 'wind-speed', 'datetime': '2025-03-06T10:19:46', 'payload': {'eventID': '12ca19f2-05d2-43eb-bb61-010423410e8d', 'deviceID': 'windSensor-001', 'timeStamp': '2025-03-06T10:19:46Z', 'windspeed': 10, 'location': {'latitude': 38, 'longitude': -73}, 'trace_id': '8dda54b2-fe1d-4cc7-a2b7-74dc05308d19'}}
2025-03-06 12:09:53,276 - basicLogger - INFO - Message: {'type': 'wind-speed', 'datetime': '2025-03-06T10:19:46', 'payload': {'eventID': '1e786859-39d9-4613-a5a9-e56c88babdf0', 'deviceID': 'windSensor-001', 'timeStamp': '2025-03-06T10:19:46Z', 'windspeed': 6, 'location': {'latitude': 42, 'longitude': -79}, 'trace_id': 'e2aa86f8-9a4b-49a2-a9d2-628c3da4f688'}}
2025-03-06 12:09:53,288 - basicLogger - INFO - Message: {'type': 'wind-speed', 'datetime': '2025-03-06T10:19:46', 'payload': {'eventID': '7366f299-9312-411f-80f2-c2961147679d', 'deviceID': 'windSensor-001', 'timeStamp': '2025-03-06T10:19:46Z', 'windspeed': 17, 'location': {'latitude': 35, 'longitude': -79}, 'trace_id': 'de43058c-0a07-48e1-9bcb-7483021b6c56'}}
2025-03-06 12:09:53,300 - basicLogger - INFO - Message: {'type': 'wind-speed', 'datetime': '2025-03-06T10:19:46', 'payload': {'eventID': '42bc4c3a-bf3b-4a17-8ea1-6686bf2b9639', 'deviceID': 'windSensor-001', 'timeStamp': '2025-03-06T10:19:46Z', 'windspeed': 6, 'location': {'latitude': 43, 'longitude': -75}, 'trace_id': '0376e626-d0f3-4b5a-8935-c3e31ed4c6fc'}}
2025-03-06 12:09:53,312 - basicLogger - INFO - Message: {'type': 'wind-speed', 'datetime': '2025-03-06T10:19:46', 'payload': {'eventID': 'a05414b5-89a4-4425-9c55-9d25a1fbf5e6', 'deviceID': 'windSensor-001', 'timeStamp': '2025-03-06T10:19:46Z', 'windspeed': 25, 'location': {'latitude': 40, 'longitude': -79}, 'trace_id': '44734354-ae32-419d-9ffd-24cfbf3bf371'}}
2025-03-06 12:09:53,332 - basicLogger - INFO - Message: {'type': 'temperature', 'datetime': '2025-03-06T10:19:46', 'payload': {'eventID': 'd8e02329-d6e5-446d-a1c1-189f88ee2801', 'deviceID': 'device123', 'timeStamp': '2025-03-06T10:19:46Z', 'temperature': 23, 'trace_id': '5837baa4-7468-4caf-a0ac-35498717a619'}}
2025-03-06 12:09:53,344 - basicLogger - INFO - Message: {'type': 'wind-speed', 'datetime': '2025-03-06T10:19:46', 'payload': {'eventID': '36252503-9682-4310-bd9b-7ed1bd86a7d6', 'deviceID': 'windSensor-001', 'timeStamp': '2025-03-06T10:19:46Z', 'windspeed': 15, 'location': {'latitude': 40, 'longitude': -72}, 'trace_id': 'ae93c9f1-3111-44ec-a7e9-b2fa344eb5ea'}}
2025-03-06 12:09:53,354 - basicLogger - INFO - Message: {'type': 'temperature', 'datetime': '2025-03-06T10:19:46', 'payload': {'eventID': '499c571a-719b-40e1-85fc-af925e2aec18', 'deviceID': 'device123', 'timeStamp': '2025-03-06T10:19:46Z', 'temperature': 23, 'trace_id': 'd908d325-01b9-4e3c-92b5-29888f9e4ef0'}}
2025-03-06 12:09:53,366 - basicLogger - INFO - Message: {'type': 'wind-speed', 'datetime': '2025-03-06T10:19:46', 'payload': {'eventID': '09c6c675-7a89-4ef6-a94d-2a0d99bf64a6', 'deviceID': 'windSensor-001', 'timeStamp': '2025-03-06T10:19:46Z', 'windspeed': 9, 'location': {'latitude': 38, 'longitude': -72}, 'trace_id': '8b09292f-50b8-42f8-aa9b-e8ff327b57d3'}}
2025-03-06 12:09:53,378 - basicLogger - INFO - Message: {'type': 'wind-speed', 'datetime': '2025-03-06T10:19:46', 'payload': {'eventID': 'c5161fdc-c040-470e-bd20-06ddcbe7549e', 'deviceID': 'windSensor-001', 'timeStamp': '2025-03-06T10:19:46Z', 'windspeed': 14, 'location': {'latitude': 40, 'longitude': -75}, 'trace_id': '8769789f-aabd-45ec-8cf5-7e21fc1075b3'}}
2025-03-06 12:09:53,388 - basicLogger - INFO - Message: {'type': 'wind-speed', 'datetime': '2025-03-06T10:19:46', 'payload': {'eventID': '8ef7f851-b37c-409d-9117-0c9b17482980', 'deviceID': 'windSensor-001', 'timeStamp': '2025-03-06T10:19:46Z', 'windspeed': 10, 'location': {'latitude': 44, 'longitude': -79}, 'trace_id': '98816d05-4c40-4306-aaaa-5ac018758958'}}
2025-03-06 12:09:53,400 - basicLogger - INFO - Message: {'type': 'temperature', 'datetime': '2025-03-06T10:19:46', 'payload': {'eventID': '9a012239-c566-46e5-8dac-19d4c92270f0', 'deviceID': 'device123', 'timeStamp': '2025-03-06T10:19:46Z', 'temperature': 17, 'trace_id': 'a316edc1-0f67-4ae6-9e22-66b221717572'}}
2025-03-06 12:09:53,411 - basicLogger - INFO - Message: {'type': 'temperature', 'datetime': '2025-03-06T10:19:46', 'payload': {'eventID': '65b86e4d-3734-45e7-b5c3-500e1c4f5c7a', 'deviceID': 'device123', 'timeStamp': '2025-03-06T10:19:46Z', 'temperature': 35, 'trace_id': 'aefb4ac5-d9d8-4fe8-995f-fd2a7d0340e4'}}
2025-03-06 12:09:53,421 - basicLogger - INFO - Message: {'type': 'wind-speed', 'datetime': '2025-03-06T10:19:46', 'payload': {'eventID': 'eec717dd-1723-4ee0-8103-8987c680bed3', 'deviceID': 'windSensor-001', 'timeStamp': '2025-03-06T10:19:46Z', 'windspeed': 22, 'location': {'latitude': 38, 'longitude': -70}, 'trace_id': '7a183f69-f8a0-4ba5-816b-34a8fbf7f2f4'}}
2025-03-06 12:09:53,439 - basicLogger - INFO - Message: {'type': 'wind-speed', 'datetime': '2025-03-06T10:19:46', 'payload': {'eventID': '2a34d1e4-24bd-4107-a3a9-d30eaf6d611f', 'deviceID': 'windSensor-001', 'timeStamp': '2025-03-06T10:19:46Z', 'windspeed': 21, 'location': {'latitude': 42, 'longitude': -72}, 'trace_id': '00014f5a-0d91-4f3f-a452-50e3692b42c6'}}
2025-03-06 12:09:53,456 - basicLogger - INFO - Message: {'type': 'temperature', 'datetime': '2025-03-06T10:19:46', 'payload': {'eventID': 'a3f3afc0-1f2a-41ee-9417-2da987245d1f', 'deviceID': 'device123', 'timeStamp': '2025-03-06T10:19:46Z', 'temperature': 22, 'trace_id': '9498d75d-06e5-48eb-a504-685cf9193570'}}
2025-03-06 12:09:53,481 - basicLogger - INFO - Message: {'type': 'wind-speed', 'datetime': '2025-03-06T10:19:46', 'payload': {'eventID': '8928b75d-5af0-47ff-8efb-85b9b1fd6cc9', 'deviceID': 'windSensor-001', 'timeStamp': '2025-03-06T10:19:46Z', 'windspeed': 14, 'location': {'latitude': 37, 'longitude': -74}, 'trace_id': '2e2ce7b5-f69d-4980-b2bb-7dac1368c7e0'}}
2025-03-06 12:09:53,503 - basicLogger - INFO - Message: {'type': 'temperature', 'datetime': '2025-03-06T10:19:46', 'payload': {'eventID': 'ca43a8c6-c3e9-416d-92ec-db72ac5f99f6', 'deviceID': 'device123', 'timeStamp': '2025-03-06T10:19:46Z', 'temperature': 35, 'trace_id': 'f709dd63-9faf-48bf-949d-81124dea946c'}}
2025-03-06 12:09:53,513 - basicLogger - INFO - Message: {'type': 'wind-speed', 'datetime': '2025-03-06T10:19:46', 'payload': {'eventID': '629ebde3-8706-4316-bb24-fd03e0e54424', 'deviceID': 'windSensor-001', 'timeStamp': '2025-03-06T10:19:46Z', 'windspeed': 19, 'location': {'latitude': 35, 'longitude': -78}, 'trace_id': '1484e2f2-d90e-4178-b5bd-7368dec09256'}}
2025-03-06 12:09:53,527 - basicLogger - INFO - Message: {'type': 'wind-speed', 'datetime': '2025-03-06T10:19:46', 'payload': {'eventID': 'e00b0424-29ed-4555-ae18-ed522a64f991', 'deviceID': 'windSensor-001', 'timeStamp': '2025-03-06T10:19:46Z', 'windspeed': 18, 'location': {'latitude': 40, 'longitude': -70}, 'trace_id': 'eea189e8-9a04-40eb-ab01-8009c440e6a9'}}
2025-03-06 12:09:53,535 - basicLogger - INFO - Message: {'type': 'wind-speed', 'datetime': '2025-03-06T10:19:46', 'payload': {'eventID': '0017a9e3-3eee-414a-8959-b5428a6ecfc8', 'deviceID': 'windSensor-001', 'timeStamp': '2025-03-06T10:19:46Z', 'windspeed': 21, 'location': {'latitude': 35, 'longitude': -70}, 'trace_id': 'a56c3f73-1de6-4ba3-a8e4-9e44623c757a'}}
2025-03-06 12:09:53,544 - basicLogger - INFO - Message: {'type': 'temperature', 'datetime': '2025-03-06T10:19:46', 'payload': {'eventID': 'fe0feaf6-83df-4b49-b929-7a7065c0673e', 'deviceID': 'device123', 'timeStamp': '2025-03-06T10:19:46Z', 'temperature': 34, 'trace_id': 'a4d69bef-e00a-4c4f-80d4-367255789707'}}
2025-03-06 12:09:53,553 - basicLogger - INFO - Message: {'type': 'wind-speed', 'datetime': '2025-03-06T10:19:46', 'payload': {'eventID': 'cf4c749b-2e31-45ff-bcf3-9e7d1f328d88', 'deviceID': 'windSensor-001', 'timeStamp': '2025-03-06T10:19:46Z', 'windspeed': 7, 'location': {'latitude': 41, 'longitude': -72}, 'trace_id': 'a78d2046-1553-4bf2-86b7-2a71069f2411'}}
2025-03-06 12:09:53,563 - basicLogger - INFO - Message: {'type': 'temperature', 'datetime': '2025-03-06T10:19:46', 'payload': {'eventID': '3d0134f1-7858-47e4-8a54-3f46c4bdc811', 'deviceID': 'device123', 'timeStamp': '2025-03-06T10:19:46Z', 'temperature': 29, 'trace_id': '1daeca61-7f28-4913-9ec1-8ff5be7d0dc1'}}
2025-03-06 12:09:53,572 - basicLogger - INFO - Message: {'type': 'wind-speed', 'datetime': '2025-03-06T10:19:46', 'payload': {'eventID': '0f875f63-46fd-4d1c-88d2-a3f8be1753c8', 'deviceID': 'windSensor-001', 'timeStamp': '2025-03-06T10:19:46Z', 'windspeed': 20, 'location': {'latitude': 42, 'longitude': -70}, 'trace_id': '8739233e-4e48-48d4-a8b0-4c335eedca4d'}}
2025-03-06 12:09:53,582 - basicLogger - INFO - Message: {'type': 'wind-speed', 'datetime': '2025-03-06T10:19:46', 'payload': {'eventID': '0dfdb3ac-eca7-468d-bb39-4058ef1327ba', 'deviceID': 'windSensor-001', 'timeStamp': '2025-03-06T10:19:46Z', 'windspeed': 21, 'location': {'latitude': 42, 'longitude': -77}, 'trace_id': '0a42255c-cb2c-416b-a040-e19d6174a501'}}
2025-03-06 12:09:53,592 - basicLogger - INFO - Message: {'type': 'temperature', 'datetime': '2025-03-06T10:19:46', 'payload': {'eventID': '8c445ec4-d95e-44db-a535-6a3c5740d5f7', 'deviceID': 'device123', 'timeStamp': '2025-03-06T10:19:46Z', 'temperature': 18, 'trace_id': '7fa480d3-e4d5-4b92-bd29-441eb9a6c94f'}}
2025-03-06 12:09:53,600 - basicLogger - INFO - Message: {'type': 'temperature', 'datetime': '2025-03-06T10:19:46', 'payload': {'eventID': '71d10bfe-ca47-45f2-85f0-1fb392f172ce', 'deviceID': 'device123', 'timeStamp': '2025-03-06T10:19:46Z', 'temperature': 33, 'trace_id': '081f9755-8db3-4a76-a4bc-c3fab369f3ea'}}
2025-03-06 12:09:53,609 - basicLogger - INFO - Message: {'type': 'temperature', 'datetime': '2025-03-06T10:19:46', 'payload': {'eventID': '0c8e128c-b10d-4ccb-9631-a2dab3d366eb', 'deviceID': 'device123', 'timeStamp': '2025-03-06T10:19:46Z', 'temperature': 21, 'trace_id': '1d6e6a13-13a1-4a32-a31a-11c7083fbdf9'}}
2025-03-06 12:09:53,618 - basicLogger - INFO - Message: {'type': 'temperature', 'datetime': '2025-03-06T10:19:46', 'payload': {'eventID': '23fa488a-e2e7-476d-80a9-68e10519f2c5', 'deviceID': 'device123', 'timeStamp': '2025-03-06T10:19:46Z', 'temperature': 24, 'trace_id': '43745009-9485-4cee-b09b-d9d957337985'}}
2025-03-06 12:09:53,627 - basicLogger - INFO - Message: {'type': 'wind-speed', 'datetime': '2025-03-06T10:19:46', 'payload': {'eventID': '15ba804a-54ce-43c3-a0a6-0d1b70b34aaf', 'deviceID': 'windSensor-001', 'timeStamp': '2025-03-06T10:19:46Z', 'windspeed': 12, 'location': {'latitude': 43, 'longitude': -76}, 'trace_id': 'b02050d1-067c-46b2-bbd3-ca926960051d'}}
2025-03-06 12:09:53,635 - basicLogger - INFO - Message: {'type': 'temperature', 'datetime': '2025-03-06T10:19:46', 'payload': {'eventID': '01bea6d1-d8ab-43b4-ae3a-e23f094d2023', 'deviceID': 'device123', 'timeStamp': '2025-03-06T10:19:46Z', 'temperature': 17, 'trace_id': 'ba21985c-b8f7-48e3-a2fd-12d6785e53ca'}}
2025-03-06 12:09:53,644 - basicLogger - INFO - Message: {'type': 'temperature', 'datetime': '2025-03-06T10:19:46', 'payload': {'eventID': '7f005787-b24e-4f62-82c1-ca4feada077a', 'deviceID': 'device123', 'timeStamp': '2025-03-06T10:19:46Z', 'temperature': 28, 'trace_id': '40e192dc-cef1-4f05-a938-9e9785ba9a4f'}}
2025-03-06 12:09:53,654 - basicLogger - INFO - Message: {'type': 'wind-speed', 'datetime': '2025-03-06T10:19:46', 'payload': {'eventID': '9ed30913-e80b-4570-842b-96fcc4afc1e4', 'deviceID': 'windSensor-001', 'timeStamp': '2025-03-06T10:19:46Z', 'windspeed': 5, 'location': {'latitude': 38, 'longitude': -76}, 'trace_id': '38df836d-c4b1-49b3-b4ae-20685dcf5ce8'}}
2025-03-06 12:09:53,665 - basicLogger - INFO - Message: {'type': 'wind-speed', 'datetime': '2025-03-06T10:19:46', 'payload': {'eventID': 'dbb3d825-023c-464a-a091-9f288deae14c', 'deviceID': 'windSensor-001', 'timeStamp': '2025-03-06T10:19:46Z', 'windspeed': 26, 'location': {'latitude': 40, 'longitude': -71}, 'trace_id': 'cd246bc7-9b8d-4819-88df-8038557a403f'}}
2025-03-06 12:09:53,674 - basicLogger - INFO - Message: {'type': 'temperature', 'datetime': '2025-03-06T10:19:46', 'payload': {'eventID': '2ed4bc4e-f0c0-47c0-b57f-11b2743f6b14', 'deviceID': 'device123', 'timeStamp': '2025-03-06T10:19:46Z', 'temperature': 16, 'trace_id': 'ef898585-1705-4ac2-9070-60398ed439ad'}}
2025-03-06 12:09:53,683 - basicLogger - INFO - Message: {'type': 'temperature', 'datetime': '2025-03-06T10:19:46', 'payload': {'eventID': 'ff9b8a97-4ebc-40c6-895c-2b91811fe54e', 'deviceID': 'device123', 'timeStamp': '2025-03-06T10:19:46Z', 'temperature': 17, 'trace_id': '5c40ecda-c288-4c5c-89c8-89de37208cdb'}}
2025-03-06 12:09:53,691 - basicLogger - INFO - Message: {'type': 'wind-speed', 'datetime': '2025-03-06T10:19:46', 'payload': {'eventID': '211a9a87-9193-42d7-b359-a2330fcc0db9', 'deviceID': 'windSensor-001', 'timeStamp': '2025-03-06T10:19:46Z', 'windspeed': 17, 'location': {'latitude': 42, 'longitude': -77}, 'trace_id': '92478211-a9fc-478a-b72b-206880195ce3'}}
2025-03-06 12:09:53,700 - basicLogger - INFO - Message: {'type': 'temperature', 'datetime': '2025-03-06T10:19:46', 'payload': {'eventID': 'c6a2c645-6056-479a-a2d4-40030e61ee5f', 'deviceID': 'device123', 'timeStamp': '2025-03-06T10:19:46Z', 'temperature': 20, 'trace_id': 'bad66f01-6321-40e5-9bf2-f1fccb998a34'}}
2025-03-06 12:09:53,709 - basicLogger - INFO - Message: {'type': 'wind-speed', 'datetime': '2025-03-06T10:19:46', 'payload': {'eventID': 'd59ccc66-755d-4d23-9b75-efb92b1eef3e', 'deviceID': 'windSensor-001', 'timeStamp': '2025-03-06T10:19:46Z', 'windspeed': 5, 'location': {'latitude': 37, 'longitude': -79}, 'trace_id': '5a39276f-7400-4c12-9690-e5552ae72c80'}}
2025-03-06 12:09:53,717 - basicLogger - INFO - Message: {'type': 'temperature', 'datetime': '2025-03-06T10:19:46', 'payload': {'eventID': '44cc88a6-687b-4823-b294-075ab9871f56', 'deviceID': 'device123', 'timeStamp': '2025-03-06T10:19:46Z', 'temperature': 32, 'trace_id': '9629b86b-c3f9-421f-bf99-d4cda7d11e61'}}
2025-03-06 12:09:53,726 - basicLogger - INFO - Message: {'type': 'wind-speed', 'datetime': '2025-03-06T10:19:46', 'payload': {'eventID': '093b93b4-be07-4f1a-a320-c693680b03de', 'deviceID': 'windSensor-001', 'timeStamp': '2025-03-06T10:19:46Z', 'windspeed': 23, 'location': {'latitude': 40, 'longitude': -80}, 'trace_id': '93ad1dcc-d19c-4b6a-acf9-1737f22e03e1'}}
2025-03-06 12:09:53,734 - basicLogger - INFO - Message: {'type': 'temperature', 'datetime': '2025-03-06T10:19:46', 'payload': {'eventID': 'a43a1355-e4e5-4df3-beb2-2a803bca8c58', 'deviceID': 'device123', 'timeStamp': '2025-03-06T10:19:46Z', 'temperature': 19, 'trace_id': '249f0555-5a17-4e63-9713-7958c6270888'}}
2025-03-06 12:09:53,742 - basicLogger - INFO - Message: {'type': 'wind-speed', 'datetime': '2025-03-06T10:19:46', 'payload': {'eventID': 'eadda4b4-d741-469c-8c10-96048b28d237', 'deviceID': 'windSensor-001', 'timeStamp': '2025-03-06T10:19:46Z', 'windspeed': 15, 'location': {'latitude': 39, 'longitude': -75}, 'trace_id': '840d5a1a-ea0e-4559-8f38-0270b11d1756'}}
2025-03-06 12:09:53,751 - basicLogger - INFO - Message: {'type': 'temperature', 'datetime': '2025-03-06T10:19:46', 'payload': {'eventID': '3fbd96db-6f98-40e3-8409-2ddae2ac0817', 'deviceID': 'device123', 'timeStamp': '2025-03-06T10:19:46Z', 'temperature': 29, 'trace_id': '717ec78b-f135-4196-81b2-f6bf6ef15662'}}
2025-03-06 12:09:53,759 - basicLogger - INFO - Message: {'type': 'wind-speed', 'datetime': '2025-03-06T10:19:46', 'payload': {'eventID': '8f9a423a-7c44-441d-8146-48f0807a7941', 'deviceID': 'windSensor-001', 'timeStamp': '2025-03-06T10:19:46Z', 'windspeed': 15, 'location': {'latitude': 36, 'longitude': -76}, 'trace_id': '79ea20f3-d774-41ff-8617-f6e441bd21d4'}}
2025-03-06 12:09:53,767 - basicLogger - INFO - Message: {'type': 'temperature', 'datetime': '2025-03-06T10:19:46', 'payload': {'eventID': '99e86110-aa66-4e18-8bc5-4e9a6726b48b', 'deviceID': 'device123', 'timeStamp': '2025-03-06T10:19:46Z', 'temperature': 22, 'trace_id': 'b2f80332-6833-4900-9d0b-f38c7680c827'}}
2025-03-06 12:09:53,775 - basicLogger - INFO - Message: {'type': 'wind-speed', 'datetime': '2025-03-06T10:19:46', 'payload': {'eventID': 'd366307c-aeee-4815-8c1e-642661c6e3f9', 'deviceID': 'windSensor-001', 'timeStamp': '2025-03-06T10:19:46Z', 'windspeed': 13, 'location': {'latitude': 41, 'longitude': -70}, 'trace_id': '10b9706f-24fe-463f-97ad-2c82474db29d'}}
2025-03-06 12:09:53,783 - basicLogger - INFO - Message: {'type': 'wind-speed', 'datetime': '2025-03-06T10:19:46', 'payload': {'eventID': '0308f68d-f69f-41d1-b9b0-8e3e04c7aecb', 'deviceID': 'windSensor-001', 'timeStamp': '2025-03-06T10:19:46Z', 'windspeed': 14, 'location': {'latitude': 43, 'longitude': -76}, 'trace_id': 'cb4c43e1-b601-433a-858c-7fdc70722bc2'}}
2025-03-06 12:09:53,791 - basicLogger - INFO - Message: {'type': 'wind-speed', 'datetime': '2025-03-06T10:19:46', 'payload': {'eventID': '1dafa4e0-0f39-4bcc-aa45-8daf8572466e', 'deviceID': 'windSensor-001', 'timeStamp': '2025-03-06T10:19:46Z', 'windspeed': 6, 'location': {'latitude': 35, 'longitude': -71}, 'trace_id': 'ce147e5b-7da4-4900-b741-33e3822fc988'}}
2025-03-06 12:09:53,799 - basicLogger - INFO - Message: {'type': 'wind-speed', 'datetime': '2025-03-06T10:19:46', 'payload': {'eventID': 'cb5677ba-e380-427e-8b22-aaf704f6e5dc', 'deviceID': 'windSensor-001', 'timeStamp': '2025-03-06T10:19:46Z', 'windspeed': 17, 'location': {'latitude': 45, 'longitude': -72}, 'trace_id': '5ea95e76-daf5-460d-8b59-9d46d89d361b'}}
2025-03-06 12:09:53,810 - basicLogger - INFO - Message: {'type': 'temperature', 'datetime': '2025-03-06T10:19:46', 'payload': {'eventID': '9f6dedce-26f4-4cf9-8339-3b09666a0cdb', 'deviceID': 'device123', 'timeStamp': '2025-03-06T10:19:46Z', 'temperature': 17, 'trace_id': '1b55a9f2-77a3-446e-88c4-8e79e3f5b0b7'}}
2025-03-06 12:09:53,818 - basicLogger - INFO - Message: {'type': 'wind-speed', 'datetime': '2025-03-06T10:19:46', 'payload': {'eventID': '4f8c864c-80bc-4014-916b-752d68278353', 'deviceID': 'windSensor-001', 'timeStamp': '2025-03-06T10:19:46Z', 'windspeed': 22, 'location': {'latitude': 37, 'longitude': -73}, 'trace_id': '13817cf2-2a34-44dd-ab67-4dbfcf0bb90c'}}
2025-03-06 12:09:53,826 - basicLogger - INFO - Message: {'type': 'wind-speed', 'datetime': '2025-03-06T10:19:46', 'payload': {'eventID': 'e34576cd-6875-47d8-bebe-1286878139a4', 'deviceID': 'windSensor-001', 'timeStamp': '2025-03-06T10:19:46Z', 'windspeed': 13, 'location': {'latitude': 37, 'longitude': -71}, 'trace_id': 'b5cc6241-cff1-466f-8ed2-2774c5d7489c'}}
2025-03-06 12:09:53,837 - basicLogger - INFO - Message: {'type': 'temperature', 'datetime': '2025-03-06T10:19:46', 'payload': {'eventID': 'c31a2b8d-7bc1-42df-9b7d-2d49852ab564', 'deviceID': 'device123', 'timeStamp': '2025-03-06T10:19:46Z', 'temperature': 29, 'trace_id': '39116595-33ea-48b4-8f7e-f56d65a73156'}}
2025-03-06 12:09:53,846 - basicLogger - INFO - Message: {'type': 'wind-speed', 'datetime': '2025-03-06T10:19:46', 'payload': {'eventID': '3c89d244-e125-40f9-acf8-0d4840879fdc', 'deviceID': 'windSensor-001', 'timeStamp': '2025-03-06T10:19:46Z', 'windspeed': 21, 'location': {'latitude': 43, 'longitude': -75}, 'trace_id': 'b7ab570b-a421-4163-b204-664be62d751f'}}
2025-03-06 12:09:53,858 - basicLogger - INFO - Message: {'type': 'wind-speed', 'datetime': '2025-03-06T10:19:46', 'payload': {'eventID': '157be901-ad3b-4779-acd4-90a6383489d0', 'deviceID': 'windSensor-001', 'timeStamp': '2025-03-06T10:19:46Z', 'windspeed': 6, 'location': {'latitude': 38, 'longitude': -75}, 'trace_id': '918a12bd-4886-42f2-bae6-5f06b3dc6ac1'}}
2025-03-06 12:09:53,877 - basicLogger - INFO - Message: {'type': 'wind-speed', 'datetime': '2025-03-06T10:19:46', 'payload': {'eventID': 'edb17c55-4ea5-46d0-a803-5f771ac40aa5', 'deviceID': 'windSensor-001', 'timeStamp': '2025-03-06T10:19:46Z', 'windspeed': 22, 'location': {'latitude': 40, 'longitude': -75}, 'trace_id': 'd7ee1ffd-b948-45a6-850b-509c19a56cb6'}}
2025-03-06 12:09:53,894 - basicLogger - INFO - Message: {'type': 'wind-speed', 'datetime': '2025-03-06T10:19:46', 'payload': {'eventID': '0dfc295f-99a7-4709-a0f0-f88901432ac6', 'deviceID': 'windSensor-001', 'timeStamp': '2025-03-06T10:19:46Z', 'windspeed': 22, 'location': {'latitude': 42, 'longitude': -80}, 'trace_id': '5874e1fe-ece6-4f2b-94e8-d7cd0332a5df'}}
2025-03-06 12:09:53,910 - basicLogger - INFO - Message: {'type': 'temperature', 'datetime': '2025-03-06T10:19:46', 'payload': {'eventID': 'd5bcfeaa-7b7e-4edd-b8d6-a3465a678af0', 'deviceID': 'device123', 'timeStamp': '2025-03-06T10:19:46Z', 'temperature': 18, 'trace_id': '25675d02-5588-4bee-bc6b-ab28188fb1f0'}}
2025-03-06 12:09:53,926 - basicLogger - INFO - Message: {'type': 'temperature', 'datetime': '2025-03-06T10:19:46', 'payload': {'eventID': '953d6628-50b7-4575-b0bd-a80023192dba', 'deviceID': 'device123', 'timeStamp': '2025-03-06T10:19:46Z', 'temperature': 29, 'trace_id': 'f77cd0af-d5f1-43f4-a556-4011b59c29ad'}}
2025-03-06 12:09:53,942 - basicLogger - INFO - Message: {'type': 'wind-speed', 'datetime': '2025-03-06T10:19:46', 'payload': {'eventID': '1f749dd8-66d7-46a2-919c-a9f49b5be390', 'deviceID': 'windSensor-001', 'timeStamp': '2025-03-06T10:19:46Z', 'windspeed': 24, 'location': {'latitude': 38, 'longitude': -72}, 'trace_id': 'e6d828ac-55f0-409a-a88b-4376207b8e2e'}}
2025-03-06 12:09:53,958 - basicLogger - INFO - Message: {'type': 'wind-speed', 'datetime': '2025-03-06T10:19:46', 'payload': {'eventID': 'da78a6f1-b384-4e86-8c3e-1449d2b2d009', 'deviceID': 'windSensor-001', 'timeStamp': '2025-03-06T10:19:46Z', 'windspeed': 29, 'location': {'latitude': 39, 'longitude': -79}, 'trace_id': '28bd3432-3c49-43a0-abe3-ec90093f1168'}}
2025-03-06 12:09:53,975 - basicLogger - INFO - Message: {'type': 'temperature', 'datetime': '2025-03-06T10:19:46', 'payload': {'eventID': 'c4164dc3-8314-4422-9314-003ef929fcaa', 'deviceID': 'device123', 'timeStamp': '2025-03-06T10:19:46Z', 'temperature': 20, 'trace_id': 'a5e137d1-c72b-4cc0-a19e-41005d907044'}}
2025-03-06 12:09:53,990 - basicLogger - INFO - Message: {'type': 'temperature', 'datetime': '2025-03-06T10:19:46', 'payload': {'eventID': '5a1b8a2b-ec43-471f-bf05-de024c91387d', 'deviceID': 'device123', 'timeStamp': '2025-03-06T10:19:46Z', 'temperature': 31, 'trace_id': '98ae447c-98b5-4990-8b07-fd3331ee7697'}}
2025-03-06 12:09:54,005 - basicLogger - INFO - Message: {'type': 'wind-speed', 'datetime': '2025-03-06T10:19:46', 'payload': {'eventID': 'f8868aac-7e4e-41b5-af6c-b937ca2289da', 'deviceID': 'windSensor-001', 'timeStamp': '2025-03-06T10:19:46Z', 'windspeed': 9, 'location': {'latitude': 38, 'longitude': -75}, 'trace_id': '535bf747-815d-47e4-af13-5fa80d79b293'}}
2025-03-06 12:09:54,021 - basicLogger - INFO - Message: {'type': 'temperature', 'datetime': '2025-03-06T10:19:46', 'payload': {'eventID': '0819d2f0-6156-4eb6-abd5-edf35df80900', 'deviceID': 'device123', 'timeStamp': '2025-03-06T10:19:46Z', 'temperature': 18, 'trace_id': '97047593-ff10-4ba8-b93c-2a258cd5137c'}}
2025-03-06 12:09:54,038 - basicLogger - INFO - Message: {'type': 'temperature', 'datetime': '2025-03-06T10:19:46', 'payload': {'eventID': 'acb86ed9-86bb-4379-88e7-f4c0e4b559fe', 'deviceID': 'device123', 'timeStamp': '2025-03-06T10:19:46Z', 'temperature': 28, 'trace_id': '949e26d6-0a5d-4c30-a36f-5c3a62b4eb49'}}
2025-03-06 12:09:54,053 - basicLogger - INFO - Message: {'type': 'temperature', 'datetime': '2025-03-06T10:19:46', 'payload': {'eventID': '2d2e4430-af39-4ddf-9b48-0c4e4ec99363', 'deviceID': 'device123', 'timeStamp': '2025-03-06T10:19:46Z', 'temperature': 16, 'trace_id': '9c78ce7c-8933-4af8-8e75-fb704939d82d'}}
2025-03-06 12:09:54,068 - basicLogger - INFO - Message: {'type': 'temperature', 'datetime': '2025-03-06T10:19:46', 'payload': {'eventID': 'b0a41e17-07b4-47ee-a77e-9f6cc4914ddf', 'deviceID': 'device123', 'timeStamp': '2025-03-06T10:19:46Z', 'temperature': 22, 'trace_id': '7706a153-5c2a-4507-ae3d-cabfaba97d1b'}}
2025-03-06 12:09:54,081 - basicLogger - INFO - Message: {'type': 'temperature', 'datetime': '2025-03-06T10:19:46', 'payload': {'eventID': '2a77d052-02e9-44f7-93f3-2e71924d6eed', 'deviceID': 'device123', 'timeStamp': '2025-03-06T10:19:46Z', 'temperature': 28, 'trace_id': '399da837-41ba-4221-9b15-6ee270333e3c'}}
2025-03-06 12:09:54,090 - basicLogger - INFO - Message: {'type': 'temperature', 'datetime': '2025-03-06T10:19:46', 'payload': {'eventID': 'dd1313a0-fe56-4f73-a947-f574b9ffeef6', 'deviceID': 'device123', 'timeStamp': '2025-03-06T10:19:46Z', 'temperature': 26, 'trace_id': '8bc3ad76-da9e-44b1-91b2-09196aae2ab4'}}
2025-03-06 12:09:54,099 - basicLogger - INFO - Message: {'type': 'wind-speed', 'datetime': '2025-03-06T10:19:46', 'payload': {'eventID': 'c7df9721-4d4d-48f7-a091-6a039f57cde5', 'deviceID': 'windSensor-001', 'timeStamp': '2025-03-06T10:19:46Z', 'windspeed': 12, 'location': {'latitude': 36, 'longitude': -79}, 'trace_id': '8728f10d-dd06-426a-93fe-9f0e204398b1'}}
2025-03-06 12:09:54,106 - basicLogger - INFO - Message: {'type': 'temperature', 'datetime': '2025-03-06T10:19:46', 'payload': {'eventID': 'cb13d182-98f5-43cd-9ea9-9ac18a347c38', 'deviceID': 'device123', 'timeStamp': '2025-03-06T10:19:46Z', 'temperature': 27, 'trace_id': '92245f2e-9105-425b-9b65-b57e7eadb610'}}
2025-03-06 12:09:54,114 - basicLogger - INFO - Message: {'type': 'temperature', 'datetime': '2025-03-06T10:19:46', 'payload': {'eventID': 'c170e03d-2d39-4ad3-b056-2fb9953d07cc', 'deviceID': 'device123', 'timeStamp': '2025-03-06T10:19:46Z', 'temperature': 29, 'trace_id': 'c10f0e32-e615-4644-9d05-ae8a381ac0b5'}}
2025-03-06 12:09:54,122 - basicLogger - INFO - Message: {'type': 'temperature', 'datetime': '2025-03-06T10:19:46', 'payload': {'eventID': '82e2ffcd-ff6c-4c51-9e2b-12b5c49b4664', 'deviceID': 'device123', 'timeStamp': '2025-03-06T10:19:46Z', 'temperature': 26, 'trace_id': '166c5e0f-bec9-4d15-8858-70f995e7e0a7'}}
2025-03-06 12:09:54,130 - basicLogger - INFO - Message: {'type': 'temperature', 'datetime': '2025-03-06T10:19:46', 'payload': {'eventID': '9ac9c0ec-7849-4b9c-bd52-36e57a345f91', 'deviceID': 'device123', 'timeStamp': '2025-03-06T10:19:46Z', 'temperature': 27, 'trace_id': 'c89f87e7-c077-4bfb-9f71-079757d535fb'}}
2025-03-06 12:09:54,138 - basicLogger - INFO - Message: {'type': 'temperature', 'datetime': '2025-03-06T10:19:46', 'payload': {'eventID': 'eb7e9516-04c6-4337-9acb-0c9756e8ed7e', 'deviceID': 'device123', 'timeStamp': '2025-03-06T10:19:46Z', 'temperature': 25, 'trace_id': '31791522-fbe4-4815-a4be-db9a94ca11f6'}}
2025-03-06 12:09:54,145 - basicLogger - INFO - Message: {'type': 'temperature', 'datetime': '2025-03-06T10:19:46', 'payload': {'eventID': '0a5bece0-47b6-4ae6-9aa5-f1e7a9734532', 'deviceID': 'device123', 'timeStamp': '2025-03-06T10:19:46Z', 'temperature': 25, 'trace_id': '0bf7020f-edeb-48bb-94d4-534dd3c86411'}}
2025-03-06 12:09:54,153 - basicLogger - INFO - Message: {'type': 'temperature', 'datetime': '2025-03-06T10:19:46', 'payload': {'eventID': '65b5da3a-4437-4026-845a-1aa37334bad7', 'deviceID': 'device123', 'timeStamp': '2025-03-06T10:19:46Z', 'temperature': 18, 'trace_id': '6c67c910-9871-4a31-990f-5bc2dff9a9de'}}
2025-03-06 12:09:54,160 - basicLogger - INFO - Message: {'type': 'wind-speed', 'datetime': '2025-03-06T10:19:46', 'payload': {'eventID': 'fe443bf5-62ac-4c5d-b71a-426d09eabbcf', 'deviceID': 'windSensor-001', 'timeStamp': '2025-03-06T10:19:46Z', 'windspeed': 10, 'location': {'latitude': 35, 'longitude': -72}, 'trace_id': '16ed0665-bc42-4fe4-ae83-ff47296a91f7'}}
2025-03-06 12:09:54,168 - basicLogger - INFO - Message: {'type': 'wind-speed', 'datetime': '2025-03-06T10:19:46', 'payload': {'eventID': '31e66964-cd06-4896-8cf8-7e00f31e9ef9', 'deviceID': 'windSensor-001', 'timeStamp': '2025-03-06T10:19:46Z', 'windspeed': 25, 'location': {'latitude': 41, 'longitude': -76}, 'trace_id': '4fa4c5b3-67d4-4388-9d43-4cf5fac486d2'}}
2025-03-06 12:09:54,176 - basicLogger - INFO - Message: {'type': 'temperature', 'datetime': '2025-03-06T10:19:46', 'payload': {'eventID': '9c777c0f-b7a1-477c-beb9-93038c71f2f4', 'deviceID': 'device123', 'timeStamp': '2025-03-06T10:19:46Z', 'temperature': 30, 'trace_id': 'd0d73446-bece-4325-995e-0eb0735b48d5'}}
2025-03-06 12:09:54,184 - basicLogger - INFO - Message: {'type': 'temperature', 'datetime': '2025-03-06T10:19:46', 'payload': {'eventID': '7876702d-55b4-41df-953e-80413c31254d', 'deviceID': 'device123', 'timeStamp': '2025-03-06T10:19:46Z', 'temperature': 17, 'trace_id': '90672cfc-45a6-4d17-9911-50e442bf5943'}}
2025-03-06 12:09:54,192 - basicLogger - INFO - Message: {'type': 'temperature', 'datetime': '2025-03-06T10:19:46', 'payload': {'eventID': '735eaae6-0c7a-4629-85fb-af5fcbd5f474', 'deviceID': 'device123', 'timeStamp': '2025-03-06T10:19:46Z', 'temperature': 18, 'trace_id': 'a9d172ca-79e4-4668-a30a-74c834bd89f6'}}
2025-03-06 12:09:54,206 - basicLogger - INFO - Message: {'type': 'temperature', 'datetime': '2025-03-06T10:19:46', 'payload': {'eventID': '15f831b1-df8f-4569-be6a-3f6cac19e5a4', 'deviceID': 'device123', 'timeStamp': '2025-03-06T10:19:46Z', 'temperature': 34, 'trace_id': '9af44494-c82b-4a33-bd38-ddb0e1e64531'}}
2025-03-06 12:09:54,222 - basicLogger - INFO - Message: {'type': 'wind-speed', 'datetime': '2025-03-06T10:19:46', 'payload': {'eventID': '98ecf081-f13b-45fd-ad8c-938d05f8552e', 'deviceID': 'windSensor-001', 'timeStamp': '2025-03-06T10:19:46Z', 'windspeed': 21, 'location': {'latitude': 40, 'longitude': -79}, 'trace_id': 'ddbe4338-7811-4386-a884-b5ea014f5bf6'}}
2025-03-06 12:09:54,238 - basicLogger - INFO - Message: {'type': 'wind-speed', 'datetime': '2025-03-06T10:19:46', 'payload': {'eventID': '1195aa87-c177-4541-a94a-013f8c7f1362', 'deviceID': 'windSensor-001', 'timeStamp': '2025-03-06T10:19:46Z', 'windspeed': 9, 'location': {'latitude': 42, 'longitude': -70}, 'trace_id': 'c783be20-ed94-4695-975e-bb5c4739d69c'}}
2025-03-06 12:09:54,254 - basicLogger - INFO - Message: {'type': 'temperature', 'datetime': '2025-03-06T10:19:46', 'payload': {'eventID': 'fe8343c1-efe0-4a9a-8842-49be108f65c4', 'deviceID': 'device123', 'timeStamp': '2025-03-06T10:19:46Z', 'temperature': 16, 'trace_id': '44b01846-468e-4114-b2f1-75ae677e4401'}}
2025-03-06 12:09:54,266 - basicLogger - INFO - Message: {'type': 'temperature', 'datetime': '2025-03-06T10:19:46', 'payload': {'eventID': '9eaca066-94e2-471c-9647-629334909481', 'deviceID': 'device123', 'timeStamp': '2025-03-06T10:19:46Z', 'temperature': 24, 'trace_id': '54ae843c-360f-4348-94da-d5f2de3b9a5f'}}
2025-03-06 12:09:54,277 - basicLogger - INFO - Message: {'type': 'temperature', 'datetime': '2025-03-06T10:19:46', 'payload': {'eventID': 'eafe898c-8999-4e2f-974a-137b84f9c20a', 'deviceID': 'device123', 'timeStamp': '2025-03-06T10:19:46Z', 'temperature': 35, 'trace_id': '6f30e77c-524c-485f-9faa-00ccdc0d25f9'}}
2025-03-06 12:09:54,289 - basicLogger - INFO - Message: {'type': 'temperature', 'datetime': '2025-03-06T10:19:46', 'payload': {'eventID': 'e510ee1b-e364-4bf8-86f5-5e63b70d14bd', 'deviceID': 'device123', 'timeStamp': '2025-03-06T10:19:46Z', 'temperature': 17, 'trace_id': 'd4b2b150-caff-4c93-9d6a-9aa2cb66a3b0'}}
2025-03-06 12:09:54,300 - basicLogger - INFO - Message: {'type': 'temperature', 'datetime': '2025-03-06T10:19:46', 'payload': {'eventID': '3457cea4-dd7e-457b-9fc2-4697a0a53709', 'deviceID': 'device123', 'timeStamp': '2025-03-06T10:19:46Z', 'temperature': 18, 'trace_id': '8c514175-5c13-4315-b2c8-80ca79b89931'}}
2025-03-06 12:09:54,313 - basicLogger - INFO - Message: {'type': 'wind-speed', 'datetime': '2025-03-06T10:19:46', 'payload': {'eventID': '21fa5bc6-fea2-4f97-85fb-b01cb08b2181', 'deviceID': 'windSensor-001', 'timeStamp': '2025-03-06T10:19:46Z', 'windspeed': 13, 'location': {'latitude': 45, 'longitude': -75}, 'trace_id': 'd0e2d70b-9559-4083-a103-aee35e9ef162'}}
2025-03-06 12:09:54,325 - basicLogger - INFO - Message: {'type': 'temperature', 'datetime': '2025-03-06T10:19:46', 'payload': {'eventID': '4fd3a639-60cf-49ae-9f2d-72b9d25984b1', 'deviceID': 'device123', 'timeStamp': '2025-03-06T10:19:46Z', 'temperature': 26, 'trace_id': '074386a3-c7d9-4a74-bf8b-229bb2708f71'}}
2025-03-06 12:09:54,336 - basicLogger - INFO - Message: {'type': 'temperature', 'datetime': '2025-03-06T10:19:46', 'payload': {'eventID': '844e67aa-11ac-49fe-bef4-f16b7b043d8f', 'deviceID': 'device123', 'timeStamp': '2025-03-06T10:19:46Z', 'temperature': 18, 'trace_id': '0861c492-f5c3-413b-8a08-3d7a21b3c0d8'}}
2025-03-06 12:09:54,346 - basicLogger - INFO - Message: {'type': 'wind-speed', 'datetime': '2025-03-06T10:19:46', 'payload': {'eventID': 'f48d8527-c2e4-4c5a-83de-0b81311706ce', 'deviceID': 'windSensor-001', 'timeStamp': '2025-03-06T10:19:46Z', 'windspeed': 16, 'location': {'latitude': 39, 'longitude': -71}, 'trace_id': '2a6f6331-dc76-4ee6-b140-d8a5bf89d106'}}
2025-03-06 12:09:54,355 - basicLogger - INFO - Message: {'type': 'temperature', 'datetime': '2025-03-06T10:19:46', 'payload': {'eventID': 'a2b8030d-5035-4e02-bf09-65beb0594273', 'deviceID': 'device123', 'timeStamp': '2025-03-06T10:19:46Z', 'temperature': 30, 'trace_id': '5d4bc8e7-6f66-4bd6-b3e7-36848d6a1fdd'}}
2025-03-06 12:09:54,365 - basicLogger - INFO - Message: {'type': 'temperature', 'datetime': '2025-03-06T10:19:46', 'payload': {'eventID': '65a9e8d4-e267-4479-8acc-a9606096ae8a', 'deviceID': 'device123', 'timeStamp': '2025-03-06T10:19:46Z', 'temperature': 23, 'trace_id': '07c6cb3a-208c-4b57-89b9-24abaf4503b7'}}
2025-03-06 12:09:54,375 - basicLogger - INFO - Message: {'type': 'temperature', 'datetime': '2025-03-06T10:19:46', 'payload': {'eventID': '869f7e82-dcc1-45be-8890-3d1d97a03612', 'deviceID': 'device123', 'timeStamp': '2025-03-06T10:19:46Z', 'temperature': 19, 'trace_id': '1195e302-4dc2-40fe-b0c2-d0f989a371e7'}}
2025-03-06 12:09:54,384 - basicLogger - INFO - Message: {'type': 'temperature', 'datetime': '2025-03-06T10:19:46', 'payload': {'eventID': '47634aa3-3771-4320-9d5b-dd12be273629', 'deviceID': 'device123', 'timeStamp': '2025-03-06T10:19:46Z', 'temperature': 29, 'trace_id': 'b16d0a1b-b164-4c37-9feb-9e684998ad5b'}}
2025-03-06 12:09:54,393 - basicLogger - INFO - Message: {'type': 'temperature', 'datetime': '2025-03-06T10:19:46', 'payload': {'eventID': '1d271b6a-f70b-4b38-939a-253457677db7', 'deviceID': 'device123', 'timeStamp': '2025-03-06T10:19:46Z', 'temperature': 24, 'trace_id': '50ccf539-36a5-4041-a7e0-0bfc32e3c879'}}
2025-03-06 12:09:54,404 - basicLogger - INFO - Message: {'type': 'temperature', 'datetime': '2025-03-06T10:19:46', 'payload': {'eventID': '8c7a9577-3f39-4f46-aa87-dbe5622e7038', 'deviceID': 'device123', 'timeStamp': '2025-03-06T10:19:46Z', 'temperature': 15, 'trace_id': 'f66afb98-1c8d-4ef4-a262-f25726b6306b'}}
2025-03-06 12:09:54,416 - basicLogger - INFO - Message: {'type': 'temperature', 'datetime': '2025-03-06T10:19:46', 'payload': {'eventID': 'a587b390-93d1-45d8-bb0a-faba6c09f245', 'deviceID': 'device123', 'timeStamp': '2025-03-06T10:19:46Z', 'temperature': 27, 'trace_id': '2a38a5dd-393f-4983-9a5b-f172b208e60b'}}
2025-03-06 12:09:54,426 - basicLogger - INFO - Message: {'type': 'wind-speed', 'datetime': '2025-03-06T10:19:46', 'payload': {'eventID': '860932df-5058-4121-9016-ce6ff8315dce', 'deviceID': 'windSensor-001', 'timeStamp': '2025-03-06T10:19:46Z', 'windspeed': 5, 'location': {'latitude': 35, 'longitude': -80}, 'trace_id': 'bbdf5c62-b9c0-4b3e-87da-ced068780b77'}}
2025-03-06 12:09:54,435 - basicLogger - INFO - Message: {'type': 'temperature', 'datetime': '2025-03-06T10:19:46', 'payload': {'eventID': 'b5e6c99e-0787-4764-b60f-90cb7d39736b', 'deviceID': 'device123', 'timeStamp': '2025-03-06T10:19:46Z', 'temperature': 15, 'trace_id': '1b48ae72-e149-484f-8c70-eadff356f2b8'}}
2025-03-06 12:09:54,444 - basicLogger - INFO - Message: {'type': 'temperature', 'datetime': '2025-03-06T10:19:46', 'payload': {'eventID': 'e9b6f4f8-dc75-4aa2-8824-89cd096f3a67', 'deviceID': 'device123', 'timeStamp': '2025-03-06T10:19:46Z', 'temperature': 24, 'trace_id': 'b72e941b-09f6-4149-ac74-4673e30817bd'}}
2025-03-06 12:09:54,452 - basicLogger - INFO - Message: {'type': 'temperature', 'datetime': '2025-03-06T10:19:46', 'payload': {'eventID': '84047e83-7815-406d-99b4-ed898d63de32', 'deviceID': 'device123', 'timeStamp': '2025-03-06T10:19:46Z', 'temperature': 30, 'trace_id': 'ee3543ad-e73c-4fa1-8892-da6db46cf32e'}}
2025-03-06 12:09:54,460 - basicLogger - INFO - Message: {'type': 'wind-speed', 'datetime': '2025-03-06T10:19:46', 'payload': {'eventID': '74131c21-5af9-44b2-bd82-3312953a2b7a', 'deviceID': 'windSensor-001', 'timeStamp': '2025-03-06T10:19:46Z', 'windspeed': 10, 'location': {'latitude': 40, 'longitude': -74}, 'trace_id': '27a16e90-68bb-4159-88a8-26d40ec2a801'}}
2025-03-06 12:09:54,468 - basicLogger - INFO - Message: {'type': 'wind-speed', 'datetime': '2025-03-06T10:19:46', 'payload': {'eventID': 'fe6bd179-5fd1-4030-baf7-51f81af62017', 'deviceID': 'windSensor-001', 'timeStamp': '2025-03-06T10:19:46Z', 'windspeed': 6, 'location': {'latitude': 42, 'longitude': -78}, 'trace_id': '883dc511-c1d3-4ba1-abde-68a81ea45a7c'}}
2025-03-06 12:09:54,476 - basicLogger - INFO - Message: {'type': 'temperature', 'datetime': '2025-03-06T10:19:46', 'payload': {'eventID': 'fde5998d-ac46-407d-ac6e-68b331e123ab', 'deviceID': 'device123', 'timeStamp': '2025-03-06T10:19:46Z', 'temperature': 24, 'trace_id': 'fae33966-d1e4-4aea-b53d-5ad71dce00c3'}}
2025-03-06 12:09:54,484 - basicLogger - INFO - Message: {'type': 'wind-speed', 'datetime': '2025-03-06T10:19:46', 'payload': {'eventID': '0b13265b-bb3a-45c7-8b28-aaccc4a75981', 'deviceID': 'windSensor-001', 'timeStamp': '2025-03-06T10:19:46Z', 'windspeed': 20, 'location': {'latitude': 40, 'longitude': -72}, 'trace_id': '6a187693-56e4-403b-9a90-19d27b407fee'}}
2025-03-06 12:09:54,492 - basicLogger - INFO - Message: {'type': 'temperature', 'datetime': '2025-03-06T10:19:46', 'payload': {'eventID': '0ac01884-6a35-47e0-94be-74bfaab57b4e', 'deviceID': 'device123', 'timeStamp': '2025-03-06T10:19:46Z', 'temperature': 31, 'trace_id': 'c6a5a16e-fef3-459e-bc82-87f6264ef73d'}}
2025-03-06 12:09:54,500 - basicLogger - INFO - Message: {'type': 'temperature', 'datetime': '2025-03-06T10:19:46', 'payload': {'eventID': 'ace3c1fb-eeca-4f3a-9016-afeb48e3cfe6', 'deviceID': 'device123', 'timeStamp': '2025-03-06T10:19:46Z', 'temperature': 26, 'trace_id': 'b1c30c86-72dc-4543-a684-f49c40c25849'}}
2025-03-06 12:09:54,508 - basicLogger - INFO - Message: {'type': 'wind-speed', 'datetime': '2025-03-06T10:19:46', 'payload': {'eventID': '55f40a55-df23-4736-a9d2-e67a4dfc6fbe', 'deviceID': 'windSensor-001', 'timeStamp': '2025-03-06T10:19:46Z', 'windspeed': 10, 'location': {'latitude': 36, 'longitude': -74}, 'trace_id': 'b92cacd0-cdcc-4c57-9360-5d70c6c24b50'}}
2025-03-06 12:09:54,516 - basicLogger - INFO - Message: {'type': 'temperature', 'datetime': '2025-03-06T10:19:46', 'payload': {'eventID': '9305c9c9-400c-43a8-84c4-4c09a4d97763', 'deviceID': 'device123', 'timeStamp': '2025-03-06T10:19:46Z', 'temperature': 24, 'trace_id': 'c243f01e-1c0d-462a-9bc2-4a73bf74bd06'}}
2025-03-06 12:09:54,524 - basicLogger - INFO - Message: {'type': 'wind-speed', 'datetime': '2025-03-06T10:19:46', 'payload': {'eventID': '7fee9903-d6b7-4e72-b304-b82c5e91e7e1', 'deviceID': 'windSensor-001', 'timeStamp': '2025-03-06T10:19:46Z', 'windspeed': 12, 'location': {'latitude': 43, 'longitude': -71}, 'trace_id': '14be21d1-6bd6-4615-8235-957b68cb370d'}}
2025-03-06 12:09:54,532 - basicLogger - INFO - Message: {'type': 'wind-speed', 'datetime': '2025-03-06T10:19:46', 'payload': {'eventID': '2b40f07c-c305-4bfe-8566-8c211ce13a1a', 'deviceID': 'windSensor-001', 'timeStamp': '2025-03-06T10:19:46Z', 'windspeed': 17, 'location': {'latitude': 36, 'longitude': -75}, 'trace_id': 'a68e9159-1a6e-4d97-8210-9f294b529520'}}
2025-03-06 12:09:54,543 - basicLogger - INFO - Message: {'type': 'temperature', 'datetime': '2025-03-06T10:19:46', 'payload': {'eventID': 'a14ef2b3-d81c-41d3-8828-6c498db891bc', 'deviceID': 'device123', 'timeStamp': '2025-03-06T10:19:46Z', 'temperature': 34, 'trace_id': '5c863d12-8e66-46c3-9dbc-13a3135d7b6e'}}
2025-03-06 12:09:54,551 - basicLogger - INFO - Message: {'type': 'temperature', 'datetime': '2025-03-06T10:19:46', 'payload': {'eventID': '69119e7c-4cc9-42ec-885e-c088916e9524', 'deviceID': 'device123', 'timeStamp': '2025-03-06T10:19:46Z', 'temperature': 23, 'trace_id': '7abe0102-0ce2-422b-a313-f6225f9ded21'}}
2025-03-06 12:09:54,559 - basicLogger - INFO - Message: {'type': 'temperature', 'datetime': '2025-03-06T10:19:46', 'payload': {'eventID': 'c881ab0a-3bd5-4e54-a331-629c4de13106', 'deviceID': 'device123', 'timeStamp': '2025-03-06T10:19:46Z', 'temperature': 31, 'trace_id': 'edcab3cf-2e1c-42d0-9be4-834f1866b967'}}
2025-03-06 12:09:54,567 - basicLogger - INFO - Message: {'type': 'wind-speed', 'datetime': '2025-03-06T10:19:46', 'payload': {'eventID': '88bbc87a-a52d-46b6-883a-890747e5b449', 'deviceID': 'windSensor-001', 'timeStamp': '2025-03-06T10:19:46Z', 'windspeed': 26, 'location': {'latitude': 44, 'longitude': -71}, 'trace_id': '402eb9aa-4df4-4b30-9fc5-15fd971a8182'}}
2025-03-06 12:09:54,575 - basicLogger - INFO - Message: {'type': 'temperature', 'datetime': '2025-03-06T10:19:46', 'payload': {'eventID': '71032c6f-e485-4738-90aa-37a956c813b5', 'deviceID': 'device123', 'timeStamp': '2025-03-06T10:19:46Z', 'temperature': 31, 'trace_id': 'f82f8a3b-6cf6-4e22-ae2a-2528d6f25d51'}}
2025-03-06 12:09:54,583 - basicLogger - INFO - Message: {'type': 'temperature', 'datetime': '2025-03-06T10:19:46', 'payload': {'eventID': '111628d8-712c-4b01-bd8b-5fb86a5629fc', 'deviceID': 'device123', 'timeStamp': '2025-03-06T10:19:46Z', 'temperature': 20, 'trace_id': '053131e0-ce45-4eb5-8873-c8dd39d41cb0'}}
2025-03-06 12:09:54,591 - basicLogger - INFO - Message: {'type': 'temperature', 'datetime': '2025-03-06T10:19:46', 'payload': {'eventID': '9c1b616d-e1eb-4340-8f2f-5b32e47eecf7', 'deviceID': 'device123', 'timeStamp': '2025-03-06T10:19:46Z', 'temperature': 22, 'trace_id': 'db6e7cfc-5887-4105-bc79-4bbfa1577d1d'}}
2025-03-06 12:09:54,599 - basicLogger - INFO - Message: {'type': 'wind-speed', 'datetime': '2025-03-06T10:19:46', 'payload': {'eventID': '670dde74-c223-4231-b3c3-c33d167f63d0', 'deviceID': 'windSensor-001', 'timeStamp': '2025-03-06T10:19:46Z', 'windspeed': 22, 'location': {'latitude': 45, 'longitude': -80}, 'trace_id': 'faa9507a-6c31-4889-9f9c-fd66a687260c'}}
2025-03-06 12:09:54,607 - basicLogger - INFO - Message: {'type': 'wind-speed', 'datetime': '2025-03-06T10:19:46', 'payload': {'eventID': '8820fcdf-1494-48ff-89f0-100cc5be48ab', 'deviceID': 'windSensor-001', 'timeStamp': '2025-03-06T10:19:46Z', 'windspeed': 22, 'location': {'latitude': 42, 'longitude': -75}, 'trace_id': '33e8b4b4-4da3-42ae-a0f5-9915016a30e8'}}
2025-03-06 12:09:54,615 - basicLogger - INFO - Message: {'type': 'temperature', 'datetime': '2025-03-06T10:19:47', 'payload': {'eventID': 'b1a0ed54-22b6-4b14-a524-3648b9298710', 'deviceID': 'device123', 'timeStamp': '2025-03-06T10:19:46Z', 'temperature': 32, 'trace_id': '7095fe61-317c-4739-af43-1769e59b634a'}}
2025-03-06 12:09:54,623 - basicLogger - INFO - Message: {'type': 'wind-speed', 'datetime': '2025-03-06T10:19:47', 'payload': {'eventID': 'e55e6e38-3885-4539-9084-5e5a3dfa8897', 'deviceID': 'windSensor-001', 'timeStamp': '2025-03-06T10:19:46Z', 'windspeed': 9, 'location': {'latitude': 40, 'longitude': -78}, 'trace_id': '1a112fc3-68fe-4a74-a5a0-c01c3b698866'}}
2025-03-06 12:09:54,632 - basicLogger - INFO - Message: {'type': 'temperature', 'datetime': '2025-03-06T10:19:47', 'payload': {'eventID': 'd43045c6-09a0-4472-853f-9810f6a0024d', 'deviceID': 'device123', 'timeStamp': '2025-03-06T10:19:46Z', 'temperature': 22, 'trace_id': '1f2280aa-1e70-456f-92b9-efc1e8862f1c'}}
2025-03-06 12:09:54,640 - basicLogger - INFO - Message: {'type': 'wind-speed', 'datetime': '2025-03-06T10:19:47', 'payload': {'eventID': 'cecdb8fa-e745-4eee-9ab2-c0233c714bc4', 'deviceID': 'windSensor-001', 'timeStamp': '2025-03-06T10:19:46Z', 'windspeed': 24, 'location': {'latitude': 44, 'longitude': -72}, 'trace_id': 'cfc44d07-d238-4ca9-a6d1-9417cfe823f8'}}
2025-03-06 12:09:54,648 - basicLogger - INFO - Message: {'type': 'wind-speed', 'datetime': '2025-03-06T10:19:47', 'payload': {'eventID': '0c9684f4-9cc4-43ee-bab0-b0d28e9b9a4d', 'deviceID': 'windSensor-001', 'timeStamp': '2025-03-06T10:19:46Z', 'windspeed': 17, 'location': {'latitude': 39, 'longitude': -78}, 'trace_id': '113055cf-58b2-416e-b401-332b567ae008'}}
2025-03-06 12:09:54,657 - basicLogger - INFO - Message: {'type': 'temperature', 'datetime': '2025-03-06T10:19:47', 'payload': {'eventID': '258fb4f8-216b-4ae8-a5c2-a18e025a89e2', 'deviceID': 'device123', 'timeStamp': '2025-03-06T10:19:46Z', 'temperature': 29, 'trace_id': '2ffac780-512c-4c4a-bca2-edc28d3bfc85'}}
2025-03-06 12:09:54,666 - basicLogger - INFO - Message: {'type': 'wind-speed', 'datetime': '2025-03-06T10:19:47', 'payload': {'eventID': 'dfa4385c-9634-42a1-8311-43f595fd8a61', 'deviceID': 'windSensor-001', 'timeStamp': '2025-03-06T10:19:46Z', 'windspeed': 22, 'location': {'latitude': 44, 'longitude': -75}, 'trace_id': 'd8ac967d-314c-417f-a119-7d96a2af1949'}}
2025-03-06 12:09:54,674 - basicLogger - INFO - Message: {'type': 'temperature', 'datetime': '2025-03-06T10:19:47', 'payload': {'eventID': 'a661bda3-18ee-4edb-9546-bfe23d7a3914', 'deviceID': 'device123', 'timeStamp': '2025-03-06T10:19:46Z', 'temperature': 28, 'trace_id': '19f0570c-b9e5-4222-bc69-0b466ce10a20'}}
2025-03-06 12:09:54,684 - basicLogger - INFO - Message: {'type': 'wind-speed', 'datetime': '2025-03-06T10:19:47', 'payload': {'eventID': 'fa2cc121-da0a-4b49-bff9-2abc1a640552', 'deviceID': 'windSensor-001', 'timeStamp': '2025-03-06T10:19:46Z', 'windspeed': 7, 'location': {'latitude': 35, 'longitude': -79}, 'trace_id': 'a63b0287-f4b3-4557-9db6-28327f0abd66'}}
2025-03-06 12:09:54,692 - basicLogger - INFO - Message: {'type': 'temperature', 'datetime': '2025-03-06T10:19:47', 'payload': {'eventID': '92ec7667-5533-49de-a6b6-c78a69756f24', 'deviceID': 'device123', 'timeStamp': '2025-03-06T10:19:46Z', 'temperature': 34, 'trace_id': '461388ad-1204-4675-940a-c2c009b569e9'}}
2025-03-06 12:09:54,700 - basicLogger - INFO - Message: {'type': 'wind-speed', 'datetime': '2025-03-06T10:19:47', 'payload': {'eventID': '56761533-b926-4218-9749-33e95db7a10f', 'deviceID': 'windSensor-001', 'timeStamp': '2025-03-06T10:19:46Z', 'windspeed': 15, 'location': {'latitude': 35, 'longitude': -71}, 'trace_id': '336cc326-293a-499a-a51c-24869bbff656'}}
2025-03-06 12:09:54,709 - basicLogger - INFO - Message: {'type': 'wind-speed', 'datetime': '2025-03-06T10:19:47', 'payload': {'eventID': 'd37b20cd-efc3-4bb5-85a9-fe9f7bf13097', 'deviceID': 'windSensor-001', 'timeStamp': '2025-03-06T10:19:46Z', 'windspeed': 14, 'location': {'latitude': 45, 'longitude': -75}, 'trace_id': 'f8464acd-ecbc-424c-9cb8-aa36ebbcfd4b'}}
2025-03-06 12:09:54,716 - basicLogger - INFO - Message: {'type': 'wind-speed', 'datetime': '2025-03-06T10:19:47', 'payload': {'eventID': '3742f552-c441-44c1-be94-22365ea2cb43', 'deviceID': 'windSensor-001', 'timeStamp': '2025-03-06T10:19:46Z', 'windspeed': 17, 'location': {'latitude': 35, 'longitude': -77}, 'trace_id': '7d50730b-320a-4e19-82b7-253306511f6f'}}
2025-03-06 12:09:54,725 - basicLogger - INFO - Message: {'type': 'temperature', 'datetime': '2025-03-06T10:19:47', 'payload': {'eventID': 'c6d0876b-0e3b-4f9f-9efc-c2752e25b386', 'deviceID': 'device123', 'timeStamp': '2025-03-06T10:19:46Z', 'temperature': 26, 'trace_id': 'ef920293-70fa-487b-b888-f52aea52f609'}}
2025-03-06 12:09:54,733 - basicLogger - INFO - Message: {'type': 'temperature', 'datetime': '2025-03-06T10:19:47', 'payload': {'eventID': '94e37108-7fa0-42ab-a575-3691e6736c3f', 'deviceID': 'device123', 'timeStamp': '2025-03-06T10:19:46Z', 'temperature': 26, 'trace_id': '7fe96391-3521-490d-982f-1e2a9784b507'}}
2025-03-06 12:09:54,741 - basicLogger - INFO - Message: {'type': 'wind-speed', 'datetime': '2025-03-06T10:19:47', 'payload': {'eventID': '8f1f98a7-4bce-4389-ab82-cb4e8d7ecf02', 'deviceID': 'windSensor-001', 'timeStamp': '2025-03-06T10:19:46Z', 'windspeed': 25, 'location': {'latitude': 42, 'longitude': -70}, 'trace_id': 'e267185d-6669-4c30-af5f-4f5fbe19443e'}}
2025-03-06 12:09:54,749 - basicLogger - INFO - Message: {'type': 'temperature', 'datetime': '2025-03-06T10:19:47', 'payload': {'eventID': '5976df22-6541-4304-8c14-7f6d99e4bf34', 'deviceID': 'device123', 'timeStamp': '2025-03-06T10:19:46Z', 'temperature': 22, 'trace_id': '2f2938f8-04cd-4963-934f-cf0135ae3267'}}
2025-03-06 12:09:54,757 - basicLogger - INFO - Message: {'type': 'temperature', 'datetime': '2025-03-06T10:19:47', 'payload': {'eventID': '84929fd8-a920-4591-95cf-db6c1d26fc6b', 'deviceID': 'device123', 'timeStamp': '2025-03-06T10:19:46Z', 'temperature': 22, 'trace_id': '76321af8-290e-4a49-ab53-742141c9207d'}}
2025-03-06 12:09:54,765 - basicLogger - INFO - Message: {'type': 'wind-speed', 'datetime': '2025-03-06T10:19:47', 'payload': {'eventID': 'f2b1deeb-0de2-429a-bb12-801deb0b476a', 'deviceID': 'windSensor-001', 'timeStamp': '2025-03-06T10:19:46Z', 'windspeed': 8, 'location': {'latitude': 38, 'longitude': -76}, 'trace_id': '8bd3c766-11cf-47e8-8be5-8a964c67a9fd'}}
2025-03-06 12:09:54,773 - basicLogger - INFO - Message: {'type': 'temperature', 'datetime': '2025-03-06T10:19:47', 'payload': {'eventID': 'd51c5bde-5b8c-445e-843a-74688203f44a', 'deviceID': 'device123', 'timeStamp': '2025-03-06T10:19:46Z', 'temperature': 30, 'trace_id': '85e6a661-6ee6-4421-9e41-60c489a5bee5'}}
2025-03-06 12:09:54,780 - basicLogger - INFO - Message: {'type': 'wind-speed', 'datetime': '2025-03-06T10:19:47', 'payload': {'eventID': '0dac32cb-cc35-4687-8e6a-efb85b971bd2', 'deviceID': 'windSensor-001', 'timeStamp': '2025-03-06T10:19:46Z', 'windspeed': 20, 'location': {'latitude': 41, 'longitude': -72}, 'trace_id': '28c42318-ba93-425f-ac15-8729e60571cd'}}
2025-03-06 12:09:54,788 - basicLogger - INFO - Message: {'type': 'temperature', 'datetime': '2025-03-06T10:19:47', 'payload': {'eventID': 'b2d3ebdb-f9b2-48cd-b826-83096f3a7f1d', 'deviceID': 'device123', 'timeStamp': '2025-03-06T10:19:46Z', 'temperature': 21, 'trace_id': '9b065e5d-1cb7-4559-b78c-79035c886b54'}}
2025-03-06 12:09:54,796 - basicLogger - INFO - Message: {'type': 'temperature', 'datetime': '2025-03-06T10:19:47', 'payload': {'eventID': 'a876159c-051f-4879-a1c2-be29fef83c5d', 'deviceID': 'device123', 'timeStamp': '2025-03-06T10:19:46Z', 'temperature': 18, 'trace_id': 'ca83d73b-78af-44d2-bcb1-0582ddac7dbf'}}
2025-03-06 12:09:54,804 - basicLogger - INFO - Message: {'type': 'temperature', 'datetime': '2025-03-06T10:19:47', 'payload': {'eventID': '707c627b-32cf-4597-ab22-21f245c6a37c', 'deviceID': 'device123', 'timeStamp': '2025-03-06T10:19:46Z', 'temperature': 26, 'trace_id': '605479d1-0cdc-4b11-a50b-bb82f0f8f059'}}
2025-03-06 12:09:54,812 - basicLogger - INFO - Message: {'type': 'wind-speed', 'datetime': '2025-03-06T10:19:47', 'payload': {'eventID': '6778ab6c-c7e0-45a5-8600-3068fde848ae', 'deviceID': 'windSensor-001', 'timeStamp': '2025-03-06T10:19:46Z', 'windspeed': 19, 'location': {'latitude': 44, 'longitude': -73}, 'trace_id': '8ee1f159-6442-4c3c-98c5-0b747b643223'}}
2025-03-06 12:09:54,823 - basicLogger - INFO - Message: {'type': 'temperature', 'datetime': '2025-03-06T10:19:47', 'payload': {'eventID': '81ef3b19-cf34-432b-9045-9d650b11bd6c', 'deviceID': 'device123', 'timeStamp': '2025-03-06T10:19:46Z', 'temperature': 16, 'trace_id': '8167d120-93f0-42ab-9911-56e2fb777d6d'}}
2025-03-06 12:09:54,834 - basicLogger - INFO - Message: {'type': 'temperature', 'datetime': '2025-03-06T10:19:47', 'payload': {'eventID': '0b7e8e15-a55b-46be-a941-9a6561764ebb', 'deviceID': 'device123', 'timeStamp': '2025-03-06T10:19:46Z', 'temperature': 29, 'trace_id': 'da24424f-ba38-4418-8d42-84245b00d094'}}
2025-03-06 12:09:54,843 - basicLogger - INFO - Message: {'type': 'wind-speed', 'datetime': '2025-03-06T10:19:47', 'payload': {'eventID': '386d61c3-b666-4e87-b20a-4ab00df29271', 'deviceID': 'windSensor-001', 'timeStamp': '2025-03-06T10:19:46Z', 'windspeed': 21, 'location': {'latitude': 38, 'longitude': -74}, 'trace_id': '4cd2ec7f-2a8c-40de-b0a3-6f2d245e85e6'}}
2025-03-06 12:09:54,853 - basicLogger - INFO - Message: {'type': 'temperature', 'datetime': '2025-03-06T10:19:47', 'payload': {'eventID': 'a15f27f7-e830-4a25-a06a-4682db0c40c3', 'deviceID': 'device123', 'timeStamp': '2025-03-06T10:19:46Z', 'temperature': 18, 'trace_id': '767615e3-075a-4cef-89c6-39dfaa69aae5'}}
2025-03-06 12:09:54,868 - basicLogger - INFO - Message: {'type': 'temperature', 'datetime': '2025-03-06T10:19:47', 'payload': {'eventID': '1bcf2834-a324-41dc-a8ae-77f97c6ecb9e', 'deviceID': 'device123', 'timeStamp': '2025-03-06T10:19:46Z', 'temperature': 28, 'trace_id': '4444ce80-93da-450c-bc2c-de4aa32d2b7a'}}
2025-03-06 12:09:54,883 - basicLogger - INFO - Message: {'type': 'temperature', 'datetime': '2025-03-06T10:19:47', 'payload': {'eventID': 'ba3b3684-5582-49d9-a651-fb43fb7a958b', 'deviceID': 'device123', 'timeStamp': '2025-03-06T10:19:46Z', 'temperature': 27, 'trace_id': '2e8ef546-cc74-4fc9-b78e-2ae6d6b648c0'}}
2025-03-06 12:09:54,899 - basicLogger - INFO - Message: {'type': 'temperature', 'datetime': '2025-03-06T10:19:47', 'payload': {'eventID': 'e35be6c5-12a2-48bc-9333-2085874959be', 'deviceID': 'device123', 'timeStamp': '2025-03-06T10:19:46Z', 'temperature': 33, 'trace_id': '01076e40-b03a-41a2-8c7c-58cdc1ac52ec'}}
2025-03-06 12:09:54,914 - basicLogger - INFO - Message: {'type': 'wind-speed', 'datetime': '2025-03-06T10:19:47', 'payload': {'eventID': '66a9191c-e0b3-465b-91e3-a9c18c5673f3', 'deviceID': 'windSensor-001', 'timeStamp': '2025-03-06T10:19:46Z', 'windspeed': 20, 'location': {'latitude': 37, 'longitude': -74}, 'trace_id': '069a68a1-4244-449c-b765-899fde6d9f16'}}
2025-03-06 12:09:54,930 - basicLogger - INFO - Message: {'type': 'wind-speed', 'datetime': '2025-03-06T10:19:47', 'payload': {'eventID': 'a8a33d6f-614b-4712-a713-163a1f850608', 'deviceID': 'windSensor-001', 'timeStamp': '2025-03-06T10:19:46Z', 'windspeed': 5, 'location': {'latitude': 36, 'longitude': -78}, 'trace_id': 'a5632241-06a5-4745-989d-dde438199d83'}}
2025-03-06 12:09:54,946 - basicLogger - INFO - Message: {'type': 'temperature', 'datetime': '2025-03-06T10:19:47', 'payload': {'eventID': '1231fa05-dd86-4394-bdeb-efd19202ff1f', 'deviceID': 'device123', 'timeStamp': '2025-03-06T10:19:46Z', 'temperature': 24, 'trace_id': '81b27097-3d36-4479-822a-dae5527c2c00'}}
2025-03-06 12:09:54,972 - basicLogger - INFO - Message: {'type': 'temperature', 'datetime': '2025-03-06T10:19:47', 'payload': {'eventID': 'b7414163-6c46-45f5-a6dc-e250eca08d30', 'deviceID': 'device123', 'timeStamp': '2025-03-06T10:19:46Z', 'temperature': 30, 'trace_id': '7e8aff0f-9213-4b8d-897b-3f2c8248e870'}}
2025-03-06 12:09:54,988 - basicLogger - INFO - Message: {'type': 'wind-speed', 'datetime': '2025-03-06T10:19:47', 'payload': {'eventID': '5ba08898-0e8c-4531-909c-069b20add5a0', 'deviceID': 'windSensor-001', 'timeStamp': '2025-03-06T10:19:46Z', 'windspeed': 7, 'location': {'latitude': 40, 'longitude': -74}, 'trace_id': 'c2579ae5-77a0-4fd9-bd91-c629be4313e0'}}
2025-03-06 12:09:55,004 - basicLogger - INFO - Message: {'type': 'wind-speed', 'datetime': '2025-03-06T10:19:47', 'payload': {'eventID': '14bdd91f-1be0-4007-ba20-073b87cf6184', 'deviceID': 'windSensor-001', 'timeStamp': '2025-03-06T10:19:46Z', 'windspeed': 13, 'location': {'latitude': 36, 'longitude': -76}, 'trace_id': 'df164a43-339e-47e2-a927-dd9902fc8699'}}
2025-03-06 12:09:55,021 - basicLogger - INFO - Message: {'type': 'wind-speed', 'datetime': '2025-03-06T10:19:47', 'payload': {'eventID': 'bf5169b5-8eba-40a2-90b9-b7733f28a14a', 'deviceID': 'windSensor-001', 'timeStamp': '2025-03-06T10:19:46Z', 'windspeed': 20, 'location': {'latitude': 42, 'longitude': -78}, 'trace_id': '1965de07-5cc6-4cd0-ab17-6504510b2d91'}}
2025-03-06 12:09:55,037 - basicLogger - INFO - Message: {'type': 'temperature', 'datetime': '2025-03-06T10:19:47', 'payload': {'eventID': '0ee632ca-43ef-4256-85c0-2d5184a23a18', 'deviceID': 'device123', 'timeStamp': '2025-03-06T10:19:46Z', 'temperature': 21, 'trace_id': '5f6d2ae9-b1e1-4080-82b3-d846aebe7eb9'}}
2025-03-06 12:09:55,047 - basicLogger - INFO - Message: {'type': 'wind-speed', 'datetime': '2025-03-06T10:19:47', 'payload': {'eventID': 'a830c2dc-2dff-44c6-b0e1-a0065a356d9a', 'deviceID': 'windSensor-001', 'timeStamp': '2025-03-06T10:19:46Z', 'windspeed': 12, 'location': {'latitude': 39, 'longitude': -80}, 'trace_id': 'ca9beeda-1c11-4e39-a426-bfbdafa7c143'}}
2025-03-06 12:09:55,056 - basicLogger - INFO - Message: {'type': 'wind-speed', 'datetime': '2025-03-06T10:19:47', 'payload': {'eventID': '648ffd47-6c3f-4594-918c-0efbcc351c19', 'deviceID': 'windSensor-001', 'timeStamp': '2025-03-06T10:19:46Z', 'windspeed': 30, 'location': {'latitude': 35, 'longitude': -78}, 'trace_id': '67c95569-1040-4ea9-8909-4be31a4182a9'}}
2025-03-06 12:09:55,063 - basicLogger - INFO - Message: {'type': 'wind-speed', 'datetime': '2025-03-06T10:19:47', 'payload': {'eventID': 'd7275b73-7cc3-467c-af55-09a98d04db76', 'deviceID': 'windSensor-001', 'timeStamp': '2025-03-06T10:19:46Z', 'windspeed': 26, 'location': {'latitude': 39, 'longitude': -80}, 'trace_id': '733dbf37-196c-4f04-9c20-3bf31598720e'}}
2025-03-06 12:09:55,071 - basicLogger - INFO - Message: {'type': 'wind-speed', 'datetime': '2025-03-06T10:19:47', 'payload': {'eventID': 'b3c021ab-f358-4066-97ce-d700ccd1dfc4', 'deviceID': 'windSensor-001', 'timeStamp': '2025-03-06T10:19:46Z', 'windspeed': 8, 'location': {'latitude': 36, 'longitude': -78}, 'trace_id': 'c0fe8b84-8aa0-4614-9a37-c285b193a1a4'}}
2025-03-06 12:09:55,079 - basicLogger - INFO - Message: {'type': 'wind-speed', 'datetime': '2025-03-06T10:19:47', 'payload': {'eventID': '38282257-8b1d-404c-a4ab-ee1c60325537', 'deviceID': 'windSensor-001', 'timeStamp': '2025-03-06T10:19:46Z', 'windspeed': 17, 'location': {'latitude': 45, 'longitude': -73}, 'trace_id': '307a9b6c-9a86-43b7-86ea-5d49e4b67e54'}}
2025-03-06 12:09:55,086 - basicLogger - INFO - Message: {'type': 'temperature', 'datetime': '2025-03-06T10:19:47', 'payload': {'eventID': 'e216d634-bb41-49b1-a2a2-adbc6d00cb9b', 'deviceID': 'device123', 'timeStamp': '2025-03-06T10:19:46Z', 'temperature': 21, 'trace_id': '58d539fd-d8d9-4cb4-8458-460597b4dd81'}}
2025-03-06 12:09:55,093 - basicLogger - INFO - Message: {'type': 'wind-speed', 'datetime': '2025-03-06T10:19:47', 'payload': {'eventID': '16f1ca4f-927d-476d-ae8b-c4b20d76b797', 'deviceID': 'windSensor-001', 'timeStamp': '2025-03-06T10:19:46Z', 'windspeed': 17, 'location': {'latitude': 40, 'longitude': -73}, 'trace_id': 'c4edaea9-5bae-4aad-9c9f-feb69822a430'}}
2025-03-06 12:09:55,103 - basicLogger - INFO - Message: {'type': 'wind-speed', 'datetime': '2025-03-06T10:19:47', 'payload': {'eventID': 'e9978501-bbb3-4bdf-a7ed-88f0fef4e9f9', 'deviceID': 'windSensor-001', 'timeStamp': '2025-03-06T10:19:46Z', 'windspeed': 10, 'location': {'latitude': 44, 'longitude': -74}, 'trace_id': '832dfe13-0389-4f77-bb4c-a7ecf74781eb'}}
2025-03-06 12:09:55,114 - basicLogger - INFO - Message: {'type': 'wind-speed', 'datetime': '2025-03-06T10:19:47', 'payload': {'eventID': '4b529d67-6636-4c6a-8734-41315115706e', 'deviceID': 'windSensor-001', 'timeStamp': '2025-03-06T10:19:46Z', 'windspeed': 27, 'location': {'latitude': 42, 'longitude': -80}, 'trace_id': 'a8bc6d43-2071-41f4-8f7a-bbd98844c09d'}}
2025-03-06 12:09:55,121 - basicLogger - INFO - Message: {'type': 'wind-speed', 'datetime': '2025-03-06T10:19:47', 'payload': {'eventID': '767a262d-2602-45bb-9753-b7f4b8c5b890', 'deviceID': 'windSensor-001', 'timeStamp': '2025-03-06T10:19:46Z', 'windspeed': 19, 'location': {'latitude': 37, 'longitude': -71}, 'trace_id': '94031117-c2cb-498b-93e8-98841055bca5'}}
2025-03-06 12:09:55,129 - basicLogger - INFO - Message: {'type': 'wind-speed', 'datetime': '2025-03-06T10:19:47', 'payload': {'eventID': '0e273386-0fad-4edb-8539-b6e8bd1a5fe9', 'deviceID': 'windSensor-001', 'timeStamp': '2025-03-06T10:19:46Z', 'windspeed': 28, 'location': {'latitude': 35, 'longitude': -72}, 'trace_id': '6beb5b56-87aa-424f-837f-7ffe48d4dd18'}}
2025-03-06 12:09:55,137 - basicLogger - INFO - Message: {'type': 'wind-speed', 'datetime': '2025-03-06T10:19:47', 'payload': {'eventID': '67fcbb68-4544-42ba-ba3e-d01361dd7422', 'deviceID': 'windSensor-001', 'timeStamp': '2025-03-06T10:19:46Z', 'windspeed': 8, 'location': {'latitude': 37, 'longitude': -74}, 'trace_id': '17326ba0-843c-4c8d-b78a-0fe398d028da'}}
2025-03-06 12:09:55,144 - basicLogger - INFO - Message: {'type': 'wind-speed', 'datetime': '2025-03-06T10:19:47', 'payload': {'eventID': '6f4bc119-fc44-4598-94ea-c92a865de494', 'deviceID': 'windSensor-001', 'timeStamp': '2025-03-06T10:19:46Z', 'windspeed': 8, 'location': {'latitude': 45, 'longitude': -78}, 'trace_id': '85b0cdc2-6f9c-4d5f-a80b-4ab01321fb0e'}}
2025-03-06 12:09:55,152 - basicLogger - INFO - Message: {'type': 'wind-speed', 'datetime': '2025-03-06T10:19:47', 'payload': {'eventID': '348cd789-57ff-4adf-9f52-5010bdb8b604', 'deviceID': 'windSensor-001', 'timeStamp': '2025-03-06T10:19:46Z', 'windspeed': 14, 'location': {'latitude': 43, 'longitude': -78}, 'trace_id': 'bdb0c539-c3eb-44de-bf48-de677efbc4a1'}}
2025-03-06 12:09:55,160 - basicLogger - INFO - Message: {'type': 'temperature', 'datetime': '2025-03-06T10:19:47', 'payload': {'eventID': '8b33f67a-a268-49c8-9baa-10ce3f411627', 'deviceID': 'device123', 'timeStamp': '2025-03-06T10:19:46Z', 'temperature': 20, 'trace_id': '3e79bcc8-40c7-4dfa-9602-235816c57278'}}
2025-03-06 12:09:55,167 - basicLogger - INFO - Message: {'type': 'wind-speed', 'datetime': '2025-03-06T10:19:47', 'payload': {'eventID': '3164becc-25a3-4f56-a1ae-29afb211fb38', 'deviceID': 'windSensor-001', 'timeStamp': '2025-03-06T10:19:46Z', 'windspeed': 20, 'location': {'latitude': 45, 'longitude': -76}, 'trace_id': '3da3ed35-2785-4e47-8844-68a81e92c861'}}
2025-03-06 12:09:55,175 - basicLogger - INFO - Message: {'type': 'wind-speed', 'datetime': '2025-03-06T10:19:47', 'payload': {'eventID': 'd2f158ac-7338-42fa-a2a6-0034d9a5d386', 'deviceID': 'windSensor-001', 'timeStamp': '2025-03-06T10:19:46Z', 'windspeed': 29, 'location': {'latitude': 45, 'longitude': -74}, 'trace_id': '2df8c2ed-2121-4999-ae30-0359fcf55f2c'}}
2025-03-06 12:09:55,183 - basicLogger - INFO - Message: {'type': 'temperature', 'datetime': '2025-03-06T10:19:47', 'payload': {'eventID': '30ca71fe-768c-4a52-8ff0-8b7b33ea7351', 'deviceID': 'device123', 'timeStamp': '2025-03-06T10:19:46Z', 'temperature': 27, 'trace_id': '9594d3e4-586a-41f4-8db5-4ad47a27e6f8'}}
2025-03-06 12:09:55,190 - basicLogger - INFO - Message: {'type': 'temperature', 'datetime': '2025-03-06T10:19:47', 'payload': {'eventID': '36c93010-c5a7-4b7f-98c4-ca820ceb9efb', 'deviceID': 'device123', 'timeStamp': '2025-03-06T10:19:46Z', 'temperature': 22, 'trace_id': '4cf49d70-9aac-4e31-87d6-6aac4f480484'}}
2025-03-06 12:09:55,197 - basicLogger - INFO - Message: {'type': 'wind-speed', 'datetime': '2025-03-06T10:19:47', 'payload': {'eventID': '5adf5464-174c-4708-80f5-cf2c0a4f9efd', 'deviceID': 'windSensor-001', 'timeStamp': '2025-03-06T10:19:46Z', 'windspeed': 13, 'location': {'latitude': 37, 'longitude': -72}, 'trace_id': 'fcf32d05-c1ae-4f81-acb0-6539dc56cc8e'}}
2025-03-06 12:09:55,205 - basicLogger - INFO - Message: {'type': 'temperature', 'datetime': '2025-03-06T10:19:47', 'payload': {'eventID': 'b1f730db-1398-4b57-8dae-9c0d710b43fb', 'deviceID': 'device123', 'timeStamp': '2025-03-06T10:19:46Z', 'temperature': 34, 'trace_id': 'aa6703f5-9565-4e38-972f-5a4fa1c2a354'}}
2025-03-06 12:09:55,213 - basicLogger - INFO - Message: {'type': 'wind-speed', 'datetime': '2025-03-06T10:19:47', 'payload': {'eventID': '28b2617f-0620-44c5-b6e5-620da24f7648', 'deviceID': 'windSensor-001', 'timeStamp': '2025-03-06T10:19:46Z', 'windspeed': 29, 'location': {'latitude': 45, 'longitude': -75}, 'trace_id': '2d9549fa-7354-40e5-bcb2-e3f0c8cfb262'}}
2025-03-06 12:09:55,221 - basicLogger - INFO - Message: {'type': 'wind-speed', 'datetime': '2025-03-06T10:19:47', 'payload': {'eventID': 'cae6167e-3597-4940-ad61-2a77c228a2a7', 'deviceID': 'windSensor-001', 'timeStamp': '2025-03-06T10:19:46Z', 'windspeed': 6, 'location': {'latitude': 42, 'longitude': -73}, 'trace_id': '037812c2-969f-4a46-91e7-09063a589c19'}}
2025-03-06 12:09:55,231 - basicLogger - INFO - Message: {'type': 'wind-speed', 'datetime': '2025-03-06T10:19:47', 'payload': {'eventID': 'b60d5c2d-a029-4083-8565-430449986757', 'deviceID': 'windSensor-001', 'timeStamp': '2025-03-06T10:19:46Z', 'windspeed': 5, 'location': {'latitude': 39, 'longitude': -72}, 'trace_id': '6a0953ef-8c7b-4d28-b154-5e368b4b311c'}}
2025-03-06 12:09:55,238 - basicLogger - INFO - Message: {'type': 'wind-speed', 'datetime': '2025-03-06T10:19:47', 'payload': {'eventID': '1f8d63e3-e906-4f1c-8955-5282a56fbede', 'deviceID': 'windSensor-001', 'timeStamp': '2025-03-06T10:19:46Z', 'windspeed': 18, 'location': {'latitude': 44, 'longitude': -76}, 'trace_id': '92381835-a97b-4d25-9715-67e955f2722f'}}
2025-03-06 12:09:55,245 - basicLogger - INFO - Message: {'type': 'wind-speed', 'datetime': '2025-03-06T10:19:47', 'payload': {'eventID': '1ff85faf-c853-47fa-984d-4001a73522f2', 'deviceID': 'windSensor-001', 'timeStamp': '2025-03-06T10:19:46Z', 'windspeed': 8, 'location': {'latitude': 36, 'longitude': -75}, 'trace_id': '16fb0891-b6fe-49a0-9248-8fcc704c6620'}}
2025-03-06 12:09:55,253 - basicLogger - INFO - Message: {'type': 'wind-speed', 'datetime': '2025-03-06T10:19:47', 'payload': {'eventID': '63639edc-d044-4492-a528-35449a34c5c0', 'deviceID': 'windSensor-001', 'timeStamp': '2025-03-06T10:19:46Z', 'windspeed': 13, 'location': {'latitude': 39, 'longitude': -78}, 'trace_id': 'b51baa46-0c1c-45b4-96eb-45d44db3653d'}}
2025-03-06 12:09:55,260 - basicLogger - INFO - Message: {'type': 'wind-speed', 'datetime': '2025-03-06T10:19:47', 'payload': {'eventID': '2ef1e506-4f0d-4de7-a42b-78e6ae7922da', 'deviceID': 'windSensor-001', 'timeStamp': '2025-03-06T10:19:46Z', 'windspeed': 18, 'location': {'latitude': 37, 'longitude': -75}, 'trace_id': 'f3ede271-33b3-4b20-a6d1-d626abafa7d7'}}
2025-03-06 12:09:55,268 - basicLogger - INFO - Message: {'type': 'wind-speed', 'datetime': '2025-03-06T10:19:47', 'payload': {'eventID': '59fe7d3a-aedc-4fd5-b615-d53d8ddc5547', 'deviceID': 'windSensor-001', 'timeStamp': '2025-03-06T10:19:46Z', 'windspeed': 5, 'location': {'latitude': 35, 'longitude': -72}, 'trace_id': '365a5e0a-77ef-4b96-a6c3-574600c0d61b'}}
2025-03-06 12:09:55,275 - basicLogger - INFO - Message: {'type': 'temperature', 'datetime': '2025-03-06T10:19:47', 'payload': {'eventID': '8c459958-203c-42e7-b969-f08a6fd8bab4', 'deviceID': 'device123', 'timeStamp': '2025-03-06T10:19:46Z', 'temperature': 35, 'trace_id': '9ed4809d-3511-45dd-a2f9-7e6b6b57ab6e'}}
2025-03-06 12:09:55,287 - basicLogger - INFO - Message: {'type': 'temperature', 'datetime': '2025-03-06T10:19:47', 'payload': {'eventID': '3f19c88b-0a7e-4772-b295-2bd337318740', 'deviceID': 'device123', 'timeStamp': '2025-03-06T10:19:46Z', 'temperature': 20, 'trace_id': '494c957b-d91c-4a3f-9395-244dfbb4c12b'}}
2025-03-06 12:09:55,306 - basicLogger - INFO - Message: {'type': 'wind-speed', 'datetime': '2025-03-06T10:19:47', 'payload': {'eventID': 'e034d973-14ae-4b54-a8f4-6a903f1b4289', 'deviceID': 'windSensor-001', 'timeStamp': '2025-03-06T10:19:46Z', 'windspeed': 5, 'location': {'latitude': 42, 'longitude': -74}, 'trace_id': '6dd034bb-2214-4d2e-ae43-28ef26f12f12'}}
2025-03-06 12:09:55,326 - basicLogger - INFO - Message: {'type': 'wind-speed', 'datetime': '2025-03-06T10:19:47', 'payload': {'eventID': '33d58767-e986-419f-ba0e-2893814c8654', 'deviceID': 'windSensor-001', 'timeStamp': '2025-03-06T10:19:46Z', 'windspeed': 23, 'location': {'latitude': 36, 'longitude': -75}, 'trace_id': '48ee859b-df5e-48c4-90c3-f58d12cfbde0'}}
2025-03-06 12:09:55,340 - basicLogger - INFO - Message: {'type': 'wind-speed', 'datetime': '2025-03-06T10:19:47', 'payload': {'eventID': '80eb018d-6f80-41e1-ac7e-47fa6cca5a81', 'deviceID': 'windSensor-001', 'timeStamp': '2025-03-06T10:19:46Z', 'windspeed': 26, 'location': {'latitude': 45, 'longitude': -74}, 'trace_id': 'cb16df3a-0c65-4fa1-ab5c-5820f776d5ad'}}
2025-03-06 12:09:55,353 - basicLogger - INFO - Message: {'type': 'wind-speed', 'datetime': '2025-03-06T10:19:47', 'payload': {'eventID': '48016f88-dd52-4e34-bc6c-1a148f372af0', 'deviceID': 'windSensor-001', 'timeStamp': '2025-03-06T10:19:46Z', 'windspeed': 17, 'location': {'latitude': 36, 'longitude': -76}, 'trace_id': '953810e0-64eb-4750-b1c3-ab325013e825'}}
2025-03-06 12:09:55,365 - basicLogger - INFO - Message: {'type': 'wind-speed', 'datetime': '2025-03-06T10:19:47', 'payload': {'eventID': 'bb1e0d59-f156-4eec-b18a-c3e1b0690ab8', 'deviceID': 'windSensor-001', 'timeStamp': '2025-03-06T10:19:46Z', 'windspeed': 12, 'location': {'latitude': 43, 'longitude': -78}, 'trace_id': '972f7834-688d-4f33-9036-6d87c4eec1b8'}}
2025-03-06 12:09:55,377 - basicLogger - INFO - Message: {'type': 'wind-speed', 'datetime': '2025-03-06T10:19:47', 'payload': {'eventID': '8962c2c2-73ed-4c82-a5a3-e5bb0229c83a', 'deviceID': 'windSensor-001', 'timeStamp': '2025-03-06T10:19:46Z', 'windspeed': 17, 'location': {'latitude': 44, 'longitude': -74}, 'trace_id': '9fa85e20-fb32-4aa1-8c65-d71b3cd689a3'}}
2025-03-06 12:09:55,388 - basicLogger - INFO - Message: {'type': 'temperature', 'datetime': '2025-03-06T10:19:47', 'payload': {'eventID': '2e551ac6-c344-4dc6-b9a7-925eec55e1ed', 'deviceID': 'device123', 'timeStamp': '2025-03-06T10:19:46Z', 'temperature': 24, 'trace_id': 'b6bf3cc5-0158-4694-b618-df1a72d19dfc'}}
2025-03-06 12:09:55,399 - basicLogger - INFO - Message: {'type': 'wind-speed', 'datetime': '2025-03-06T10:19:47', 'payload': {'eventID': '77c373ef-32ba-498a-bcf3-6dcdbb048fcf', 'deviceID': 'windSensor-001', 'timeStamp': '2025-03-06T10:19:46Z', 'windspeed': 12, 'location': {'latitude': 40, 'longitude': -75}, 'trace_id': '2ff0e99e-93d2-4fe3-a931-d350adb7bc7a'}}
2025-03-06 12:09:55,411 - basicLogger - INFO - Message: {'type': 'wind-speed', 'datetime': '2025-03-06T10:19:47', 'payload': {'eventID': '7dc628a8-d4dc-4322-8b79-aba8a934da60', 'deviceID': 'windSensor-001', 'timeStamp': '2025-03-06T10:19:46Z', 'windspeed': 14, 'location': {'latitude': 45, 'longitude': -72}, 'trace_id': 'c44686c6-47c6-4103-8da9-3ab30269c04a'}}
2025-03-06 12:09:55,421 - basicLogger - INFO - Message: {'type': 'wind-speed', 'datetime': '2025-03-06T10:19:47', 'payload': {'eventID': 'd7691c72-fbfa-47e1-ba27-6af4c4699b4d', 'deviceID': 'windSensor-001', 'timeStamp': '2025-03-06T10:19:46Z', 'windspeed': 30, 'location': {'latitude': 43, 'longitude': -78}, 'trace_id': '4157493f-bb25-4d4e-bb4e-6d60d9b21a8f'}}
2025-03-06 12:09:55,430 - basicLogger - INFO - Message: {'type': 'wind-speed', 'datetime': '2025-03-06T10:19:47', 'payload': {'eventID': '496417fc-460b-4f76-a6ba-e02ab5a30916', 'deviceID': 'windSensor-001', 'timeStamp': '2025-03-06T10:19:46Z', 'windspeed': 15, 'location': {'latitude': 43, 'longitude': -75}, 'trace_id': '3499943b-b7c1-4f79-b9c3-024bc07b7d64'}}
2025-03-06 12:09:55,440 - basicLogger - INFO - Message: {'type': 'temperature', 'datetime': '2025-03-06T10:19:47', 'payload': {'eventID': 'bed672d6-8ecd-4dd7-9cec-609d9d48b999', 'deviceID': 'device123', 'timeStamp': '2025-03-06T10:19:46Z', 'temperature': 21, 'trace_id': 'f2ab43b3-ffe6-441c-8a6f-6af7433585b3'}}
2025-03-06 12:09:55,450 - basicLogger - INFO - Message: {'type': 'temperature', 'datetime': '2025-03-06T10:19:47', 'payload': {'eventID': '91b9d94e-14cb-4332-83db-35a0dc963a87', 'deviceID': 'device123', 'timeStamp': '2025-03-06T10:19:46Z', 'temperature': 16, 'trace_id': 'cf54096e-5561-48a1-84db-adb35aa49508'}}
2025-03-06 12:09:55,459 - basicLogger - INFO - Message: {'type': 'temperature', 'datetime': '2025-03-06T10:19:47', 'payload': {'eventID': '0ef0c14d-326a-4277-b087-b2a0f7f4af5b', 'deviceID': 'device123', 'timeStamp': '2025-03-06T10:19:46Z', 'temperature': 35, 'trace_id': 'e5a9a43d-a871-4e64-aeb5-30ca2f24b67c'}}
2025-03-06 12:09:55,469 - basicLogger - INFO - Message: {'type': 'temperature', 'datetime': '2025-03-06T10:19:47', 'payload': {'eventID': 'e591430e-12b6-40dd-8d4e-fe6bff3a6cef', 'deviceID': 'device123', 'timeStamp': '2025-03-06T10:19:46Z', 'temperature': 22, 'trace_id': 'b089eb24-26d3-4a57-935a-4857a9fa7aa0'}}
2025-03-06 12:09:55,478 - basicLogger - INFO - Message: {'type': 'wind-speed', 'datetime': '2025-03-06T10:19:47', 'payload': {'eventID': 'd3e63f6b-ea47-4562-9a97-682f592afc33', 'deviceID': 'windSensor-001', 'timeStamp': '2025-03-06T10:19:46Z', 'windspeed': 10, 'location': {'latitude': 42, 'longitude': -71}, 'trace_id': '432877ea-1f58-4841-b085-38ebf748cd0a'}}
2025-03-06 12:09:55,487 - basicLogger - INFO - Message: {'type': 'temperature', 'datetime': '2025-03-06T10:19:47', 'payload': {'eventID': '3037df44-e017-49f9-a167-f08e8236c1ea', 'deviceID': 'device123', 'timeStamp': '2025-03-06T10:19:46Z', 'temperature': 17, 'trace_id': 'd1a39c6a-a928-461e-82b2-fe6e398d3046'}}
2025-03-06 12:09:55,497 - basicLogger - INFO - Message: {'type': 'wind-speed', 'datetime': '2025-03-06T10:19:47', 'payload': {'eventID': '7e501eb5-b695-4b40-8ba9-c67d9b74c0e5', 'deviceID': 'windSensor-001', 'timeStamp': '2025-03-06T10:19:46Z', 'windspeed': 9, 'location': {'latitude': 38, 'longitude': -78}, 'trace_id': '516d2c16-0fa2-4a36-9276-0de61eefd5a9'}}
2025-03-06 12:09:55,507 - basicLogger - INFO - Message: {'type': 'wind-speed', 'datetime': '2025-03-06T10:19:47', 'payload': {'eventID': '19b1ef38-f6bf-449a-a38b-ba8996a99351', 'deviceID': 'windSensor-001', 'timeStamp': '2025-03-06T10:19:46Z', 'windspeed': 15, 'location': {'latitude': 37, 'longitude': -75}, 'trace_id': 'ef27c2fe-dc6c-4267-b827-f65597874c41'}}
2025-03-06 12:09:55,516 - basicLogger - INFO - Message: {'type': 'wind-speed', 'datetime': '2025-03-06T10:19:47', 'payload': {'eventID': 'a6efffa5-b7cd-49ea-8c87-93ac20d0f095', 'deviceID': 'windSensor-001', 'timeStamp': '2025-03-06T10:19:46Z', 'windspeed': 19, 'location': {'latitude': 35, 'longitude': -80}, 'trace_id': 'b32c48e4-a885-4a9e-a115-a63e7507b3f7'}}
2025-03-06 12:09:55,526 - basicLogger - INFO - Message: {'type': 'temperature', 'datetime': '2025-03-06T10:19:47', 'payload': {'eventID': '78148150-84a4-4e73-98e8-a07fc86f3b4c', 'deviceID': 'device123', 'timeStamp': '2025-03-06T10:19:46Z', 'temperature': 23, 'trace_id': 'fa732e40-be33-424a-802e-a54b2631ae7d'}}
2025-03-06 12:09:55,536 - basicLogger - INFO - Message: {'type': 'wind-speed', 'datetime': '2025-03-06T10:19:47', 'payload': {'eventID': '761bde15-ca53-4799-b37b-cb87877849e7', 'deviceID': 'windSensor-001', 'timeStamp': '2025-03-06T10:19:46Z', 'windspeed': 30, 'location': {'latitude': 35, 'longitude': -75}, 'trace_id': 'aea7d874-8967-446f-a7c7-0024e3835dfe'}}
2025-03-06 12:09:55,545 - basicLogger - INFO - Message: {'type': 'wind-speed', 'datetime': '2025-03-06T10:19:47', 'payload': {'eventID': '3c857abb-c0e9-477d-b8dd-9f1dfd1dcd27', 'deviceID': 'windSensor-001', 'timeStamp': '2025-03-06T10:19:46Z', 'windspeed': 26, 'location': {'latitude': 43, 'longitude': -77}, 'trace_id': 'f868b122-a1a7-4faa-b623-4463410867c8'}}
2025-03-06 12:09:55,555 - basicLogger - INFO - Message: {'type': 'wind-speed', 'datetime': '2025-03-06T10:19:47', 'payload': {'eventID': 'cfcb173f-ea9d-4c7e-9b68-26b4e16b0f15', 'deviceID': 'windSensor-001', 'timeStamp': '2025-03-06T10:19:46Z', 'windspeed': 15, 'location': {'latitude': 44, 'longitude': -77}, 'trace_id': '173edd64-3b41-4a54-80ec-059294a0bf8e'}}
2025-03-06 12:09:55,564 - basicLogger - INFO - Message: {'type': 'wind-speed', 'datetime': '2025-03-06T10:19:47', 'payload': {'eventID': 'cce4291e-b5f4-492f-802a-9d3e5dc2a872', 'deviceID': 'windSensor-001', 'timeStamp': '2025-03-06T10:19:46Z', 'windspeed': 26, 'location': {'latitude': 35, 'longitude': -74}, 'trace_id': 'c7a557b3-cbc5-4a67-b46c-8ee2b97c935b'}}
2025-03-06 12:09:55,575 - basicLogger - INFO - Message: {'type': 'wind-speed', 'datetime': '2025-03-06T10:19:47', 'payload': {'eventID': '1069dce7-3ead-4dea-ac02-eb3e72aee947', 'deviceID': 'windSensor-001', 'timeStamp': '2025-03-06T10:19:47Z', 'windspeed': 17, 'location': {'latitude': 42, 'longitude': -77}, 'trace_id': '08b96ec8-ad6e-4985-92d5-cef1d9134370'}}
2025-03-06 12:09:55,585 - basicLogger - INFO - Message: {'type': 'temperature', 'datetime': '2025-03-06T10:19:47', 'payload': {'eventID': '538d7530-ddfd-40d5-b486-ede2c3d95bd9', 'deviceID': 'device123', 'timeStamp': '2025-03-06T10:19:47Z', 'temperature': 24, 'trace_id': 'f557657b-ca48-414d-9884-44dfe8ce259d'}}
2025-03-06 12:09:55,595 - basicLogger - INFO - Message: {'type': 'temperature', 'datetime': '2025-03-06T10:19:47', 'payload': {'eventID': '95cd6b52-f934-463e-8fc3-c89f715995c6', 'deviceID': 'device123', 'timeStamp': '2025-03-06T10:19:46Z', 'temperature': 31, 'trace_id': '35d662e6-391c-41d8-a848-69fa96e9cb86'}}
2025-03-06 12:09:55,608 - basicLogger - INFO - Message: {'type': 'temperature', 'datetime': '2025-03-06T10:19:47', 'payload': {'eventID': '7c12fc28-054a-41cd-9ec5-9a0d6ef9df6d', 'deviceID': 'device123', 'timeStamp': '2025-03-06T10:19:47Z', 'temperature': 21, 'trace_id': 'd87f4c52-3997-44ce-813b-c510d6647595'}}
2025-03-06 12:09:55,621 - basicLogger - INFO - Message: {'type': 'wind-speed', 'datetime': '2025-03-06T10:19:47', 'payload': {'eventID': '2f1feb78-a5e1-4321-bc5d-b544c3640670', 'deviceID': 'windSensor-001', 'timeStamp': '2025-03-06T10:19:47Z', 'windspeed': 23, 'location': {'latitude': 36, 'longitude': -71}, 'trace_id': '88bf4b4c-f248-429e-9de9-1c922c41a943'}}
2025-03-06 12:09:55,630 - basicLogger - INFO - Message: {'type': 'temperature', 'datetime': '2025-03-06T10:19:47', 'payload': {'eventID': '3af0e219-5e6a-47e4-aa1c-60444a5c9038', 'deviceID': 'device123', 'timeStamp': '2025-03-06T10:19:47Z', 'temperature': 17, 'trace_id': 'ce5dd0ac-7148-4e0a-9843-a359e2132fc4'}}
2025-03-06 12:09:55,640 - basicLogger - INFO - Message: {'type': 'temperature', 'datetime': '2025-03-06T10:19:47', 'payload': {'eventID': '7a7775cf-cec1-41c7-923f-5dffbe138c01', 'deviceID': 'device123', 'timeStamp': '2025-03-06T10:19:47Z', 'temperature': 16, 'trace_id': '3060a92e-b8aa-4430-b8d6-aa35810be058'}}
2025-03-06 12:09:55,649 - basicLogger - INFO - Message: {'type': 'temperature', 'datetime': '2025-03-06T10:19:47', 'payload': {'eventID': 'b9456077-49da-459c-aebf-5584115749e5', 'deviceID': 'device123', 'timeStamp': '2025-03-06T10:19:47Z', 'temperature': 32, 'trace_id': '82b74f82-0f26-4c32-808e-0bbaab2552a4'}}
2025-03-06 12:09:55,659 - basicLogger - INFO - Message: {'type': 'wind-speed', 'datetime': '2025-03-06T10:19:47', 'payload': {'eventID': '9eb6edee-87c6-4254-8696-1ede59066c88', 'deviceID': 'windSensor-001', 'timeStamp': '2025-03-06T10:19:47Z', 'windspeed': 22, 'location': {'latitude': 38, 'longitude': -80}, 'trace_id': 'fcd987a5-13ed-461c-9beb-62588ff5e701'}}
2025-03-06 12:09:55,670 - basicLogger - INFO - Message: {'type': 'temperature', 'datetime': '2025-03-06T10:19:47', 'payload': {'eventID': '7778d0f0-ec6f-48e9-b375-3c398d3d43e6', 'deviceID': 'device123', 'timeStamp': '2025-03-06T10:19:47Z', 'temperature': 35, 'trace_id': '42c3585d-db75-4274-b69c-f300ba9d7775'}}
2025-03-06 12:09:55,679 - basicLogger - INFO - Message: {'type': 'temperature', 'datetime': '2025-03-06T10:19:47', 'payload': {'eventID': 'b097e6b0-a655-45c0-b586-529ee645b3df', 'deviceID': 'device123', 'timeStamp': '2025-03-06T10:19:47Z', 'temperature': 28, 'trace_id': 'd7c764dd-9ad9-4180-90a6-26fed82a1073'}}
2025-03-06 12:09:55,688 - basicLogger - INFO - Message: {'type': 'wind-speed', 'datetime': '2025-03-06T10:19:47', 'payload': {'eventID': 'e39d6106-d5af-40de-985b-fce04d3b206e', 'deviceID': 'windSensor-001', 'timeStamp': '2025-03-06T10:19:47Z', 'windspeed': 21, 'location': {'latitude': 36, 'longitude': -71}, 'trace_id': '692290bb-bc38-4a14-aebc-78a0b58d3cb1'}}
2025-03-06 12:09:55,696 - basicLogger - INFO - Message: {'type': 'wind-speed', 'datetime': '2025-03-06T10:19:47', 'payload': {'eventID': 'fa068b1f-8f63-411a-85e3-45819d2c8083', 'deviceID': 'windSensor-001', 'timeStamp': '2025-03-06T10:19:47Z', 'windspeed': 11, 'location': {'latitude': 44, 'longitude': -72}, 'trace_id': 'ca3391d3-2842-4ca7-9860-3f26925c9d17'}}
2025-03-06 12:09:55,705 - basicLogger - INFO - Message: {'type': 'wind-speed', 'datetime': '2025-03-06T10:19:47', 'payload': {'eventID': '21a33ad2-dfbc-408d-9ca5-2f8b0c9c0140', 'deviceID': 'windSensor-001', 'timeStamp': '2025-03-06T10:19:47Z', 'windspeed': 24, 'location': {'latitude': 45, 'longitude': -71}, 'trace_id': 'ec7248cf-d1c0-4ab7-82ed-8ae4a1a447a9'}}
2025-03-06 12:09:55,713 - basicLogger - INFO - Message: {'type': 'temperature', 'datetime': '2025-03-06T10:19:47', 'payload': {'eventID': '427530ae-ec09-4603-9db3-86b6a79cdaed', 'deviceID': 'device123', 'timeStamp': '2025-03-06T10:19:47Z', 'temperature': 19, 'trace_id': '0651408e-f0a9-41b2-93d5-b9ecbf9288fc'}}
2025-03-06 12:09:55,720 - basicLogger - INFO - Message: {'type': 'temperature', 'datetime': '2025-03-06T10:19:47', 'payload': {'eventID': 'e86b81ea-63c6-4820-a4fa-74797c8e7510', 'deviceID': 'device123', 'timeStamp': '2025-03-06T10:19:47Z', 'temperature': 34, 'trace_id': '290515d7-3d47-4049-b8ec-1c34f6b481d7'}}
2025-03-06 12:09:55,730 - basicLogger - INFO - Message: {'type': 'wind-speed', 'datetime': '2025-03-06T10:19:47', 'payload': {'eventID': '176f2400-a79c-421b-950a-a69cd2a22aa9', 'deviceID': 'windSensor-001', 'timeStamp': '2025-03-06T10:19:47Z', 'windspeed': 16, 'location': {'latitude': 41, 'longitude': -70}, 'trace_id': '23a3fe3c-1dee-446f-bd22-5b77ec28ab51'}}
2025-03-06 12:09:55,741 - basicLogger - INFO - Message: {'type': 'temperature', 'datetime': '2025-03-06T10:19:47', 'payload': {'eventID': '97248e02-bbeb-450e-8342-9717f291a1b7', 'deviceID': 'device123', 'timeStamp': '2025-03-06T10:19:47Z', 'temperature': 30, 'trace_id': '7e768a7b-5364-4b8e-bf2b-c2f839bd7384'}}
2025-03-06 12:09:55,750 - basicLogger - INFO - Message: {'type': 'wind-speed', 'datetime': '2025-03-06T10:19:47', 'payload': {'eventID': '7665ace0-be8c-454d-a205-a29e39faa595', 'deviceID': 'windSensor-001', 'timeStamp': '2025-03-06T10:19:47Z', 'windspeed': 9, 'location': {'latitude': 43, 'longitude': -76}, 'trace_id': 'b92a0b1a-c175-4923-91c0-c09371e0fba6'}}
2025-03-06 12:09:55,758 - basicLogger - INFO - Message: {'type': 'wind-speed', 'datetime': '2025-03-06T10:19:47', 'payload': {'eventID': 'd558873d-7304-479d-8d80-484aa39457c6', 'deviceID': 'windSensor-001', 'timeStamp': '2025-03-06T10:19:47Z', 'windspeed': 26, 'location': {'latitude': 39, 'longitude': -71}, 'trace_id': 'de7d87d9-3869-4629-bafa-60ff949e15a0'}}
2025-03-06 12:09:55,766 - basicLogger - INFO - Message: {'type': 'temperature', 'datetime': '2025-03-06T10:19:47', 'payload': {'eventID': '9c543315-f835-4b95-a4f5-5333a6c54397', 'deviceID': 'device123', 'timeStamp': '2025-03-06T10:19:47Z', 'temperature': 30, 'trace_id': 'fbbb9873-2cdd-4de5-a33d-6c50bfc50d8d'}}
2025-03-06 12:09:55,774 - basicLogger - INFO - Message: {'type': 'temperature', 'datetime': '2025-03-06T10:19:47', 'payload': {'eventID': '129959a2-3f0b-40a5-955e-27f197ff2230', 'deviceID': 'device123', 'timeStamp': '2025-03-06T10:19:47Z', 'temperature': 30, 'trace_id': 'e88a0c4f-8e9b-4eee-bc54-e6985588327c'}}
2025-03-06 12:09:55,783 - basicLogger - INFO - Message: {'type': 'wind-speed', 'datetime': '2025-03-06T10:19:47', 'payload': {'eventID': '171de274-6cc0-4fea-af0c-513c53257431', 'deviceID': 'windSensor-001', 'timeStamp': '2025-03-06T10:19:47Z', 'windspeed': 25, 'location': {'latitude': 44, 'longitude': -77}, 'trace_id': '237d4d1e-1298-4493-b5dd-3bafcbf808a9'}}
2025-03-06 12:09:55,790 - basicLogger - INFO - Message: {'type': 'wind-speed', 'datetime': '2025-03-06T10:19:47', 'payload': {'eventID': '5fc0be68-8987-4b68-a243-c61ba598e518', 'deviceID': 'windSensor-001', 'timeStamp': '2025-03-06T10:19:47Z', 'windspeed': 20, 'location': {'latitude': 41, 'longitude': -73}, 'trace_id': 'dbe1cba3-9bfe-4eb2-a8e6-c1865cbac3af'}}
2025-03-06 12:09:55,798 - basicLogger - INFO - Message: {'type': 'temperature', 'datetime': '2025-03-06T10:19:47', 'payload': {'eventID': 'cd050428-8929-49c8-b584-638069f6f986', 'deviceID': 'device123', 'timeStamp': '2025-03-06T10:19:47Z', 'temperature': 17, 'trace_id': '83786976-ba48-4887-a68f-88fe744fc392'}}
2025-03-06 12:09:55,806 - basicLogger - INFO - Message: {'type': 'wind-speed', 'datetime': '2025-03-06T10:19:47', 'payload': {'eventID': '27ae7fc2-f59f-4531-8581-56cfd21bed30', 'deviceID': 'windSensor-001', 'timeStamp': '2025-03-06T10:19:47Z', 'windspeed': 21, 'location': {'latitude': 45, 'longitude': -79}, 'trace_id': 'a24032a2-fb9a-433d-9db6-4bc65d7025d6'}}
2025-03-06 12:09:55,815 - basicLogger - INFO - Message: {'type': 'wind-speed', 'datetime': '2025-03-06T10:19:47', 'payload': {'eventID': '6e5eaebe-f78a-4d1f-8a8a-89549a157c61', 'deviceID': 'windSensor-001', 'timeStamp': '2025-03-06T10:19:47Z', 'windspeed': 16, 'location': {'latitude': 44, 'longitude': -75}, 'trace_id': 'c09af343-0d82-48ab-80d7-f17f567f4248'}}
2025-03-06 12:09:55,826 - basicLogger - INFO - Message: {'type': 'temperature', 'datetime': '2025-03-06T10:19:47', 'payload': {'eventID': 'cb9a75bd-af6c-4406-aa09-e43d5e2a7469', 'deviceID': 'device123', 'timeStamp': '2025-03-06T10:19:47Z', 'temperature': 16, 'trace_id': '2d4207b8-1f46-4b04-aa4e-7fe4c0937e84'}}
2025-03-06 12:09:55,834 - basicLogger - INFO - Message: {'type': 'wind-speed', 'datetime': '2025-03-06T10:19:47', 'payload': {'eventID': '93f9741a-b523-4265-8f15-6d55035108bb', 'deviceID': 'windSensor-001', 'timeStamp': '2025-03-06T10:19:47Z', 'windspeed': 19, 'location': {'latitude': 44, 'longitude': -78}, 'trace_id': '83499cd2-7cd7-4492-b995-32780db168ac'}}
2025-03-06 12:09:55,842 - basicLogger - INFO - Message: {'type': 'wind-speed', 'datetime': '2025-03-06T10:19:47', 'payload': {'eventID': '0c6dae72-cb38-475c-89b9-d29509ac4a37', 'deviceID': 'windSensor-001', 'timeStamp': '2025-03-06T10:19:47Z', 'windspeed': 15, 'location': {'latitude': 45, 'longitude': -71}, 'trace_id': 'b1ce30c4-eb15-4d77-824f-1ee6e7b784f6'}}
2025-03-06 12:09:55,850 - basicLogger - INFO - Message: {'type': 'wind-speed', 'datetime': '2025-03-06T10:19:47', 'payload': {'eventID': '760d3a98-90ed-4d86-9cc3-2b510ad7e0e7', 'deviceID': 'windSensor-001', 'timeStamp': '2025-03-06T10:19:47Z', 'windspeed': 23, 'location': {'latitude': 35, 'longitude': -70}, 'trace_id': '28ee7061-a3bb-4922-ba23-0175a72e46c8'}}
2025-03-06 12:09:55,858 - basicLogger - INFO - Message: {'type': 'temperature', 'datetime': '2025-03-06T10:19:47', 'payload': {'eventID': '6374c1bc-aa98-4835-ac17-f6ec3d199f95', 'deviceID': 'device123', 'timeStamp': '2025-03-06T10:19:47Z', 'temperature': 34, 'trace_id': '6dfd0d0c-34fd-4f3a-abea-1b14b01429c2'}}
2025-03-06 12:09:55,867 - basicLogger - INFO - Message: {'type': 'wind-speed', 'datetime': '2025-03-06T10:19:47', 'payload': {'eventID': '45ff9a8c-27cb-417f-9ffc-e7bfe21d5aa7', 'deviceID': 'windSensor-001', 'timeStamp': '2025-03-06T10:19:47Z', 'windspeed': 7, 'location': {'latitude': 36, 'longitude': -70}, 'trace_id': '4202749b-f9f1-444c-b827-8bfe0885122f'}}
2025-03-06 12:09:55,878 - basicLogger - INFO - Message: {'type': 'wind-speed', 'datetime': '2025-03-06T10:19:47', 'payload': {'eventID': '80c7084b-4318-42bf-8aaf-1b9969845535', 'deviceID': 'windSensor-001', 'timeStamp': '2025-03-06T10:19:47Z', 'windspeed': 14, 'location': {'latitude': 43, 'longitude': -79}, 'trace_id': '116ea6b8-d75e-4941-9d80-e46cdb7e94b3'}}
2025-03-06 12:09:55,887 - basicLogger - INFO - Message: {'type': 'wind-speed', 'datetime': '2025-03-06T10:19:47', 'payload': {'eventID': '4df1de36-e59b-48ba-9d6e-146c60c440fd', 'deviceID': 'windSensor-001', 'timeStamp': '2025-03-06T10:19:47Z', 'windspeed': 12, 'location': {'latitude': 45, 'longitude': -71}, 'trace_id': '2e6c26c2-4f59-4f86-959a-ffa8406b026a'}}
2025-03-06 12:09:55,896 - basicLogger - INFO - Message: {'type': 'wind-speed', 'datetime': '2025-03-06T10:19:47', 'payload': {'eventID': '85d5ba5a-c462-421d-b849-8e1332184095', 'deviceID': 'windSensor-001', 'timeStamp': '2025-03-06T10:19:47Z', 'windspeed': 15, 'location': {'latitude': 36, 'longitude': -73}, 'trace_id': '005f08b5-57b9-4925-bbcd-e2d8f47541a0'}}
2025-03-06 12:09:55,906 - basicLogger - INFO - Message: {'type': 'wind-speed', 'datetime': '2025-03-06T10:19:47', 'payload': {'eventID': 'df960fbc-3bc6-4d6a-89fb-1319a356b29b', 'deviceID': 'windSensor-001', 'timeStamp': '2025-03-06T10:19:47Z', 'windspeed': 10, 'location': {'latitude': 37, 'longitude': -77}, 'trace_id': 'd5b10989-07e2-4e7f-99fd-c7e22e24a7a4'}}
2025-03-06 12:09:55,915 - basicLogger - INFO - Message: {'type': 'temperature', 'datetime': '2025-03-06T10:19:47', 'payload': {'eventID': '12c16421-1da0-45ed-ba4c-27bd065d62df', 'deviceID': 'device123', 'timeStamp': '2025-03-06T10:19:47Z', 'temperature': 29, 'trace_id': '903a8097-9b12-4e30-b8af-954ffc11a041'}}
2025-03-06 12:09:55,924 - basicLogger - INFO - Message: {'type': 'temperature', 'datetime': '2025-03-06T10:19:47', 'payload': {'eventID': 'f81f596e-aeb5-48f7-829f-4538802b307e', 'deviceID': 'device123', 'timeStamp': '2025-03-06T10:19:47Z', 'temperature': 31, 'trace_id': '48bdb2e3-a83c-4505-a6c9-9fcf884c8ad3'}}
2025-03-06 12:09:55,937 - basicLogger - INFO - Message: {'type': 'wind-speed', 'datetime': '2025-03-06T10:19:47', 'payload': {'eventID': '71197a59-166e-4299-9c9c-ffedda15846d', 'deviceID': 'windSensor-001', 'timeStamp': '2025-03-06T10:19:47Z', 'windspeed': 5, 'location': {'latitude': 36, 'longitude': -70}, 'trace_id': '38bb023f-5b77-4e49-8746-380c4b905ea1'}}
2025-03-06 12:09:55,950 - basicLogger - INFO - Message: {'type': 'temperature', 'datetime': '2025-03-06T10:19:47', 'payload': {'eventID': '8e3cafd2-7170-46c9-90fb-53ed1d4fdd20', 'deviceID': 'device123', 'timeStamp': '2025-03-06T10:19:47Z', 'temperature': 17, 'trace_id': 'bfb28b98-75bd-4f19-9f4f-7fd53b48a98b'}}
2025-03-06 12:09:55,962 - basicLogger - INFO - Message: {'type': 'temperature', 'datetime': '2025-03-06T10:19:47', 'payload': {'eventID': '51ec7544-57dc-405a-b90c-e295cbe6846e', 'deviceID': 'device123', 'timeStamp': '2025-03-06T10:19:47Z', 'temperature': 17, 'trace_id': 'e5a2de2b-59d0-4707-8134-cc439f3906f8'}}
2025-03-06 12:09:55,972 - basicLogger - INFO - Message: {'type': 'temperature', 'datetime': '2025-03-06T10:19:47', 'payload': {'eventID': 'ac000618-ea9f-4290-8d2c-7b9565ca0abf', 'deviceID': 'device123', 'timeStamp': '2025-03-06T10:19:47Z', 'temperature': 18, 'trace_id': '42b44017-7fd5-44d9-94b7-5e3468436de5'}}
2025-03-06 12:09:55,982 - basicLogger - INFO - Message: {'type': 'wind-speed', 'datetime': '2025-03-06T10:19:47', 'payload': {'eventID': 'ca3c90a2-1ec2-4932-8ccf-081561a6be88', 'deviceID': 'windSensor-001', 'timeStamp': '2025-03-06T10:19:47Z', 'windspeed': 5, 'location': {'latitude': 44, 'longitude': -71}, 'trace_id': '145182c5-6710-44ca-bd1b-58838447c1a1'}}
2025-03-06 12:09:55,990 - basicLogger - INFO - Message: {'type': 'temperature', 'datetime': '2025-03-06T10:19:47', 'payload': {'eventID': '4be569e7-4f0f-425f-a476-3c19bce04fd2', 'deviceID': 'device123', 'timeStamp': '2025-03-06T10:19:47Z', 'temperature': 31, 'trace_id': '140813af-c2e9-4d85-9f36-5158341907d8'}}
2025-03-06 12:09:55,997 - basicLogger - INFO - Message: {'type': 'temperature', 'datetime': '2025-03-06T10:19:47', 'payload': {'eventID': '59327125-652a-4921-ad49-4a5df631d7f4', 'deviceID': 'device123', 'timeStamp': '2025-03-06T10:19:47Z', 'temperature': 18, 'trace_id': '16598f02-2130-415f-8755-3ff5f4b41d47'}}
2025-03-06 12:09:56,005 - basicLogger - INFO - Message: {'type': 'temperature', 'datetime': '2025-03-06T10:19:47', 'payload': {'eventID': '0b41b0cb-e979-4e52-b252-f6a475153b56', 'deviceID': 'device123', 'timeStamp': '2025-03-06T10:19:47Z', 'temperature': 18, 'trace_id': '20b0132b-512d-43cc-85c8-47d3463a7319'}}
2025-03-06 12:09:56,016 - basicLogger - INFO - Message: {'type': 'temperature', 'datetime': '2025-03-06T10:19:47', 'payload': {'eventID': '45588dce-8d45-4e0f-ab01-4be7bf696574', 'deviceID': 'device123', 'timeStamp': '2025-03-06T10:19:47Z', 'temperature': 23, 'trace_id': '5006e994-2671-45ec-a84e-c87f00ab51df'}}
2025-03-06 12:09:56,031 - basicLogger - INFO - Message: {'type': 'wind-speed', 'datetime': '2025-03-06T10:19:47', 'payload': {'eventID': '95d41ddf-905c-4ef5-a60d-d5eb111d0ac8', 'deviceID': 'windSensor-001', 'timeStamp': '2025-03-06T10:19:47Z', 'windspeed': 20, 'location': {'latitude': 37, 'longitude': -75}, 'trace_id': 'd298de89-b838-4bd8-91e1-d23c1c8e7d2c'}}
2025-03-06 12:09:56,046 - basicLogger - INFO - Message: {'type': 'temperature', 'datetime': '2025-03-06T10:19:47', 'payload': {'eventID': '28a75adb-d850-469c-8076-3757035ea7dc', 'deviceID': 'device123', 'timeStamp': '2025-03-06T10:19:47Z', 'temperature': 27, 'trace_id': 'dbd1f1aa-f3eb-4336-917f-6659387d065f'}}
2025-03-06 12:09:56,066 - basicLogger - INFO - Message: {'type': 'temperature', 'datetime': '2025-03-06T10:19:47', 'payload': {'eventID': 'b7336fad-174a-48dd-bb7a-91eb44865243', 'deviceID': 'device123', 'timeStamp': '2025-03-06T10:19:47Z', 'temperature': 19, 'trace_id': 'ea2b4166-2a60-4559-bc3a-d96e8330c11f'}}
2025-03-06 12:09:56,082 - basicLogger - INFO - Message: {'type': 'temperature', 'datetime': '2025-03-06T10:19:47', 'payload': {'eventID': '737c416d-0006-42b4-8a4a-0e094738ba20', 'deviceID': 'device123', 'timeStamp': '2025-03-06T10:19:47Z', 'temperature': 16, 'trace_id': 'cf4c714c-322c-4a14-a161-f5b3d9ac3d8a'}}
2025-03-06 12:09:56,097 - basicLogger - INFO - Message: {'type': 'temperature', 'datetime': '2025-03-06T10:19:47', 'payload': {'eventID': '55d7adf2-39f0-46c1-830e-804210c63823', 'deviceID': 'device123', 'timeStamp': '2025-03-06T10:19:47Z', 'temperature': 35, 'trace_id': '01c5fdc1-ff89-4010-b546-cb16a9c79e97'}}
2025-03-06 12:09:56,114 - basicLogger - INFO - Message: {'type': 'temperature', 'datetime': '2025-03-06T10:19:47', 'payload': {'eventID': 'ef0747cb-6eb9-4eb7-a615-16a416c92b91', 'deviceID': 'device123', 'timeStamp': '2025-03-06T10:19:47Z', 'temperature': 29, 'trace_id': 'b894ad96-61e1-4eb3-850d-b7b48fa56298'}}
2025-03-06 12:09:56,130 - basicLogger - INFO - Message: {'type': 'temperature', 'datetime': '2025-03-06T10:19:47', 'payload': {'eventID': 'd6a13dcc-2a7d-4f51-9c6c-92b3feed18f8', 'deviceID': 'device123', 'timeStamp': '2025-03-06T10:19:47Z', 'temperature': 19, 'trace_id': '88be0c9f-c4b4-425d-a3bd-d027a475c579'}}
2025-03-06 12:09:56,144 - basicLogger - INFO - Message: {'type': 'temperature', 'datetime': '2025-03-06T10:19:47', 'payload': {'eventID': 'd32f05d2-4f71-4085-b9b1-bc08b9f5dd12', 'deviceID': 'device123', 'timeStamp': '2025-03-06T10:19:47Z', 'temperature': 31, 'trace_id': 'fc6169bc-4af5-4e30-b457-c8275b6aa012'}}
2025-03-06 12:09:56,159 - basicLogger - INFO - Message: {'type': 'temperature', 'datetime': '2025-03-06T10:19:47', 'payload': {'eventID': '1b5b3abc-29f4-4cac-a956-8f5e0b3a3f76', 'deviceID': 'device123', 'timeStamp': '2025-03-06T10:19:47Z', 'temperature': 29, 'trace_id': 'c2e4d066-e8ef-4a52-bbe7-91a67126475e'}}
2025-03-06 12:09:56,174 - basicLogger - INFO - Message: {'type': 'temperature', 'datetime': '2025-03-06T10:19:47', 'payload': {'eventID': '62b2c508-be54-432a-994e-df64151fb6e4', 'deviceID': 'device123', 'timeStamp': '2025-03-06T10:19:47Z', 'temperature': 28, 'trace_id': 'f78629b8-3fc5-4845-8dd9-6cf03adb683a'}}
2025-03-06 12:09:56,190 - basicLogger - INFO - Message: {'type': 'wind-speed', 'datetime': '2025-03-06T10:19:47', 'payload': {'eventID': '7353acb8-f2e0-4f05-870f-d128b5486c58', 'deviceID': 'windSensor-001', 'timeStamp': '2025-03-06T10:19:47Z', 'windspeed': 11, 'location': {'latitude': 43, 'longitude': -73}, 'trace_id': '130598f0-cf1d-4c05-b5cd-763e2a4b4ba5'}}
2025-03-06 12:09:56,208 - basicLogger - INFO - Message: {'type': 'temperature', 'datetime': '2025-03-06T10:19:47', 'payload': {'eventID': '2924cea5-85b8-4567-ac3c-e34289d2d537', 'deviceID': 'device123', 'timeStamp': '2025-03-06T10:19:47Z', 'temperature': 16, 'trace_id': '7be159c2-df44-47ab-87d5-d381b5dd6a6c'}}
2025-03-06 12:09:56,226 - basicLogger - INFO - Message: {'type': 'wind-speed', 'datetime': '2025-03-06T10:19:47', 'payload': {'eventID': '0cb14005-b0f3-4386-a5c8-e8000b6350d1', 'deviceID': 'windSensor-001', 'timeStamp': '2025-03-06T10:19:47Z', 'windspeed': 20, 'location': {'latitude': 41, 'longitude': -78}, 'trace_id': 'e539bf8e-7c8c-46fa-8437-718de8f07678'}}
2025-03-06 12:09:56,242 - basicLogger - INFO - Message: {'type': 'wind-speed', 'datetime': '2025-03-06T10:19:47', 'payload': {'eventID': '4adbc463-4ab1-468a-b1d5-a3d6394fa601', 'deviceID': 'windSensor-001', 'timeStamp': '2025-03-06T10:19:47Z', 'windspeed': 29, 'location': {'latitude': 44, 'longitude': -76}, 'trace_id': 'e0b7fd63-f956-4754-b021-3be00a5e831e'}}
2025-03-06 12:09:56,257 - basicLogger - INFO - Message: {'type': 'temperature', 'datetime': '2025-03-06T10:19:47', 'payload': {'eventID': '35a8e9a7-c74b-4bcc-9c09-c78fdf1fae63', 'deviceID': 'device123', 'timeStamp': '2025-03-06T10:19:47Z', 'temperature': 32, 'trace_id': 'd23d5ce4-e646-4068-82fe-894f58031075'}}
2025-03-06 12:09:56,272 - basicLogger - INFO - Message: {'type': 'temperature', 'datetime': '2025-03-06T10:19:47', 'payload': {'eventID': 'bac042aa-acaa-4582-9980-924646a839d0', 'deviceID': 'device123', 'timeStamp': '2025-03-06T10:19:47Z', 'temperature': 25, 'trace_id': '01d8f093-a83e-4c9a-b1d6-86693590722d'}}
2025-03-06 12:09:56,287 - basicLogger - INFO - Message: {'type': 'temperature', 'datetime': '2025-03-06T10:19:47', 'payload': {'eventID': '82b46289-3268-4859-90ce-3d01778bb597', 'deviceID': 'device123', 'timeStamp': '2025-03-06T10:19:47Z', 'temperature': 21, 'trace_id': '8cfd3d76-9444-4c69-ab10-c5f5d7117bf6'}}
2025-03-06 12:09:56,302 - basicLogger - INFO - Message: {'type': 'temperature', 'datetime': '2025-03-06T10:19:47', 'payload': {'eventID': '28d07402-bfc8-487c-964c-7c4c8e976290', 'deviceID': 'device123', 'timeStamp': '2025-03-06T10:19:47Z', 'temperature': 35, 'trace_id': '88328e8b-2b90-475f-86fb-aa4e49287fe8'}}
2025-03-06 12:09:56,318 - basicLogger - INFO - Message: {'type': 'wind-speed', 'datetime': '2025-03-06T10:19:47', 'payload': {'eventID': '189ff7ac-4e1f-44d4-b2a2-45e4f4696cd2', 'deviceID': 'windSensor-001', 'timeStamp': '2025-03-06T10:19:47Z', 'windspeed': 6, 'location': {'latitude': 37, 'longitude': -74}, 'trace_id': '962c1b39-00de-40d8-b61d-e1a5dcab8ed5'}}
2025-03-06 12:09:56,336 - basicLogger - INFO - Message: {'type': 'temperature', 'datetime': '2025-03-06T10:19:47', 'payload': {'eventID': '098029b5-90d9-4db0-b0e0-94702d368bf1', 'deviceID': 'device123', 'timeStamp': '2025-03-06T10:19:47Z', 'temperature': 24, 'trace_id': 'b6ab8dea-7398-4ac5-a096-b8868b7db545'}}
2025-03-06 12:09:56,352 - basicLogger - INFO - Message: {'type': 'temperature', 'datetime': '2025-03-06T10:19:47', 'payload': {'eventID': 'a5aef81f-954d-4e30-8771-787fe8bcb68b', 'deviceID': 'device123', 'timeStamp': '2025-03-06T10:19:47Z', 'temperature': 27, 'trace_id': '97171298-553b-4b85-9458-af874f1d045e'}}
2025-03-06 12:09:56,367 - basicLogger - INFO - Message: {'type': 'temperature', 'datetime': '2025-03-06T10:19:47', 'payload': {'eventID': '448e5772-9987-4810-9f4f-3d26e17e8d87', 'deviceID': 'device123', 'timeStamp': '2025-03-06T10:19:47Z', 'temperature': 26, 'trace_id': '95292990-218c-4d4f-95cf-ded4a2601574'}}
2025-03-06 12:09:56,383 - basicLogger - INFO - Message: {'type': 'temperature', 'datetime': '2025-03-06T10:19:47', 'payload': {'eventID': '9541e056-6115-4165-9010-3c7dc4f8d839', 'deviceID': 'device123', 'timeStamp': '2025-03-06T10:19:47Z', 'temperature': 23, 'trace_id': 'b4970a73-a84c-400e-8c68-7c639419b7b7'}}
2025-03-06 12:09:56,399 - basicLogger - INFO - Message: {'type': 'temperature', 'datetime': '2025-03-06T10:19:47', 'payload': {'eventID': '8b59300a-c9ec-408b-9f7e-f92d5394cc9b', 'deviceID': 'device123', 'timeStamp': '2025-03-06T10:19:47Z', 'temperature': 27, 'trace_id': '5895ac40-91f5-4e1b-8b70-3cb117f07c01'}}
2025-03-06 12:09:56,414 - basicLogger - INFO - Message: {'type': 'temperature', 'datetime': '2025-03-06T10:19:47', 'payload': {'eventID': '72ee34c7-b91e-43be-ab27-94af977c79a4', 'deviceID': 'device123', 'timeStamp': '2025-03-06T10:19:47Z', 'temperature': 32, 'trace_id': 'd490b687-3306-4dfe-a3cf-fda9178e3313'}}
2025-03-06 12:09:56,429 - basicLogger - INFO - Message: {'type': 'wind-speed', 'datetime': '2025-03-06T10:19:47', 'payload': {'eventID': 'ac8cba7b-9b9e-4881-906a-bcc42f538234', 'deviceID': 'windSensor-001', 'timeStamp': '2025-03-06T10:19:47Z', 'windspeed': 22, 'location': {'latitude': 37, 'longitude': -70}, 'trace_id': '5a46bd67-d739-444d-832f-3d47c4c108b0'}}
2025-03-06 12:09:56,444 - basicLogger - INFO - Message: {'type': 'wind-speed', 'datetime': '2025-03-06T10:19:47', 'payload': {'eventID': 'c4b2bfc8-dd5a-41f0-a259-c3361744d09a', 'deviceID': 'windSensor-001', 'timeStamp': '2025-03-06T10:19:47Z', 'windspeed': 8, 'location': {'latitude': 42, 'longitude': -76}, 'trace_id': '3769f8ab-5c8e-4c14-9a1b-6ca48a8906d7'}}
2025-03-06 12:09:56,455 - basicLogger - INFO - Message: {'type': 'temperature', 'datetime': '2025-03-06T10:19:47', 'payload': {'eventID': '46df0a12-4025-4843-95cf-aed059331a5b', 'deviceID': 'device123', 'timeStamp': '2025-03-06T10:19:47Z', 'temperature': 24, 'trace_id': 'b392771f-bda5-495c-83a3-fdffd43c9c1c'}}
2025-03-06 12:09:56,467 - basicLogger - INFO - Message: {'type': 'temperature', 'datetime': '2025-03-06T10:19:47', 'payload': {'eventID': 'd7526887-7dbe-4db9-9741-ad474d5262b1', 'deviceID': 'device123', 'timeStamp': '2025-03-06T10:19:47Z', 'temperature': 23, 'trace_id': '55a5d639-fda0-470f-b18f-f340989548e1'}}
2025-03-06 12:09:56,478 - basicLogger - INFO - Message: {'type': 'temperature', 'datetime': '2025-03-06T10:19:47', 'payload': {'eventID': '48f193c3-0f22-40b3-82ae-fe3fd8e5fec7', 'deviceID': 'device123', 'timeStamp': '2025-03-06T10:19:47Z', 'temperature': 26, 'trace_id': 'fcdd581d-0898-4a0c-83e7-5d070abfa612'}}
2025-03-06 12:09:56,489 - basicLogger - INFO - Message: {'type': 'temperature', 'datetime': '2025-03-06T10:19:47', 'payload': {'eventID': '88a2e0ba-9472-4ea9-a5d8-9d40cd742c16', 'deviceID': 'device123', 'timeStamp': '2025-03-06T10:19:47Z', 'temperature': 23, 'trace_id': '48eb1f31-a255-424a-862d-ff0169e935ca'}}
2025-03-06 12:09:56,501 - basicLogger - INFO - Message: {'type': 'wind-speed', 'datetime': '2025-03-06T10:19:47', 'payload': {'eventID': '9e8b4801-4d87-4ab9-9cc1-465a0e09fe94', 'deviceID': 'windSensor-001', 'timeStamp': '2025-03-06T10:19:47Z', 'windspeed': 20, 'location': {'latitude': 41, 'longitude': -72}, 'trace_id': '84aa044e-e4b2-43bc-ac50-2abc6a55ed2e'}}
2025-03-06 12:09:56,513 - basicLogger - INFO - Message: {'type': 'temperature', 'datetime': '2025-03-06T10:19:47', 'payload': {'eventID': '80dc9874-6cc2-49cc-bb1e-b797e904531b', 'deviceID': 'device123', 'timeStamp': '2025-03-06T10:19:47Z', 'temperature': 28, 'trace_id': 'b77207eb-737f-4a80-8981-d9145725d43b'}}
2025-03-06 12:09:56,525 - basicLogger - INFO - Message: {'type': 'temperature', 'datetime': '2025-03-06T10:19:47', 'payload': {'eventID': '7093f407-4797-4cf8-b3ba-91fb4975d8f4', 'deviceID': 'device123', 'timeStamp': '2025-03-06T10:19:47Z', 'temperature': 28, 'trace_id': '927b65d3-7d7c-4449-9685-2bc1ec88e0f1'}}
2025-03-06 12:09:56,535 - basicLogger - INFO - Message: {'type': 'temperature', 'datetime': '2025-03-06T10:19:47', 'payload': {'eventID': '2824c69f-6b04-4188-8fbe-4d4cd4948fd3', 'deviceID': 'device123', 'timeStamp': '2025-03-06T10:19:47Z', 'temperature': 26, 'trace_id': '98a98a62-cb77-41b5-bf2d-f34df0ae6a80'}}
2025-03-06 12:09:56,544 - basicLogger - INFO - Message: {'type': 'temperature', 'datetime': '2025-03-06T10:19:47', 'payload': {'eventID': '94bced11-5568-45d5-a98c-d578e389c7cc', 'deviceID': 'device123', 'timeStamp': '2025-03-06T10:19:47Z', 'temperature': 26, 'trace_id': 'acdbd247-6060-4fbb-8ede-f76899041d1d'}}
2025-03-06 12:09:56,556 - basicLogger - INFO - Message: {'type': 'temperature', 'datetime': '2025-03-06T10:19:47', 'payload': {'eventID': 'f3bb2deb-43ce-4532-ad96-df9f1fa668f9', 'deviceID': 'device123', 'timeStamp': '2025-03-06T10:19:47Z', 'temperature': 25, 'trace_id': '1c6ea0d1-c14c-45a5-889d-0d08a09f7cc0'}}
2025-03-06 12:09:56,566 - basicLogger - INFO - Message: {'type': 'temperature', 'datetime': '2025-03-06T10:19:47', 'payload': {'eventID': '451be0b9-b0c9-4940-abb1-16dcc2074a50', 'deviceID': 'device123', 'timeStamp': '2025-03-06T10:19:47Z', 'temperature': 21, 'trace_id': '383dd635-478b-492c-b902-2f6dfa7b7e0d'}}
2025-03-06 12:09:56,575 - basicLogger - INFO - Message: {'type': 'wind-speed', 'datetime': '2025-03-06T10:19:47', 'payload': {'eventID': '3b5aaae0-6b59-4c02-b13d-28216d2e3c24', 'deviceID': 'windSensor-001', 'timeStamp': '2025-03-06T10:19:47Z', 'windspeed': 17, 'location': {'latitude': 38, 'longitude': -80}, 'trace_id': '1f5d35b3-36bd-4b43-8d11-ce84375554cc'}}
2025-03-06 12:09:56,585 - basicLogger - INFO - Message: {'type': 'temperature', 'datetime': '2025-03-06T10:19:47', 'payload': {'eventID': 'c1b831a2-f5b6-4e27-a753-a58808555ca9', 'deviceID': 'device123', 'timeStamp': '2025-03-06T10:19:47Z', 'temperature': 29, 'trace_id': '59d46e0c-f6a7-43c2-a439-3c2372a2a53f'}}
2025-03-06 12:09:56,595 - basicLogger - INFO - Message: {'type': 'wind-speed', 'datetime': '2025-03-06T10:19:47', 'payload': {'eventID': '961fa943-ba72-4431-9ad5-372af5a891d9', 'deviceID': 'windSensor-001', 'timeStamp': '2025-03-06T10:19:47Z', 'windspeed': 8, 'location': {'latitude': 42, 'longitude': -74}, 'trace_id': '9ce812c6-b708-4b60-885a-70db5b4c1934'}}
2025-03-06 12:09:56,604 - basicLogger - INFO - Message: {'type': 'wind-speed', 'datetime': '2025-03-06T10:19:47', 'payload': {'eventID': '7f4ada7e-aa72-419c-82cf-ac475df66705', 'deviceID': 'windSensor-001', 'timeStamp': '2025-03-06T10:19:47Z', 'windspeed': 8, 'location': {'latitude': 42, 'longitude': -78}, 'trace_id': '0a14fb49-bc25-48bd-9ed6-a7278464f4c5'}}
2025-03-06 12:09:56,614 - basicLogger - INFO - Message: {'type': 'wind-speed', 'datetime': '2025-03-06T10:19:47', 'payload': {'eventID': '1c4b67e2-e37d-4787-b491-3d559396e2b2', 'deviceID': 'windSensor-001', 'timeStamp': '2025-03-06T10:19:47Z', 'windspeed': 19, 'location': {'latitude': 35, 'longitude': -70}, 'trace_id': 'a041f777-b753-4679-bc2a-36820dc29da0'}}
2025-03-06 12:09:56,624 - basicLogger - INFO - Message: {'type': 'temperature', 'datetime': '2025-03-06T10:19:47', 'payload': {'eventID': '674a3eea-aca6-4698-90b3-07d33087d7cd', 'deviceID': 'device123', 'timeStamp': '2025-03-06T10:19:47Z', 'temperature': 27, 'trace_id': '02dd6eed-afe6-43c1-902c-d4160343bb16'}}
2025-03-06 12:09:56,633 - basicLogger - INFO - Message: {'type': 'temperature', 'datetime': '2025-03-06T10:19:47', 'payload': {'eventID': '2faf4c04-2632-4b86-92cd-de05b076180f', 'deviceID': 'device123', 'timeStamp': '2025-03-06T10:19:47Z', 'temperature': 30, 'trace_id': '45227628-1c9e-41ce-8725-9bb2e21aa952'}}
2025-03-06 12:09:56,643 - basicLogger - INFO - Message: {'type': 'wind-speed', 'datetime': '2025-03-06T10:19:47', 'payload': {'eventID': 'd7456fab-3093-4c3f-a6cf-db3819c813d7', 'deviceID': 'windSensor-001', 'timeStamp': '2025-03-06T10:19:47Z', 'windspeed': 24, 'location': {'latitude': 38, 'longitude': -80}, 'trace_id': 'a1dbca54-ee2a-471e-ba1c-c14ffb0b811a'}}
2025-03-06 12:09:56,652 - basicLogger - INFO - Message: {'type': 'temperature', 'datetime': '2025-03-06T10:19:47', 'payload': {'eventID': '96eaea36-5a06-4d22-9730-609cd1df99bf', 'deviceID': 'device123', 'timeStamp': '2025-03-06T10:19:47Z', 'temperature': 23, 'trace_id': '62008fa5-5378-49cd-b02f-06d3de660eb6'}}
2025-03-06 12:09:56,662 - basicLogger - INFO - Message: {'type': 'temperature', 'datetime': '2025-03-06T10:19:47', 'payload': {'eventID': 'f6890ed6-fe22-46dc-8313-b4824f1f5be3', 'deviceID': 'device123', 'timeStamp': '2025-03-06T10:19:47Z', 'temperature': 22, 'trace_id': 'e2dedbd1-0a7c-4a01-85d5-aac51743b516'}}
2025-03-06 12:09:56,670 - basicLogger - INFO - Message: {'type': 'wind-speed', 'datetime': '2025-03-06T10:19:47', 'payload': {'eventID': 'a731dcb9-6ffe-4a10-af67-dae8cb9ff136', 'deviceID': 'windSensor-001', 'timeStamp': '2025-03-06T10:19:47Z', 'windspeed': 16, 'location': {'latitude': 40, 'longitude': -76}, 'trace_id': '0bdfbba8-ced5-46c2-91cf-9657e1ced431'}}
2025-03-06 12:09:56,680 - basicLogger - INFO - Message: {'type': 'temperature', 'datetime': '2025-03-06T10:19:47', 'payload': {'eventID': '856841b6-941a-43ce-9fa3-1c91f1eaf35a', 'deviceID': 'device123', 'timeStamp': '2025-03-06T10:19:47Z', 'temperature': 19, 'trace_id': 'e7c72db1-f345-47f2-9550-367db12d3696'}}
2025-03-06 12:09:56,692 - basicLogger - INFO - Message: {'type': 'temperature', 'datetime': '2025-03-06T10:19:47', 'payload': {'eventID': 'b85dcf11-566b-47dd-a7be-a1a9713da982', 'deviceID': 'device123', 'timeStamp': '2025-03-06T10:19:47Z', 'temperature': 17, 'trace_id': '5950229d-6388-4c32-afb0-262656b1d3fc'}}
2025-03-06 12:09:56,700 - basicLogger - INFO - Message: {'type': 'wind-speed', 'datetime': '2025-03-06T10:19:47', 'payload': {'eventID': '682282b6-ec87-4b97-8666-3066b9b0f3ca', 'deviceID': 'windSensor-001', 'timeStamp': '2025-03-06T10:19:47Z', 'windspeed': 5, 'location': {'latitude': 40, 'longitude': -76}, 'trace_id': '85a36310-47fc-4196-9b69-056f64dba36b'}}
2025-03-06 12:09:56,708 - basicLogger - INFO - Message: {'type': 'wind-speed', 'datetime': '2025-03-06T10:19:47', 'payload': {'eventID': '0c7bbce7-1c13-4496-a47a-5c4447f563ba', 'deviceID': 'windSensor-001', 'timeStamp': '2025-03-06T10:19:47Z', 'windspeed': 7, 'location': {'latitude': 45, 'longitude': -72}, 'trace_id': '31b9ab0a-d88e-41e4-8a3a-c96b6e32a629'}}
2025-03-06 12:09:56,717 - basicLogger - INFO - Message: {'type': 'wind-speed', 'datetime': '2025-03-06T10:19:47', 'payload': {'eventID': '392b1a8a-d6cd-40b6-b34a-bc9a410bf484', 'deviceID': 'windSensor-001', 'timeStamp': '2025-03-06T10:19:47Z', 'windspeed': 17, 'location': {'latitude': 35, 'longitude': -71}, 'trace_id': 'ba3c9297-8311-44d2-add5-c95004b9129f'}}
2025-03-06 12:09:56,724 - basicLogger - INFO - Message: {'type': 'temperature', 'datetime': '2025-03-06T10:19:47', 'payload': {'eventID': 'e46cf915-b3b1-4669-806d-f5b94c065c83', 'deviceID': 'device123', 'timeStamp': '2025-03-06T10:19:47Z', 'temperature': 22, 'trace_id': 'aa9cf473-c53c-443d-9911-6d9681876541'}}
2025-03-06 12:09:56,731 - basicLogger - INFO - Message: {'type': 'wind-speed', 'datetime': '2025-03-06T10:19:47', 'payload': {'eventID': 'cb714d1d-ec04-4e6b-930c-a571a0db738e', 'deviceID': 'windSensor-001', 'timeStamp': '2025-03-06T10:19:47Z', 'windspeed': 20, 'location': {'latitude': 43, 'longitude': -74}, 'trace_id': '18936e9a-a773-4216-88ca-986cc63cb5bb'}}
2025-03-06 12:09:56,739 - basicLogger - INFO - Message: {'type': 'wind-speed', 'datetime': '2025-03-06T10:19:47', 'payload': {'eventID': 'fd02d061-b3c4-4ba0-bcda-ed8114f6bb45', 'deviceID': 'windSensor-001', 'timeStamp': '2025-03-06T10:19:47Z', 'windspeed': 12, 'location': {'latitude': 41, 'longitude': -75}, 'trace_id': '1080fe8c-457a-48a3-8a5f-8a7fad8e1bb2'}}
2025-03-06 12:09:56,746 - basicLogger - INFO - Message: {'type': 'temperature', 'datetime': '2025-03-06T10:19:47', 'payload': {'eventID': 'f27f39a8-e81d-464c-ac85-1e88a39e87e0', 'deviceID': 'device123', 'timeStamp': '2025-03-06T10:19:47Z', 'temperature': 17, 'trace_id': '1fa81f8e-0e10-43a8-b186-b37c52daeb7f'}}
2025-03-06 12:09:56,754 - basicLogger - INFO - Message: {'type': 'temperature', 'datetime': '2025-03-06T10:19:47', 'payload': {'eventID': '17111249-7970-439e-8667-98068cddd127', 'deviceID': 'device123', 'timeStamp': '2025-03-06T10:19:47Z', 'temperature': 26, 'trace_id': 'f871a246-13d1-4ee5-9697-02c28a5d8497'}}
2025-03-06 12:09:56,761 - basicLogger - INFO - Message: {'type': 'wind-speed', 'datetime': '2025-03-06T10:19:47', 'payload': {'eventID': 'f700dc38-c65a-4b81-97c6-5b46c9d57518', 'deviceID': 'windSensor-001', 'timeStamp': '2025-03-06T10:19:47Z', 'windspeed': 17, 'location': {'latitude': 45, 'longitude': -74}, 'trace_id': '825543f3-be4e-487e-a1a0-6b6e14fe3176'}}
2025-03-06 12:09:56,768 - basicLogger - INFO - Message: {'type': 'temperature', 'datetime': '2025-03-06T10:19:47', 'payload': {'eventID': '2d88d957-85fd-4f06-b3c4-b2272819df64', 'deviceID': 'device123', 'timeStamp': '2025-03-06T10:19:47Z', 'temperature': 25, 'trace_id': '8fb33be5-1a4d-428a-af4b-27382e972bf3'}}
2025-03-06 12:09:56,775 - basicLogger - INFO - Message: {'type': 'wind-speed', 'datetime': '2025-03-06T10:19:47', 'payload': {'eventID': 'be632eb5-f30b-431e-a88a-40915d63dd7e', 'deviceID': 'windSensor-001', 'timeStamp': '2025-03-06T10:19:47Z', 'windspeed': 5, 'location': {'latitude': 36, 'longitude': -80}, 'trace_id': 'b2c72db6-1b40-406e-b610-a38bfa76c95b'}}
2025-03-06 12:09:56,783 - basicLogger - INFO - Message: {'type': 'wind-speed', 'datetime': '2025-03-06T10:19:47', 'payload': {'eventID': 'd22ce9bc-1c29-4afa-a7b3-235d866c4e11', 'deviceID': 'windSensor-001', 'timeStamp': '2025-03-06T10:19:47Z', 'windspeed': 5, 'location': {'latitude': 36, 'longitude': -78}, 'trace_id': '7e036d8e-31b8-416a-ade1-e129823c4624'}}
2025-03-06 12:09:56,790 - basicLogger - INFO - Message: {'type': 'temperature', 'datetime': '2025-03-06T10:19:47', 'payload': {'eventID': '12a6dc6e-a312-4cd2-905f-d7cbdaef7e04', 'deviceID': 'device123', 'timeStamp': '2025-03-06T10:19:47Z', 'temperature': 24, 'trace_id': '7cc9c1ef-7457-43e7-b211-17c4bce2ccf5'}}
2025-03-06 12:09:56,797 - basicLogger - INFO - Message: {'type': 'temperature', 'datetime': '2025-03-06T10:19:47', 'payload': {'eventID': '2636ced4-889d-421a-9d4a-fe4ffc45a343', 'deviceID': 'device123', 'timeStamp': '2025-03-06T10:19:47Z', 'temperature': 31, 'trace_id': 'ebbe9f50-1a63-4c9e-a4c2-d957aed48044'}}
2025-03-06 12:09:56,805 - basicLogger - INFO - Message: {'type': 'wind-speed', 'datetime': '2025-03-06T10:19:47', 'payload': {'eventID': '594242c7-3a7c-4964-8b30-0480d1d3ada9', 'deviceID': 'windSensor-001', 'timeStamp': '2025-03-06T10:19:47Z', 'windspeed': 8, 'location': {'latitude': 44, 'longitude': -72}, 'trace_id': 'cf6e673f-62f1-4f21-a2b7-7bfa6dab7405'}}
2025-03-06 12:09:56,816 - basicLogger - INFO - Message: {'type': 'temperature', 'datetime': '2025-03-06T10:19:47', 'payload': {'eventID': '00d1c3a6-ed9c-488f-9213-dd90c3dafc1a', 'deviceID': 'device123', 'timeStamp': '2025-03-06T10:19:47Z', 'temperature': 17, 'trace_id': 'fd7ddd7d-c597-4b24-a88e-f31a3fc89db9'}}
2025-03-06 12:09:56,831 - basicLogger - INFO - Message: {'type': 'wind-speed', 'datetime': '2025-03-06T10:19:47', 'payload': {'eventID': '67e0146f-08aa-4897-8e1d-66c68afa36ee', 'deviceID': 'windSensor-001', 'timeStamp': '2025-03-06T10:19:47Z', 'windspeed': 16, 'location': {'latitude': 44, 'longitude': -73}, 'trace_id': '670d5d04-2089-45d9-a148-db63970e8ea9'}}
2025-03-06 12:09:56,847 - basicLogger - INFO - Message: {'type': 'temperature', 'datetime': '2025-03-06T10:19:47', 'payload': {'eventID': 'fae003b2-9f49-4559-927f-ee934f583573', 'deviceID': 'device123', 'timeStamp': '2025-03-06T10:19:47Z', 'temperature': 27, 'trace_id': 'f047156b-ee1c-40f1-bef9-48bd4fd394fc'}}
2025-03-06 12:09:56,860 - basicLogger - INFO - Message: {'type': 'wind-speed', 'datetime': '2025-03-06T10:19:47', 'payload': {'eventID': '2773ae27-6905-4326-91b9-e38b63b57379', 'deviceID': 'windSensor-001', 'timeStamp': '2025-03-06T10:19:47Z', 'windspeed': 10, 'location': {'latitude': 36, 'longitude': -79}, 'trace_id': 'bb6c64d9-4727-4acf-846f-4039793c3743'}}
2025-03-06 12:09:56,874 - basicLogger - INFO - Message: {'type': 'wind-speed', 'datetime': '2025-03-06T10:19:47', 'payload': {'eventID': 'd69e7560-a883-4f20-8a4e-84684ef2ad9a', 'deviceID': 'windSensor-001', 'timeStamp': '2025-03-06T10:19:47Z', 'windspeed': 26, 'location': {'latitude': 40, 'longitude': -78}, 'trace_id': 'b3bf3304-0a3f-4f68-a3f9-9a383fb2673d'}}
2025-03-06 12:09:56,885 - basicLogger - INFO - Message: {'type': 'temperature', 'datetime': '2025-03-06T10:19:47', 'payload': {'eventID': 'af8578f2-5a19-4d11-af15-1a740c88975e', 'deviceID': 'device123', 'timeStamp': '2025-03-06T10:19:47Z', 'temperature': 24, 'trace_id': 'd0887af1-f9f6-4c41-a7f1-999425246506'}}
2025-03-06 12:09:56,897 - basicLogger - INFO - Message: {'type': 'temperature', 'datetime': '2025-03-06T10:19:47', 'payload': {'eventID': 'ede8e099-dae6-471d-90b5-0e4a1fe861d8', 'deviceID': 'device123', 'timeStamp': '2025-03-06T10:19:47Z', 'temperature': 35, 'trace_id': 'c3082893-e722-4a1e-bcb7-5410c32dd9ce'}}
2025-03-06 12:09:56,908 - basicLogger - INFO - Message: {'type': 'wind-speed', 'datetime': '2025-03-06T10:19:47', 'payload': {'eventID': '4a48ef74-3f4d-4ebc-b9ff-486f32fc527b', 'deviceID': 'windSensor-001', 'timeStamp': '2025-03-06T10:19:47Z', 'windspeed': 8, 'location': {'latitude': 36, 'longitude': -73}, 'trace_id': 'ae2cabf3-a0c1-49f7-96ff-33fcd01acaa5'}}
2025-03-06 12:09:56,920 - basicLogger - INFO - Message: {'type': 'temperature', 'datetime': '2025-03-06T10:19:47', 'payload': {'eventID': '7eccd00f-33ff-4f22-bb03-fdee8c5c1851', 'deviceID': 'device123', 'timeStamp': '2025-03-06T10:19:47Z', 'temperature': 30, 'trace_id': 'a182cc69-821a-44db-8416-4c9d8c96dd3e'}}
2025-03-06 12:09:56,932 - basicLogger - INFO - Message: {'type': 'temperature', 'datetime': '2025-03-06T10:19:47', 'payload': {'eventID': 'eae75411-557d-4993-8986-0e3b9738ddfc', 'deviceID': 'device123', 'timeStamp': '2025-03-06T10:19:47Z', 'temperature': 31, 'trace_id': '4c603e6a-94e8-4bc9-85e8-f8728723cd65'}}
2025-03-06 12:09:56,945 - basicLogger - INFO - Message: {'type': 'temperature', 'datetime': '2025-03-06T10:19:47', 'payload': {'eventID': '57591474-fcf6-4d89-8f7f-e1af74622305', 'deviceID': 'device123', 'timeStamp': '2025-03-06T10:19:47Z', 'temperature': 24, 'trace_id': '33093d47-e1d4-4a72-a17d-7e819f17b33f'}}
2025-03-06 12:09:56,959 - basicLogger - INFO - Message: {'type': 'wind-speed', 'datetime': '2025-03-06T10:19:47', 'payload': {'eventID': '9fd86b16-cefb-49c8-b4e8-6e4a949f342a', 'deviceID': 'windSensor-001', 'timeStamp': '2025-03-06T10:19:47Z', 'windspeed': 8, 'location': {'latitude': 37, 'longitude': -71}, 'trace_id': '98a7f6d2-c0d2-4022-bf5d-de2026863fe4'}}
2025-03-06 12:09:56,974 - basicLogger - INFO - Message: {'type': 'wind-speed', 'datetime': '2025-03-06T10:19:47', 'payload': {'eventID': 'fa8f04c3-fca9-41a8-b947-631a16906cae', 'deviceID': 'windSensor-001', 'timeStamp': '2025-03-06T10:19:47Z', 'windspeed': 10, 'location': {'latitude': 36, 'longitude': -74}, 'trace_id': '8f98a99d-9221-4686-ba13-e4469608181c'}}
2025-03-06 12:09:56,990 - basicLogger - INFO - Message: {'type': 'temperature', 'datetime': '2025-03-06T10:19:47', 'payload': {'eventID': '1b592ea8-ff14-4e16-9b47-6c0c02797d3b', 'deviceID': 'device123', 'timeStamp': '2025-03-06T10:19:47Z', 'temperature': 18, 'trace_id': '4a7793ba-4e9f-4d15-9c74-6b00fe75d682'}}
2025-03-06 12:09:57,010 - basicLogger - INFO - Message: {'type': 'wind-speed', 'datetime': '2025-03-06T10:19:47', 'payload': {'eventID': '506429dc-e27a-4902-be8d-1238600ca32f', 'deviceID': 'windSensor-001', 'timeStamp': '2025-03-06T10:19:47Z', 'windspeed': 9, 'location': {'latitude': 45, 'longitude': -74}, 'trace_id': 'e8291a44-f505-4e80-8e45-2e0635a3d22a'}}
2025-03-06 12:09:57,025 - basicLogger - INFO - Message: {'type': 'temperature', 'datetime': '2025-03-06T10:19:47', 'payload': {'eventID': 'fe5c4ef3-a27e-466e-bb3e-2f46b8877ada', 'deviceID': 'device123', 'timeStamp': '2025-03-06T10:19:47Z', 'temperature': 29, 'trace_id': '901affd1-3985-43c7-9c6d-6170d289c295'}}
2025-03-06 12:09:57,038 - basicLogger - INFO - Message: {'type': 'temperature', 'datetime': '2025-03-06T10:19:47', 'payload': {'eventID': 'ab22f23c-cf22-42d8-bfb2-51122ec028f7', 'deviceID': 'device123', 'timeStamp': '2025-03-06T10:19:47Z', 'temperature': 33, 'trace_id': 'da1ea66c-f9f3-43c9-bb6d-7c48d21ebcab'}}
2025-03-06 12:09:57,049 - basicLogger - INFO - Message: {'type': 'temperature', 'datetime': '2025-03-06T10:19:47', 'payload': {'eventID': '6bca240b-112c-448a-b06d-d78ec92d149f', 'deviceID': 'device123', 'timeStamp': '2025-03-06T10:19:47Z', 'temperature': 30, 'trace_id': 'd9bd4cf1-ed11-47d2-9373-b14227d5fd79'}}
2025-03-06 12:09:57,060 - basicLogger - INFO - Message: {'type': 'temperature', 'datetime': '2025-03-06T10:19:47', 'payload': {'eventID': 'fd1a60d3-98cb-4ed5-88c1-03bef1ac8d8c', 'deviceID': 'device123', 'timeStamp': '2025-03-06T10:19:47Z', 'temperature': 30, 'trace_id': '06b6c43e-1ac6-4359-9306-77ff3a03d1c5'}}
2025-03-06 12:09:57,071 - basicLogger - INFO - Message: {'type': 'temperature', 'datetime': '2025-03-06T10:19:47', 'payload': {'eventID': 'faef16fb-69a0-4af9-8900-46525a95877f', 'deviceID': 'device123', 'timeStamp': '2025-03-06T10:19:47Z', 'temperature': 27, 'trace_id': 'c6b78cbe-eda5-4a45-b7d5-e85527b74294'}}
2025-03-06 12:09:57,083 - basicLogger - INFO - Message: {'type': 'temperature', 'datetime': '2025-03-06T10:19:47', 'payload': {'eventID': '68610288-10f8-420b-a45a-3ab5927cb791', 'deviceID': 'device123', 'timeStamp': '2025-03-06T10:19:47Z', 'temperature': 30, 'trace_id': '3d12f538-5732-43d1-a006-f1df0acc802c'}}
2025-03-06 12:09:57,094 - basicLogger - INFO - Message: {'type': 'temperature', 'datetime': '2025-03-06T10:19:47', 'payload': {'eventID': '86baea3f-ced7-47b9-9231-8da613416282', 'deviceID': 'device123', 'timeStamp': '2025-03-06T10:19:47Z', 'temperature': 22, 'trace_id': '7b7b8980-d011-4a12-9d81-1b4147043d4d'}}
2025-03-06 12:09:57,105 - basicLogger - INFO - Message: {'type': 'wind-speed', 'datetime': '2025-03-06T10:19:47', 'payload': {'eventID': 'c4caf6d6-aae8-4446-a642-af539d009d77', 'deviceID': 'windSensor-001', 'timeStamp': '2025-03-06T10:19:47Z', 'windspeed': 16, 'location': {'latitude': 37, 'longitude': -70}, 'trace_id': '4238ee66-7ea2-481c-9df5-1cafc869bdef'}}
2025-03-06 12:09:57,117 - basicLogger - INFO - Message: {'type': 'wind-speed', 'datetime': '2025-03-06T10:19:47', 'payload': {'eventID': '57dffc7f-cbcd-42d7-916d-945464c50609', 'deviceID': 'windSensor-001', 'timeStamp': '2025-03-06T10:19:47Z', 'windspeed': 23, 'location': {'latitude': 37, 'longitude': -74}, 'trace_id': 'af980bb5-057a-4d96-9abb-3bc34aa8759a'}}
2025-03-06 12:09:57,128 - basicLogger - INFO - Message: {'type': 'wind-speed', 'datetime': '2025-03-06T10:19:47', 'payload': {'eventID': '6077eaff-f1c3-4350-b855-103dda34e0e0', 'deviceID': 'windSensor-001', 'timeStamp': '2025-03-06T10:19:47Z', 'windspeed': 7, 'location': {'latitude': 41, 'longitude': -79}, 'trace_id': 'c099db31-cbdb-4b6b-9b66-bed7ca1b3405'}}
2025-03-06 12:09:57,140 - basicLogger - INFO - Message: {'type': 'wind-speed', 'datetime': '2025-03-06T10:19:47', 'payload': {'eventID': '981a933e-486e-463e-972a-60ff4d0ec5d1', 'deviceID': 'windSensor-001', 'timeStamp': '2025-03-06T10:19:47Z', 'windspeed': 25, 'location': {'latitude': 41, 'longitude': -77}, 'trace_id': '67a50e8d-9f8e-4cb5-9046-8e2d25f77f54'}}
2025-03-06 12:09:57,152 - basicLogger - INFO - Message: {'type': 'temperature', 'datetime': '2025-03-06T10:19:47', 'payload': {'eventID': 'd2a0329d-7438-4a84-8a02-57d29edf17e3', 'deviceID': 'device123', 'timeStamp': '2025-03-06T10:19:47Z', 'temperature': 30, 'trace_id': '82d192af-90c3-4814-be46-ecf842c7cd4b'}}
2025-03-06 12:09:57,163 - basicLogger - INFO - Message: {'type': 'temperature', 'datetime': '2025-03-06T10:19:47', 'payload': {'eventID': '0250ac16-3ff9-416f-ab09-0da8fa71a08e', 'deviceID': 'device123', 'timeStamp': '2025-03-06T10:19:47Z', 'temperature': 28, 'trace_id': '9a58a7c3-1443-49e0-ac15-cac9d62b628a'}}
2025-03-06 12:09:57,174 - basicLogger - INFO - Message: {'type': 'temperature', 'datetime': '2025-03-06T10:19:47', 'payload': {'eventID': '54320f98-8c1c-4132-86ae-9904f9752dcc', 'deviceID': 'device123', 'timeStamp': '2025-03-06T10:19:47Z', 'temperature': 17, 'trace_id': '7f4b0dec-84d0-4cc8-9e7e-5382a4de6c67'}}
2025-03-06 12:09:57,187 - basicLogger - INFO - Message: {'type': 'wind-speed', 'datetime': '2025-03-06T10:19:47', 'payload': {'eventID': 'b3a5be80-6188-40bb-8037-42905929a039', 'deviceID': 'windSensor-001', 'timeStamp': '2025-03-06T10:19:47Z', 'windspeed': 7, 'location': {'latitude': 43, 'longitude': -73}, 'trace_id': 'ce55449d-b023-44b4-ac00-5741b94a9ce4'}}
2025-03-06 12:09:57,195 - basicLogger - INFO - Message: {'type': 'wind-speed', 'datetime': '2025-03-06T10:19:47', 'payload': {'eventID': '1ca7607b-a88e-45e6-9aaf-9c00c0839a1b', 'deviceID': 'windSensor-001', 'timeStamp': '2025-03-06T10:19:47Z', 'windspeed': 15, 'location': {'latitude': 40, 'longitude': -79}, 'trace_id': '431c85e1-f2ca-47ad-8a72-4e62753c2fee'}}
2025-03-06 12:09:57,206 - basicLogger - INFO - Message: {'type': 'wind-speed', 'datetime': '2025-03-06T10:19:47', 'payload': {'eventID': 'c76e8e49-06bf-4703-86ce-6b4835d3ae21', 'deviceID': 'windSensor-001', 'timeStamp': '2025-03-06T10:19:47Z', 'windspeed': 9, 'location': {'latitude': 42, 'longitude': -76}, 'trace_id': '8e9b176b-88f6-4613-bf1e-9f0c72056d3c'}}
2025-03-06 12:09:57,214 - basicLogger - INFO - Message: {'type': 'wind-speed', 'datetime': '2025-03-06T10:19:47', 'payload': {'eventID': 'e6146f03-b437-4f0d-addf-98ba62325624', 'deviceID': 'windSensor-001', 'timeStamp': '2025-03-06T10:19:47Z', 'windspeed': 28, 'location': {'latitude': 38, 'longitude': -70}, 'trace_id': '6736d650-8141-4936-b6b1-ec04fa9cff80'}}
2025-03-06 12:09:57,222 - basicLogger - INFO - Message: {'type': 'wind-speed', 'datetime': '2025-03-06T10:19:47', 'payload': {'eventID': '239b59e1-984a-4c00-b116-11532ab1510e', 'deviceID': 'windSensor-001', 'timeStamp': '2025-03-06T10:19:47Z', 'windspeed': 13, 'location': {'latitude': 36, 'longitude': -76}, 'trace_id': '61b3833d-0539-47ad-bbd8-a31f644bf226'}}
2025-03-06 12:09:57,229 - basicLogger - INFO - Message: {'type': 'wind-speed', 'datetime': '2025-03-06T10:19:47', 'payload': {'eventID': 'cdfde1bc-eba2-4d71-bbb3-68fa16368270', 'deviceID': 'windSensor-001', 'timeStamp': '2025-03-06T10:19:47Z', 'windspeed': 13, 'location': {'latitude': 35, 'longitude': -74}, 'trace_id': '88625271-dd8d-49c4-b336-f4eef4fcd56e'}}
2025-03-06 12:09:57,237 - basicLogger - INFO - Message: {'type': 'wind-speed', 'datetime': '2025-03-06T10:19:47', 'payload': {'eventID': 'c23b35f7-31f1-4a16-bb02-6bdcd9690b81', 'deviceID': 'windSensor-001', 'timeStamp': '2025-03-06T10:19:47Z', 'windspeed': 18, 'location': {'latitude': 38, 'longitude': -72}, 'trace_id': '00d4e4c9-a0ff-4254-8a05-21b041a17df9'}}
2025-03-06 12:09:57,244 - basicLogger - INFO - Message: {'type': 'temperature', 'datetime': '2025-03-06T10:19:47', 'payload': {'eventID': '40c9c28d-e4d8-4352-ba34-95af3c02ce7f', 'deviceID': 'device123', 'timeStamp': '2025-03-06T10:19:47Z', 'temperature': 25, 'trace_id': 'd13d91db-4853-446c-9ed3-e29032e28378'}}
2025-03-06 12:09:57,251 - basicLogger - INFO - Message: {'type': 'wind-speed', 'datetime': '2025-03-06T10:19:47', 'payload': {'eventID': '856a1e83-eb6a-45b4-a33c-f25cb4908b6d', 'deviceID': 'windSensor-001', 'timeStamp': '2025-03-06T10:19:47Z', 'windspeed': 14, 'location': {'latitude': 36, 'longitude': -80}, 'trace_id': '58a06252-b3e8-4ba7-ba1f-ba2ac8d7f2f0'}}
2025-03-06 12:09:57,259 - basicLogger - INFO - Message: {'type': 'wind-speed', 'datetime': '2025-03-06T10:19:47', 'payload': {'eventID': '3b4c9b53-72ba-4875-8ca9-a83863e359ef', 'deviceID': 'windSensor-001', 'timeStamp': '2025-03-06T10:19:47Z', 'windspeed': 10, 'location': {'latitude': 42, 'longitude': -73}, 'trace_id': '1027860b-7475-43f5-89f9-ca2dad807c14'}}
2025-03-06 12:09:57,266 - basicLogger - INFO - Message: {'type': 'wind-speed', 'datetime': '2025-03-06T10:19:47', 'payload': {'eventID': 'a641086a-2088-47a5-bac5-9da160292627', 'deviceID': 'windSensor-001', 'timeStamp': '2025-03-06T10:19:47Z', 'windspeed': 7, 'location': {'latitude': 39, 'longitude': -79}, 'trace_id': '6c1b5ab8-919d-480c-a6fd-1a1e5cac194b'}}
2025-03-06 12:09:57,274 - basicLogger - INFO - Message: {'type': 'wind-speed', 'datetime': '2025-03-06T10:19:47', 'payload': {'eventID': '78ed7387-fbc4-4440-8805-71fe7b32ce01', 'deviceID': 'windSensor-001', 'timeStamp': '2025-03-06T10:19:47Z', 'windspeed': 16, 'location': {'latitude': 41, 'longitude': -74}, 'trace_id': '493113fb-863c-479d-8f14-6b0e19db5481'}}
2025-03-06 12:09:57,281 - basicLogger - INFO - Message: {'type': 'wind-speed', 'datetime': '2025-03-06T10:19:47', 'payload': {'eventID': 'bf21faf8-9fc4-4d8e-a91d-72098da8fa00', 'deviceID': 'windSensor-001', 'timeStamp': '2025-03-06T10:19:47Z', 'windspeed': 26, 'location': {'latitude': 37, 'longitude': -75}, 'trace_id': 'b4c433fc-490e-43ff-ad98-bdddc3f8b95c'}}
2025-03-06 12:09:57,288 - basicLogger - INFO - Message: {'type': 'wind-speed', 'datetime': '2025-03-06T10:19:47', 'payload': {'eventID': 'f50d281c-1903-4006-ae7d-1f0582365b04', 'deviceID': 'windSensor-001', 'timeStamp': '2025-03-06T10:19:47Z', 'windspeed': 8, 'location': {'latitude': 39, 'longitude': -76}, 'trace_id': '51bb4d73-b6e1-4cad-be67-7afc4b8b7b5e'}}
2025-03-06 12:09:57,296 - basicLogger - INFO - Message: {'type': 'wind-speed', 'datetime': '2025-03-06T10:19:47', 'payload': {'eventID': '99771d2a-c106-45cf-a835-135ff185ce92', 'deviceID': 'windSensor-001', 'timeStamp': '2025-03-06T10:19:47Z', 'windspeed': 5, 'location': {'latitude': 42, 'longitude': -79}, 'trace_id': '2418bc8f-3d85-4c48-a461-b4cfc50c5806'}}
2025-03-06 12:09:57,303 - basicLogger - INFO - Message: {'type': 'temperature', 'datetime': '2025-03-06T10:19:47', 'payload': {'eventID': '3d60398f-8d59-481d-83be-625b3b6e7da4', 'deviceID': 'device123', 'timeStamp': '2025-03-06T10:19:47Z', 'temperature': 19, 'trace_id': '71f7a94b-0f7c-40cb-ad5e-d54e98ad809c'}}
2025-03-06 12:09:57,313 - basicLogger - INFO - Message: {'type': 'temperature', 'datetime': '2025-03-06T10:19:47', 'payload': {'eventID': '9737cc63-da69-41b8-9608-6053439d3c76', 'deviceID': 'device123', 'timeStamp': '2025-03-06T10:19:47Z', 'temperature': 35, 'trace_id': '19f57930-bacd-4076-8fb8-574f501cdb42'}}
2025-03-06 12:09:57,320 - basicLogger - INFO - Message: {'type': 'wind-speed', 'datetime': '2025-03-06T10:19:47', 'payload': {'eventID': '42f6fba2-258c-443b-b6a1-e1e3da94c191', 'deviceID': 'windSensor-001', 'timeStamp': '2025-03-06T10:19:47Z', 'windspeed': 13, 'location': {'latitude': 43, 'longitude': -75}, 'trace_id': '27601585-4b89-4bcf-8ab8-fd7e92772124'}}
2025-03-06 12:09:57,327 - basicLogger - INFO - Message: {'type': 'wind-speed', 'datetime': '2025-03-06T10:19:47', 'payload': {'eventID': '49e43adc-dc6c-494f-af3c-d29b4d5d0b9f', 'deviceID': 'windSensor-001', 'timeStamp': '2025-03-06T10:19:47Z', 'windspeed': 22, 'location': {'latitude': 44, 'longitude': -70}, 'trace_id': 'c11075a7-a7e1-4190-bf64-efdc45102fb9'}}
2025-03-06 12:09:57,334 - basicLogger - INFO - Message: {'type': 'wind-speed', 'datetime': '2025-03-06T10:19:47', 'payload': {'eventID': 'dfd028fd-2414-4f59-a5b9-f7b8703fb0b1', 'deviceID': 'windSensor-001', 'timeStamp': '2025-03-06T10:19:47Z', 'windspeed': 7, 'location': {'latitude': 40, 'longitude': -80}, 'trace_id': '4c9ea3a7-c10e-4b2f-bf29-9bfe26c0ce12'}}
2025-03-06 12:09:57,342 - basicLogger - INFO - Message: {'type': 'temperature', 'datetime': '2025-03-06T10:19:47', 'payload': {'eventID': '32f3fa2a-7698-45ad-a824-7f1f8c02dcb4', 'deviceID': 'device123', 'timeStamp': '2025-03-06T10:19:47Z', 'temperature': 32, 'trace_id': '1006f819-348f-4e73-ba4e-683cb8e04e46'}}
2025-03-06 12:09:57,349 - basicLogger - INFO - Message: {'type': 'wind-speed', 'datetime': '2025-03-06T10:19:48', 'payload': {'eventID': '3521b611-af89-425f-b8cc-89b4c27a120d', 'deviceID': 'windSensor-001', 'timeStamp': '2025-03-06T10:19:47Z', 'windspeed': 15, 'location': {'latitude': 45, 'longitude': -77}, 'trace_id': '0dc20ba9-a265-4a49-8ad3-a4c487112357'}}
2025-03-06 12:09:57,356 - basicLogger - INFO - Message: {'type': 'wind-speed', 'datetime': '2025-03-06T10:19:48', 'payload': {'eventID': '47792f28-3b9a-4b49-b833-49dbf5148544', 'deviceID': 'windSensor-001', 'timeStamp': '2025-03-06T10:19:47Z', 'windspeed': 25, 'location': {'latitude': 45, 'longitude': -80}, 'trace_id': '40fa068c-8603-4e0f-84b7-4d36f59babd1'}}
2025-03-06 12:09:57,364 - basicLogger - INFO - Message: {'type': 'temperature', 'datetime': '2025-03-06T10:19:48', 'payload': {'eventID': 'd17f44df-e2fd-439e-a759-8b27c7b28e9d', 'deviceID': 'device123', 'timeStamp': '2025-03-06T10:19:47Z', 'temperature': 33, 'trace_id': '2158b2f2-c338-46d9-b3e9-ebe2cbd5e5c9'}}
2025-03-06 12:09:57,371 - basicLogger - INFO - Message: {'type': 'wind-speed', 'datetime': '2025-03-06T10:19:48', 'payload': {'eventID': '1af3d2e1-efb1-4423-aaa4-5d46e69822a7', 'deviceID': 'windSensor-001', 'timeStamp': '2025-03-06T10:19:47Z', 'windspeed': 17, 'location': {'latitude': 40, 'longitude': -72}, 'trace_id': '7927258e-7c20-4db3-a20e-9325efc88b34'}}
2025-03-06 12:09:57,379 - basicLogger - INFO - Message: {'type': 'wind-speed', 'datetime': '2025-03-06T10:19:48', 'payload': {'eventID': '139d90f4-df21-4393-a211-a8f2cae4dd4b', 'deviceID': 'windSensor-001', 'timeStamp': '2025-03-06T10:19:47Z', 'windspeed': 22, 'location': {'latitude': 43, 'longitude': -74}, 'trace_id': '53b38a4d-42aa-42c3-8f26-09f96ef89fc6'}}
2025-03-06 12:09:57,387 - basicLogger - INFO - Message: {'type': 'temperature', 'datetime': '2025-03-06T10:19:48', 'payload': {'eventID': '2489e135-cb8a-4bf1-84fc-85fc64d156fb', 'deviceID': 'device123', 'timeStamp': '2025-03-06T10:19:47Z', 'temperature': 19, 'trace_id': '6e5820c2-2787-4cbb-a8eb-28cba26adcf2'}}
2025-03-06 12:09:57,395 - basicLogger - INFO - Message: {'type': 'wind-speed', 'datetime': '2025-03-06T10:19:48', 'payload': {'eventID': '60a213fb-d4cc-448d-a6b3-46e33f733910', 'deviceID': 'windSensor-001', 'timeStamp': '2025-03-06T10:19:47Z', 'windspeed': 17, 'location': {'latitude': 35, 'longitude': -79}, 'trace_id': '6a49ecae-caf9-435a-a1ad-6b851bc1fd32'}}
2025-03-06 12:09:57,403 - basicLogger - INFO - Message: {'type': 'temperature', 'datetime': '2025-03-06T10:19:48', 'payload': {'eventID': '066c903e-21ca-4c8e-ba99-6d47c062a176', 'deviceID': 'device123', 'timeStamp': '2025-03-06T10:19:47Z', 'temperature': 27, 'trace_id': 'ab7231b7-da70-4dda-8822-d845c4333c2c'}}
2025-03-06 12:09:57,410 - basicLogger - INFO - Message: {'type': 'wind-speed', 'datetime': '2025-03-06T10:19:48', 'payload': {'eventID': '588f4adb-e31a-470f-9a68-1bcdff93304d', 'deviceID': 'windSensor-001', 'timeStamp': '2025-03-06T10:19:47Z', 'windspeed': 24, 'location': {'latitude': 44, 'longitude': -70}, 'trace_id': 'f9b76ee7-3901-4b23-9c2f-0e4e89b3e664'}}
2025-03-06 12:09:57,418 - basicLogger - INFO - Message: {'type': 'wind-speed', 'datetime': '2025-03-06T10:19:48', 'payload': {'eventID': 'f51707b8-e2d3-43ff-9194-2a06d50861cb', 'deviceID': 'windSensor-001', 'timeStamp': '2025-03-06T10:19:47Z', 'windspeed': 13, 'location': {'latitude': 42, 'longitude': -76}, 'trace_id': '440a509d-50c2-400d-b711-9d2112e18c88'}}
2025-03-06 12:09:57,426 - basicLogger - INFO - Message: {'type': 'wind-speed', 'datetime': '2025-03-06T10:19:48', 'payload': {'eventID': 'db324fec-80f0-44c6-b847-f9010e29b594', 'deviceID': 'windSensor-001', 'timeStamp': '2025-03-06T10:19:47Z', 'windspeed': 13, 'location': {'latitude': 41, 'longitude': -77}, 'trace_id': 'c90ca146-3b9e-4f29-bb52-85e70abfe50b'}}
2025-03-06 12:09:57,438 - basicLogger - INFO - Message: {'type': 'wind-speed', 'datetime': '2025-03-06T10:19:48', 'payload': {'eventID': '30a7e3b0-bdd2-49be-80eb-193e8e5bf5ed', 'deviceID': 'windSensor-001', 'timeStamp': '2025-03-06T10:19:47Z', 'windspeed': 14, 'location': {'latitude': 42, 'longitude': -74}, 'trace_id': 'da2358ff-0501-4532-9c48-4384d6bfa716'}}
2025-03-06 12:09:57,456 - basicLogger - INFO - Message: {'type': 'wind-speed', 'datetime': '2025-03-06T10:19:48', 'payload': {'eventID': '4f1708b4-f121-4e08-afe4-ed67c904cd9a', 'deviceID': 'windSensor-001', 'timeStamp': '2025-03-06T10:19:47Z', 'windspeed': 26, 'location': {'latitude': 40, 'longitude': -76}, 'trace_id': '6224861f-afd5-426e-ba9e-3d25c4ef1e0d'}}
2025-03-06 12:09:57,471 - basicLogger - INFO - Message: {'type': 'wind-speed', 'datetime': '2025-03-06T10:19:48', 'payload': {'eventID': 'c36726f8-d16a-4ca8-96fe-9ef649cfe8e5', 'deviceID': 'windSensor-001', 'timeStamp': '2025-03-06T10:19:47Z', 'windspeed': 12, 'location': {'latitude': 45, 'longitude': -75}, 'trace_id': '77c46369-f984-4ae4-8e83-67d9fb88f908'}}
2025-03-06 12:09:57,490 - basicLogger - INFO - Message: {'type': 'temperature', 'datetime': '2025-03-06T10:19:48', 'payload': {'eventID': '0677e1a7-5735-4735-b4b5-eb449f1b7309', 'deviceID': 'device123', 'timeStamp': '2025-03-06T10:19:47Z', 'temperature': 31, 'trace_id': 'd3d5a900-0f5d-497e-bc39-38f68b2ad547'}}
2025-03-06 12:09:57,505 - basicLogger - INFO - Message: {'type': 'wind-speed', 'datetime': '2025-03-06T10:19:48', 'payload': {'eventID': '8a9cdc02-3f1c-49b6-bff3-22c5de18e8d1', 'deviceID': 'windSensor-001', 'timeStamp': '2025-03-06T10:19:47Z', 'windspeed': 23, 'location': {'latitude': 38, 'longitude': -80}, 'trace_id': 'c91bae9d-189c-4a4b-b14c-5ea5c979ca97'}}
2025-03-06 12:09:57,521 - basicLogger - INFO - Message: {'type': 'wind-speed', 'datetime': '2025-03-06T10:19:48', 'payload': {'eventID': '1aa1cae7-649d-48ed-aa11-5220fc743936', 'deviceID': 'windSensor-001', 'timeStamp': '2025-03-06T10:19:47Z', 'windspeed': 16, 'location': {'latitude': 45, 'longitude': -71}, 'trace_id': 'e879d4ea-876e-44d1-86b5-9c0b68562cf6'}}
2025-03-06 12:09:57,536 - basicLogger - INFO - Message: {'type': 'wind-speed', 'datetime': '2025-03-06T10:19:48', 'payload': {'eventID': 'c931c8ba-60d9-4360-8af1-5a6576b471df', 'deviceID': 'windSensor-001', 'timeStamp': '2025-03-06T10:19:47Z', 'windspeed': 29, 'location': {'latitude': 36, 'longitude': -71}, 'trace_id': '08c93ae8-9a84-48a7-ad84-566263125529'}}
2025-03-06 12:09:57,551 - basicLogger - INFO - Message: {'type': 'wind-speed', 'datetime': '2025-03-06T10:19:48', 'payload': {'eventID': '4fd568ad-264f-4bd2-9688-54b217046fb0', 'deviceID': 'windSensor-001', 'timeStamp': '2025-03-06T10:19:47Z', 'windspeed': 7, 'location': {'latitude': 43, 'longitude': -73}, 'trace_id': 'a40da2ec-a428-4313-8010-c8abc168baf2'}}
2025-03-06 12:09:57,566 - basicLogger - INFO - Message: {'type': 'temperature', 'datetime': '2025-03-06T10:19:48', 'payload': {'eventID': 'e8f7f193-b770-4806-90fe-43f4cf394074', 'deviceID': 'device123', 'timeStamp': '2025-03-06T10:19:47Z', 'temperature': 16, 'trace_id': '1018b2c6-f8fd-44b2-86e3-a5ed455354cc'}}
2025-03-06 12:09:57,581 - basicLogger - INFO - Message: {'type': 'wind-speed', 'datetime': '2025-03-06T10:19:48', 'payload': {'eventID': '76f567bc-423f-47ca-b4a5-e9ac6281b852', 'deviceID': 'windSensor-001', 'timeStamp': '2025-03-06T10:19:47Z', 'windspeed': 7, 'location': {'latitude': 41, 'longitude': -71}, 'trace_id': '80db3c05-e6d9-4b8e-b2df-f1ec99f9842d'}}
2025-03-06 12:09:57,598 - basicLogger - INFO - Message: {'type': 'wind-speed', 'datetime': '2025-03-06T10:19:48', 'payload': {'eventID': 'e70c3052-33b1-4a4b-a9d1-ead1adf4de42', 'deviceID': 'windSensor-001', 'timeStamp': '2025-03-06T10:19:47Z', 'windspeed': 7, 'location': {'latitude': 44, 'longitude': -75}, 'trace_id': 'de9bc98f-4d4a-4405-8f01-878e6e4d6bce'}}
2025-03-06 12:09:57,613 - basicLogger - INFO - Message: {'type': 'wind-speed', 'datetime': '2025-03-06T10:19:48', 'payload': {'eventID': '051c5bb9-3745-44d9-84b5-300825412532', 'deviceID': 'windSensor-001', 'timeStamp': '2025-03-06T10:19:47Z', 'windspeed': 23, 'location': {'latitude': 36, 'longitude': -78}, 'trace_id': '63041936-442b-4a18-9cf3-d8c8df82d601'}}
2025-03-06 12:09:57,626 - basicLogger - INFO - Message: {'type': 'wind-speed', 'datetime': '2025-03-06T10:19:48', 'payload': {'eventID': 'bf210879-733b-46ba-abf1-f42e9b8b2227', 'deviceID': 'windSensor-001', 'timeStamp': '2025-03-06T10:19:47Z', 'windspeed': 10, 'location': {'latitude': 43, 'longitude': -70}, 'trace_id': 'b34ae446-f75b-4348-833b-663053fd758f'}}
2025-03-06 12:09:57,637 - basicLogger - INFO - Message: {'type': 'temperature', 'datetime': '2025-03-06T10:19:48', 'payload': {'eventID': 'a7f22931-8945-4664-bc4d-08223708b54a', 'deviceID': 'device123', 'timeStamp': '2025-03-06T10:19:47Z', 'temperature': 21, 'trace_id': '2673a670-92c6-427a-9f17-a0fa786c11e9'}}
2025-03-06 12:09:57,648 - basicLogger - INFO - Message: {'type': 'temperature', 'datetime': '2025-03-06T10:19:48', 'payload': {'eventID': 'cc9ce8b0-3a07-4175-bbf4-c07ac42ddf8d', 'deviceID': 'device123', 'timeStamp': '2025-03-06T10:19:47Z', 'temperature': 15, 'trace_id': '31be7e04-1e09-49c7-8982-b08b380a8611'}}
2025-03-06 12:09:57,659 - basicLogger - INFO - Message: {'type': 'temperature', 'datetime': '2025-03-06T10:19:48', 'payload': {'eventID': '0bd63160-92ed-45e6-b117-baa8be9babff', 'deviceID': 'device123', 'timeStamp': '2025-03-06T10:19:47Z', 'temperature': 15, 'trace_id': '7f072e52-593c-4b88-a41a-9f3ca4c99a7c'}}
2025-03-06 12:09:57,670 - basicLogger - INFO - Message: {'type': 'wind-speed', 'datetime': '2025-03-06T10:19:48', 'payload': {'eventID': '63c71158-752f-4994-aa2e-72e90c15dcd7', 'deviceID': 'windSensor-001', 'timeStamp': '2025-03-06T10:19:47Z', 'windspeed': 14, 'location': {'latitude': 42, 'longitude': -75}, 'trace_id': '8b3d1b71-a235-48e3-9ae8-fb5cac9aafe1'}}
2025-03-06 12:09:57,683 - basicLogger - INFO - Message: {'type': 'temperature', 'datetime': '2025-03-06T10:19:48', 'payload': {'eventID': 'fc75600a-0c33-4f2a-ab9b-fcd3709aa4ae', 'deviceID': 'device123', 'timeStamp': '2025-03-06T10:19:47Z', 'temperature': 25, 'trace_id': 'c3044c5e-9218-4138-b161-f5ac340c8895'}}
2025-03-06 12:09:57,694 - basicLogger - INFO - Message: {'type': 'temperature', 'datetime': '2025-03-06T10:19:48', 'payload': {'eventID': '5cf2f0a6-03f8-41cf-ab2b-3478f32316f8', 'deviceID': 'device123', 'timeStamp': '2025-03-06T10:19:47Z', 'temperature': 30, 'trace_id': 'fbbadb05-a4cb-4ae8-bbb3-c3cefa897302'}}
2025-03-06 12:09:57,706 - basicLogger - INFO - Message: {'type': 'wind-speed', 'datetime': '2025-03-06T10:19:48', 'payload': {'eventID': '624aa478-fe0b-491d-8147-a6f35aa9b11b', 'deviceID': 'windSensor-001', 'timeStamp': '2025-03-06T10:19:47Z', 'windspeed': 11, 'location': {'latitude': 40, 'longitude': -79}, 'trace_id': 'd8554d73-4e52-4891-851c-eee43f22c1db'}}
2025-03-06 12:09:57,717 - basicLogger - INFO - Message: {'type': 'wind-speed', 'datetime': '2025-03-06T10:19:48', 'payload': {'eventID': 'b03a462e-e672-4aa0-8ebc-f2d43f3e524b', 'deviceID': 'windSensor-001', 'timeStamp': '2025-03-06T10:19:47Z', 'windspeed': 14, 'location': {'latitude': 43, 'longitude': -73}, 'trace_id': '1823fa3b-68d3-4ea9-9118-05d06611945c'}}
2025-03-06 12:09:57,728 - basicLogger - INFO - Message: {'type': 'wind-speed', 'datetime': '2025-03-06T10:19:48', 'payload': {'eventID': 'dcf8f6d4-3f5a-436a-bbbd-17ff6d7db977', 'deviceID': 'windSensor-001', 'timeStamp': '2025-03-06T10:19:47Z', 'windspeed': 20, 'location': {'latitude': 41, 'longitude': -71}, 'trace_id': 'ecd0fc04-5021-4fb8-8c9e-b57621374fa0'}}
2025-03-06 12:09:57,739 - basicLogger - INFO - Message: {'type': 'wind-speed', 'datetime': '2025-03-06T10:19:48', 'payload': {'eventID': 'ae413f5e-5e6e-4e8b-8278-d519df140abe', 'deviceID': 'windSensor-001', 'timeStamp': '2025-03-06T10:19:47Z', 'windspeed': 18, 'location': {'latitude': 36, 'longitude': -72}, 'trace_id': '99b4df24-c945-4d5f-889a-fbaf3df958a8'}}
2025-03-06 12:09:57,748 - basicLogger - INFO - Message: {'type': 'temperature', 'datetime': '2025-03-06T10:19:48', 'payload': {'eventID': 'f73e6a86-7382-477c-9938-86056dace3c5', 'deviceID': 'device123', 'timeStamp': '2025-03-06T10:19:47Z', 'temperature': 28, 'trace_id': '11c84f84-62d5-4bae-aa47-361370f5d7fb'}}
2025-03-06 12:09:57,757 - basicLogger - INFO - Message: {'type': 'wind-speed', 'datetime': '2025-03-06T10:19:48', 'payload': {'eventID': 'd38a1eee-7f41-4109-9def-b1707a1b23e3', 'deviceID': 'windSensor-001', 'timeStamp': '2025-03-06T10:19:47Z', 'windspeed': 12, 'location': {'latitude': 40, 'longitude': -70}, 'trace_id': '5f31f2c6-2611-496a-b02a-bf8d20f2f937'}}
2025-03-06 12:09:57,767 - basicLogger - INFO - Message: {'type': 'temperature', 'datetime': '2025-03-06T10:19:48', 'payload': {'eventID': 'b5edb69a-8631-473e-82f5-8ec08ab226c6', 'deviceID': 'device123', 'timeStamp': '2025-03-06T10:19:47Z', 'temperature': 32, 'trace_id': '3de89452-6eaf-460f-89cf-59aeeba1fe3e'}}
2025-03-06 12:09:57,776 - basicLogger - INFO - Message: {'type': 'temperature', 'datetime': '2025-03-06T10:19:48', 'payload': {'eventID': 'c9d6d42e-7400-40cd-a5c8-c01e7a70a05e', 'deviceID': 'device123', 'timeStamp': '2025-03-06T10:19:47Z', 'temperature': 21, 'trace_id': 'b76d6da4-c635-461a-91bb-6b26d433060e'}}
2025-03-06 12:09:57,786 - basicLogger - INFO - Message: {'type': 'temperature', 'datetime': '2025-03-06T10:19:48', 'payload': {'eventID': '52fd15b1-02f3-4eec-9829-7831f8bb6a71', 'deviceID': 'device123', 'timeStamp': '2025-03-06T10:19:47Z', 'temperature': 19, 'trace_id': '730f3ce5-ee29-4ea6-b7b4-b41dd27e7f5e'}}
2025-03-06 12:09:57,795 - basicLogger - INFO - Message: {'type': 'wind-speed', 'datetime': '2025-03-06T10:19:48', 'payload': {'eventID': '9184d30a-1786-44a2-a620-be73510adabc', 'deviceID': 'windSensor-001', 'timeStamp': '2025-03-06T10:19:47Z', 'windspeed': 19, 'location': {'latitude': 40, 'longitude': -80}, 'trace_id': 'fd14a942-0f06-468a-89e8-33b36b2c60cd'}}
2025-03-06 12:09:57,804 - basicLogger - INFO - Message: {'type': 'temperature', 'datetime': '2025-03-06T10:19:48', 'payload': {'eventID': 'ce4d9cee-212a-44a2-967c-0a50bcd463a9', 'deviceID': 'device123', 'timeStamp': '2025-03-06T10:19:47Z', 'temperature': 28, 'trace_id': '83c11a80-3749-40bb-858a-974040636326'}}
2025-03-06 12:09:57,813 - basicLogger - INFO - Message: {'type': 'temperature', 'datetime': '2025-03-06T10:19:48', 'payload': {'eventID': 'c362cd5c-19be-480c-9ce9-a425347754a1', 'deviceID': 'device123', 'timeStamp': '2025-03-06T10:19:47Z', 'temperature': 20, 'trace_id': 'f99fcf87-b1ef-411e-b99e-c9fb4fa52983'}}
2025-03-06 12:09:57,823 - basicLogger - INFO - Message: {'type': 'wind-speed', 'datetime': '2025-03-06T10:19:48', 'payload': {'eventID': 'b1081ab1-f57e-4b76-94e8-5b2481f53542', 'deviceID': 'windSensor-001', 'timeStamp': '2025-03-06T10:19:47Z', 'windspeed': 18, 'location': {'latitude': 42, 'longitude': -72}, 'trace_id': '3a3531b9-6f75-4d6d-8184-1c90af832ffa'}}
2025-03-06 12:09:57,832 - basicLogger - INFO - Message: {'type': 'wind-speed', 'datetime': '2025-03-06T10:19:48', 'payload': {'eventID': 'ee778f80-8a75-431b-9107-a254a74ee937', 'deviceID': 'windSensor-001', 'timeStamp': '2025-03-06T10:19:47Z', 'windspeed': 23, 'location': {'latitude': 41, 'longitude': -71}, 'trace_id': 'f79398d9-8052-44fc-ac8b-b17e67ac2048'}}
2025-03-06 12:09:57,842 - basicLogger - INFO - Message: {'type': 'wind-speed', 'datetime': '2025-03-06T10:19:48', 'payload': {'eventID': '8900f43d-d91d-43a8-8458-9b8028668eca', 'deviceID': 'windSensor-001', 'timeStamp': '2025-03-06T10:19:47Z', 'windspeed': 27, 'location': {'latitude': 44, 'longitude': -70}, 'trace_id': '6ab42c82-399c-4239-8f6c-2f6509b584ae'}}
2025-03-06 12:09:57,854 - basicLogger - INFO - Message: {'type': 'temperature', 'datetime': '2025-03-06T10:19:48', 'payload': {'eventID': 'c8725622-6bfa-4863-8a89-b4024b22967a', 'deviceID': 'device123', 'timeStamp': '2025-03-06T10:19:47Z', 'temperature': 34, 'trace_id': '37455bdd-8499-4d76-8245-15cb11fc0775'}}
2025-03-06 12:09:57,863 - basicLogger - INFO - Message: {'type': 'temperature', 'datetime': '2025-03-06T10:19:48', 'payload': {'eventID': '2f5d0f6b-82cf-40d4-b696-7e68cce0dcd1', 'deviceID': 'device123', 'timeStamp': '2025-03-06T10:19:47Z', 'temperature': 33, 'trace_id': '81af2a4d-d2a1-4e94-819b-7d5a8648f41a'}}
2025-03-06 12:09:57,873 - basicLogger - INFO - Message: {'type': 'wind-speed', 'datetime': '2025-03-06T10:19:48', 'payload': {'eventID': '60d7a1a1-c536-4ccf-91c0-62a126c80fbb', 'deviceID': 'windSensor-001', 'timeStamp': '2025-03-06T10:19:47Z', 'windspeed': 27, 'location': {'latitude': 39, 'longitude': -77}, 'trace_id': 'ff0e0223-9448-4a47-ac6f-38691908ff0d'}}
2025-03-06 12:09:57,882 - basicLogger - INFO - Message: {'type': 'temperature', 'datetime': '2025-03-06T10:19:48', 'payload': {'eventID': 'bfd0053d-87aa-4ee0-98de-d751f3bd5cb4', 'deviceID': 'device123', 'timeStamp': '2025-03-06T10:19:47Z', 'temperature': 29, 'trace_id': 'ffd10ced-a110-4a41-a892-2b0a7fb37d4d'}}
2025-03-06 12:09:57,891 - basicLogger - INFO - Message: {'type': 'wind-speed', 'datetime': '2025-03-06T10:19:48', 'payload': {'eventID': '28a7e92a-0f1c-4dd5-9bb0-e131193c978a', 'deviceID': 'windSensor-001', 'timeStamp': '2025-03-06T10:19:47Z', 'windspeed': 25, 'location': {'latitude': 41, 'longitude': -70}, 'trace_id': '3600ee81-d237-4ac6-b008-393b0c0a4491'}}
2025-03-06 12:09:57,901 - basicLogger - INFO - Message: {'type': 'wind-speed', 'datetime': '2025-03-06T10:19:48', 'payload': {'eventID': '7313d2c5-4776-4a61-8418-957da91eb373', 'deviceID': 'windSensor-001', 'timeStamp': '2025-03-06T10:19:47Z', 'windspeed': 29, 'location': {'latitude': 38, 'longitude': -72}, 'trace_id': '38579b22-ce38-4e53-ad1c-bcd200c737fa'}}
2025-03-06 12:09:57,910 - basicLogger - INFO - Message: {'type': 'wind-speed', 'datetime': '2025-03-06T10:19:48', 'payload': {'eventID': '1d3612d0-2093-487a-92a4-5b6831e78d2c', 'deviceID': 'windSensor-001', 'timeStamp': '2025-03-06T10:19:47Z', 'windspeed': 19, 'location': {'latitude': 41, 'longitude': -74}, 'trace_id': '1bd6430d-a47d-4441-857f-c99551090a09'}}
2025-03-06 12:09:57,923 - basicLogger - INFO - Message: {'type': 'temperature', 'datetime': '2025-03-06T10:19:48', 'payload': {'eventID': 'db776b0d-f1b9-4f1d-8297-6f2348c801a8', 'deviceID': 'device123', 'timeStamp': '2025-03-06T10:19:47Z', 'temperature': 29, 'trace_id': '531f221f-a137-43ee-920c-0e0c64ff8d6e'}}
2025-03-06 12:09:57,936 - basicLogger - INFO - Message: {'type': 'wind-speed', 'datetime': '2025-03-06T10:19:48', 'payload': {'eventID': 'c784f48e-f3f5-4b0b-9d6a-60b84b974dd8', 'deviceID': 'windSensor-001', 'timeStamp': '2025-03-06T10:19:47Z', 'windspeed': 18, 'location': {'latitude': 43, 'longitude': -72}, 'trace_id': 'db92114e-d783-4ba8-b9cc-0fb01c4edb8b'}}
2025-03-06 12:09:57,946 - basicLogger - INFO - Message: {'type': 'temperature', 'datetime': '2025-03-06T10:19:48', 'payload': {'eventID': 'f30c198b-1a0a-4060-8b3c-4238739bb096', 'deviceID': 'device123', 'timeStamp': '2025-03-06T10:19:47Z', 'temperature': 29, 'trace_id': '6fbd96e3-6f2a-4b6a-808b-c21eac45f921'}}
2025-03-06 12:09:57,956 - basicLogger - INFO - Message: {'type': 'temperature', 'datetime': '2025-03-06T10:19:48', 'payload': {'eventID': 'a59b3084-cb4a-4214-bdc1-715eab593aaa', 'deviceID': 'device123', 'timeStamp': '2025-03-06T10:19:47Z', 'temperature': 26, 'trace_id': '4c62e112-fd5f-4966-ad15-503e94fb24ca'}}
2025-03-06 12:09:57,964 - basicLogger - INFO - Message: {'type': 'wind-speed', 'datetime': '2025-03-06T10:19:48', 'payload': {'eventID': 'f6d30585-c1fd-492f-a31e-1e02b30d9bf5', 'deviceID': 'windSensor-001', 'timeStamp': '2025-03-06T10:19:47Z', 'windspeed': 29, 'location': {'latitude': 41, 'longitude': -80}, 'trace_id': 'a96d6625-a1f8-4f95-8438-57c5dd01d01e'}}
2025-03-06 12:09:57,972 - basicLogger - INFO - Message: {'type': 'wind-speed', 'datetime': '2025-03-06T10:19:48', 'payload': {'eventID': '4690bb78-10dc-499e-8b12-d2e8c988e7b3', 'deviceID': 'windSensor-001', 'timeStamp': '2025-03-06T10:19:47Z', 'windspeed': 7, 'location': {'latitude': 41, 'longitude': -80}, 'trace_id': 'df6fc7a5-3200-4489-a7a1-b0263677a4de'}}
2025-03-06 12:09:57,979 - basicLogger - INFO - Message: {'type': 'wind-speed', 'datetime': '2025-03-06T10:19:48', 'payload': {'eventID': '7d989fe3-9e3d-46a2-8539-3d022d913318', 'deviceID': 'windSensor-001', 'timeStamp': '2025-03-06T10:19:47Z', 'windspeed': 14, 'location': {'latitude': 41, 'longitude': -73}, 'trace_id': '80f6d064-6a10-4959-a818-40408a2d9b9e'}}
2025-03-06 12:09:57,986 - basicLogger - INFO - Message: {'type': 'temperature', 'datetime': '2025-03-06T10:19:48', 'payload': {'eventID': '614a46b1-9f2e-45dc-aa5c-e25505bec07e', 'deviceID': 'device123', 'timeStamp': '2025-03-06T10:19:47Z', 'temperature': 34, 'trace_id': 'cf4cd116-16db-4b4a-9a35-0291ba5b50c7'}}
2025-03-06 12:09:57,994 - basicLogger - INFO - Message: {'type': 'wind-speed', 'datetime': '2025-03-06T10:19:48', 'payload': {'eventID': '71c5f328-9f96-45ee-a7bd-d279cd990960', 'deviceID': 'windSensor-001', 'timeStamp': '2025-03-06T10:19:47Z', 'windspeed': 30, 'location': {'latitude': 36, 'longitude': -73}, 'trace_id': '7d388e50-0052-448a-9b19-367aa7375ec2'}}
2025-03-06 12:09:58,003 - basicLogger - INFO - Message: {'type': 'temperature', 'datetime': '2025-03-06T10:19:48', 'payload': {'eventID': '5cfaa165-cd5b-4256-a0ea-f09e6c8ae7ff', 'deviceID': 'device123', 'timeStamp': '2025-03-06T10:19:47Z', 'temperature': 35, 'trace_id': 'a9c0c8f9-a7a1-4e07-a269-8db32e930698'}}
2025-03-06 12:09:58,010 - basicLogger - INFO - Message: {'type': 'wind-speed', 'datetime': '2025-03-06T10:19:48', 'payload': {'eventID': 'e951f6da-fda3-4aae-845c-28f032d64e5d', 'deviceID': 'windSensor-001', 'timeStamp': '2025-03-06T10:19:47Z', 'windspeed': 23, 'location': {'latitude': 39, 'longitude': -80}, 'trace_id': '4a36ce38-6459-490e-865b-046a9955d199'}}
2025-03-06 12:09:58,018 - basicLogger - INFO - Message: {'type': 'wind-speed', 'datetime': '2025-03-06T10:19:48', 'payload': {'eventID': '7d40200e-9111-47b9-8978-fb536bc90089', 'deviceID': 'windSensor-001', 'timeStamp': '2025-03-06T10:19:47Z', 'windspeed': 15, 'location': {'latitude': 43, 'longitude': -74}, 'trace_id': '980d288b-a0fd-45ed-99c7-28cdb55328a8'}}
2025-03-06 12:09:58,025 - basicLogger - INFO - Message: {'type': 'wind-speed', 'datetime': '2025-03-06T10:19:48', 'payload': {'eventID': 'b991bff3-81d8-4a7f-a66a-803ecbcd8e1f', 'deviceID': 'windSensor-001', 'timeStamp': '2025-03-06T10:19:47Z', 'windspeed': 9, 'location': {'latitude': 36, 'longitude': -78}, 'trace_id': '9ca033bc-fe36-4aa5-a8d3-3d6e0f6663a5'}}
2025-03-06 12:09:58,033 - basicLogger - INFO - Message: {'type': 'wind-speed', 'datetime': '2025-03-06T10:19:48', 'payload': {'eventID': '38c8f702-0705-4817-9702-08f2ee7e97f8', 'deviceID': 'windSensor-001', 'timeStamp': '2025-03-06T10:19:47Z', 'windspeed': 15, 'location': {'latitude': 42, 'longitude': -78}, 'trace_id': 'ac1123ad-543c-4c82-942b-96f41200fd87'}}
2025-03-06 12:09:58,040 - basicLogger - INFO - Message: {'type': 'temperature', 'datetime': '2025-03-06T10:19:48', 'payload': {'eventID': '35ed3390-0322-4827-ba21-40dd8b46408f', 'deviceID': 'device123', 'timeStamp': '2025-03-06T10:19:47Z', 'temperature': 31, 'trace_id': '13a8dd18-ac57-40ab-bdfc-054d41ca1990'}}
2025-03-06 12:09:58,048 - basicLogger - INFO - Message: {'type': 'wind-speed', 'datetime': '2025-03-06T10:19:48', 'payload': {'eventID': '8f373d6f-9460-4e1a-8a77-7c806b7e0faf', 'deviceID': 'windSensor-001', 'timeStamp': '2025-03-06T10:19:47Z', 'windspeed': 25, 'location': {'latitude': 36, 'longitude': -74}, 'trace_id': '17f1de42-2b77-4616-848a-a89812bc8fb5'}}
2025-03-06 12:09:58,055 - basicLogger - INFO - Message: {'type': 'wind-speed', 'datetime': '2025-03-06T10:19:48', 'payload': {'eventID': '0881e7a8-8258-4017-908a-0763453240b6', 'deviceID': 'windSensor-001', 'timeStamp': '2025-03-06T10:19:47Z', 'windspeed': 26, 'location': {'latitude': 38, 'longitude': -75}, 'trace_id': '7bf2211d-ff33-462c-a023-308e001da82d'}}
2025-03-06 12:09:58,062 - basicLogger - INFO - Message: {'type': 'wind-speed', 'datetime': '2025-03-06T10:19:48', 'payload': {'eventID': 'e75b4210-e5bd-4259-b6a5-aaf40f3488c8', 'deviceID': 'windSensor-001', 'timeStamp': '2025-03-06T10:19:47Z', 'windspeed': 14, 'location': {'latitude': 42, 'longitude': -80}, 'trace_id': 'dacefeb2-26f3-431f-9036-162892a6f141'}}
2025-03-06 12:09:58,070 - basicLogger - INFO - Message: {'type': 'temperature', 'datetime': '2025-03-06T10:19:48', 'payload': {'eventID': 'f29e4954-cc9c-42cd-8b17-9ea5e5cd28dd', 'deviceID': 'device123', 'timeStamp': '2025-03-06T10:19:47Z', 'temperature': 15, 'trace_id': '0a0121fd-9014-4b2a-9554-8a495ef6c244'}}
2025-03-06 12:09:58,077 - basicLogger - INFO - Message: {'type': 'temperature', 'datetime': '2025-03-06T10:19:48', 'payload': {'eventID': '38515bc8-22f8-4b3c-87f8-b5e03ef51593', 'deviceID': 'device123', 'timeStamp': '2025-03-06T10:19:47Z', 'temperature': 33, 'trace_id': '0232b8d6-e3e9-4e1e-b271-0a3a80a2d51c'}}
2025-03-06 12:09:58,084 - basicLogger - INFO - Message: {'type': 'temperature', 'datetime': '2025-03-06T10:19:48', 'payload': {'eventID': '9fdbecdf-cc42-4a9f-88a8-97610e606ab5', 'deviceID': 'device123', 'timeStamp': '2025-03-06T10:19:47Z', 'temperature': 34, 'trace_id': 'c049574b-efa0-4145-8dfa-228d9624dcb3'}}
2025-03-06 12:09:58,092 - basicLogger - INFO - Message: {'type': 'wind-speed', 'datetime': '2025-03-06T10:19:48', 'payload': {'eventID': '5d84f5e8-2c04-4f66-968d-7e3e33f7cc3e', 'deviceID': 'windSensor-001', 'timeStamp': '2025-03-06T10:19:47Z', 'windspeed': 10, 'location': {'latitude': 41, 'longitude': -77}, 'trace_id': '42ef6004-0f42-47ef-8f48-184c80b111a5'}}
2025-03-06 12:09:58,099 - basicLogger - INFO - Message: {'type': 'wind-speed', 'datetime': '2025-03-06T10:19:48', 'payload': {'eventID': '5223de1b-3171-42fc-8a27-43bccd33ea0d', 'deviceID': 'windSensor-001', 'timeStamp': '2025-03-06T10:19:47Z', 'windspeed': 14, 'location': {'latitude': 43, 'longitude': -77}, 'trace_id': 'fe6ce34d-8a7b-463f-9996-a9773b673686'}}
2025-03-06 12:09:58,107 - basicLogger - INFO - Message: {'type': 'wind-speed', 'datetime': '2025-03-06T10:19:48', 'payload': {'eventID': '5b8e62d4-369f-49b0-90fc-669d58f795e6', 'deviceID': 'windSensor-001', 'timeStamp': '2025-03-06T10:19:47Z', 'windspeed': 19, 'location': {'latitude': 37, 'longitude': -70}, 'trace_id': '0e9a0765-f1ee-4e2b-bdae-8dc654ae8695'}}
2025-03-06 12:09:58,114 - basicLogger - INFO - Message: {'type': 'temperature', 'datetime': '2025-03-06T10:19:48', 'payload': {'eventID': '8a0f7c1d-d7e3-4435-b5c0-fd5f7d1bcf24', 'deviceID': 'device123', 'timeStamp': '2025-03-06T10:19:47Z', 'temperature': 17, 'trace_id': 'f8be717b-c737-40d8-a636-cb5423a368d2'}}
2025-03-06 12:09:58,121 - basicLogger - INFO - Message: {'type': 'temperature', 'datetime': '2025-03-06T10:19:48', 'payload': {'eventID': '1f277466-6c24-4699-a7e1-3ae50fbf4356', 'deviceID': 'device123', 'timeStamp': '2025-03-06T10:19:47Z', 'temperature': 35, 'trace_id': '82248a30-70db-4216-8196-1ffe9b6d3d17'}}
2025-03-06 12:09:58,132 - basicLogger - INFO - Message: {'type': 'temperature', 'datetime': '2025-03-06T10:19:48', 'payload': {'eventID': '60c05be5-ad57-4955-bc49-0f5b4f978fb8', 'deviceID': 'device123', 'timeStamp': '2025-03-06T10:19:47Z', 'temperature': 34, 'trace_id': 'b5844a50-3e9a-49b9-819f-80a673ecc0eb'}}
2025-03-06 12:09:58,139 - basicLogger - INFO - Message: {'type': 'wind-speed', 'datetime': '2025-03-06T10:19:48', 'payload': {'eventID': 'cc972c6b-042a-4035-8599-911ad00a9122', 'deviceID': 'windSensor-001', 'timeStamp': '2025-03-06T10:19:47Z', 'windspeed': 29, 'location': {'latitude': 40, 'longitude': -77}, 'trace_id': '053d851c-0519-4b4b-b76d-d333abac5aea'}}
2025-03-06 12:09:58,146 - basicLogger - INFO - Message: {'type': 'temperature', 'datetime': '2025-03-06T10:19:48', 'payload': {'eventID': '0b6fd25f-29be-46cb-97e3-466e3ce712b8', 'deviceID': 'device123', 'timeStamp': '2025-03-06T10:19:47Z', 'temperature': 26, 'trace_id': 'a0f1f958-41f2-4b34-bc83-422c04064e83'}}
2025-03-06 12:09:58,154 - basicLogger - INFO - Message: {'type': 'temperature', 'datetime': '2025-03-06T10:19:48', 'payload': {'eventID': '9f9e1835-1d26-484d-9220-6ea1c396d8c9', 'deviceID': 'device123', 'timeStamp': '2025-03-06T10:19:47Z', 'temperature': 30, 'trace_id': '34b46b25-9fd5-48aa-a094-c975fb3442e7'}}
2025-03-06 12:09:58,161 - basicLogger - INFO - Message: {'type': 'temperature', 'datetime': '2025-03-06T10:19:48', 'payload': {'eventID': 'f657e1ff-8408-45ca-9b24-cd29d4811cc2', 'deviceID': 'device123', 'timeStamp': '2025-03-06T10:19:47Z', 'temperature': 30, 'trace_id': 'f820ae75-a716-49fc-9e1a-0b55a6ea7efb'}}
2025-03-06 12:09:58,168 - basicLogger - INFO - Message: {'type': 'temperature', 'datetime': '2025-03-06T10:19:48', 'payload': {'eventID': 'cc41837e-5e1f-495f-8515-805a36e0ce5a', 'deviceID': 'device123', 'timeStamp': '2025-03-06T10:19:47Z', 'temperature': 19, 'trace_id': '0984ca8e-93bb-40f1-95e8-f986d59d5c9c'}}
2025-03-06 12:09:58,176 - basicLogger - INFO - Message: {'type': 'temperature', 'datetime': '2025-03-06T10:19:48', 'payload': {'eventID': 'bd8540bc-02bd-4016-8cea-f6d950bf3414', 'deviceID': 'device123', 'timeStamp': '2025-03-06T10:19:47Z', 'temperature': 22, 'trace_id': '5e42c7ee-9c9f-4c3f-8227-9cd86b2b75b8'}}
2025-03-06 12:09:58,183 - basicLogger - INFO - Message: {'type': 'temperature', 'datetime': '2025-03-06T10:19:48', 'payload': {'eventID': 'fffa034d-9279-4f96-9893-ad61a46c00c8', 'deviceID': 'device123', 'timeStamp': '2025-03-06T10:19:47Z', 'temperature': 21, 'trace_id': '2c64dc2e-079a-4152-bac1-b5cea44ef6e7'}}
2025-03-06 12:09:58,191 - basicLogger - INFO - Message: {'type': 'wind-speed', 'datetime': '2025-03-06T10:19:48', 'payload': {'eventID': 'e5f62455-7d00-4883-9284-c4d5b9ee089c', 'deviceID': 'windSensor-001', 'timeStamp': '2025-03-06T10:19:47Z', 'windspeed': 7, 'location': {'latitude': 41, 'longitude': -70}, 'trace_id': '1a7f77e2-bd2e-492f-b388-450e3d7465a2'}}
2025-03-06 12:09:58,198 - basicLogger - INFO - Message: {'type': 'temperature', 'datetime': '2025-03-06T10:19:48', 'payload': {'eventID': '657e9308-684f-4948-a78e-3920b43a4646', 'deviceID': 'device123', 'timeStamp': '2025-03-06T10:19:47Z', 'temperature': 22, 'trace_id': '05dff87a-46e0-469b-99a5-4b0bd5393b70'}}
2025-03-06 12:09:58,206 - basicLogger - INFO - Message: {'type': 'temperature', 'datetime': '2025-03-06T10:19:48', 'payload': {'eventID': '2b9ab665-a186-442a-b9f0-9b5cc9a034b8', 'deviceID': 'device123', 'timeStamp': '2025-03-06T10:19:47Z', 'temperature': 19, 'trace_id': 'fba530f1-fd1c-4c22-b971-06e0ab1a7b92'}}
2025-03-06 12:09:58,213 - basicLogger - INFO - Message: {'type': 'wind-speed', 'datetime': '2025-03-06T10:19:48', 'payload': {'eventID': '68f3ae8d-143b-40b8-b93e-7e226117d88f', 'deviceID': 'windSensor-001', 'timeStamp': '2025-03-06T10:19:47Z', 'windspeed': 24, 'location': {'latitude': 44, 'longitude': -80}, 'trace_id': 'cfd6318a-9725-4cbc-814a-db9878a9341f'}}
2025-03-06 12:09:58,221 - basicLogger - INFO - Message: {'type': 'temperature', 'datetime': '2025-03-06T10:19:48', 'payload': {'eventID': 'f37f9e67-feab-4a3f-b5e5-c2035539ac5a', 'deviceID': 'device123', 'timeStamp': '2025-03-06T10:19:47Z', 'temperature': 19, 'trace_id': '19a9061d-652f-4263-8233-07bdf2514ae8'}}
2025-03-06 12:09:58,228 - basicLogger - INFO - Message: {'type': 'temperature', 'datetime': '2025-03-06T10:19:48', 'payload': {'eventID': 'd13f6f8e-6683-4395-93f7-837beec97f85', 'deviceID': 'device123', 'timeStamp': '2025-03-06T10:19:47Z', 'temperature': 19, 'trace_id': '5c08ecaf-34f5-4537-b963-478d7fd10839'}}
2025-03-06 12:09:58,239 - basicLogger - INFO - Message: {'type': 'temperature', 'datetime': '2025-03-06T10:19:48', 'payload': {'eventID': '7e5e045f-f68c-4194-9f30-4029f5d5b5b2', 'deviceID': 'device123', 'timeStamp': '2025-03-06T10:19:48Z', 'temperature': 29, 'trace_id': 'ff212e59-79fd-436f-b2bc-a2a99cafa093'}}
2025-03-06 12:09:58,247 - basicLogger - INFO - Message: {'type': 'temperature', 'datetime': '2025-03-06T10:19:48', 'payload': {'eventID': '7cc70428-3eb4-4170-ab88-4bf06e31cb98', 'deviceID': 'device123', 'timeStamp': '2025-03-06T10:19:47Z', 'temperature': 30, 'trace_id': 'cd1d139d-e9c3-48ad-b737-dc5df5eea035'}}
2025-03-06 12:09:58,255 - basicLogger - INFO - Message: {'type': 'temperature', 'datetime': '2025-03-06T10:19:48', 'payload': {'eventID': '39ef468a-926d-4ce3-a02a-ddb7dc64a3e2', 'deviceID': 'device123', 'timeStamp': '2025-03-06T10:19:48Z', 'temperature': 31, 'trace_id': 'ec1d1108-53dc-49d2-b7e7-3f49e08ca618'}}
2025-03-06 12:09:58,263 - basicLogger - INFO - Message: {'type': 'temperature', 'datetime': '2025-03-06T10:19:48', 'payload': {'eventID': 'eef7c97b-9e2e-448e-872b-db408cea3315', 'deviceID': 'device123', 'timeStamp': '2025-03-06T10:19:48Z', 'temperature': 27, 'trace_id': '1848c745-e1e9-453c-8ab4-36dfe9d008ca'}}
2025-03-06 12:09:58,270 - basicLogger - INFO - Message: {'type': 'wind-speed', 'datetime': '2025-03-06T10:19:48', 'payload': {'eventID': 'd2c85324-71c5-412d-8a52-1ede34ece194', 'deviceID': 'windSensor-001', 'timeStamp': '2025-03-06T10:19:48Z', 'windspeed': 20, 'location': {'latitude': 43, 'longitude': -71}, 'trace_id': 'b2e1b139-8f2a-4206-a997-d25748b25d49'}}
2025-03-06 12:09:58,278 - basicLogger - INFO - Message: {'type': 'temperature', 'datetime': '2025-03-06T10:19:48', 'payload': {'eventID': 'aa39ef0c-8020-409e-9df2-90fcb6be42c9', 'deviceID': 'device123', 'timeStamp': '2025-03-06T10:19:48Z', 'temperature': 16, 'trace_id': 'ff4e92cd-5276-4792-a593-fd9851e93a28'}}
2025-03-06 12:09:58,286 - basicLogger - INFO - Message: {'type': 'temperature', 'datetime': '2025-03-06T10:19:48', 'payload': {'eventID': 'fbd0847b-488e-4ee7-867a-81561ec5c863', 'deviceID': 'device123', 'timeStamp': '2025-03-06T10:19:48Z', 'temperature': 29, 'trace_id': '5d178ee5-8738-43ac-836d-1381fc9ccf27'}}
2025-03-06 12:09:58,294 - basicLogger - INFO - Message: {'type': 'temperature', 'datetime': '2025-03-06T10:19:48', 'payload': {'eventID': '288faf43-050e-4477-87ed-910852fd4bc4', 'deviceID': 'device123', 'timeStamp': '2025-03-06T10:19:48Z', 'temperature': 30, 'trace_id': 'f98b0935-fd74-46f0-92c8-d96bdf92f01a'}}
2025-03-06 12:09:58,302 - basicLogger - INFO - Message: {'type': 'temperature', 'datetime': '2025-03-06T10:19:48', 'payload': {'eventID': 'ddf2428c-eb9b-4fee-bf44-88e941f3a3f3', 'deviceID': 'device123', 'timeStamp': '2025-03-06T10:19:48Z', 'temperature': 21, 'trace_id': 'a5a36215-5db3-419e-b0d5-8ff89b5cf458'}}
2025-03-06 12:09:58,309 - basicLogger - INFO - Message: {'type': 'wind-speed', 'datetime': '2025-03-06T10:19:48', 'payload': {'eventID': 'f7fb64ca-a796-4670-a8e7-3eb90dfb661b', 'deviceID': 'windSensor-001', 'timeStamp': '2025-03-06T10:19:48Z', 'windspeed': 20, 'location': {'latitude': 38, 'longitude': -74}, 'trace_id': 'ecb5c66c-304a-4c47-a21f-3a980ba72326'}}
2025-03-06 12:09:58,317 - basicLogger - INFO - Message: {'type': 'temperature', 'datetime': '2025-03-06T10:19:48', 'payload': {'eventID': '60a53122-37b2-432c-b756-f374ec847a7c', 'deviceID': 'device123', 'timeStamp': '2025-03-06T10:19:48Z', 'temperature': 34, 'trace_id': '6c69b34e-4639-40d0-b48e-275c318f8e7f'}}
2025-03-06 12:09:58,325 - basicLogger - INFO - Message: {'type': 'temperature', 'datetime': '2025-03-06T10:19:48', 'payload': {'eventID': '241b865f-d356-489d-9c80-fd39d50a6615', 'deviceID': 'device123', 'timeStamp': '2025-03-06T10:19:48Z', 'temperature': 32, 'trace_id': 'f569073e-3064-44bd-b84b-1a63f5b93296'}}
2025-03-06 12:09:58,332 - basicLogger - INFO - Message: {'type': 'wind-speed', 'datetime': '2025-03-06T10:19:48', 'payload': {'eventID': 'df5ab480-b98f-4557-bb74-13f30ac1e842', 'deviceID': 'windSensor-001', 'timeStamp': '2025-03-06T10:19:48Z', 'windspeed': 8, 'location': {'latitude': 44, 'longitude': -75}, 'trace_id': 'd3261e81-83be-4934-a40b-d8ceda4c16bd'}}
2025-03-06 12:09:58,342 - basicLogger - INFO - Message: {'type': 'temperature', 'datetime': '2025-03-06T10:19:48', 'payload': {'eventID': '87b952b9-36d7-4bad-8be2-52034efa7676', 'deviceID': 'device123', 'timeStamp': '2025-03-06T10:19:48Z', 'temperature': 22, 'trace_id': '4911f7a7-2385-4961-8096-7c244c12dc6c'}}
2025-03-06 12:09:58,349 - basicLogger - INFO - Message: {'type': 'wind-speed', 'datetime': '2025-03-06T10:19:48', 'payload': {'eventID': 'adc7cb92-65ea-4616-82a8-f3a24a8b4b03', 'deviceID': 'windSensor-001', 'timeStamp': '2025-03-06T10:19:48Z', 'windspeed': 25, 'location': {'latitude': 40, 'longitude': -77}, 'trace_id': 'bdfe19a8-4bb2-4ebc-a5da-6b1306dc7033'}}
2025-03-06 12:09:58,357 - basicLogger - INFO - Message: {'type': 'wind-speed', 'datetime': '2025-03-06T10:19:48', 'payload': {'eventID': '1eb6f58c-45d1-4bd7-b2a7-fc2a8dac0596', 'deviceID': 'windSensor-001', 'timeStamp': '2025-03-06T10:19:48Z', 'windspeed': 23, 'location': {'latitude': 35, 'longitude': -75}, 'trace_id': 'bb907149-5dfc-49b5-bb42-d5b7368b46cd'}}
2025-03-06 12:09:58,364 - basicLogger - INFO - Message: {'type': 'temperature', 'datetime': '2025-03-06T10:19:48', 'payload': {'eventID': '28d37c6d-dd9f-4ce7-b52e-8dde18e9d1d5', 'deviceID': 'device123', 'timeStamp': '2025-03-06T10:19:48Z', 'temperature': 15, 'trace_id': 'c9e3ea6a-0273-487a-bfa1-ba5f596f16a4'}}
2025-03-06 12:09:58,375 - basicLogger - INFO - Message: {'type': 'temperature', 'datetime': '2025-03-06T10:19:48', 'payload': {'eventID': 'e25b8342-9328-4bc9-a4fd-78a23319c389', 'deviceID': 'device123', 'timeStamp': '2025-03-06T10:19:48Z', 'temperature': 29, 'trace_id': '22d3d7d8-257b-41bd-8795-98e17a26fdca'}}
2025-03-06 12:09:58,382 - basicLogger - INFO - Message: {'type': 'temperature', 'datetime': '2025-03-06T10:19:48', 'payload': {'eventID': 'd961492c-dcde-4722-9ee4-7f6c66e67311', 'deviceID': 'device123', 'timeStamp': '2025-03-06T10:19:48Z', 'temperature': 20, 'trace_id': '0753f86e-0ba0-4932-ba0c-85aabcf68a4f'}}
2025-03-06 12:09:58,390 - basicLogger - INFO - Message: {'type': 'temperature', 'datetime': '2025-03-06T10:19:48', 'payload': {'eventID': '49237b78-0cf3-4199-a6af-81c6aa31e257', 'deviceID': 'device123', 'timeStamp': '2025-03-06T10:19:48Z', 'temperature': 20, 'trace_id': 'b29aac81-34ab-4438-aaea-2d96d029ad15'}}
2025-03-06 12:09:58,397 - basicLogger - INFO - Message: {'type': 'temperature', 'datetime': '2025-03-06T10:19:48', 'payload': {'eventID': '704dc124-d631-4e51-acce-4a4c792fa6a5', 'deviceID': 'device123', 'timeStamp': '2025-03-06T10:19:48Z', 'temperature': 32, 'trace_id': 'a3e13956-2a2c-4c00-a99c-d185957c94e9'}}
2025-03-06 12:09:58,404 - basicLogger - INFO - Message: {'type': 'temperature', 'datetime': '2025-03-06T10:19:48', 'payload': {'eventID': 'db598687-621e-4e4c-9b16-d7b6d3ea3ad7', 'deviceID': 'device123', 'timeStamp': '2025-03-06T10:19:48Z', 'temperature': 35, 'trace_id': 'a61892ee-c7f9-408f-80ee-3afd7f8fe49f'}}
2025-03-06 12:09:58,412 - basicLogger - INFO - Message: {'type': 'temperature', 'datetime': '2025-03-06T10:19:48', 'payload': {'eventID': 'ae4af50a-97aa-43bd-b291-5dc4868e7b5a', 'deviceID': 'device123', 'timeStamp': '2025-03-06T10:19:48Z', 'temperature': 19, 'trace_id': '21613c8d-5872-41f5-b14d-540bab6344c4'}}
2025-03-06 12:09:58,419 - basicLogger - INFO - Message: {'type': 'wind-speed', 'datetime': '2025-03-06T10:19:48', 'payload': {'eventID': '8d40dbd4-c1b0-4d72-8e23-c1354f0a3e90', 'deviceID': 'windSensor-001', 'timeStamp': '2025-03-06T10:19:48Z', 'windspeed': 15, 'location': {'latitude': 43, 'longitude': -71}, 'trace_id': 'b9e2622e-fad6-4c17-b2cc-94f53c1b0d24'}}
2025-03-06 12:09:58,427 - basicLogger - INFO - Message: {'type': 'temperature', 'datetime': '2025-03-06T10:19:48', 'payload': {'eventID': '190ad2d9-b90d-4143-a295-31fa740833f6', 'deviceID': 'device123', 'timeStamp': '2025-03-06T10:19:48Z', 'temperature': 18, 'trace_id': '9f4a501d-a00c-405c-801e-ec835f9c5ed4'}}
2025-03-06 12:09:58,434 - basicLogger - INFO - Message: {'type': 'temperature', 'datetime': '2025-03-06T10:19:48', 'payload': {'eventID': '0851b385-af2e-4a10-96f6-1cc0755a779d', 'deviceID': 'device123', 'timeStamp': '2025-03-06T10:19:48Z', 'temperature': 27, 'trace_id': '96a9b22f-f843-48b5-a44e-d4532bcb625b'}}
2025-03-06 12:09:58,442 - basicLogger - INFO - Message: {'type': 'temperature', 'datetime': '2025-03-06T10:19:48', 'payload': {'eventID': 'b0fc3200-c658-48bd-b25e-93bd32a4b55c', 'deviceID': 'device123', 'timeStamp': '2025-03-06T10:19:48Z', 'temperature': 23, 'trace_id': '257ffa30-1f02-4917-b230-9417ef9032f0'}}
2025-03-06 12:09:58,449 - basicLogger - INFO - Message: {'type': 'wind-speed', 'datetime': '2025-03-06T10:19:48', 'payload': {'eventID': 'b7de9bc7-53ed-426d-9917-29545dc2b024', 'deviceID': 'windSensor-001', 'timeStamp': '2025-03-06T10:19:48Z', 'windspeed': 16, 'location': {'latitude': 37, 'longitude': -78}, 'trace_id': '421b352d-90b4-4b68-b58d-dec32cb58bbb'}}
2025-03-06 12:09:58,456 - basicLogger - INFO - Message: {'type': 'temperature', 'datetime': '2025-03-06T10:19:48', 'payload': {'eventID': 'aab4e09c-8fae-4086-b067-7215cbf95186', 'deviceID': 'device123', 'timeStamp': '2025-03-06T10:19:48Z', 'temperature': 16, 'trace_id': '9ed78e19-fd89-448a-8487-465cdb50283c'}}
2025-03-06 12:09:58,464 - basicLogger - INFO - Message: {'type': 'temperature', 'datetime': '2025-03-06T10:19:48', 'payload': {'eventID': '169dc457-384e-4cd5-a6da-4e0f9b83359e', 'deviceID': 'device123', 'timeStamp': '2025-03-06T10:19:48Z', 'temperature': 30, 'trace_id': 'e230308e-b281-4244-a110-7208a29a5711'}}
2025-03-06 12:09:58,473 - basicLogger - INFO - Message: {'type': 'temperature', 'datetime': '2025-03-06T10:19:48', 'payload': {'eventID': '3dd16f74-29e2-4aee-9d3d-92241f720b4f', 'deviceID': 'device123', 'timeStamp': '2025-03-06T10:19:48Z', 'temperature': 32, 'trace_id': '26cb8149-fda5-400a-a7d0-feeccd0a2082'}}
2025-03-06 12:09:58,481 - basicLogger - INFO - Message: {'type': 'temperature', 'datetime': '2025-03-06T10:19:48', 'payload': {'eventID': '69b8b7c4-0b0f-4749-9e91-5d6480acec68', 'deviceID': 'device123', 'timeStamp': '2025-03-06T10:19:48Z', 'temperature': 24, 'trace_id': '6bf03f4d-750a-4c5e-b45d-bcbf1cadc544'}}
2025-03-06 12:09:58,488 - basicLogger - INFO - Message: {'type': 'wind-speed', 'datetime': '2025-03-06T10:19:48', 'payload': {'eventID': 'a225d3b5-22e1-4626-a478-555db45bb8b3', 'deviceID': 'windSensor-001', 'timeStamp': '2025-03-06T10:19:48Z', 'windspeed': 11, 'location': {'latitude': 41, 'longitude': -80}, 'trace_id': '9319242b-c9db-45d7-825f-cada3c5b9675'}}
2025-03-06 12:09:58,495 - basicLogger - INFO - Message: {'type': 'wind-speed', 'datetime': '2025-03-06T10:19:48', 'payload': {'eventID': 'eba813ef-d772-4da8-ac35-49eb9a3c48c3', 'deviceID': 'windSensor-001', 'timeStamp': '2025-03-06T10:19:48Z', 'windspeed': 6, 'location': {'latitude': 38, 'longitude': -79}, 'trace_id': '3b225a8a-58aa-42d5-8dbd-76c2f289ec67'}}
2025-03-06 12:09:58,503 - basicLogger - INFO - Message: {'type': 'wind-speed', 'datetime': '2025-03-06T10:19:48', 'payload': {'eventID': 'bb109ac3-8e7e-44b3-86f2-aaf9f538f391', 'deviceID': 'windSensor-001', 'timeStamp': '2025-03-06T10:19:48Z', 'windspeed': 23, 'location': {'latitude': 45, 'longitude': -79}, 'trace_id': 'c52ee7bd-d799-476d-97e4-4ddda8125a1c'}}
2025-03-06 12:09:58,511 - basicLogger - INFO - Message: {'type': 'temperature', 'datetime': '2025-03-06T10:19:48', 'payload': {'eventID': '10a34386-c8f4-4339-b151-de235529f3ca', 'deviceID': 'device123', 'timeStamp': '2025-03-06T10:19:48Z', 'temperature': 16, 'trace_id': '2a34b7a6-8d92-4b65-9586-1dd2176157b2'}}
2025-03-06 12:09:58,518 - basicLogger - INFO - Message: {'type': 'wind-speed', 'datetime': '2025-03-06T10:19:48', 'payload': {'eventID': 'dd9dd590-1a95-4a72-b475-742783a3174e', 'deviceID': 'windSensor-001', 'timeStamp': '2025-03-06T10:19:48Z', 'windspeed': 19, 'location': {'latitude': 44, 'longitude': -77}, 'trace_id': 'c3a1013b-efaa-4230-b4d2-6d5d8842b4c8'}}
2025-03-06 12:09:58,526 - basicLogger - INFO - Message: {'type': 'temperature', 'datetime': '2025-03-06T10:19:48', 'payload': {'eventID': 'cc5c0da3-fcf3-4a5f-9371-338a1cefa4df', 'deviceID': 'device123', 'timeStamp': '2025-03-06T10:19:48Z', 'temperature': 20, 'trace_id': '0a4b377b-3ccb-4773-a622-9cbc6b4c03d1'}}
2025-03-06 12:09:58,533 - basicLogger - INFO - Message: {'type': 'wind-speed', 'datetime': '2025-03-06T10:19:48', 'payload': {'eventID': 'fbeaa508-0e41-400b-bac5-c64536775767', 'deviceID': 'windSensor-001', 'timeStamp': '2025-03-06T10:19:48Z', 'windspeed': 11, 'location': {'latitude': 38, 'longitude': -74}, 'trace_id': 'b72fd265-9bd0-448e-9d6b-774aef26ff9b'}}
2025-03-06 12:09:58,541 - basicLogger - INFO - Message: {'type': 'temperature', 'datetime': '2025-03-06T10:19:48', 'payload': {'eventID': '66338ea7-6ca1-4faf-ae12-6a536df23455', 'deviceID': 'device123', 'timeStamp': '2025-03-06T10:19:48Z', 'temperature': 17, 'trace_id': '99e8ab6f-8ae5-4235-b34e-79f47b4a1ce8'}}
2025-03-06 12:09:58,548 - basicLogger - INFO - Message: {'type': 'temperature', 'datetime': '2025-03-06T10:19:48', 'payload': {'eventID': '445e5c67-b6fb-4f3f-9080-def75dff3e32', 'deviceID': 'device123', 'timeStamp': '2025-03-06T10:19:48Z', 'temperature': 15, 'trace_id': '52fc2afe-045c-44e7-9990-0bf2529d7b77'}}
2025-03-06 12:09:58,555 - basicLogger - INFO - Message: {'type': 'wind-speed', 'datetime': '2025-03-06T10:19:48', 'payload': {'eventID': 'd8717d5d-eece-4ed1-abca-49414459a397', 'deviceID': 'windSensor-001', 'timeStamp': '2025-03-06T10:19:48Z', 'windspeed': 11, 'location': {'latitude': 42, 'longitude': -77}, 'trace_id': 'a82b705f-ef67-45da-ada6-54a4c98c3f2e'}}
2025-03-06 12:09:58,562 - basicLogger - INFO - Message: {'type': 'wind-speed', 'datetime': '2025-03-06T10:19:48', 'payload': {'eventID': 'd2d83089-ff4c-4f53-b7e1-100a99d0053b', 'deviceID': 'windSensor-001', 'timeStamp': '2025-03-06T10:19:48Z', 'windspeed': 10, 'location': {'latitude': 37, 'longitude': -79}, 'trace_id': '085efb27-5003-48f5-89a2-b8930b813e24'}}
2025-03-06 12:09:58,569 - basicLogger - INFO - Message: {'type': 'temperature', 'datetime': '2025-03-06T10:19:48', 'payload': {'eventID': 'f63f5e30-9b28-466c-99da-ec06344e2329', 'deviceID': 'device123', 'timeStamp': '2025-03-06T10:19:48Z', 'temperature': 30, 'trace_id': '2c31081c-8d38-49a4-89f8-cc51243f26ac'}}
2025-03-06 12:09:58,576 - basicLogger - INFO - Message: {'type': 'temperature', 'datetime': '2025-03-06T10:19:48', 'payload': {'eventID': '3b667117-4d9b-46f3-8eab-7562474c4d03', 'deviceID': 'device123', 'timeStamp': '2025-03-06T10:19:48Z', 'temperature': 26, 'trace_id': '84ae4fbd-ae37-4b6c-8263-7b7891dd94ca'}}
2025-03-06 12:09:58,584 - basicLogger - INFO - Message: {'type': 'wind-speed', 'datetime': '2025-03-06T10:19:48', 'payload': {'eventID': '6fab8f42-b442-4686-94c7-d4294201a173', 'deviceID': 'windSensor-001', 'timeStamp': '2025-03-06T10:19:48Z', 'windspeed': 7, 'location': {'latitude': 39, 'longitude': -74}, 'trace_id': 'f41b62af-815c-4a8e-bda4-4391424af652'}}
2025-03-06 12:09:58,592 - basicLogger - INFO - Message: {'type': 'wind-speed', 'datetime': '2025-03-06T10:19:48', 'payload': {'eventID': '81ca4394-7621-4ffb-aa95-2888da6ec7df', 'deviceID': 'windSensor-001', 'timeStamp': '2025-03-06T10:19:48Z', 'windspeed': 16, 'location': {'latitude': 38, 'longitude': -71}, 'trace_id': 'e2752631-e24d-41df-8321-d03f8f854753'}}
2025-03-06 12:09:58,602 - basicLogger - INFO - Message: {'type': 'wind-speed', 'datetime': '2025-03-06T10:19:48', 'payload': {'eventID': 'a4e2b97e-eb71-4be1-bc11-c3b445285a04', 'deviceID': 'windSensor-001', 'timeStamp': '2025-03-06T10:19:48Z', 'windspeed': 23, 'location': {'latitude': 41, 'longitude': -73}, 'trace_id': '9a8984da-9292-4a2a-ac3f-f879364a68d7'}}
2025-03-06 12:09:58,609 - basicLogger - INFO - Message: {'type': 'temperature', 'datetime': '2025-03-06T10:19:48', 'payload': {'eventID': '5dd1ff01-2135-48be-8bbc-9739609fa462', 'deviceID': 'device123', 'timeStamp': '2025-03-06T10:19:48Z', 'temperature': 33, 'trace_id': '4fa62093-cf4d-46ba-b981-6d7cefbcec56'}}
2025-03-06 12:09:58,617 - basicLogger - INFO - Message: {'type': 'temperature', 'datetime': '2025-03-06T10:19:48', 'payload': {'eventID': '51fd349f-0ce9-402a-81f3-0529d722dde0', 'deviceID': 'device123', 'timeStamp': '2025-03-06T10:19:48Z', 'temperature': 18, 'trace_id': 'c336f43d-462c-4dae-ac66-25470eec23ba'}}
2025-03-06 12:09:58,625 - basicLogger - INFO - Message: {'type': 'wind-speed', 'datetime': '2025-03-06T10:19:48', 'payload': {'eventID': '9e5c0b28-2d18-46ec-92b4-6b64041b5852', 'deviceID': 'windSensor-001', 'timeStamp': '2025-03-06T10:19:48Z', 'windspeed': 23, 'location': {'latitude': 38, 'longitude': -77}, 'trace_id': 'dee9fe75-b3b4-4f8e-b046-41b3107486fe'}}
2025-03-06 12:09:58,632 - basicLogger - INFO - Message: {'type': 'wind-speed', 'datetime': '2025-03-06T10:19:48', 'payload': {'eventID': '98c01ffc-7cba-4047-ab4e-faa4fdd1c775', 'deviceID': 'windSensor-001', 'timeStamp': '2025-03-06T10:19:48Z', 'windspeed': 5, 'location': {'latitude': 41, 'longitude': -74}, 'trace_id': '6492319b-7e68-430b-9df7-187f71a86dbf'}}
2025-03-06 12:09:58,640 - basicLogger - INFO - Message: {'type': 'temperature', 'datetime': '2025-03-06T10:19:48', 'payload': {'eventID': 'd952b30a-4e94-4323-84fe-2b96acb4d2ee', 'deviceID': 'device123', 'timeStamp': '2025-03-06T10:19:48Z', 'temperature': 35, 'trace_id': 'd05bbfeb-f09c-4987-ac12-d0171df29cfc'}}
2025-03-06 12:09:58,649 - basicLogger - INFO - Message: {'type': 'wind-speed', 'datetime': '2025-03-06T10:19:48', 'payload': {'eventID': 'd91b25c2-dbc2-42f2-9a48-6d710ce6359c', 'deviceID': 'windSensor-001', 'timeStamp': '2025-03-06T10:19:48Z', 'windspeed': 20, 'location': {'latitude': 41, 'longitude': -70}, 'trace_id': 'c264f8e1-f042-45b8-9a07-61e6818454c7'}}
2025-03-06 12:09:58,657 - basicLogger - INFO - Message: {'type': 'temperature', 'datetime': '2025-03-06T10:19:48', 'payload': {'eventID': 'fc283632-49cc-448c-86b3-e20e9b84c3be', 'deviceID': 'device123', 'timeStamp': '2025-03-06T10:19:48Z', 'temperature': 34, 'trace_id': 'ecf1dc2d-58b0-428a-8b72-5ec8dea2cdb0'}}
2025-03-06 12:09:58,666 - basicLogger - INFO - Message: {'type': 'temperature', 'datetime': '2025-03-06T10:19:48', 'payload': {'eventID': 'cd028674-4cc7-4d9c-8921-663bc45e9ece', 'deviceID': 'device123', 'timeStamp': '2025-03-06T10:19:48Z', 'temperature': 26, 'trace_id': '834f2cd8-d39b-4ceb-9738-bbc17c7725a8'}}
2025-03-06 12:09:58,674 - basicLogger - INFO - Message: {'type': 'temperature', 'datetime': '2025-03-06T10:19:48', 'payload': {'eventID': '931aef27-0e29-477c-8037-eeedc9a43731', 'deviceID': 'device123', 'timeStamp': '2025-03-06T10:19:48Z', 'temperature': 24, 'trace_id': 'b370db94-0750-4f8c-b0cb-5d8d4b696e24'}}
2025-03-06 12:09:58,682 - basicLogger - INFO - Message: {'type': 'wind-speed', 'datetime': '2025-03-06T10:19:48', 'payload': {'eventID': 'c2ef0aba-d285-45e3-b05f-8ee6a6f0088f', 'deviceID': 'windSensor-001', 'timeStamp': '2025-03-06T10:19:48Z', 'windspeed': 29, 'location': {'latitude': 35, 'longitude': -70}, 'trace_id': '10ed6057-904e-4680-a424-8c405ceb6fed'}}
2025-03-06 12:09:58,691 - basicLogger - INFO - Message: {'type': 'temperature', 'datetime': '2025-03-06T10:19:48', 'payload': {'eventID': '0c7ba6bd-79f0-4105-a492-15830636ec5a', 'deviceID': 'device123', 'timeStamp': '2025-03-06T10:19:48Z', 'temperature': 19, 'trace_id': '3c021774-d9b5-4ce9-b4cc-9dfbb609e070'}}
2025-03-06 12:09:58,699 - basicLogger - INFO - Message: {'type': 'temperature', 'datetime': '2025-03-06T10:19:48', 'payload': {'eventID': 'c90059b2-5ac5-4352-8f33-358a0f87cdb5', 'deviceID': 'device123', 'timeStamp': '2025-03-06T10:19:48Z', 'temperature': 31, 'trace_id': '28f02735-9248-44fc-a6aa-db2eaac1335f'}}
2025-03-06 12:09:58,708 - basicLogger - INFO - Message: {'type': 'wind-speed', 'datetime': '2025-03-06T10:19:48', 'payload': {'eventID': '49ea947f-c96d-463c-8769-c44311089216', 'deviceID': 'windSensor-001', 'timeStamp': '2025-03-06T10:19:48Z', 'windspeed': 21, 'location': {'latitude': 35, 'longitude': -78}, 'trace_id': '3a6827c4-9bc2-4db9-8967-f98e385e5b4e'}}
2025-03-06 12:09:58,716 - basicLogger - INFO - Message: {'type': 'wind-speed', 'datetime': '2025-03-06T10:19:48', 'payload': {'eventID': '825ddca7-dca7-4d1f-af20-51654e58ebe5', 'deviceID': 'windSensor-001', 'timeStamp': '2025-03-06T10:19:48Z', 'windspeed': 6, 'location': {'latitude': 39, 'longitude': -75}, 'trace_id': '97ebfd80-936a-4fc5-bc18-d1f3e20822df'}}
2025-03-06 12:09:58,725 - basicLogger - INFO - Message: {'type': 'temperature', 'datetime': '2025-03-06T10:19:48', 'payload': {'eventID': 'edbc4b75-170a-46dd-969b-0e09adb007da', 'deviceID': 'device123', 'timeStamp': '2025-03-06T10:19:48Z', 'temperature': 26, 'trace_id': 'ef1607ab-b3a1-4d45-89e5-57f4a305e3e9'}}
2025-03-06 12:09:58,735 - basicLogger - INFO - Message: {'type': 'temperature', 'datetime': '2025-03-06T10:19:48', 'payload': {'eventID': 'e849fd3e-c06c-4ca8-a128-f41228962420', 'deviceID': 'device123', 'timeStamp': '2025-03-06T10:19:48Z', 'temperature': 22, 'trace_id': 'd5bfac42-ef61-4ddc-883b-21b42fd7f7b3'}}
2025-03-06 12:09:58,745 - basicLogger - INFO - Message: {'type': 'temperature', 'datetime': '2025-03-06T10:19:48', 'payload': {'eventID': '58d5ce90-dcbb-4111-b777-a58995fd3cb2', 'deviceID': 'device123', 'timeStamp': '2025-03-06T10:19:48Z', 'temperature': 16, 'trace_id': '8b52e1ea-c5b0-4035-b284-c5d742d77bd3'}}
2025-03-06 12:09:58,754 - basicLogger - INFO - Message: {'type': 'temperature', 'datetime': '2025-03-06T10:19:48', 'payload': {'eventID': '78c62509-f1e0-4546-b3a6-9b18688a3b84', 'deviceID': 'device123', 'timeStamp': '2025-03-06T10:19:48Z', 'temperature': 18, 'trace_id': '8c84ed2e-40f9-4dcc-82b2-6bd555600bf4'}}
2025-03-06 12:09:58,762 - basicLogger - INFO - Message: {'type': 'wind-speed', 'datetime': '2025-03-06T10:19:48', 'payload': {'eventID': '2036a4d7-5f14-4043-899a-167ff641fbac', 'deviceID': 'windSensor-001', 'timeStamp': '2025-03-06T10:19:48Z', 'windspeed': 24, 'location': {'latitude': 37, 'longitude': -80}, 'trace_id': '345c2ccc-3475-4655-9b91-14d29c04a984'}}
2025-03-06 12:09:58,770 - basicLogger - INFO - Message: {'type': 'wind-speed', 'datetime': '2025-03-06T10:19:48', 'payload': {'eventID': 'c83b4f2f-a3af-4897-98e3-a43dc2b5c0ac', 'deviceID': 'windSensor-001', 'timeStamp': '2025-03-06T10:19:48Z', 'windspeed': 7, 'location': {'latitude': 38, 'longitude': -76}, 'trace_id': '5e98880f-5f42-4952-847e-eb83fc22075d'}}
2025-03-06 12:09:58,779 - basicLogger - INFO - Message: {'type': 'temperature', 'datetime': '2025-03-06T10:19:48', 'payload': {'eventID': 'a4657615-c8d1-4697-a540-c52be181fe3d', 'deviceID': 'device123', 'timeStamp': '2025-03-06T10:19:48Z', 'temperature': 25, 'trace_id': 'a400a30a-926d-4ae4-b586-8ad9a60613f4'}}
2025-03-06 12:09:58,788 - basicLogger - INFO - Message: {'type': 'temperature', 'datetime': '2025-03-06T10:19:48', 'payload': {'eventID': 'e932a2ef-a37f-44fe-a302-67ae4e8256c2', 'deviceID': 'device123', 'timeStamp': '2025-03-06T10:19:48Z', 'temperature': 32, 'trace_id': 'd2f60b29-635e-47b5-bb0e-cfbc5cc44ccd'}}
2025-03-06 12:09:58,796 - basicLogger - INFO - Message: {'type': 'temperature', 'datetime': '2025-03-06T10:19:48', 'payload': {'eventID': 'ae71d21e-112b-460b-9d80-7d777a161a06', 'deviceID': 'device123', 'timeStamp': '2025-03-06T10:19:48Z', 'temperature': 23, 'trace_id': '598d3637-946d-42ef-b1b3-6a86b84dcf7b'}}
2025-03-06 12:09:58,805 - basicLogger - INFO - Message: {'type': 'temperature', 'datetime': '2025-03-06T10:19:48', 'payload': {'eventID': 'd506c86a-0423-4b7e-bd64-b31e43730817', 'deviceID': 'device123', 'timeStamp': '2025-03-06T10:19:48Z', 'temperature': 31, 'trace_id': '10fdc76c-370b-47b4-a558-50c6aad1808b'}}
2025-03-06 12:09:58,813 - basicLogger - INFO - Message: {'type': 'wind-speed', 'datetime': '2025-03-06T10:19:48', 'payload': {'eventID': 'd955745a-ddb2-425e-8b71-f8f0500e81c7', 'deviceID': 'windSensor-001', 'timeStamp': '2025-03-06T10:19:48Z', 'windspeed': 21, 'location': {'latitude': 42, 'longitude': -75}, 'trace_id': 'de7e3a4c-a823-4277-a82a-9802d7ca7d07'}}
2025-03-06 12:09:58,821 - basicLogger - INFO - Message: {'type': 'wind-speed', 'datetime': '2025-03-06T10:19:48', 'payload': {'eventID': '5efe4db1-8ec5-4974-91fd-923156f65421', 'deviceID': 'windSensor-001', 'timeStamp': '2025-03-06T10:19:48Z', 'windspeed': 28, 'location': {'latitude': 41, 'longitude': -70}, 'trace_id': '190c11e2-f304-4467-83a0-75599a006b37'}}
2025-03-06 12:09:58,830 - basicLogger - INFO - Message: {'type': 'temperature', 'datetime': '2025-03-06T10:19:48', 'payload': {'eventID': '09cda6da-2eae-4998-8cf3-b094be3794da', 'deviceID': 'device123', 'timeStamp': '2025-03-06T10:19:48Z', 'temperature': 29, 'trace_id': '9e238d63-3091-488f-9276-568a9b1b29cf'}}
2025-03-06 12:09:58,839 - basicLogger - INFO - Message: {'type': 'temperature', 'datetime': '2025-03-06T10:19:48', 'payload': {'eventID': '08f1aa51-0012-49ff-a0d6-41741441778b', 'deviceID': 'device123', 'timeStamp': '2025-03-06T10:19:48Z', 'temperature': 17, 'trace_id': '77793006-2b1c-4209-a86e-02a70eff288d'}}
2025-03-06 12:09:58,848 - basicLogger - INFO - Message: {'type': 'wind-speed', 'datetime': '2025-03-06T10:19:48', 'payload': {'eventID': 'fc704444-ad3c-462c-9c41-4dd1a5786592', 'deviceID': 'windSensor-001', 'timeStamp': '2025-03-06T10:19:48Z', 'windspeed': 26, 'location': {'latitude': 38, 'longitude': -70}, 'trace_id': '0b544545-10d1-4afe-aacb-8e32a130d48c'}}
2025-03-06 12:09:58,859 - basicLogger - INFO - Message: {'type': 'temperature', 'datetime': '2025-03-06T10:19:48', 'payload': {'eventID': '3a691519-9612-4cc4-af20-1967a8e94cda', 'deviceID': 'device123', 'timeStamp': '2025-03-06T10:19:48Z', 'temperature': 29, 'trace_id': '87bb7ccb-7553-464f-a5d8-f5019ff1449e'}}
2025-03-06 12:09:58,868 - basicLogger - INFO - Message: {'type': 'temperature', 'datetime': '2025-03-06T10:19:48', 'payload': {'eventID': '0b5faafe-0c9a-44d3-aa13-f71a298e6f45', 'deviceID': 'device123', 'timeStamp': '2025-03-06T10:19:48Z', 'temperature': 15, 'trace_id': '8704c7fc-cd0c-4473-b0ee-2e0b2b8f45c3'}}
2025-03-06 12:09:58,876 - basicLogger - INFO - Message: {'type': 'temperature', 'datetime': '2025-03-06T10:19:48', 'payload': {'eventID': '2d77c0cf-b90e-4295-be40-a01d71def8a2', 'deviceID': 'device123', 'timeStamp': '2025-03-06T10:19:48Z', 'temperature': 27, 'trace_id': 'f1ac0061-06d2-4088-aac7-88344097a9de'}}
2025-03-06 12:09:58,885 - basicLogger - INFO - Message: {'type': 'temperature', 'datetime': '2025-03-06T10:19:48', 'payload': {'eventID': '89663df1-d52f-4a96-ab24-a804bbf6e7c0', 'deviceID': 'device123', 'timeStamp': '2025-03-06T10:19:48Z', 'temperature': 29, 'trace_id': '4d08ad64-746e-4194-a713-bc512d4359a6'}}
2025-03-06 12:09:58,896 - basicLogger - INFO - Message: {'type': 'wind-speed', 'datetime': '2025-03-06T10:19:48', 'payload': {'eventID': '7ccf27ec-deea-404d-9e48-2ce0d8a7ea72', 'deviceID': 'windSensor-001', 'timeStamp': '2025-03-06T10:19:48Z', 'windspeed': 8, 'location': {'latitude': 36, 'longitude': -73}, 'trace_id': 'ada4b69c-f964-4f4b-9224-a0c10223774d'}}
2025-03-06 12:09:58,905 - basicLogger - INFO - Message: {'type': 'wind-speed', 'datetime': '2025-03-06T10:19:48', 'payload': {'eventID': 'a9c4d95c-29b5-4531-90fa-770d760fff6c', 'deviceID': 'windSensor-001', 'timeStamp': '2025-03-06T10:19:48Z', 'windspeed': 16, 'location': {'latitude': 40, 'longitude': -80}, 'trace_id': '5150f10d-c9ea-4aca-93a2-0ea8986e3e36'}}
2025-03-06 12:09:58,913 - basicLogger - INFO - Message: {'type': 'wind-speed', 'datetime': '2025-03-06T10:19:48', 'payload': {'eventID': '7ddfd155-b9b2-457f-8082-d550fec31cdd', 'deviceID': 'windSensor-001', 'timeStamp': '2025-03-06T10:19:48Z', 'windspeed': 8, 'location': {'latitude': 36, 'longitude': -70}, 'trace_id': '31a485ad-b2c6-4e7d-b520-240d1d2e3ca8'}}
2025-03-06 12:09:58,922 - basicLogger - INFO - Message: {'type': 'temperature', 'datetime': '2025-03-06T10:19:48', 'payload': {'eventID': '56d0ac90-752c-4829-b82f-16c9b7d5cfec', 'deviceID': 'device123', 'timeStamp': '2025-03-06T10:19:48Z', 'temperature': 30, 'trace_id': '68cc1ac0-9091-48d1-8d81-1043e510fb3c'}}
2025-03-06 12:09:58,930 - basicLogger - INFO - Message: {'type': 'wind-speed', 'datetime': '2025-03-06T10:19:48', 'payload': {'eventID': '4a77d3d7-ed8f-4755-b417-2b5c4d575cd9', 'deviceID': 'windSensor-001', 'timeStamp': '2025-03-06T10:19:48Z', 'windspeed': 14, 'location': {'latitude': 45, 'longitude': -76}, 'trace_id': 'c14258f0-2363-4353-aff3-05b781c0766a'}}
2025-03-06 12:09:58,938 - basicLogger - INFO - Message: {'type': 'wind-speed', 'datetime': '2025-03-06T10:19:48', 'payload': {'eventID': 'cf4801c6-2743-4b1a-b4b4-c21a643d74c1', 'deviceID': 'windSensor-001', 'timeStamp': '2025-03-06T10:19:48Z', 'windspeed': 27, 'location': {'latitude': 42, 'longitude': -76}, 'trace_id': '3853c0d1-faf1-4087-9823-ee2fe2923693'}}
2025-03-06 12:09:58,947 - basicLogger - INFO - Message: {'type': 'temperature', 'datetime': '2025-03-06T10:19:48', 'payload': {'eventID': '0e9894a1-024e-40d4-9e21-8d35ec0eb8ed', 'deviceID': 'device123', 'timeStamp': '2025-03-06T10:19:48Z', 'temperature': 19, 'trace_id': '9e08b9a6-2093-48b8-8e2a-e7d3226234d8'}}
2025-03-06 12:09:58,955 - basicLogger - INFO - Message: {'type': 'wind-speed', 'datetime': '2025-03-06T10:19:48', 'payload': {'eventID': '44e4275e-2e7d-4a35-ac73-6702c3f06cb5', 'deviceID': 'windSensor-001', 'timeStamp': '2025-03-06T10:19:48Z', 'windspeed': 29, 'location': {'latitude': 38, 'longitude': -74}, 'trace_id': '11741952-16a0-43d3-9cb5-d0effa3b4003'}}
2025-03-06 12:09:58,963 - basicLogger - INFO - Message: {'type': 'wind-speed', 'datetime': '2025-03-06T10:19:48', 'payload': {'eventID': '70e5033c-d284-4f5f-aa9f-ca5515c85aa9', 'deviceID': 'windSensor-001', 'timeStamp': '2025-03-06T10:19:48Z', 'windspeed': 8, 'location': {'latitude': 42, 'longitude': -75}, 'trace_id': '19d40e6e-cd63-474e-8659-d3a4c5861eb5'}}
2025-03-06 12:09:58,971 - basicLogger - INFO - Message: {'type': 'wind-speed', 'datetime': '2025-03-06T10:19:48', 'payload': {'eventID': '76858a27-83b7-4022-aa53-ac104ca8cf06', 'deviceID': 'windSensor-001', 'timeStamp': '2025-03-06T10:19:48Z', 'windspeed': 29, 'location': {'latitude': 35, 'longitude': -75}, 'trace_id': 'c3b9dc7c-18c3-4fc4-8a0b-315fae4cbcfd'}}
2025-03-06 12:09:58,978 - basicLogger - INFO - Message: {'type': 'wind-speed', 'datetime': '2025-03-06T10:19:48', 'payload': {'eventID': '9069b2c7-ba92-4346-8dd4-88b99eee8a06', 'deviceID': 'windSensor-001', 'timeStamp': '2025-03-06T10:19:48Z', 'windspeed': 11, 'location': {'latitude': 36, 'longitude': -73}, 'trace_id': 'cf8b7830-147a-4651-9006-91a52dffd5b6'}}
2025-03-06 12:09:58,986 - basicLogger - INFO - Message: {'type': 'wind-speed', 'datetime': '2025-03-06T10:19:48', 'payload': {'eventID': '5712308b-bfff-4a1f-b552-7d294e665998', 'deviceID': 'windSensor-001', 'timeStamp': '2025-03-06T10:19:48Z', 'windspeed': 8, 'location': {'latitude': 41, 'longitude': -76}, 'trace_id': '1d48e360-15be-4931-b3b2-c81404251c80'}}
2025-03-06 12:09:58,994 - basicLogger - INFO - Message: {'type': 'wind-speed', 'datetime': '2025-03-06T10:19:48', 'payload': {'eventID': 'f3b9296f-a517-4a65-8d4c-6d963f22c2ab', 'deviceID': 'windSensor-001', 'timeStamp': '2025-03-06T10:19:48Z', 'windspeed': 19, 'location': {'latitude': 41, 'longitude': -73}, 'trace_id': 'bfef0905-fe6b-42f2-90fa-b1446441712a'}}
2025-03-06 12:09:59,001 - basicLogger - INFO - Message: {'type': 'wind-speed', 'datetime': '2025-03-06T10:19:48', 'payload': {'eventID': '5d066292-bc30-4795-8d51-f76f680ba7cd', 'deviceID': 'windSensor-001', 'timeStamp': '2025-03-06T10:19:48Z', 'windspeed': 26, 'location': {'latitude': 38, 'longitude': -76}, 'trace_id': 'bdb0b9cd-176a-45a0-b8d0-14f64cc2c80d'}}
2025-03-06 12:09:59,009 - basicLogger - INFO - Message: {'type': 'temperature', 'datetime': '2025-03-06T10:19:48', 'payload': {'eventID': '43797d3c-4240-4082-b87b-48e911a34636', 'deviceID': 'device123', 'timeStamp': '2025-03-06T10:19:48Z', 'temperature': 30, 'trace_id': '2f248786-c085-42e9-a7d5-f153d90c9a35'}}
2025-03-06 12:09:59,017 - basicLogger - INFO - Message: {'type': 'wind-speed', 'datetime': '2025-03-06T10:19:48', 'payload': {'eventID': '8cbcbd4a-7b28-4b2f-a5ae-6a7b2ac17491', 'deviceID': 'windSensor-001', 'timeStamp': '2025-03-06T10:19:48Z', 'windspeed': 8, 'location': {'latitude': 35, 'longitude': -75}, 'trace_id': 'ba268561-acb4-46fe-b9e2-1700ea32f62a'}}
2025-03-06 12:09:59,027 - basicLogger - INFO - Message: {'type': 'wind-speed', 'datetime': '2025-03-06T10:19:48', 'payload': {'eventID': '9c0fce7c-7861-46df-adde-681ac6550b8b', 'deviceID': 'windSensor-001', 'timeStamp': '2025-03-06T10:19:48Z', 'windspeed': 6, 'location': {'latitude': 41, 'longitude': -80}, 'trace_id': 'd9b7d2a2-8e3b-40a5-a343-1ad83ef36369'}}
2025-03-06 12:09:59,035 - basicLogger - INFO - Message: {'type': 'wind-speed', 'datetime': '2025-03-06T10:19:48', 'payload': {'eventID': '50fd301f-3f1f-4c77-b3b1-d113080a849a', 'deviceID': 'windSensor-001', 'timeStamp': '2025-03-06T10:19:48Z', 'windspeed': 14, 'location': {'latitude': 39, 'longitude': -78}, 'trace_id': '825e62d1-b2a4-4bf6-8a85-02cd8680fd61'}}
2025-03-06 12:09:59,043 - basicLogger - INFO - Message: {'type': 'temperature', 'datetime': '2025-03-06T10:19:48', 'payload': {'eventID': 'bf22419c-56d5-427b-ae4e-77b3d5bc1430', 'deviceID': 'device123', 'timeStamp': '2025-03-06T10:19:48Z', 'temperature': 31, 'trace_id': '1ccd8d00-9321-472d-ba53-7e2f72f12033'}}
2025-03-06 12:09:59,051 - basicLogger - INFO - Message: {'type': 'wind-speed', 'datetime': '2025-03-06T10:19:48', 'payload': {'eventID': 'c387fa48-e328-43de-a643-c6d603e25d2d', 'deviceID': 'windSensor-001', 'timeStamp': '2025-03-06T10:19:48Z', 'windspeed': 16, 'location': {'latitude': 43, 'longitude': -75}, 'trace_id': 'd752881a-27f6-43e8-bdc4-6f700671e934'}}
2025-03-06 12:09:59,058 - basicLogger - INFO - Message: {'type': 'wind-speed', 'datetime': '2025-03-06T10:19:48', 'payload': {'eventID': '6224f338-c70d-44be-9123-fc47b8a93415', 'deviceID': 'windSensor-001', 'timeStamp': '2025-03-06T10:19:48Z', 'windspeed': 18, 'location': {'latitude': 45, 'longitude': -77}, 'trace_id': 'f79c99fb-8c25-4f0e-940c-ddcf203831b2'}}
2025-03-06 12:09:59,066 - basicLogger - INFO - Message: {'type': 'wind-speed', 'datetime': '2025-03-06T10:19:48', 'payload': {'eventID': 'baca701c-6801-4152-aa57-c6e01d68b73c', 'deviceID': 'windSensor-001', 'timeStamp': '2025-03-06T10:19:48Z', 'windspeed': 12, 'location': {'latitude': 36, 'longitude': -71}, 'trace_id': '116d99f6-5a5c-49f8-b464-9da66a1aa032'}}
2025-03-06 12:09:59,075 - basicLogger - INFO - Message: {'type': 'wind-speed', 'datetime': '2025-03-06T10:19:48', 'payload': {'eventID': 'fffa3784-4c6c-4bce-a68a-53f3a69c2944', 'deviceID': 'windSensor-001', 'timeStamp': '2025-03-06T10:19:48Z', 'windspeed': 28, 'location': {'latitude': 43, 'longitude': -71}, 'trace_id': '6a9b08a6-676d-4a0c-b9e7-5d98564f908b'}}
2025-03-06 12:09:59,082 - basicLogger - INFO - Message: {'type': 'wind-speed', 'datetime': '2025-03-06T10:19:48', 'payload': {'eventID': '0ecb0464-2770-47a2-a0e9-a5ff382c402a', 'deviceID': 'windSensor-001', 'timeStamp': '2025-03-06T10:19:48Z', 'windspeed': 8, 'location': {'latitude': 45, 'longitude': -79}, 'trace_id': '1bfa78be-887b-45ff-b64d-8b1bfc8a2672'}}
2025-03-06 12:09:59,090 - basicLogger - INFO - Message: {'type': 'temperature', 'datetime': '2025-03-06T10:19:48', 'payload': {'eventID': 'cc655f55-b749-478d-a439-96e7dee4c75d', 'deviceID': 'device123', 'timeStamp': '2025-03-06T10:19:48Z', 'temperature': 27, 'trace_id': '1f4b9d29-dc83-44ea-be02-dbf65e9f8cca'}}
2025-03-06 12:09:59,098 - basicLogger - INFO - Message: {'type': 'temperature', 'datetime': '2025-03-06T10:19:48', 'payload': {'eventID': '5fcade05-8e9e-4b28-b9ed-639be131c776', 'deviceID': 'device123', 'timeStamp': '2025-03-06T10:19:48Z', 'temperature': 32, 'trace_id': '8021d08f-49e9-433b-8cde-2619d9de5da2'}}
2025-03-06 12:09:59,106 - basicLogger - INFO - Message: {'type': 'wind-speed', 'datetime': '2025-03-06T10:19:48', 'payload': {'eventID': 'f2363fb0-2577-4e69-adde-f6aaf3fa16a2', 'deviceID': 'windSensor-001', 'timeStamp': '2025-03-06T10:19:48Z', 'windspeed': 5, 'location': {'latitude': 40, 'longitude': -76}, 'trace_id': 'c3532750-c3f8-4b20-88d8-fdbb524baf05'}}
2025-03-06 12:09:59,114 - basicLogger - INFO - Message: {'type': 'wind-speed', 'datetime': '2025-03-06T10:19:48', 'payload': {'eventID': '1fcc5791-d806-4b97-ae22-349c9c48b88b', 'deviceID': 'windSensor-001', 'timeStamp': '2025-03-06T10:19:48Z', 'windspeed': 9, 'location': {'latitude': 42, 'longitude': -78}, 'trace_id': '7d88a05e-e016-45e7-aa11-b3f901fc4bdc'}}
2025-03-06 12:09:59,122 - basicLogger - INFO - Message: {'type': 'wind-speed', 'datetime': '2025-03-06T10:19:48', 'payload': {'eventID': '83bb9730-6b65-486f-b442-2d024380006c', 'deviceID': 'windSensor-001', 'timeStamp': '2025-03-06T10:19:48Z', 'windspeed': 18, 'location': {'latitude': 35, 'longitude': -76}, 'trace_id': 'f36b03b0-148d-41b8-be2e-2f452fa3e275'}}
2025-03-06 12:09:59,130 - basicLogger - INFO - Message: {'type': 'wind-speed', 'datetime': '2025-03-06T10:19:48', 'payload': {'eventID': 'a0c49cf7-ffea-45d0-aa69-e871570e4c9a', 'deviceID': 'windSensor-001', 'timeStamp': '2025-03-06T10:19:48Z', 'windspeed': 11, 'location': {'latitude': 35, 'longitude': -80}, 'trace_id': '245f23df-2f1f-44cf-8922-42f0758019a0'}}
2025-03-06 12:09:59,137 - basicLogger - INFO - Message: {'type': 'wind-speed', 'datetime': '2025-03-06T10:19:48', 'payload': {'eventID': '93ea84bb-35c7-4d27-997f-22e3856dd560', 'deviceID': 'windSensor-001', 'timeStamp': '2025-03-06T10:19:48Z', 'windspeed': 13, 'location': {'latitude': 38, 'longitude': -80}, 'trace_id': '890feeb2-4e10-48f2-9157-146032dacfc1'}}
2025-03-06 12:09:59,145 - basicLogger - INFO - Message: {'type': 'temperature', 'datetime': '2025-03-06T10:19:48', 'payload': {'eventID': 'a6bbe629-6b9d-4a0d-9633-070994fa7d6d', 'deviceID': 'device123', 'timeStamp': '2025-03-06T10:19:48Z', 'temperature': 26, 'trace_id': '1aa5a2b9-6b12-49cb-8050-6d325b40030e'}}
2025-03-06 12:09:59,155 - basicLogger - INFO - Message: {'type': 'temperature', 'datetime': '2025-03-06T10:19:48', 'payload': {'eventID': '25a40223-cf12-465a-a903-2027e957580a', 'deviceID': 'device123', 'timeStamp': '2025-03-06T10:19:48Z', 'temperature': 34, 'trace_id': '3378fe01-8d0d-465d-9fb3-af37fd3296f8'}}
2025-03-06 12:09:59,163 - basicLogger - INFO - Message: {'type': 'temperature', 'datetime': '2025-03-06T10:19:48', 'payload': {'eventID': 'cdccf9d1-b567-4fac-9af9-2a8a4608ec9c', 'deviceID': 'device123', 'timeStamp': '2025-03-06T10:19:48Z', 'temperature': 19, 'trace_id': '167c8dd0-0f5d-4ee5-a37f-2a537693853e'}}
2025-03-06 12:09:59,170 - basicLogger - INFO - Message: {'type': 'wind-speed', 'datetime': '2025-03-06T10:19:48', 'payload': {'eventID': '739eca7d-742a-4be4-8af6-88c3d9694996', 'deviceID': 'windSensor-001', 'timeStamp': '2025-03-06T10:19:48Z', 'windspeed': 21, 'location': {'latitude': 45, 'longitude': -78}, 'trace_id': '009098bc-f205-4dd7-a329-70678268f8ae'}}
2025-03-06 12:09:59,178 - basicLogger - INFO - Message: {'type': 'wind-speed', 'datetime': '2025-03-06T10:19:48', 'payload': {'eventID': '201ee439-7326-4b6e-b417-15c6dd5dc16b', 'deviceID': 'windSensor-001', 'timeStamp': '2025-03-06T10:19:48Z', 'windspeed': 9, 'location': {'latitude': 40, 'longitude': -76}, 'trace_id': '511365ed-85e3-4698-ac83-80990851bf8f'}}
2025-03-06 12:09:59,186 - basicLogger - INFO - Message: {'type': 'wind-speed', 'datetime': '2025-03-06T10:19:48', 'payload': {'eventID': '06995b29-dd89-4bb7-9049-2196c48657b5', 'deviceID': 'windSensor-001', 'timeStamp': '2025-03-06T10:19:48Z', 'windspeed': 17, 'location': {'latitude': 37, 'longitude': -76}, 'trace_id': '8deebdcb-ab62-4625-be82-e7887a33ccee'}}
2025-03-06 12:09:59,193 - basicLogger - INFO - Message: {'type': 'wind-speed', 'datetime': '2025-03-06T10:19:48', 'payload': {'eventID': '3a6be488-5822-4e2f-9e3d-eae3353454de', 'deviceID': 'windSensor-001', 'timeStamp': '2025-03-06T10:19:48Z', 'windspeed': 27, 'location': {'latitude': 39, 'longitude': -71}, 'trace_id': 'be5badbe-70cc-41b6-87fb-e72aaf7c5a15'}}
2025-03-06 12:09:59,201 - basicLogger - INFO - Message: {'type': 'wind-speed', 'datetime': '2025-03-06T10:19:48', 'payload': {'eventID': '0a531f1c-c6de-4713-af0b-1d1fdf88dd00', 'deviceID': 'windSensor-001', 'timeStamp': '2025-03-06T10:19:48Z', 'windspeed': 23, 'location': {'latitude': 43, 'longitude': -79}, 'trace_id': '88cfbd6d-e6f1-42ba-a25f-14dce7b13c27'}}
2025-03-06 12:09:59,209 - basicLogger - INFO - Message: {'type': 'wind-speed', 'datetime': '2025-03-06T10:19:48', 'payload': {'eventID': 'c28eff65-af8d-431e-a760-b80c87b99731', 'deviceID': 'windSensor-001', 'timeStamp': '2025-03-06T10:19:48Z', 'windspeed': 15, 'location': {'latitude': 37, 'longitude': -79}, 'trace_id': '02b1ca22-b2bd-42bc-8b22-ebf4c46d7b64'}}
2025-03-06 12:09:59,217 - basicLogger - INFO - Message: {'type': 'wind-speed', 'datetime': '2025-03-06T10:19:48', 'payload': {'eventID': 'a45b7817-657d-49d4-8fa2-179590b700f2', 'deviceID': 'windSensor-001', 'timeStamp': '2025-03-06T10:19:48Z', 'windspeed': 17, 'location': {'latitude': 45, 'longitude': -71}, 'trace_id': '84b34704-5964-40f8-a965-f298d3a3e5af'}}
2025-03-06 12:09:59,228 - basicLogger - INFO - Message: {'type': 'wind-speed', 'datetime': '2025-03-06T10:19:48', 'payload': {'eventID': '4598e625-68f5-4886-b83d-671766b69ad4', 'deviceID': 'windSensor-001', 'timeStamp': '2025-03-06T10:19:48Z', 'windspeed': 12, 'location': {'latitude': 41, 'longitude': -75}, 'trace_id': '60a7b472-afd0-4d46-93ae-7819f17021d7'}}
2025-03-06 12:09:59,235 - basicLogger - INFO - Message: {'type': 'wind-speed', 'datetime': '2025-03-06T10:19:48', 'payload': {'eventID': '773943e7-9bcb-413f-a426-6ac0bfbc01da', 'deviceID': 'windSensor-001', 'timeStamp': '2025-03-06T10:19:48Z', 'windspeed': 18, 'location': {'latitude': 43, 'longitude': -79}, 'trace_id': 'cc479df4-0287-4d09-8f0c-e4d017a30f9a'}}
2025-03-06 12:09:59,242 - basicLogger - INFO - Message: {'type': 'temperature', 'datetime': '2025-03-06T10:19:48', 'payload': {'eventID': '97f89e6e-8a4a-4682-9022-bbb916b92ee8', 'deviceID': 'device123', 'timeStamp': '2025-03-06T10:19:48Z', 'temperature': 24, 'trace_id': 'cc9fb7f8-34d6-4ae4-aa69-f4a7e1ba7b79'}}
2025-03-06 12:09:59,250 - basicLogger - INFO - Message: {'type': 'wind-speed', 'datetime': '2025-03-06T10:19:48', 'payload': {'eventID': '0e949bd5-9741-4f75-b61c-ef3da87009ca', 'deviceID': 'windSensor-001', 'timeStamp': '2025-03-06T10:19:48Z', 'windspeed': 26, 'location': {'latitude': 38, 'longitude': -77}, 'trace_id': 'a9a72f7c-5e6b-4d73-80fe-167a2e8ade3a'}}
2025-03-06 12:09:59,265 - basicLogger - INFO - Message: {'type': 'wind-speed', 'datetime': '2025-03-06T10:19:48', 'payload': {'eventID': '1a608ce0-3884-45bd-831a-e615547eac3f', 'deviceID': 'windSensor-001', 'timeStamp': '2025-03-06T10:19:48Z', 'windspeed': 7, 'location': {'latitude': 39, 'longitude': -73}, 'trace_id': 'd184d562-809b-456a-80ff-f1605842f069'}}
2025-03-06 12:09:59,273 - basicLogger - INFO - Message: {'type': 'temperature', 'datetime': '2025-03-06T10:19:48', 'payload': {'eventID': '71942557-a237-440a-839e-ae0844f149c9', 'deviceID': 'device123', 'timeStamp': '2025-03-06T10:19:48Z', 'temperature': 18, 'trace_id': 'ab99c35c-e0d3-4c02-8354-533d2d9cb60d'}}
2025-03-06 12:09:59,281 - basicLogger - INFO - Message: {'type': 'temperature', 'datetime': '2025-03-06T10:19:48', 'payload': {'eventID': '415b7a19-c8c5-4349-b2c7-1ea86c6e4cfb', 'deviceID': 'device123', 'timeStamp': '2025-03-06T10:19:48Z', 'temperature': 26, 'trace_id': 'e6a75327-3e47-4a0b-8f6c-b5790e4f2e75'}}
2025-03-06 12:09:59,289 - basicLogger - INFO - Message: {'type': 'temperature', 'datetime': '2025-03-06T10:19:48', 'payload': {'eventID': 'b57d6350-c85d-4eb2-b174-7ccb2a0cfe05', 'deviceID': 'device123', 'timeStamp': '2025-03-06T10:19:48Z', 'temperature': 18, 'trace_id': '672903cb-f22e-4c2c-8243-7d284ab23638'}}
2025-03-06 12:09:59,298 - basicLogger - INFO - Message: {'type': 'wind-speed', 'datetime': '2025-03-06T10:19:48', 'payload': {'eventID': '440e8f09-b247-420e-a4c8-b745da1170fe', 'deviceID': 'windSensor-001', 'timeStamp': '2025-03-06T10:19:48Z', 'windspeed': 23, 'location': {'latitude': 43, 'longitude': -79}, 'trace_id': '079998f3-66fa-4cde-a563-9bda01755f17'}}
2025-03-06 12:09:59,306 - basicLogger - INFO - Message: {'type': 'wind-speed', 'datetime': '2025-03-06T10:19:48', 'payload': {'eventID': 'ac8e1a8f-b3f6-4688-98b9-3727575b2e93', 'deviceID': 'windSensor-001', 'timeStamp': '2025-03-06T10:19:48Z', 'windspeed': 7, 'location': {'latitude': 45, 'longitude': -76}, 'trace_id': 'f3d666ac-8afc-4f88-8cec-d082539d4c2b'}}
2025-03-06 12:09:59,316 - basicLogger - INFO - Message: {'type': 'temperature', 'datetime': '2025-03-06T10:19:48', 'payload': {'eventID': '6042b8e0-b859-4c34-bd71-f75eb23d5a5a', 'deviceID': 'device123', 'timeStamp': '2025-03-06T10:19:48Z', 'temperature': 26, 'trace_id': '9905e7bf-f0f3-46dc-b1de-523fdf7c1b2e'}}
2025-03-06 12:09:59,324 - basicLogger - INFO - Message: {'type': 'wind-speed', 'datetime': '2025-03-06T10:19:48', 'payload': {'eventID': '7829544e-dbe4-4073-a6ce-fc4cbf9e973a', 'deviceID': 'windSensor-001', 'timeStamp': '2025-03-06T10:19:48Z', 'windspeed': 30, 'location': {'latitude': 41, 'longitude': -74}, 'trace_id': '0e83243b-ed46-482d-981f-e7b06e500dd9'}}
2025-03-06 12:09:59,332 - basicLogger - INFO - Message: {'type': 'wind-speed', 'datetime': '2025-03-06T10:19:48', 'payload': {'eventID': '7c948511-c3be-4b62-b2ce-69bc3f8c35d2', 'deviceID': 'windSensor-001', 'timeStamp': '2025-03-06T10:19:48Z', 'windspeed': 19, 'location': {'latitude': 38, 'longitude': -73}, 'trace_id': 'ce8afcbd-504b-49e1-a281-f9bf006e04c1'}}
2025-03-06 12:09:59,341 - basicLogger - INFO - Message: {'type': 'temperature', 'datetime': '2025-03-06T10:19:48', 'payload': {'eventID': 'd2b97d14-7609-49fa-a1d7-fb43041931d3', 'deviceID': 'device123', 'timeStamp': '2025-03-06T10:19:48Z', 'temperature': 17, 'trace_id': '59b35c00-379f-4ef4-a931-b2299d32ff54'}}
2025-03-06 12:09:59,349 - basicLogger - INFO - Message: {'type': 'wind-speed', 'datetime': '2025-03-06T10:19:48', 'payload': {'eventID': '9d75e2b6-c55f-4428-9195-a9c93e2b4018', 'deviceID': 'windSensor-001', 'timeStamp': '2025-03-06T10:19:48Z', 'windspeed': 5, 'location': {'latitude': 36, 'longitude': -70}, 'trace_id': '6320c8bc-39b4-45d5-b290-0dc5c3123a4f'}}
2025-03-06 12:09:59,358 - basicLogger - INFO - Message: {'type': 'wind-speed', 'datetime': '2025-03-06T10:19:48', 'payload': {'eventID': 'c11bdaa8-bc32-4465-993c-cd1784f1de54', 'deviceID': 'windSensor-001', 'timeStamp': '2025-03-06T10:19:48Z', 'windspeed': 20, 'location': {'latitude': 40, 'longitude': -73}, 'trace_id': '07a2b9fc-1fed-41f2-a48c-1e2b85ca4d88'}}
2025-03-06 12:09:59,367 - basicLogger - INFO - Message: {'type': 'temperature', 'datetime': '2025-03-06T10:19:48', 'payload': {'eventID': 'b5c40562-33f8-4764-a9cc-1f293547637c', 'deviceID': 'device123', 'timeStamp': '2025-03-06T10:19:48Z', 'temperature': 30, 'trace_id': '66b877c9-cbf6-4b63-8e86-60fb3baa6962'}}
2025-03-06 12:09:59,375 - basicLogger - INFO - Message: {'type': 'wind-speed', 'datetime': '2025-03-06T10:19:48', 'payload': {'eventID': 'dd95ec5f-2ae7-495d-a7fb-cf03e6dba327', 'deviceID': 'windSensor-001', 'timeStamp': '2025-03-06T10:19:48Z', 'windspeed': 18, 'location': {'latitude': 41, 'longitude': -70}, 'trace_id': 'eec606c5-531e-4753-b4af-c407a27a33c4'}}
2025-03-06 12:09:59,383 - basicLogger - INFO - Message: {'type': 'temperature', 'datetime': '2025-03-06T10:19:48', 'payload': {'eventID': '74b41d04-d32e-471c-a72a-23cfd5a97304', 'deviceID': 'device123', 'timeStamp': '2025-03-06T10:19:48Z', 'temperature': 29, 'trace_id': '7cac61ca-119e-4018-ad5d-fa30df7b9f31'}}
2025-03-06 12:09:59,391 - basicLogger - INFO - Message: {'type': 'wind-speed', 'datetime': '2025-03-06T10:19:48', 'payload': {'eventID': 'fa10b601-0e69-4d4b-bb3a-ff38be232645', 'deviceID': 'windSensor-001', 'timeStamp': '2025-03-06T10:19:48Z', 'windspeed': 23, 'location': {'latitude': 45, 'longitude': -78}, 'trace_id': '425ccd92-3060-4e0e-aec1-6128ceb4efe3'}}
2025-03-06 12:09:59,399 - basicLogger - INFO - Message: {'type': 'wind-speed', 'datetime': '2025-03-06T10:19:48', 'payload': {'eventID': 'c37840f8-dc0f-4998-ae26-388237ec7151', 'deviceID': 'windSensor-001', 'timeStamp': '2025-03-06T10:19:48Z', 'windspeed': 11, 'location': {'latitude': 43, 'longitude': -73}, 'trace_id': '8446e3fd-7bc3-4f1f-85b7-57bdc5803954'}}
2025-03-06 12:09:59,408 - basicLogger - INFO - Message: {'type': 'temperature', 'datetime': '2025-03-06T10:19:48', 'payload': {'eventID': 'fb2fea38-d936-4c18-af88-acd178735915', 'deviceID': 'device123', 'timeStamp': '2025-03-06T10:19:48Z', 'temperature': 28, 'trace_id': '957f485e-4de3-46b8-a824-7531b2204e15'}}
2025-03-06 12:09:59,419 - basicLogger - INFO - Message: {'type': 'temperature', 'datetime': '2025-03-06T10:19:48', 'payload': {'eventID': '81be949b-ad41-4e55-8157-9d75cbe4efb8', 'deviceID': 'device123', 'timeStamp': '2025-03-06T10:19:48Z', 'temperature': 18, 'trace_id': '7749757e-700e-4e31-9222-b1b126633a50'}}
2025-03-06 12:09:59,427 - basicLogger - INFO - Message: {'type': 'temperature', 'datetime': '2025-03-06T10:19:48', 'payload': {'eventID': '15fd1b8b-3b88-464a-9379-584267e88e17', 'deviceID': 'device123', 'timeStamp': '2025-03-06T10:19:48Z', 'temperature': 33, 'trace_id': 'f49da122-6fe7-4361-b44b-7db14cbd0311'}}
2025-03-06 12:09:59,436 - basicLogger - INFO - Message: {'type': 'wind-speed', 'datetime': '2025-03-06T10:19:48', 'payload': {'eventID': '5313c3a7-ee8a-43ae-a9c2-b9e871bdba23', 'deviceID': 'windSensor-001', 'timeStamp': '2025-03-06T10:19:48Z', 'windspeed': 18, 'location': {'latitude': 41, 'longitude': -77}, 'trace_id': 'ef064c42-349b-4852-9ecc-8b4a9d33ffa6'}}
2025-03-06 12:09:59,444 - basicLogger - INFO - Message: {'type': 'temperature', 'datetime': '2025-03-06T10:19:48', 'payload': {'eventID': 'ec60fca7-b3ac-4507-9e20-91428fd21ffc', 'deviceID': 'device123', 'timeStamp': '2025-03-06T10:19:48Z', 'temperature': 23, 'trace_id': '5e244055-a4c9-4cea-a85f-68027b00ba5a'}}
2025-03-06 12:09:59,455 - basicLogger - INFO - Message: {'type': 'wind-speed', 'datetime': '2025-03-06T10:19:48', 'payload': {'eventID': 'd2ee3597-b579-43e2-a43b-190675f08f9e', 'deviceID': 'windSensor-001', 'timeStamp': '2025-03-06T10:19:48Z', 'windspeed': 27, 'location': {'latitude': 40, 'longitude': -75}, 'trace_id': '6b921009-ca1f-4ce6-a096-aa6f8552f401'}}
2025-03-06 12:09:59,464 - basicLogger - INFO - Message: {'type': 'temperature', 'datetime': '2025-03-06T10:19:48', 'payload': {'eventID': 'efde94f0-9511-41a5-adff-70fd28d5c57a', 'deviceID': 'device123', 'timeStamp': '2025-03-06T10:19:48Z', 'temperature': 35, 'trace_id': '13e16764-bb76-4de5-b5ef-0acb2cf970c7'}}
2025-03-06 12:09:59,473 - basicLogger - INFO - Message: {'type': 'temperature', 'datetime': '2025-03-06T10:19:48', 'payload': {'eventID': '42200194-eff5-41a5-824c-0cfb0da641ee', 'deviceID': 'device123', 'timeStamp': '2025-03-06T10:19:48Z', 'temperature': 35, 'trace_id': '15c322e0-cee0-40b5-a6df-ca3746224107'}}
2025-03-06 12:09:59,482 - basicLogger - INFO - Message: {'type': 'wind-speed', 'datetime': '2025-03-06T10:19:48', 'payload': {'eventID': '10cb50a9-c73a-4d36-957f-fca9c4a87432', 'deviceID': 'windSensor-001', 'timeStamp': '2025-03-06T10:19:48Z', 'windspeed': 23, 'location': {'latitude': 43, 'longitude': -75}, 'trace_id': '9269c1c7-82fe-47df-9df2-02e065ec8b4d'}}
2025-03-06 12:09:59,490 - basicLogger - INFO - Message: {'type': 'wind-speed', 'datetime': '2025-03-06T10:19:48', 'payload': {'eventID': 'c42b5bcc-b6a0-4b2e-a59e-a620286a0087', 'deviceID': 'windSensor-001', 'timeStamp': '2025-03-06T10:19:48Z', 'windspeed': 15, 'location': {'latitude': 45, 'longitude': -74}, 'trace_id': '897e5104-3c89-4918-b50f-9b0887817a3a'}}
2025-03-06 12:09:59,500 - basicLogger - INFO - Message: {'type': 'temperature', 'datetime': '2025-03-06T10:19:48', 'payload': {'eventID': 'f834a3c1-4451-442f-a290-9df9cf273b59', 'deviceID': 'device123', 'timeStamp': '2025-03-06T10:19:48Z', 'temperature': 22, 'trace_id': 'dff02a8d-7b01-49b6-a3ee-28338c970106'}}
2025-03-06 12:09:59,548 - basicLogger - INFO - Message: {'type': 'temperature', 'datetime': '2025-03-06T10:19:48', 'payload': {'eventID': '037a1eb1-30bb-44c5-a3a3-2dec1528b00a', 'deviceID': 'device123', 'timeStamp': '2025-03-06T10:19:48Z', 'temperature': 29, 'trace_id': '8ceadc78-3bdc-47cc-aa66-8a7adcc9a1b6'}}
2025-03-06 12:09:59,556 - basicLogger - INFO - Message: {'type': 'wind-speed', 'datetime': '2025-03-06T10:19:48', 'payload': {'eventID': '65ed67b3-fc5a-4cfb-ab65-f9ddfafd7626', 'deviceID': 'windSensor-001', 'timeStamp': '2025-03-06T10:19:48Z', 'windspeed': 30, 'location': {'latitude': 38, 'longitude': -73}, 'trace_id': '572446af-ec91-4a2d-9cc0-7748a435f13e'}}
2025-03-06 12:09:59,564 - basicLogger - INFO - Message: {'type': 'wind-speed', 'datetime': '2025-03-06T10:19:48', 'payload': {'eventID': '29ed5918-ffff-4661-b03f-3ff99e855646', 'deviceID': 'windSensor-001', 'timeStamp': '2025-03-06T10:19:48Z', 'windspeed': 12, 'location': {'latitude': 38, 'longitude': -74}, 'trace_id': '7c418062-4a7a-41d3-b1fc-9a61422d6069'}}
2025-03-06 12:09:59,572 - basicLogger - INFO - Message: {'type': 'wind-speed', 'datetime': '2025-03-06T10:19:48', 'payload': {'eventID': '7c03f3c8-6986-43e5-a5bd-523c933f4d71', 'deviceID': 'windSensor-001', 'timeStamp': '2025-03-06T10:19:48Z', 'windspeed': 24, 'location': {'latitude': 41, 'longitude': -76}, 'trace_id': '41f9d228-5958-4820-b334-2e5262540976'}}
2025-03-06 12:09:59,580 - basicLogger - INFO - Message: {'type': 'wind-speed', 'datetime': '2025-03-06T10:19:48', 'payload': {'eventID': '920dbe72-d8e2-4a5d-9869-a5e798623f1a', 'deviceID': 'windSensor-001', 'timeStamp': '2025-03-06T10:19:48Z', 'windspeed': 20, 'location': {'latitude': 45, 'longitude': -74}, 'trace_id': '43b83370-5e42-474f-9ccd-01a8804d184a'}}
2025-03-06 12:09:59,587 - basicLogger - INFO - Message: {'type': 'wind-speed', 'datetime': '2025-03-06T10:19:48', 'payload': {'eventID': 'b1f387f8-8039-42e8-8c1b-e794eef8c870', 'deviceID': 'windSensor-001', 'timeStamp': '2025-03-06T10:19:48Z', 'windspeed': 6, 'location': {'latitude': 38, 'longitude': -75}, 'trace_id': '2525a9db-f3c0-4ad2-8d50-31f5bfbe275a'}}
2025-03-06 12:09:59,595 - basicLogger - INFO - Message: {'type': 'temperature', 'datetime': '2025-03-06T10:19:48', 'payload': {'eventID': '88fcf0af-87ae-4baa-9a2a-45c5a2631d6a', 'deviceID': 'device123', 'timeStamp': '2025-03-06T10:19:48Z', 'temperature': 33, 'trace_id': 'c52202ca-59ca-4b74-9a6e-bed5704b3e1c'}}
2025-03-06 12:09:59,602 - basicLogger - INFO - Message: {'type': 'wind-speed', 'datetime': '2025-03-06T10:19:48', 'payload': {'eventID': '56d08074-6deb-4267-89f3-9f0bd90225ca', 'deviceID': 'windSensor-001', 'timeStamp': '2025-03-06T10:19:48Z', 'windspeed': 29, 'location': {'latitude': 45, 'longitude': -75}, 'trace_id': 'cf23ec37-a4df-497b-ab30-5bfc23f8d614'}}
2025-03-06 12:09:59,610 - basicLogger - INFO - Message: {'type': 'wind-speed', 'datetime': '2025-03-06T10:19:48', 'payload': {'eventID': '31f7760d-316f-4467-8dd4-cde35926c50c', 'deviceID': 'windSensor-001', 'timeStamp': '2025-03-06T10:19:48Z', 'windspeed': 8, 'location': {'latitude': 35, 'longitude': -78}, 'trace_id': 'e0139c40-6ed9-4bc1-9d25-f7943d0cb52d'}}
2025-03-06 12:09:59,618 - basicLogger - INFO - Message: {'type': 'wind-speed', 'datetime': '2025-03-06T10:19:48', 'payload': {'eventID': '92ce71de-8794-41b7-aad6-98d38711c9f3', 'deviceID': 'windSensor-001', 'timeStamp': '2025-03-06T10:19:48Z', 'windspeed': 20, 'location': {'latitude': 41, 'longitude': -78}, 'trace_id': 'a35e7c6b-9cdb-4c68-9ae7-8b82e2e46ba4'}}
2025-03-06 12:09:59,626 - basicLogger - INFO - Message: {'type': 'wind-speed', 'datetime': '2025-03-06T10:19:48', 'payload': {'eventID': '915d50e8-6cfd-4efd-842e-ad700555847c', 'deviceID': 'windSensor-001', 'timeStamp': '2025-03-06T10:19:48Z', 'windspeed': 15, 'location': {'latitude': 37, 'longitude': -70}, 'trace_id': '742a4de5-11ba-4a60-b3a2-b3847e27aed5'}}
2025-03-06 12:09:59,639 - basicLogger - INFO - Message: {'type': 'temperature', 'datetime': '2025-03-06T10:19:48', 'payload': {'eventID': '4a1defc3-800a-4bf9-acaf-cb0eeaef5027', 'deviceID': 'device123', 'timeStamp': '2025-03-06T10:19:48Z', 'temperature': 19, 'trace_id': 'e304e934-6eaa-4004-8a7e-18fc375ff250'}}
2025-03-06 12:09:59,655 - basicLogger - INFO - Message: {'type': 'temperature', 'datetime': '2025-03-06T10:19:48', 'payload': {'eventID': '7bb705f9-de3e-4fb3-b0d5-15bdff0b68b1', 'deviceID': 'device123', 'timeStamp': '2025-03-06T10:19:48Z', 'temperature': 19, 'trace_id': '48d905b7-b074-4ba2-83ad-b4864ca50655'}}
2025-03-06 12:09:59,670 - basicLogger - INFO - Message: {'type': 'wind-speed', 'datetime': '2025-03-06T10:19:48', 'payload': {'eventID': '93f66ccf-6319-4432-8133-058fca1f1681', 'deviceID': 'windSensor-001', 'timeStamp': '2025-03-06T10:19:48Z', 'windspeed': 7, 'location': {'latitude': 40, 'longitude': -76}, 'trace_id': '5c57fa57-3484-4405-ac3d-8c4263f11cf5'}}
2025-03-06 12:09:59,685 - basicLogger - INFO - Message: {'type': 'temperature', 'datetime': '2025-03-06T10:19:48', 'payload': {'eventID': 'f7528d71-0a01-4968-9a12-5051e325d486', 'deviceID': 'device123', 'timeStamp': '2025-03-06T10:19:48Z', 'temperature': 17, 'trace_id': '4cc79a50-9e35-4a39-bd71-e74f30ffdfd7'}}
2025-03-06 12:09:59,700 - basicLogger - INFO - Message: {'type': 'wind-speed', 'datetime': '2025-03-06T10:19:48', 'payload': {'eventID': 'c0f3fdc2-3d17-4c9c-8dc0-4a51b8b7226a', 'deviceID': 'windSensor-001', 'timeStamp': '2025-03-06T10:19:48Z', 'windspeed': 28, 'location': {'latitude': 39, 'longitude': -80}, 'trace_id': 'e40b0149-b020-4ff5-84ce-69a90e629630'}}
2025-03-06 12:09:59,715 - basicLogger - INFO - Message: {'type': 'wind-speed', 'datetime': '2025-03-06T10:19:48', 'payload': {'eventID': 'a50b01da-964e-47f2-b855-de76fa0c2fb4', 'deviceID': 'windSensor-001', 'timeStamp': '2025-03-06T10:19:48Z', 'windspeed': 26, 'location': {'latitude': 37, 'longitude': -73}, 'trace_id': '4a5d7eb7-9041-45de-a5dc-e6b0e998c855'}}
2025-03-06 12:09:59,727 - basicLogger - INFO - Message: {'type': 'wind-speed', 'datetime': '2025-03-06T10:19:48', 'payload': {'eventID': '16beae14-37e6-4afc-bf1e-ac562845b2e3', 'deviceID': 'windSensor-001', 'timeStamp': '2025-03-06T10:19:48Z', 'windspeed': 20, 'location': {'latitude': 38, 'longitude': -74}, 'trace_id': '94dafe85-3279-46af-b0da-ae9b4f0c6e1e'}}
2025-03-06 12:09:59,738 - basicLogger - INFO - Message: {'type': 'temperature', 'datetime': '2025-03-06T10:19:48', 'payload': {'eventID': '4e5aa8ac-ebdc-49d0-9419-e9d61654ad56', 'deviceID': 'device123', 'timeStamp': '2025-03-06T10:19:48Z', 'temperature': 17, 'trace_id': '109065c1-2173-4874-a3cc-d18cc96c564e'}}
2025-03-06 12:09:59,748 - basicLogger - INFO - Message: {'type': 'temperature', 'datetime': '2025-03-06T10:19:48', 'payload': {'eventID': 'f4be67b6-cf0a-432c-bbb7-4df383a5cb34', 'deviceID': 'device123', 'timeStamp': '2025-03-06T10:19:48Z', 'temperature': 29, 'trace_id': '1ccbf566-5b2e-457e-82c0-fb528640006b'}}
2025-03-06 12:09:59,759 - basicLogger - INFO - Message: {'type': 'wind-speed', 'datetime': '2025-03-06T10:19:48', 'payload': {'eventID': '0110f692-1542-41d9-82db-88d03fcdb576', 'deviceID': 'windSensor-001', 'timeStamp': '2025-03-06T10:19:48Z', 'windspeed': 9, 'location': {'latitude': 45, 'longitude': -76}, 'trace_id': '3179f7de-383f-4079-8e75-6f3739932f15'}}
2025-03-06 12:09:59,771 - basicLogger - INFO - Message: {'type': 'wind-speed', 'datetime': '2025-03-06T10:19:48', 'payload': {'eventID': 'f3485f5b-c625-4efc-be87-4cad850aef55', 'deviceID': 'windSensor-001', 'timeStamp': '2025-03-06T10:19:48Z', 'windspeed': 6, 'location': {'latitude': 43, 'longitude': -77}, 'trace_id': 'efa93e53-d52e-4509-a12e-e016bc7b3782'}}
2025-03-06 12:09:59,782 - basicLogger - INFO - Message: {'type': 'temperature', 'datetime': '2025-03-06T10:19:48', 'payload': {'eventID': '86e5bebc-4843-40f6-adfd-f941fa1cd8d3', 'deviceID': 'device123', 'timeStamp': '2025-03-06T10:19:48Z', 'temperature': 23, 'trace_id': '4668dcbc-5d6f-4469-804c-c471329610c3'}}
2025-03-06 12:09:59,794 - basicLogger - INFO - Message: {'type': 'wind-speed', 'datetime': '2025-03-06T10:19:48', 'payload': {'eventID': '3546e4df-a90e-4b6b-8d9b-c7dc79af453d', 'deviceID': 'windSensor-001', 'timeStamp': '2025-03-06T10:19:48Z', 'windspeed': 25, 'location': {'latitude': 45, 'longitude': -77}, 'trace_id': '21f16405-cee7-41bd-b450-43651b5c8d85'}}
2025-03-06 12:09:59,805 - basicLogger - INFO - Message: {'type': 'wind-speed', 'datetime': '2025-03-06T10:19:48', 'payload': {'eventID': 'a27c3d70-7392-400c-ad5f-36c0f152c0a7', 'deviceID': 'windSensor-001', 'timeStamp': '2025-03-06T10:19:48Z', 'windspeed': 28, 'location': {'latitude': 43, 'longitude': -72}, 'trace_id': '142ab6e6-0c05-4ea8-bdeb-87bc3e826688'}}
2025-03-06 12:09:59,815 - basicLogger - INFO - Message: {'type': 'wind-speed', 'datetime': '2025-03-06T10:19:48', 'payload': {'eventID': '284ba544-b7d9-4783-b0af-5b76c7a003ed', 'deviceID': 'windSensor-001', 'timeStamp': '2025-03-06T10:19:48Z', 'windspeed': 23, 'location': {'latitude': 44, 'longitude': -78}, 'trace_id': '7ecf1dde-f413-4fd3-b023-e5452f100623'}}
2025-03-06 12:09:59,824 - basicLogger - INFO - Message: {'type': 'temperature', 'datetime': '2025-03-06T10:19:48', 'payload': {'eventID': '50426071-227d-4a7c-adb9-420df9a68651', 'deviceID': 'device123', 'timeStamp': '2025-03-06T10:19:48Z', 'temperature': 27, 'trace_id': '51b2bfa1-02b0-4f22-ae98-d553e7dfb8c9'}}
2025-03-06 12:09:59,836 - basicLogger - INFO - Message: {'type': 'temperature', 'datetime': '2025-03-06T10:19:48', 'payload': {'eventID': 'cc228359-4b94-4038-a03a-3fb22acbf5d1', 'deviceID': 'device123', 'timeStamp': '2025-03-06T10:19:48Z', 'temperature': 22, 'trace_id': 'a5fb49d9-7316-42d4-9897-ecbee49d5c90'}}
2025-03-06 12:09:59,846 - basicLogger - INFO - Message: {'type': 'wind-speed', 'datetime': '2025-03-06T10:19:48', 'payload': {'eventID': 'bcec3f1c-4d00-45f5-9566-5f8721f40f3f', 'deviceID': 'windSensor-001', 'timeStamp': '2025-03-06T10:19:48Z', 'windspeed': 20, 'location': {'latitude': 39, 'longitude': -79}, 'trace_id': '47349c19-7339-4dcd-b52a-bbbca8d548c5'}}
2025-03-06 12:09:59,855 - basicLogger - INFO - Message: {'type': 'temperature', 'datetime': '2025-03-06T10:19:48', 'payload': {'eventID': '279546e1-0335-4c15-9038-41266e61f430', 'deviceID': 'device123', 'timeStamp': '2025-03-06T10:19:48Z', 'temperature': 22, 'trace_id': 'ceba762e-4477-4dec-a96d-c54cec68ba25'}}
2025-03-06 12:09:59,864 - basicLogger - INFO - Message: {'type': 'temperature', 'datetime': '2025-03-06T10:19:48', 'payload': {'eventID': '5ae83bc6-2813-4308-bc1f-416aad3a5077', 'deviceID': 'device123', 'timeStamp': '2025-03-06T10:19:48Z', 'temperature': 34, 'trace_id': 'eca7d4e8-47e3-4dee-a8ff-7e407dcc690c'}}
2025-03-06 12:09:59,874 - basicLogger - INFO - Message: {'type': 'wind-speed', 'datetime': '2025-03-06T10:19:48', 'payload': {'eventID': 'aac1f51b-ea79-4e54-acec-391051914d1d', 'deviceID': 'windSensor-001', 'timeStamp': '2025-03-06T10:19:48Z', 'windspeed': 30, 'location': {'latitude': 39, 'longitude': -75}, 'trace_id': 'c41bf6ba-7a55-41a4-8682-6af06087988d'}}
2025-03-06 12:09:59,883 - basicLogger - INFO - Message: {'type': 'temperature', 'datetime': '2025-03-06T10:19:48', 'payload': {'eventID': 'e6d3a716-f22e-4803-9945-c10ca280d8df', 'deviceID': 'device123', 'timeStamp': '2025-03-06T10:19:48Z', 'temperature': 30, 'trace_id': 'f2f4a8c6-f56e-40ef-9b96-d0f29edb4579'}}
2025-03-06 12:09:59,892 - basicLogger - INFO - Message: {'type': 'wind-speed', 'datetime': '2025-03-06T10:19:48', 'payload': {'eventID': '746ac1df-3242-4019-8d5b-dbf326107b1c', 'deviceID': 'windSensor-001', 'timeStamp': '2025-03-06T10:19:48Z', 'windspeed': 17, 'location': {'latitude': 45, 'longitude': -71}, 'trace_id': '9bd9b66c-92ce-4d5a-9d40-d50e8e1c679f'}}
2025-03-06 12:09:59,901 - basicLogger - INFO - Message: {'type': 'temperature', 'datetime': '2025-03-06T10:19:48', 'payload': {'eventID': 'c893793c-71d5-43da-b03e-cb0f0acb4948', 'deviceID': 'device123', 'timeStamp': '2025-03-06T10:19:48Z', 'temperature': 23, 'trace_id': '835a275e-a7d5-4e77-8709-0cfa45b3cbd5'}}
2025-03-06 12:09:59,910 - basicLogger - INFO - Message: {'type': 'temperature', 'datetime': '2025-03-06T10:19:48', 'payload': {'eventID': '31f83a4d-da38-4811-9b0f-1a35cc034dfa', 'deviceID': 'device123', 'timeStamp': '2025-03-06T10:19:48Z', 'temperature': 34, 'trace_id': '5a4ec77d-0f80-436c-9c5d-8a64c56e60cb'}}
2025-03-06 12:09:59,919 - basicLogger - INFO - Message: {'type': 'temperature', 'datetime': '2025-03-06T10:19:48', 'payload': {'eventID': '4d60faca-5006-4c08-8732-fe1ee870aa74', 'deviceID': 'device123', 'timeStamp': '2025-03-06T10:19:48Z', 'temperature': 22, 'trace_id': 'a939c24d-c63f-4975-b6e5-25a3c98db365'}}
2025-03-06 12:09:59,928 - basicLogger - INFO - Message: {'type': 'temperature', 'datetime': '2025-03-06T10:19:48', 'payload': {'eventID': 'b9b742d8-b59e-4d92-a7af-b17603140108', 'deviceID': 'device123', 'timeStamp': '2025-03-06T10:19:48Z', 'temperature': 35, 'trace_id': 'aa45657c-e836-4541-8f82-975ecfac0448'}}
2025-03-06 12:09:59,939 - basicLogger - INFO - Message: {'type': 'wind-speed', 'datetime': '2025-03-06T10:19:48', 'payload': {'eventID': '38e5b493-f2f2-45d5-9a6e-e60275f2491a', 'deviceID': 'windSensor-001', 'timeStamp': '2025-03-06T10:19:48Z', 'windspeed': 12, 'location': {'latitude': 42, 'longitude': -71}, 'trace_id': 'e8af15bc-edc4-407b-b9b6-0bbae8ba8c0b'}}
2025-03-06 12:09:59,954 - basicLogger - INFO - Message: {'type': 'temperature', 'datetime': '2025-03-06T10:19:48', 'payload': {'eventID': '1e6f4173-2400-43a0-bb2b-8d0e42975d35', 'deviceID': 'device123', 'timeStamp': '2025-03-06T10:19:48Z', 'temperature': 28, 'trace_id': '4bbbbf73-f11d-4ad4-b28a-fbc10ca0edb9'}}
2025-03-06 12:09:59,969 - basicLogger - INFO - Message: {'type': 'temperature', 'datetime': '2025-03-06T10:19:48', 'payload': {'eventID': '9820bdf3-0a55-4642-bdb1-2efcd7f67dd0', 'deviceID': 'device123', 'timeStamp': '2025-03-06T10:19:48Z', 'temperature': 28, 'trace_id': 'df2aaf99-7211-4024-8dad-005f1beda170'}}
2025-03-06 12:09:59,988 - basicLogger - INFO - Message: {'type': 'temperature', 'datetime': '2025-03-06T10:19:48', 'payload': {'eventID': 'f44728d5-5c95-4212-8d03-789fe110ec16', 'deviceID': 'device123', 'timeStamp': '2025-03-06T10:19:48Z', 'temperature': 24, 'trace_id': 'cbe6df22-ec61-4293-9b60-31cd7171d1b8'}}
2025-03-06 12:10:00,006 - basicLogger - INFO - Message: {'type': 'temperature', 'datetime': '2025-03-06T10:19:48', 'payload': {'eventID': '64d05a16-c23f-4066-8d7d-d0f282d36941', 'deviceID': 'device123', 'timeStamp': '2025-03-06T10:19:48Z', 'temperature': 29, 'trace_id': 'a84937e7-457b-40f2-ae02-760d15ff942b'}}
2025-03-06 12:10:00,022 - basicLogger - INFO - Message: {'type': 'temperature', 'datetime': '2025-03-06T10:19:48', 'payload': {'eventID': 'ee0854af-ff97-414b-b905-7320efbebe5e', 'deviceID': 'device123', 'timeStamp': '2025-03-06T10:19:48Z', 'temperature': 29, 'trace_id': '7c18cae5-4148-4854-8cf6-7aca33166826'}}
2025-03-06 12:10:00,040 - basicLogger - INFO - Message: {'type': 'temperature', 'datetime': '2025-03-06T10:19:48', 'payload': {'eventID': '321360c7-c071-4fee-a595-96f80fa41ec8', 'deviceID': 'device123', 'timeStamp': '2025-03-06T10:19:48Z', 'temperature': 28, 'trace_id': 'd135f0ed-46ff-460a-a536-5cfb2d1e0d0c'}}
2025-03-06 12:10:00,059 - basicLogger - INFO - Message: {'type': 'wind-speed', 'datetime': '2025-03-06T10:19:48', 'payload': {'eventID': '546c7d05-aa52-42c3-93af-db96ebce07c0', 'deviceID': 'windSensor-001', 'timeStamp': '2025-03-06T10:19:48Z', 'windspeed': 27, 'location': {'latitude': 35, 'longitude': -73}, 'trace_id': 'd9b8d246-71c5-4451-821e-3b2af30f9fe6'}}
2025-03-06 12:10:00,073 - basicLogger - INFO - Message: {'type': 'temperature', 'datetime': '2025-03-06T10:19:48', 'payload': {'eventID': '7cf3b09a-53f9-493a-bbc8-5b567286c6a5', 'deviceID': 'device123', 'timeStamp': '2025-03-06T10:19:48Z', 'temperature': 29, 'trace_id': '89f99d8d-c356-414a-b6c5-d33f024e86fb'}}
2025-03-06 12:10:00,088 - basicLogger - INFO - Message: {'type': 'temperature', 'datetime': '2025-03-06T10:19:48', 'payload': {'eventID': 'f1bc8470-4b83-457d-9c03-add07ad940e8', 'deviceID': 'device123', 'timeStamp': '2025-03-06T10:19:48Z', 'temperature': 16, 'trace_id': 'e49938e8-a4b6-4a5f-b811-4ede60b4a364'}}
2025-03-06 12:10:00,099 - basicLogger - INFO - Message: {'type': 'temperature', 'datetime': '2025-03-06T10:19:48', 'payload': {'eventID': '43175fb4-08e4-4de9-8418-59360cace36a', 'deviceID': 'device123', 'timeStamp': '2025-03-06T10:19:48Z', 'temperature': 27, 'trace_id': '3068c691-765f-41a6-8aa1-09d50146eeb1'}}
2025-03-06 12:10:00,110 - basicLogger - INFO - Message: {'type': 'temperature', 'datetime': '2025-03-06T10:19:48', 'payload': {'eventID': '68e8bd2a-128e-4e1d-94f9-144dea2dcb17', 'deviceID': 'device123', 'timeStamp': '2025-03-06T10:19:48Z', 'temperature': 26, 'trace_id': '55c1af33-801f-4763-bef6-5486fab14eb5'}}
2025-03-06 12:10:00,121 - basicLogger - INFO - Message: {'type': 'temperature', 'datetime': '2025-03-06T10:19:48', 'payload': {'eventID': '89fb9752-e0d3-448a-904e-23f8ebbae18f', 'deviceID': 'device123', 'timeStamp': '2025-03-06T10:19:48Z', 'temperature': 34, 'trace_id': '76256fe0-334d-4f59-be3b-bb5dca7582ad'}}
2025-03-06 12:10:00,136 - basicLogger - INFO - Message: {'type': 'temperature', 'datetime': '2025-03-06T10:19:48', 'payload': {'eventID': '46eb3a32-4e02-4926-99f0-581d1671db05', 'deviceID': 'device123', 'timeStamp': '2025-03-06T10:19:48Z', 'temperature': 34, 'trace_id': '806de01e-178e-42ba-a5bc-e464839d4bff'}}
2025-03-06 12:10:00,157 - basicLogger - INFO - Message: {'type': 'temperature', 'datetime': '2025-03-06T10:19:48', 'payload': {'eventID': 'f8063f63-074d-4984-83e5-70b3178dc99a', 'deviceID': 'device123', 'timeStamp': '2025-03-06T10:19:48Z', 'temperature': 20, 'trace_id': '66c73c52-3976-4ceb-9904-0677aaea4107'}}
2025-03-06 12:10:00,172 - basicLogger - INFO - Message: {'type': 'temperature', 'datetime': '2025-03-06T10:19:48', 'payload': {'eventID': '5da52d00-63c3-4e91-ae9b-249d8603ece9', 'deviceID': 'device123', 'timeStamp': '2025-03-06T10:19:48Z', 'temperature': 27, 'trace_id': '79704ebf-ffee-488d-a7c2-d722f1ed1a5a'}}
2025-03-06 12:10:00,187 - basicLogger - INFO - Message: {'type': 'wind-speed', 'datetime': '2025-03-06T10:19:48', 'payload': {'eventID': '8afd7ff0-fd67-4c93-9752-89e3540a4d3c', 'deviceID': 'windSensor-001', 'timeStamp': '2025-03-06T10:19:48Z', 'windspeed': 16, 'location': {'latitude': 41, 'longitude': -79}, 'trace_id': '75938e6a-b3e9-475e-87e2-47439e8e4b34'}}
2025-03-06 12:10:00,202 - basicLogger - INFO - Message: {'type': 'wind-speed', 'datetime': '2025-03-06T10:19:48', 'payload': {'eventID': 'b11d067c-8c53-4f4e-86ff-e5c13b77e48b', 'deviceID': 'windSensor-001', 'timeStamp': '2025-03-06T10:19:48Z', 'windspeed': 5, 'location': {'latitude': 39, 'longitude': -74}, 'trace_id': '98bd6d97-3564-4cc8-9bb0-3c21ff6a24a5'}}
2025-03-06 12:10:00,211 - basicLogger - INFO - Message: {'type': 'temperature', 'datetime': '2025-03-06T10:19:48', 'payload': {'eventID': '3c7c2328-c660-47b0-9cd1-dca3fc6dbff3', 'deviceID': 'device123', 'timeStamp': '2025-03-06T10:19:48Z', 'temperature': 35, 'trace_id': 'dc3d6500-04c6-4681-a2d7-e9beec5ddfc3'}}
2025-03-06 12:10:00,219 - basicLogger - INFO - Message: {'type': 'temperature', 'datetime': '2025-03-06T10:19:48', 'payload': {'eventID': 'fca48caa-6101-4f5d-af4f-da9fa262310e', 'deviceID': 'device123', 'timeStamp': '2025-03-06T10:19:48Z', 'temperature': 27, 'trace_id': 'f4aad878-0307-49eb-b26a-20ab211e1d10'}}
2025-03-06 12:10:00,226 - basicLogger - INFO - Message: {'type': 'wind-speed', 'datetime': '2025-03-06T10:19:48', 'payload': {'eventID': '6e012f21-7769-40ff-a246-a5347ddd3b4e', 'deviceID': 'windSensor-001', 'timeStamp': '2025-03-06T10:19:48Z', 'windspeed': 5, 'location': {'latitude': 39, 'longitude': -78}, 'trace_id': 'bfb32c6e-f3e9-43f3-83f3-4a5915f21d8b'}}
2025-03-06 12:10:00,234 - basicLogger - INFO - Message: {'type': 'wind-speed', 'datetime': '2025-03-06T10:19:48', 'payload': {'eventID': '744dba9d-3d11-4829-a0e6-d1eb51b378cc', 'deviceID': 'windSensor-001', 'timeStamp': '2025-03-06T10:19:48Z', 'windspeed': 19, 'location': {'latitude': 39, 'longitude': -76}, 'trace_id': 'e64c5184-a62c-450b-962c-f9980a13d9ba'}}
2025-03-06 12:10:00,242 - basicLogger - INFO - Message: {'type': 'temperature', 'datetime': '2025-03-06T10:19:48', 'payload': {'eventID': '547896cb-b328-45a5-8065-fcef81ff32d9', 'deviceID': 'device123', 'timeStamp': '2025-03-06T10:19:48Z', 'temperature': 17, 'trace_id': 'd1d56e00-a5ae-4fea-a7e1-56f9757c46c3'}}
2025-03-06 12:10:00,256 - basicLogger - INFO - Message: {'type': 'wind-speed', 'datetime': '2025-03-06T10:19:48', 'payload': {'eventID': 'bb519d2c-3312-4095-acf4-d0ab31c1bc9d', 'deviceID': 'windSensor-001', 'timeStamp': '2025-03-06T10:19:48Z', 'windspeed': 6, 'location': {'latitude': 43, 'longitude': -75}, 'trace_id': 'e22deeb5-057c-408e-ae56-3a053cc84f1c'}}
2025-03-06 12:10:00,271 - basicLogger - INFO - Message: {'type': 'temperature', 'datetime': '2025-03-06T10:19:48', 'payload': {'eventID': 'e254b284-a33e-4d5d-95cb-3cc08b4cce10', 'deviceID': 'device123', 'timeStamp': '2025-03-06T10:19:48Z', 'temperature': 26, 'trace_id': '75bca720-dfcd-4005-97ba-f529c56c3ae2'}}
2025-03-06 12:10:00,285 - basicLogger - INFO - Message: {'type': 'temperature', 'datetime': '2025-03-06T10:19:48', 'payload': {'eventID': '274868e6-f389-441e-aec4-b490388fe496', 'deviceID': 'device123', 'timeStamp': '2025-03-06T10:19:48Z', 'temperature': 31, 'trace_id': '69d80744-02e8-40d7-a16b-192f79fee769'}}
2025-03-06 12:10:00,299 - basicLogger - INFO - Message: {'type': 'temperature', 'datetime': '2025-03-06T10:19:48', 'payload': {'eventID': '79d03557-6b7e-4685-9ea3-26d07beea1a2', 'deviceID': 'device123', 'timeStamp': '2025-03-06T10:19:48Z', 'temperature': 16, 'trace_id': '8ad05034-5286-4b8a-82c3-da4a10ffb63d'}}
2025-03-06 12:10:00,314 - basicLogger - INFO - Message: {'type': 'temperature', 'datetime': '2025-03-06T10:19:48', 'payload': {'eventID': '52987f84-39e2-4ac6-bc12-68c0524d6f4c', 'deviceID': 'device123', 'timeStamp': '2025-03-06T10:19:48Z', 'temperature': 21, 'trace_id': '7052fadf-36bb-46f9-8257-06860c018736'}}
2025-03-06 12:10:00,324 - basicLogger - INFO - Message: {'type': 'temperature', 'datetime': '2025-03-06T10:19:48', 'payload': {'eventID': 'd3930a8e-6ebd-49e2-87fb-4dd008be10f9', 'deviceID': 'device123', 'timeStamp': '2025-03-06T10:19:48Z', 'temperature': 23, 'trace_id': 'f788962a-c61d-4451-a576-134f52d22aa9'}}
2025-03-06 12:10:00,333 - basicLogger - INFO - Message: {'type': 'temperature', 'datetime': '2025-03-06T10:19:48', 'payload': {'eventID': 'b2968bc8-f083-45be-8da8-0ce2431b73d9', 'deviceID': 'device123', 'timeStamp': '2025-03-06T10:19:48Z', 'temperature': 33, 'trace_id': 'a4b6f5da-b393-4082-90ba-d0e7c0b383da'}}
2025-03-06 12:10:00,343 - basicLogger - INFO - Message: {'type': 'temperature', 'datetime': '2025-03-06T10:19:48', 'payload': {'eventID': '51bbcdf8-1e89-441a-ade8-784b9d005769', 'deviceID': 'device123', 'timeStamp': '2025-03-06T10:19:48Z', 'temperature': 34, 'trace_id': 'e8440a0b-cf8d-4c20-b953-4a17196f2d4c'}}
2025-03-06 12:10:00,352 - basicLogger - INFO - Message: {'type': 'wind-speed', 'datetime': '2025-03-06T10:19:48', 'payload': {'eventID': '40c88831-3372-432a-94bd-e3a465484736', 'deviceID': 'windSensor-001', 'timeStamp': '2025-03-06T10:19:48Z', 'windspeed': 23, 'location': {'latitude': 44, 'longitude': -73}, 'trace_id': '7b96a0c2-af3c-40fa-823f-07ef646e301a'}}
2025-03-06 12:10:00,361 - basicLogger - INFO - Message: {'type': 'temperature', 'datetime': '2025-03-06T10:19:48', 'payload': {'eventID': '4cd90634-dbc7-40a4-9e9c-1e70bebd7676', 'deviceID': 'device123', 'timeStamp': '2025-03-06T10:19:48Z', 'temperature': 25, 'trace_id': '6c6eb619-7d2f-494f-92cd-5a757e40eadd'}}
2025-03-06 12:10:00,371 - basicLogger - INFO - Message: {'type': 'temperature', 'datetime': '2025-03-06T10:19:48', 'payload': {'eventID': '8e672372-c8d4-46a8-b01b-f5867b2c12e5', 'deviceID': 'device123', 'timeStamp': '2025-03-06T10:19:48Z', 'temperature': 19, 'trace_id': '2dac41c4-3b23-4a92-ad47-e936a65bcc4e'}}
2025-03-06 12:10:00,384 - basicLogger - INFO - Message: {'type': 'temperature', 'datetime': '2025-03-06T10:19:48', 'payload': {'eventID': 'c8a4b1d4-5c6a-4505-866e-ef31287c5ded', 'deviceID': 'device123', 'timeStamp': '2025-03-06T10:19:48Z', 'temperature': 35, 'trace_id': '49199de1-a928-450e-a896-257529f104f1'}}
2025-03-06 12:10:00,397 - basicLogger - INFO - Message: {'type': 'wind-speed', 'datetime': '2025-03-06T10:19:48', 'payload': {'eventID': 'd92d78f5-6d45-4611-b10d-7d6aa56581b3', 'deviceID': 'windSensor-001', 'timeStamp': '2025-03-06T10:19:48Z', 'windspeed': 20, 'location': {'latitude': 42, 'longitude': -74}, 'trace_id': 'f900e230-d74b-4fd0-a2f8-0ee997fe138a'}}
2025-03-06 12:10:00,408 - basicLogger - INFO - Message: {'type': 'temperature', 'datetime': '2025-03-06T10:19:48', 'payload': {'eventID': '82c4b509-b8f9-4b83-94f4-69e3e04cc72d', 'deviceID': 'device123', 'timeStamp': '2025-03-06T10:19:48Z', 'temperature': 27, 'trace_id': 'e95c715e-4bdc-469a-b5c3-6578496975bb'}}
2025-03-06 12:10:00,421 - basicLogger - INFO - Message: {'type': 'wind-speed', 'datetime': '2025-03-06T10:19:48', 'payload': {'eventID': '671bee2b-0b7e-421b-91b1-3dc722010c3b', 'deviceID': 'windSensor-001', 'timeStamp': '2025-03-06T10:19:48Z', 'windspeed': 27, 'location': {'latitude': 44, 'longitude': -79}, 'trace_id': '28c1f2da-1c17-47bc-95aa-1a05cff22676'}}
2025-03-06 12:10:00,435 - basicLogger - INFO - Message: {'type': 'wind-speed', 'datetime': '2025-03-06T10:19:48', 'payload': {'eventID': '1cff0fa6-0308-448e-a8c8-a5053aebdb37', 'deviceID': 'windSensor-001', 'timeStamp': '2025-03-06T10:19:48Z', 'windspeed': 17, 'location': {'latitude': 37, 'longitude': -76}, 'trace_id': 'bfcb4b7e-2ec7-4d91-b670-b7b6dfb6a126'}}
2025-03-06 12:10:00,442 - basicLogger - INFO - Message: {'type': 'temperature', 'datetime': '2025-03-06T10:19:49', 'payload': {'eventID': 'ab853821-cdb7-47c6-803f-a21ddd8277bd', 'deviceID': 'device123', 'timeStamp': '2025-03-06T10:19:48Z', 'temperature': 16, 'trace_id': 'bed82de7-3ffe-4b40-ab26-6ae45d093262'}}
2025-03-06 12:10:00,452 - basicLogger - INFO - Message: {'type': 'temperature', 'datetime': '2025-03-06T10:19:49', 'payload': {'eventID': 'c34e31f6-95be-42ee-a54d-8ad4a264f30f', 'deviceID': 'device123', 'timeStamp': '2025-03-06T10:19:48Z', 'temperature': 28, 'trace_id': '315e1236-7253-4439-98e8-557a8645aa2d'}}
2025-03-06 12:10:00,459 - basicLogger - INFO - Message: {'type': 'wind-speed', 'datetime': '2025-03-06T10:19:49', 'payload': {'eventID': 'b79a451c-d1c0-4886-a934-c6455b1075e3', 'deviceID': 'windSensor-001', 'timeStamp': '2025-03-06T10:19:48Z', 'windspeed': 24, 'location': {'latitude': 38, 'longitude': -71}, 'trace_id': 'a0fefc5c-8599-4ec9-bf7f-c783dbb9be22'}}
2025-03-06 12:10:00,467 - basicLogger - INFO - Message: {'type': 'temperature', 'datetime': '2025-03-06T10:19:49', 'payload': {'eventID': '87605c4b-5ee6-4449-a9e9-3d1f8772be38', 'deviceID': 'device123', 'timeStamp': '2025-03-06T10:19:48Z', 'temperature': 32, 'trace_id': '5877f917-7ec1-4988-b9b4-319d5c30a3e0'}}
2025-03-06 12:10:00,475 - basicLogger - INFO - Message: {'type': 'wind-speed', 'datetime': '2025-03-06T10:19:49', 'payload': {'eventID': '0d8a4597-7816-4c5d-a9c5-5757c787bb69', 'deviceID': 'windSensor-001', 'timeStamp': '2025-03-06T10:19:48Z', 'windspeed': 23, 'location': {'latitude': 44, 'longitude': -74}, 'trace_id': 'a2b09c47-98e4-4ddb-9d60-dcc84c1a294c'}}
2025-03-06 12:10:00,482 - basicLogger - INFO - Message: {'type': 'temperature', 'datetime': '2025-03-06T10:19:49', 'payload': {'eventID': '6acb2676-f535-40f6-95c8-f0ddaa722f47', 'deviceID': 'device123', 'timeStamp': '2025-03-06T10:19:48Z', 'temperature': 28, 'trace_id': '4ef2b308-596b-4077-9268-0a4f0aa0acf2'}}
2025-03-06 12:10:00,489 - basicLogger - INFO - Message: {'type': 'temperature', 'datetime': '2025-03-06T10:19:49', 'payload': {'eventID': '44580bc8-381a-414f-8e68-2ce1727bf0da', 'deviceID': 'device123', 'timeStamp': '2025-03-06T10:19:48Z', 'temperature': 25, 'trace_id': '59442f86-b063-42e6-a0d1-824f358b8a2d'}}
2025-03-06 12:10:00,496 - basicLogger - INFO - Message: {'type': 'temperature', 'datetime': '2025-03-06T10:19:49', 'payload': {'eventID': 'bad4d6bf-3390-4fde-9043-20e08c65db4c', 'deviceID': 'device123', 'timeStamp': '2025-03-06T10:19:48Z', 'temperature': 16, 'trace_id': 'ba780fb9-5d22-42b4-b500-300a87a04f10'}}
2025-03-06 12:10:00,506 - basicLogger - INFO - Message: {'type': 'wind-speed', 'datetime': '2025-03-06T10:19:49', 'payload': {'eventID': '97ee6022-bb11-46f8-a125-8c44fb7945b9', 'deviceID': 'windSensor-001', 'timeStamp': '2025-03-06T10:19:48Z', 'windspeed': 14, 'location': {'latitude': 44, 'longitude': -77}, 'trace_id': 'bc1b62bb-da33-426a-8832-3be506535fa9'}}
2025-03-06 12:10:00,521 - basicLogger - INFO - Message: {'type': 'wind-speed', 'datetime': '2025-03-06T10:19:49', 'payload': {'eventID': '8cb898b4-9b7f-484b-ad7f-9a581a5e9ed3', 'deviceID': 'windSensor-001', 'timeStamp': '2025-03-06T10:19:48Z', 'windspeed': 27, 'location': {'latitude': 41, 'longitude': -73}, 'trace_id': '4fef5883-72cc-4a2e-afe4-3cb677dcf0da'}}
2025-03-06 12:10:00,537 - basicLogger - INFO - Message: {'type': 'temperature', 'datetime': '2025-03-06T10:19:49', 'payload': {'eventID': 'dad7dc99-8afc-47e4-996a-76afd6173abf', 'deviceID': 'device123', 'timeStamp': '2025-03-06T10:19:48Z', 'temperature': 34, 'trace_id': '4fd874b6-f149-4098-b09b-cecc2a0615bb'}}
2025-03-06 12:10:00,552 - basicLogger - INFO - Message: {'type': 'temperature', 'datetime': '2025-03-06T10:19:49', 'payload': {'eventID': 'bf9df0dc-d820-4ec8-ab5e-d2009b196e95', 'deviceID': 'device123', 'timeStamp': '2025-03-06T10:19:48Z', 'temperature': 20, 'trace_id': '152c5af0-5475-4350-ab89-40f7fdedb26a'}}
2025-03-06 12:10:00,566 - basicLogger - INFO - Message: {'type': 'wind-speed', 'datetime': '2025-03-06T10:19:49', 'payload': {'eventID': '7d5e598e-8544-4c04-aa17-e36a576b4833', 'deviceID': 'windSensor-001', 'timeStamp': '2025-03-06T10:19:48Z', 'windspeed': 25, 'location': {'latitude': 40, 'longitude': -79}, 'trace_id': '33f5ee17-5a3d-4845-9fe9-83c169b47caf'}}
2025-03-06 12:10:00,581 - basicLogger - INFO - Message: {'type': 'wind-speed', 'datetime': '2025-03-06T10:19:49', 'payload': {'eventID': 'b5a944c5-ae6d-4df5-924b-64d25e0aa314', 'deviceID': 'windSensor-001', 'timeStamp': '2025-03-06T10:19:48Z', 'windspeed': 9, 'location': {'latitude': 39, 'longitude': -76}, 'trace_id': '31e34bde-408f-46e9-b219-e3da687fcd43'}}
2025-03-06 12:10:00,596 - basicLogger - INFO - Message: {'type': 'wind-speed', 'datetime': '2025-03-06T10:19:49', 'payload': {'eventID': 'a0f5f8be-0b22-43d6-a060-e4b67b7a3615', 'deviceID': 'windSensor-001', 'timeStamp': '2025-03-06T10:19:48Z', 'windspeed': 7, 'location': {'latitude': 38, 'longitude': -77}, 'trace_id': '1b4333eb-aeea-4ea1-aeaa-549e21d3fc4d'}}
2025-03-06 12:10:00,611 - basicLogger - INFO - Message: {'type': 'wind-speed', 'datetime': '2025-03-06T10:19:49', 'payload': {'eventID': '0d4f1c75-d463-4a28-88f5-e56fd09cf66c', 'deviceID': 'windSensor-001', 'timeStamp': '2025-03-06T10:19:48Z', 'windspeed': 12, 'location': {'latitude': 41, 'longitude': -71}, 'trace_id': '2080904e-ca83-4d5d-a47e-44cf16d7ac72'}}
2025-03-06 12:10:00,625 - basicLogger - INFO - Message: {'type': 'temperature', 'datetime': '2025-03-06T10:19:49', 'payload': {'eventID': '73f69c1f-f029-4045-9e20-ba3870e82a00', 'deviceID': 'device123', 'timeStamp': '2025-03-06T10:19:48Z', 'temperature': 25, 'trace_id': 'dd774c68-0802-40f5-917a-72bb30b45f22'}}
2025-03-06 12:10:00,639 - basicLogger - INFO - Message: {'type': 'temperature', 'datetime': '2025-03-06T10:19:49', 'payload': {'eventID': '1dd17408-c1fd-4932-9064-0e5097ad1997', 'deviceID': 'device123', 'timeStamp': '2025-03-06T10:19:48Z', 'temperature': 23, 'trace_id': '28c575fc-3c51-409a-a2a7-1507d40f35a4'}}
2025-03-06 12:10:00,653 - basicLogger - INFO - Message: {'type': 'temperature', 'datetime': '2025-03-06T10:19:49', 'payload': {'eventID': '2ac13882-2972-4c2c-a630-0a33dbc6a0ab', 'deviceID': 'device123', 'timeStamp': '2025-03-06T10:19:48Z', 'temperature': 21, 'trace_id': '6a6d732f-3a56-46f9-adf6-aa5e08dd71ba'}}
2025-03-06 12:10:00,665 - basicLogger - INFO - Message: {'type': 'temperature', 'datetime': '2025-03-06T10:19:49', 'payload': {'eventID': 'a5d1c14a-6a89-420e-9dc0-62b91df8e969', 'deviceID': 'device123', 'timeStamp': '2025-03-06T10:19:48Z', 'temperature': 33, 'trace_id': 'ef737351-59b6-45bf-b753-c465055cb67b'}}
2025-03-06 12:10:00,676 - basicLogger - INFO - Message: {'type': 'wind-speed', 'datetime': '2025-03-06T10:19:49', 'payload': {'eventID': '2c0fac45-2101-4ba2-b8d1-868dc24a9cc0', 'deviceID': 'windSensor-001', 'timeStamp': '2025-03-06T10:19:48Z', 'windspeed': 23, 'location': {'latitude': 39, 'longitude': -76}, 'trace_id': 'a03d8d1a-ecb1-44c5-8474-7089857dc1b0'}}
2025-03-06 12:10:00,687 - basicLogger - INFO - Message: {'type': 'wind-speed', 'datetime': '2025-03-06T10:19:49', 'payload': {'eventID': '8e647a5e-dc77-44d7-b333-fa8ad0a0d718', 'deviceID': 'windSensor-001', 'timeStamp': '2025-03-06T10:19:48Z', 'windspeed': 11, 'location': {'latitude': 35, 'longitude': -79}, 'trace_id': '0365819d-9625-465e-bed3-34761a5b8446'}}
2025-03-06 12:10:00,698 - basicLogger - INFO - Message: {'type': 'wind-speed', 'datetime': '2025-03-06T10:19:49', 'payload': {'eventID': '35b59f98-a302-4832-a83c-32c27d5ccf94', 'deviceID': 'windSensor-001', 'timeStamp': '2025-03-06T10:19:48Z', 'windspeed': 16, 'location': {'latitude': 39, 'longitude': -73}, 'trace_id': 'bf50dec9-1361-413f-b158-8cb081c2b60f'}}
2025-03-06 12:10:00,709 - basicLogger - INFO - Message: {'type': 'wind-speed', 'datetime': '2025-03-06T10:19:49', 'payload': {'eventID': 'b58e6f75-f500-4957-902c-a50b3bba30bd', 'deviceID': 'windSensor-001', 'timeStamp': '2025-03-06T10:19:48Z', 'windspeed': 26, 'location': {'latitude': 36, 'longitude': -73}, 'trace_id': '93dc5bfa-da6d-455a-9811-2b4c6651d63e'}}
2025-03-06 12:10:00,720 - basicLogger - INFO - Message: {'type': 'temperature', 'datetime': '2025-03-06T10:19:49', 'payload': {'eventID': '61550d7e-c878-4b15-987a-73d501e54e0a', 'deviceID': 'device123', 'timeStamp': '2025-03-06T10:19:48Z', 'temperature': 31, 'trace_id': '4143902a-de78-4741-b19d-dafdf30ebc21'}}
2025-03-06 12:10:00,731 - basicLogger - INFO - Message: {'type': 'temperature', 'datetime': '2025-03-06T10:19:49', 'payload': {'eventID': '968742d8-8590-4039-a4b8-6323e89362c3', 'deviceID': 'device123', 'timeStamp': '2025-03-06T10:19:48Z', 'temperature': 28, 'trace_id': 'f28b0f3d-00c8-4045-adb4-0a2c916fdfb2'}}
2025-03-06 12:10:00,744 - basicLogger - INFO - Message: {'type': 'temperature', 'datetime': '2025-03-06T10:19:49', 'payload': {'eventID': 'a133c000-c3b8-4742-834e-f47d79977156', 'deviceID': 'device123', 'timeStamp': '2025-03-06T10:19:48Z', 'temperature': 29, 'trace_id': '13bdae5f-5f1d-457b-adca-f222cc4b04eb'}}
2025-03-06 12:10:00,759 - basicLogger - INFO - Message: {'type': 'temperature', 'datetime': '2025-03-06T10:19:49', 'payload': {'eventID': 'da4e0a80-bfef-4804-abcf-afc15050b452', 'deviceID': 'device123', 'timeStamp': '2025-03-06T10:19:48Z', 'temperature': 33, 'trace_id': 'a1546e3b-fd9e-4d0b-852d-bc16c774b56f'}}
2025-03-06 12:10:00,774 - basicLogger - INFO - Message: {'type': 'temperature', 'datetime': '2025-03-06T10:19:49', 'payload': {'eventID': 'e5bcfbaa-e3af-4322-9a33-eb00b871e883', 'deviceID': 'device123', 'timeStamp': '2025-03-06T10:19:48Z', 'temperature': 33, 'trace_id': 'a69fd998-fb23-44f7-abbb-6f3b23068540'}}
2025-03-06 12:10:00,789 - basicLogger - INFO - Message: {'type': 'wind-speed', 'datetime': '2025-03-06T10:19:49', 'payload': {'eventID': '605637a5-3673-4477-8d9c-41018bd78f21', 'deviceID': 'windSensor-001', 'timeStamp': '2025-03-06T10:19:48Z', 'windspeed': 13, 'location': {'latitude': 42, 'longitude': -70}, 'trace_id': '2818edf9-4500-4a29-a8fe-d9db10b3c081'}}
2025-03-06 12:10:00,807 - basicLogger - INFO - Message: {'type': 'temperature', 'datetime': '2025-03-06T10:19:49', 'payload': {'eventID': 'b4b7cdd7-8b2b-4f9c-abf9-f4d3218ce560', 'deviceID': 'device123', 'timeStamp': '2025-03-06T10:19:48Z', 'temperature': 30, 'trace_id': '68e1c937-8bf7-41d5-8444-36684cd79093'}}
2025-03-06 12:10:00,822 - basicLogger - INFO - Message: {'type': 'wind-speed', 'datetime': '2025-03-06T10:19:49', 'payload': {'eventID': 'ab010baf-3698-48c1-969b-6b9da514d4e8', 'deviceID': 'windSensor-001', 'timeStamp': '2025-03-06T10:19:48Z', 'windspeed': 19, 'location': {'latitude': 36, 'longitude': -71}, 'trace_id': '77c80a0e-3e17-468e-b689-903471933270'}}
2025-03-06 12:10:00,836 - basicLogger - INFO - Message: {'type': 'temperature', 'datetime': '2025-03-06T10:19:49', 'payload': {'eventID': '0a15b164-5491-42e4-931c-7bddbf6f8511', 'deviceID': 'device123', 'timeStamp': '2025-03-06T10:19:48Z', 'temperature': 31, 'trace_id': '072f824f-202f-4cc5-9e1d-2132558d145f'}}
2025-03-06 12:10:00,851 - basicLogger - INFO - Message: {'type': 'wind-speed', 'datetime': '2025-03-06T10:19:49', 'payload': {'eventID': 'b93328b3-843a-4840-81e7-2c1c4329c152', 'deviceID': 'windSensor-001', 'timeStamp': '2025-03-06T10:19:48Z', 'windspeed': 13, 'location': {'latitude': 42, 'longitude': -73}, 'trace_id': '1422cdc3-d3ce-4828-baa6-ab21e4d64bdb'}}
2025-03-06 12:10:00,866 - basicLogger - INFO - Message: {'type': 'temperature', 'datetime': '2025-03-06T10:19:49', 'payload': {'eventID': 'd2059f9e-6bcf-45ac-9ecc-56a40eb7a5cf', 'deviceID': 'device123', 'timeStamp': '2025-03-06T10:19:48Z', 'temperature': 28, 'trace_id': '60b04df6-c102-4cbb-be43-5d76032e938d'}}
2025-03-06 12:10:00,883 - basicLogger - INFO - Message: {'type': 'temperature', 'datetime': '2025-03-06T10:19:49', 'payload': {'eventID': '67ce5edf-3ccc-4dce-9ae3-3fe611c39aa8', 'deviceID': 'device123', 'timeStamp': '2025-03-06T10:19:48Z', 'temperature': 16, 'trace_id': '09b5db47-89d9-48ef-8432-5ea18ab4f8c1'}}
2025-03-06 12:10:00,893 - basicLogger - INFO - Message: {'type': 'temperature', 'datetime': '2025-03-06T10:19:49', 'payload': {'eventID': '001c734a-c420-4a67-aeab-0f605bff6698', 'deviceID': 'device123', 'timeStamp': '2025-03-06T10:19:48Z', 'temperature': 19, 'trace_id': '37d0d070-6fb4-40a2-804e-845de06c3a7b'}}
2025-03-06 12:10:00,905 - basicLogger - INFO - Message: {'type': 'wind-speed', 'datetime': '2025-03-06T10:19:49', 'payload': {'eventID': '320a1c17-0c65-4454-8ddb-6b5386ad1ad7', 'deviceID': 'windSensor-001', 'timeStamp': '2025-03-06T10:19:48Z', 'windspeed': 22, 'location': {'latitude': 36, 'longitude': -77}, 'trace_id': '3232b210-0547-40de-a3a8-835cf30e043c'}}
2025-03-06 12:10:00,913 - basicLogger - INFO - Message: {'type': 'temperature', 'datetime': '2025-03-06T10:19:49', 'payload': {'eventID': 'b7f2c6f7-2eb8-40e8-af76-3dacb841ff59', 'deviceID': 'device123', 'timeStamp': '2025-03-06T10:19:48Z', 'temperature': 26, 'trace_id': 'c2f0eb62-b656-40f3-8ad3-50486e91be3b'}}
2025-03-06 12:10:00,920 - basicLogger - INFO - Message: {'type': 'wind-speed', 'datetime': '2025-03-06T10:19:49', 'payload': {'eventID': 'e9b3b390-7edd-4bb5-912c-5597d715baab', 'deviceID': 'windSensor-001', 'timeStamp': '2025-03-06T10:19:48Z', 'windspeed': 9, 'location': {'latitude': 40, 'longitude': -76}, 'trace_id': '5c13eea9-523d-44b3-a1e6-e7335724fd35'}}
2025-03-06 12:10:00,927 - basicLogger - INFO - Message: {'type': 'wind-speed', 'datetime': '2025-03-06T10:19:49', 'payload': {'eventID': '4d896b00-5a6a-490d-963a-7da7f040f506', 'deviceID': 'windSensor-001', 'timeStamp': '2025-03-06T10:19:48Z', 'windspeed': 7, 'location': {'latitude': 37, 'longitude': -70}, 'trace_id': 'e59e3102-e442-4637-b0e0-d9a740e716e5'}}
2025-03-06 12:10:00,941 - basicLogger - INFO - Message: {'type': 'temperature', 'datetime': '2025-03-06T10:19:49', 'payload': {'eventID': '78547afc-91bb-47d5-affd-8a30522abd84', 'deviceID': 'device123', 'timeStamp': '2025-03-06T10:19:48Z', 'temperature': 33, 'trace_id': 'd54b44cc-a474-4d3d-a7a0-37770915343d'}}
2025-03-06 12:10:00,948 - basicLogger - INFO - Message: {'type': 'temperature', 'datetime': '2025-03-06T10:19:49', 'payload': {'eventID': 'ee5cc883-493f-4b04-a5ac-effb5f3961e9', 'deviceID': 'device123', 'timeStamp': '2025-03-06T10:19:48Z', 'temperature': 28, 'trace_id': '75a819e8-ba48-4d8c-9c1c-e1a1aeda20c9'}}
2025-03-06 12:10:00,956 - basicLogger - INFO - Message: {'type': 'temperature', 'datetime': '2025-03-06T10:19:49', 'payload': {'eventID': 'd59c8b73-b632-411a-be64-aaa730088d62', 'deviceID': 'device123', 'timeStamp': '2025-03-06T10:19:48Z', 'temperature': 31, 'trace_id': '1cc90e07-272a-4375-af18-c6fd471dec76'}}
2025-03-06 12:10:00,963 - basicLogger - INFO - Message: {'type': 'temperature', 'datetime': '2025-03-06T10:19:49', 'payload': {'eventID': 'd615ec15-0d77-4725-8ad9-93b5c01ffee2', 'deviceID': 'device123', 'timeStamp': '2025-03-06T10:19:48Z', 'temperature': 28, 'trace_id': '31bb9a98-d498-4694-af92-49bb8df10b99'}}
2025-03-06 12:10:00,970 - basicLogger - INFO - Message: {'type': 'wind-speed', 'datetime': '2025-03-06T10:19:49', 'payload': {'eventID': '5e36f169-fb21-45e9-9235-c93070a62948', 'deviceID': 'windSensor-001', 'timeStamp': '2025-03-06T10:19:48Z', 'windspeed': 12, 'location': {'latitude': 38, 'longitude': -76}, 'trace_id': '3506c6c1-a7b3-4dea-86e7-23f2aef996b3'}}
2025-03-06 12:10:00,978 - basicLogger - INFO - Message: {'type': 'temperature', 'datetime': '2025-03-06T10:19:49', 'payload': {'eventID': 'ed6169c7-42e1-4b0a-bbe9-b12e7aee431e', 'deviceID': 'device123', 'timeStamp': '2025-03-06T10:19:48Z', 'temperature': 15, 'trace_id': '0447db17-95ea-4dae-a26a-f98fa6ab7432'}}
2025-03-06 12:10:00,985 - basicLogger - INFO - Message: {'type': 'temperature', 'datetime': '2025-03-06T10:19:49', 'payload': {'eventID': '59e7e301-b0d5-4993-b387-0b7a0a0e2209', 'deviceID': 'device123', 'timeStamp': '2025-03-06T10:19:48Z', 'temperature': 20, 'trace_id': '426ac224-3bcf-41bc-8aa7-8f4f2b6ab5ec'}}
2025-03-06 12:10:00,992 - basicLogger - INFO - Message: {'type': 'temperature', 'datetime': '2025-03-06T10:19:49', 'payload': {'eventID': '4cca24ee-a91e-4b61-b830-1f97da24fe09', 'deviceID': 'device123', 'timeStamp': '2025-03-06T10:19:48Z', 'temperature': 27, 'trace_id': '2d0bd0db-e177-4589-a57f-6b2c584756b3'}}
2025-03-06 12:10:00,998 - basicLogger - INFO - Message: {'type': 'wind-speed', 'datetime': '2025-03-06T10:19:49', 'payload': {'eventID': '78aeec94-2501-4434-a1e7-e442e421c779', 'deviceID': 'windSensor-001', 'timeStamp': '2025-03-06T10:19:48Z', 'windspeed': 21, 'location': {'latitude': 39, 'longitude': -70}, 'trace_id': '7c54b11f-c40e-4e06-86a9-5bbd11243d7a'}}
2025-03-06 12:10:01,006 - basicLogger - INFO - Message: {'type': 'temperature', 'datetime': '2025-03-06T10:19:49', 'payload': {'eventID': '68d6f862-4b93-475b-b357-6aa7b1ef12aa', 'deviceID': 'device123', 'timeStamp': '2025-03-06T10:19:48Z', 'temperature': 25, 'trace_id': '5f5ebc6c-0f70-4427-b89a-c0a8814ccd8b'}}
2025-03-06 12:10:01,017 - basicLogger - INFO - Message: {'type': 'wind-speed', 'datetime': '2025-03-06T10:19:49', 'payload': {'eventID': 'c0778054-7d23-45af-9cd6-bc4c18f95388', 'deviceID': 'windSensor-001', 'timeStamp': '2025-03-06T10:19:48Z', 'windspeed': 24, 'location': {'latitude': 45, 'longitude': -73}, 'trace_id': '7d6b1f68-0a17-48be-b6b2-a58854b8ec35'}}
2025-03-06 12:10:01,034 - basicLogger - INFO - Message: {'type': 'wind-speed', 'datetime': '2025-03-06T10:19:49', 'payload': {'eventID': 'fbe8b74a-1fa6-4676-aa2f-2d36b8d7f0f7', 'deviceID': 'windSensor-001', 'timeStamp': '2025-03-06T10:19:48Z', 'windspeed': 8, 'location': {'latitude': 38, 'longitude': -75}, 'trace_id': 'f3267835-0fd3-48a0-b2b4-63538898c205'}}
2025-03-06 12:10:01,044 - basicLogger - INFO - Message: {'type': 'wind-speed', 'datetime': '2025-03-06T10:19:49', 'payload': {'eventID': '24e1b829-7131-42d8-b749-cb718bf63e68', 'deviceID': 'windSensor-001', 'timeStamp': '2025-03-06T10:19:48Z', 'windspeed': 25, 'location': {'latitude': 40, 'longitude': -78}, 'trace_id': 'f72b31e2-56eb-4f10-a5ac-e435132db872'}}
2025-03-06 12:10:01,056 - basicLogger - INFO - Message: {'type': 'wind-speed', 'datetime': '2025-03-06T10:19:49', 'payload': {'eventID': '7e418c73-ff33-46d0-abec-c408e3a261d9', 'deviceID': 'windSensor-001', 'timeStamp': '2025-03-06T10:19:48Z', 'windspeed': 17, 'location': {'latitude': 36, 'longitude': -78}, 'trace_id': 'adf8c5fb-9b69-4ed9-805a-c32604fd7e70'}}
2025-03-06 12:10:01,065 - basicLogger - INFO - Message: {'type': 'temperature', 'datetime': '2025-03-06T10:19:49', 'payload': {'eventID': '745e90d2-4410-4f11-9b6b-3f67aac9a2f4', 'deviceID': 'device123', 'timeStamp': '2025-03-06T10:19:48Z', 'temperature': 16, 'trace_id': 'dd1cf688-37a3-4976-acdf-91d1741ea48f'}}
2025-03-06 12:10:01,074 - basicLogger - INFO - Message: {'type': 'wind-speed', 'datetime': '2025-03-06T10:19:49', 'payload': {'eventID': 'd98ae2d1-1eb9-486f-bed3-6e41b40db150', 'deviceID': 'windSensor-001', 'timeStamp': '2025-03-06T10:19:48Z', 'windspeed': 23, 'location': {'latitude': 45, 'longitude': -72}, 'trace_id': '1e581e16-ca94-401e-b54e-c071d89d9291'}}
2025-03-06 12:10:01,084 - basicLogger - INFO - Message: {'type': 'temperature', 'datetime': '2025-03-06T10:19:49', 'payload': {'eventID': '808171c7-8359-4e59-aa87-e5e8d6cf7d6c', 'deviceID': 'device123', 'timeStamp': '2025-03-06T10:19:48Z', 'temperature': 18, 'trace_id': '3be1e149-a217-435d-a7cb-addebd27beb6'}}
2025-03-06 12:10:01,093 - basicLogger - INFO - Message: {'type': 'wind-speed', 'datetime': '2025-03-06T10:19:49', 'payload': {'eventID': '8e22f9e0-fcbf-4435-b127-cd1d61de5e7a', 'deviceID': 'windSensor-001', 'timeStamp': '2025-03-06T10:19:48Z', 'windspeed': 23, 'location': {'latitude': 43, 'longitude': -77}, 'trace_id': 'df5e06fc-c437-439b-a8f0-706dd9840a23'}}
2025-03-06 12:10:01,102 - basicLogger - INFO - Message: {'type': 'wind-speed', 'datetime': '2025-03-06T10:19:49', 'payload': {'eventID': '676f82f4-468b-4d3c-bb11-67f39b9590ad', 'deviceID': 'windSensor-001', 'timeStamp': '2025-03-06T10:19:48Z', 'windspeed': 9, 'location': {'latitude': 45, 'longitude': -75}, 'trace_id': 'ff56e2be-88c7-4025-b643-d94b497597c2'}}
2025-03-06 12:10:01,112 - basicLogger - INFO - Message: {'type': 'wind-speed', 'datetime': '2025-03-06T10:19:49', 'payload': {'eventID': '7ffe8844-9654-4178-9c64-0027f2a62e07', 'deviceID': 'windSensor-001', 'timeStamp': '2025-03-06T10:19:48Z', 'windspeed': 18, 'location': {'latitude': 38, 'longitude': -79}, 'trace_id': '5d8cec22-91b2-4574-9953-579484600404'}}
2025-03-06 12:10:01,121 - basicLogger - INFO - Message: {'type': 'temperature', 'datetime': '2025-03-06T10:19:49', 'payload': {'eventID': 'ca1fd46c-da42-415a-a16f-716f2f72d767', 'deviceID': 'device123', 'timeStamp': '2025-03-06T10:19:48Z', 'temperature': 20, 'trace_id': 'f8b7b30e-8940-4037-b4ae-64115287a6f7'}}
2025-03-06 12:10:01,130 - basicLogger - INFO - Message: {'type': 'wind-speed', 'datetime': '2025-03-06T10:19:49', 'payload': {'eventID': 'b4a4aceb-1dc9-448e-9d18-af0f803eeeca', 'deviceID': 'windSensor-001', 'timeStamp': '2025-03-06T10:19:48Z', 'windspeed': 28, 'location': {'latitude': 38, 'longitude': -70}, 'trace_id': '7a60d1eb-ad3c-46ba-9e11-add35d9bb139'}}
2025-03-06 12:10:01,140 - basicLogger - INFO - Message: {'type': 'wind-speed', 'datetime': '2025-03-06T10:19:49', 'payload': {'eventID': '30b3f17a-63a5-41eb-952e-f8bdb64e5d4d', 'deviceID': 'windSensor-001', 'timeStamp': '2025-03-06T10:19:48Z', 'windspeed': 6, 'location': {'latitude': 44, 'longitude': -73}, 'trace_id': 'b1339169-a1f2-452b-8a49-8f3f01f86bdd'}}
2025-03-06 12:10:01,149 - basicLogger - INFO - Message: {'type': 'wind-speed', 'datetime': '2025-03-06T10:19:49', 'payload': {'eventID': 'd896f2b2-c398-43a9-88f3-6351a2faa24c', 'deviceID': 'windSensor-001', 'timeStamp': '2025-03-06T10:19:48Z', 'windspeed': 6, 'location': {'latitude': 42, 'longitude': -71}, 'trace_id': 'fa8bc010-d815-4389-a500-35ff0dc3e1bd'}}
2025-03-06 12:10:01,158 - basicLogger - INFO - Message: {'type': 'wind-speed', 'datetime': '2025-03-06T10:19:49', 'payload': {'eventID': 'f69a23d2-5e0d-4447-ac30-004b98eadad5', 'deviceID': 'windSensor-001', 'timeStamp': '2025-03-06T10:19:48Z', 'windspeed': 17, 'location': {'latitude': 35, 'longitude': -80}, 'trace_id': 'ae452f95-eac5-489e-ad76-8b55365ae59c'}}
2025-03-06 12:10:01,168 - basicLogger - INFO - Message: {'type': 'wind-speed', 'datetime': '2025-03-06T10:19:49', 'payload': {'eventID': '5943452a-5ae7-4e56-9473-0233801b20c0', 'deviceID': 'windSensor-001', 'timeStamp': '2025-03-06T10:19:48Z', 'windspeed': 24, 'location': {'latitude': 36, 'longitude': -73}, 'trace_id': '7dbe8861-4183-4a32-8518-6b5456217734'}}
2025-03-06 12:10:01,178 - basicLogger - INFO - Message: {'type': 'wind-speed', 'datetime': '2025-03-06T10:19:49', 'payload': {'eventID': 'b12d6934-c876-48a3-a359-8b5e3fb3454d', 'deviceID': 'windSensor-001', 'timeStamp': '2025-03-06T10:19:48Z', 'windspeed': 8, 'location': {'latitude': 45, 'longitude': -75}, 'trace_id': '373bdf73-0319-4b04-8a2a-39c6a180c318'}}
2025-03-06 12:10:01,187 - basicLogger - INFO - Message: {'type': 'wind-speed', 'datetime': '2025-03-06T10:19:49', 'payload': {'eventID': '70d46d80-800d-4f35-adcb-ad4241cf252c', 'deviceID': 'windSensor-001', 'timeStamp': '2025-03-06T10:19:48Z', 'windspeed': 29, 'location': {'latitude': 42, 'longitude': -72}, 'trace_id': '23b75ab1-89c6-4c3a-b45b-58b7c1882d5b'}}
2025-03-06 12:10:01,203 - basicLogger - INFO - Message: {'type': 'wind-speed', 'datetime': '2025-03-06T10:19:49', 'payload': {'eventID': '08a0c836-c3fa-4051-8837-5baf1d68bd7d', 'deviceID': 'windSensor-001', 'timeStamp': '2025-03-06T10:19:48Z', 'windspeed': 20, 'location': {'latitude': 45, 'longitude': -75}, 'trace_id': '95f72c5a-aaa8-4c63-aeb4-bb823f01155c'}}
2025-03-06 12:10:01,212 - basicLogger - INFO - Message: {'type': 'temperature', 'datetime': '2025-03-06T10:19:49', 'payload': {'eventID': '41834e5c-6def-4206-9ea0-f7a729b107b7', 'deviceID': 'device123', 'timeStamp': '2025-03-06T10:19:48Z', 'temperature': 29, 'trace_id': '3d495a1f-1bdb-4187-9f52-62020213e8e5'}}
2025-03-06 12:10:01,222 - basicLogger - INFO - Message: {'type': 'wind-speed', 'datetime': '2025-03-06T10:19:49', 'payload': {'eventID': '31bf1fa5-c85f-4123-93ca-79bffc201b1c', 'deviceID': 'windSensor-001', 'timeStamp': '2025-03-06T10:19:48Z', 'windspeed': 6, 'location': {'latitude': 45, 'longitude': -80}, 'trace_id': '7a7d79d0-357c-4b7b-a197-69e4a6df4711'}}
2025-03-06 12:10:01,233 - basicLogger - INFO - Message: {'type': 'wind-speed', 'datetime': '2025-03-06T10:19:49', 'payload': {'eventID': 'fe23aa1f-4231-4978-85e3-e553a8faf6d3', 'deviceID': 'windSensor-001', 'timeStamp': '2025-03-06T10:19:48Z', 'windspeed': 19, 'location': {'latitude': 37, 'longitude': -70}, 'trace_id': '3df8a9d3-b2eb-47ca-bd0b-af989579af9e'}}
2025-03-06 12:10:01,243 - basicLogger - INFO - Message: {'type': 'wind-speed', 'datetime': '2025-03-06T10:19:49', 'payload': {'eventID': 'b9391b31-54a3-4d08-a83a-f5eee4e572fb', 'deviceID': 'windSensor-001', 'timeStamp': '2025-03-06T10:19:48Z', 'windspeed': 5, 'location': {'latitude': 43, 'longitude': -79}, 'trace_id': '40dbfdc4-52e3-4150-9751-d4d0c35e964b'}}
2025-03-06 12:10:01,252 - basicLogger - INFO - Message: {'type': 'wind-speed', 'datetime': '2025-03-06T10:19:49', 'payload': {'eventID': '87e0580f-07a2-4414-b738-f46c09351f04', 'deviceID': 'windSensor-001', 'timeStamp': '2025-03-06T10:19:48Z', 'windspeed': 13, 'location': {'latitude': 40, 'longitude': -73}, 'trace_id': '2746e87e-f951-4b32-b9d4-0758ac918910'}}
2025-03-06 12:10:01,262 - basicLogger - INFO - Message: {'type': 'temperature', 'datetime': '2025-03-06T10:19:49', 'payload': {'eventID': '3e868ed5-59cb-43c2-84bf-1c4373869347', 'deviceID': 'device123', 'timeStamp': '2025-03-06T10:19:48Z', 'temperature': 17, 'trace_id': '8f938aaf-0f40-49ad-b6cd-de1817f2ecd9'}}
2025-03-06 12:10:01,272 - basicLogger - INFO - Message: {'type': 'wind-speed', 'datetime': '2025-03-06T10:19:49', 'payload': {'eventID': 'f72af9f4-f671-417e-aa89-08e58ad0319c', 'deviceID': 'windSensor-001', 'timeStamp': '2025-03-06T10:19:48Z', 'windspeed': 15, 'location': {'latitude': 38, 'longitude': -70}, 'trace_id': 'a2ad60d9-b34a-405f-bbb1-d7c457b7127e'}}
2025-03-06 12:10:01,281 - basicLogger - INFO - Message: {'type': 'temperature', 'datetime': '2025-03-06T10:19:49', 'payload': {'eventID': '81078433-972d-4df5-8b57-96e53ef98c51', 'deviceID': 'device123', 'timeStamp': '2025-03-06T10:19:48Z', 'temperature': 27, 'trace_id': '57d19594-d601-42c7-9ced-2cb8e92f3df6'}}
2025-03-06 12:10:01,290 - basicLogger - INFO - Message: {'type': 'wind-speed', 'datetime': '2025-03-06T10:19:49', 'payload': {'eventID': 'ea3dcedf-2a3c-4094-b071-39656e143eca', 'deviceID': 'windSensor-001', 'timeStamp': '2025-03-06T10:19:48Z', 'windspeed': 20, 'location': {'latitude': 38, 'longitude': -76}, 'trace_id': '8ad988ce-abac-4cb1-b2d5-018af740887b'}}
2025-03-06 12:10:01,299 - basicLogger - INFO - Message: {'type': 'wind-speed', 'datetime': '2025-03-06T10:19:49', 'payload': {'eventID': 'ef1c54be-9945-4d2e-96da-d78e4a2aeb2d', 'deviceID': 'windSensor-001', 'timeStamp': '2025-03-06T10:19:48Z', 'windspeed': 22, 'location': {'latitude': 44, 'longitude': -72}, 'trace_id': '0f126fb0-ea49-4852-b604-96cee2937978'}}
2025-03-06 12:10:01,309 - basicLogger - INFO - Message: {'type': 'wind-speed', 'datetime': '2025-03-06T10:19:49', 'payload': {'eventID': '4e6c9575-dfa9-4993-bd7a-affd54e0f5d0', 'deviceID': 'windSensor-001', 'timeStamp': '2025-03-06T10:19:48Z', 'windspeed': 19, 'location': {'latitude': 40, 'longitude': -80}, 'trace_id': 'dbd56321-fdb3-4678-82be-cf97090d2d19'}}
2025-03-06 12:10:01,318 - basicLogger - INFO - Message: {'type': 'wind-speed', 'datetime': '2025-03-06T10:19:49', 'payload': {'eventID': '58d6203c-53e7-41c0-b0d9-970a41f0ea89', 'deviceID': 'windSensor-001', 'timeStamp': '2025-03-06T10:19:48Z', 'windspeed': 17, 'location': {'latitude': 38, 'longitude': -80}, 'trace_id': '93d32534-1c91-4fc4-a0de-82de3011a0fc'}}
2025-03-06 12:10:01,328 - basicLogger - INFO - Message: {'type': 'temperature', 'datetime': '2025-03-06T10:19:49', 'payload': {'eventID': '602acea2-7fe0-4044-85ee-71971b906214', 'deviceID': 'device123', 'timeStamp': '2025-03-06T10:19:48Z', 'temperature': 16, 'trace_id': '198c9f54-727f-4cb5-8ab0-890370c742db'}}
2025-03-06 12:10:01,340 - basicLogger - INFO - Message: {'type': 'temperature', 'datetime': '2025-03-06T10:19:49', 'payload': {'eventID': '658318b0-eed3-4839-b813-b98acd6b63dc', 'deviceID': 'device123', 'timeStamp': '2025-03-06T10:19:48Z', 'temperature': 31, 'trace_id': '4670f804-fcf2-4376-a5ec-86058f945ced'}}
2025-03-06 12:10:01,356 - basicLogger - INFO - Message: {'type': 'temperature', 'datetime': '2025-03-06T10:19:49', 'payload': {'eventID': '2b7de54b-a15e-41a0-9d17-96eb86d9dc60', 'deviceID': 'device123', 'timeStamp': '2025-03-06T10:19:48Z', 'temperature': 16, 'trace_id': '500e3b01-bc29-4fab-8d6c-b7519086a1d9'}}
2025-03-06 12:10:01,366 - basicLogger - INFO - Message: {'type': 'wind-speed', 'datetime': '2025-03-06T10:19:49', 'payload': {'eventID': 'f79ce4bb-70d7-414c-8a74-ad79fde1dd6d', 'deviceID': 'windSensor-001', 'timeStamp': '2025-03-06T10:19:48Z', 'windspeed': 14, 'location': {'latitude': 38, 'longitude': -71}, 'trace_id': '0b4d6be3-aa02-4ab5-9eb1-f530b2990fec'}}
2025-03-06 12:10:01,375 - basicLogger - INFO - Message: {'type': 'wind-speed', 'datetime': '2025-03-06T10:19:49', 'payload': {'eventID': 'd3c0c388-dd30-47a2-8721-81ef95939888', 'deviceID': 'windSensor-001', 'timeStamp': '2025-03-06T10:19:48Z', 'windspeed': 9, 'location': {'latitude': 38, 'longitude': -80}, 'trace_id': 'ae451beb-bb1f-4958-87dd-4bf05cf746ae'}}
2025-03-06 12:10:01,383 - basicLogger - INFO - Message: {'type': 'wind-speed', 'datetime': '2025-03-06T10:19:49', 'payload': {'eventID': '4ae1fe80-004f-4951-a99e-6e038bfeaaf9', 'deviceID': 'windSensor-001', 'timeStamp': '2025-03-06T10:19:48Z', 'windspeed': 8, 'location': {'latitude': 40, 'longitude': -74}, 'trace_id': '223c3769-772b-4c1a-9c31-276468f95274'}}
2025-03-06 12:10:01,392 - basicLogger - INFO - Message: {'type': 'temperature', 'datetime': '2025-03-06T10:19:49', 'payload': {'eventID': '2762cece-4412-45d4-bee1-011be09b9137', 'deviceID': 'device123', 'timeStamp': '2025-03-06T10:19:48Z', 'temperature': 21, 'trace_id': '88f1762d-59d6-42e2-8c04-7c07f091bdbd'}}
2025-03-06 12:10:01,399 - basicLogger - INFO - Message: {'type': 'wind-speed', 'datetime': '2025-03-06T10:19:49', 'payload': {'eventID': '36a4a8bd-cfa5-4187-9d71-0deab8bc74e8', 'deviceID': 'windSensor-001', 'timeStamp': '2025-03-06T10:19:48Z', 'windspeed': 22, 'location': {'latitude': 43, 'longitude': -80}, 'trace_id': 'a4168fa1-ae68-43ff-a9d4-74afb3fa9105'}}
2025-03-06 12:10:01,408 - basicLogger - INFO - Message: {'type': 'wind-speed', 'datetime': '2025-03-06T10:19:49', 'payload': {'eventID': '87fa0ad0-c925-460e-82d6-c56c417dded3', 'deviceID': 'windSensor-001', 'timeStamp': '2025-03-06T10:19:48Z', 'windspeed': 19, 'location': {'latitude': 43, 'longitude': -79}, 'trace_id': '955288e8-0d11-4f06-9927-c7cd6035bacd'}}
2025-03-06 12:10:01,415 - basicLogger - INFO - Message: {'type': 'wind-speed', 'datetime': '2025-03-06T10:19:49', 'payload': {'eventID': 'c6b598c1-2297-4862-ba47-47d43df000b5', 'deviceID': 'windSensor-001', 'timeStamp': '2025-03-06T10:19:48Z', 'windspeed': 28, 'location': {'latitude': 40, 'longitude': -73}, 'trace_id': 'dfc6230b-9eeb-4cd8-bf06-120b6b824170'}}
2025-03-06 12:10:01,423 - basicLogger - INFO - Message: {'type': 'wind-speed', 'datetime': '2025-03-06T10:19:49', 'payload': {'eventID': 'b3c6775e-ebaf-43ec-b6a3-97ff1e23343a', 'deviceID': 'windSensor-001', 'timeStamp': '2025-03-06T10:19:48Z', 'windspeed': 29, 'location': {'latitude': 43, 'longitude': -74}, 'trace_id': '94f1116a-bd19-4b33-a5fc-4dbbdb193757'}}
2025-03-06 12:10:01,430 - basicLogger - INFO - Message: {'type': 'wind-speed', 'datetime': '2025-03-06T10:19:49', 'payload': {'eventID': 'a14dacdc-e774-4482-8467-0c62dd14a1fb', 'deviceID': 'windSensor-001', 'timeStamp': '2025-03-06T10:19:48Z', 'windspeed': 21, 'location': {'latitude': 39, 'longitude': -77}, 'trace_id': '3941e687-1c12-4655-9a1a-77d2a8dac8d7'}}
2025-03-06 12:10:01,438 - basicLogger - INFO - Message: {'type': 'wind-speed', 'datetime': '2025-03-06T10:19:49', 'payload': {'eventID': '43684b99-ed42-4e37-81df-60d110184c5f', 'deviceID': 'windSensor-001', 'timeStamp': '2025-03-06T10:19:49Z', 'windspeed': 26, 'location': {'latitude': 43, 'longitude': -76}, 'trace_id': '9f49e470-e65b-4991-95e0-6697f9305378'}}
2025-03-06 12:10:01,446 - basicLogger - INFO - Message: {'type': 'wind-speed', 'datetime': '2025-03-06T10:19:49', 'payload': {'eventID': 'c03389f3-7e09-48e9-a4c9-fd1150b4521d', 'deviceID': 'windSensor-001', 'timeStamp': '2025-03-06T10:19:49Z', 'windspeed': 10, 'location': {'latitude': 35, 'longitude': -70}, 'trace_id': 'b35d0a13-0890-4a6c-8c66-7b3d15eaee85'}}
2025-03-06 12:10:01,453 - basicLogger - INFO - Message: {'type': 'wind-speed', 'datetime': '2025-03-06T10:19:49', 'payload': {'eventID': 'ea08a20f-b446-4e4e-9358-c623a076025f', 'deviceID': 'windSensor-001', 'timeStamp': '2025-03-06T10:19:49Z', 'windspeed': 9, 'location': {'latitude': 44, 'longitude': -71}, 'trace_id': '2edd381b-de66-469f-8d0d-beaf5fe1c305'}}
2025-03-06 12:10:01,461 - basicLogger - INFO - Message: {'type': 'temperature', 'datetime': '2025-03-06T10:19:49', 'payload': {'eventID': '6d9831b6-88ef-4b40-be88-5570da2d4d14', 'deviceID': 'device123', 'timeStamp': '2025-03-06T10:19:49Z', 'temperature': 17, 'trace_id': '28741a71-ca99-4736-9bec-22e2182e3993'}}
2025-03-06 12:10:01,469 - basicLogger - INFO - Message: {'type': 'temperature', 'datetime': '2025-03-06T10:19:49', 'payload': {'eventID': 'f74b37a6-350a-4899-a865-37dbab98bfda', 'deviceID': 'device123', 'timeStamp': '2025-03-06T10:19:49Z', 'temperature': 29, 'trace_id': 'ca1e6629-1781-418f-b2fb-4c73796b00fb'}}
2025-03-06 12:10:01,477 - basicLogger - INFO - Message: {'type': 'temperature', 'datetime': '2025-03-06T10:19:49', 'payload': {'eventID': 'c535fb0c-e75b-4345-b685-855ee4cbafb8', 'deviceID': 'device123', 'timeStamp': '2025-03-06T10:19:49Z', 'temperature': 27, 'trace_id': 'ecacd262-a080-40fe-b59b-6ba1785ff822'}}
2025-03-06 12:10:01,484 - basicLogger - INFO - Message: {'type': 'wind-speed', 'datetime': '2025-03-06T10:19:49', 'payload': {'eventID': 'badc2e5e-d1ea-4a67-bc56-bfade4611d7c', 'deviceID': 'windSensor-001', 'timeStamp': '2025-03-06T10:19:49Z', 'windspeed': 10, 'location': {'latitude': 38, 'longitude': -70}, 'trace_id': '29ee0f0d-6b49-4c2f-96d1-caeaa782b1b2'}}
2025-03-06 12:10:01,491 - basicLogger - INFO - Message: {'type': 'wind-speed', 'datetime': '2025-03-06T10:19:49', 'payload': {'eventID': '29291c4c-32b1-4592-bc7d-43feb8093061', 'deviceID': 'windSensor-001', 'timeStamp': '2025-03-06T10:19:49Z', 'windspeed': 21, 'location': {'latitude': 38, 'longitude': -72}, 'trace_id': '90b9a368-d177-4175-b04d-1a7db020a7c1'}}
2025-03-06 12:10:01,499 - basicLogger - INFO - Message: {'type': 'wind-speed', 'datetime': '2025-03-06T10:19:49', 'payload': {'eventID': '007c6476-a723-49ae-84eb-4bee8344d820', 'deviceID': 'windSensor-001', 'timeStamp': '2025-03-06T10:19:49Z', 'windspeed': 23, 'location': {'latitude': 40, 'longitude': -75}, 'trace_id': 'f5a163af-c515-4c9f-9cfc-a637e4bfb47d'}}
2025-03-06 12:10:01,506 - basicLogger - INFO - Message: {'type': 'wind-speed', 'datetime': '2025-03-06T10:19:49', 'payload': {'eventID': '26b5f586-4d08-4e4b-b4e0-51453a5739ac', 'deviceID': 'windSensor-001', 'timeStamp': '2025-03-06T10:19:49Z', 'windspeed': 28, 'location': {'latitude': 38, 'longitude': -73}, 'trace_id': '25225f8f-3a9e-4295-ab92-ae8547c1085f'}}
2025-03-06 12:10:01,514 - basicLogger - INFO - Message: {'type': 'wind-speed', 'datetime': '2025-03-06T10:19:49', 'payload': {'eventID': 'e41aa64b-9fee-4898-a3cc-0159aa296156', 'deviceID': 'windSensor-001', 'timeStamp': '2025-03-06T10:19:49Z', 'windspeed': 10, 'location': {'latitude': 44, 'longitude': -75}, 'trace_id': '3f07905a-26e5-4f1b-966a-415fd2337290'}}
2025-03-06 12:10:01,523 - basicLogger - INFO - Message: {'type': 'temperature', 'datetime': '2025-03-06T10:19:49', 'payload': {'eventID': '35fe473e-0470-48d9-ae26-35e104dc9b8a', 'deviceID': 'device123', 'timeStamp': '2025-03-06T10:19:49Z', 'temperature': 30, 'trace_id': '2c1ab401-ba5d-4ec1-a99b-4f151ca1c59d'}}
2025-03-06 12:10:01,531 - basicLogger - INFO - Message: {'type': 'temperature', 'datetime': '2025-03-06T10:19:49', 'payload': {'eventID': '27f660d4-8bf7-4236-81ff-9e116d0df661', 'deviceID': 'device123', 'timeStamp': '2025-03-06T10:19:49Z', 'temperature': 26, 'trace_id': '5ecc8b0c-591a-4c96-8dbc-f3899ae7f67a'}}
2025-03-06 12:10:01,538 - basicLogger - INFO - Message: {'type': 'temperature', 'datetime': '2025-03-06T10:19:49', 'payload': {'eventID': '5e391872-c375-4e69-8b3c-71913a1aea7b', 'deviceID': 'device123', 'timeStamp': '2025-03-06T10:19:49Z', 'temperature': 32, 'trace_id': 'a7a461a3-b08f-469e-b081-e35d4e45128c'}}
2025-03-06 12:10:01,546 - basicLogger - INFO - Message: {'type': 'temperature', 'datetime': '2025-03-06T10:19:49', 'payload': {'eventID': '159a3d92-d3e1-453d-ace1-d927e1ba1acf', 'deviceID': 'device123', 'timeStamp': '2025-03-06T10:19:49Z', 'temperature': 21, 'trace_id': '43f5c94c-ce63-4ff3-bd1f-d0227ad45885'}}
2025-03-06 12:10:01,554 - basicLogger - INFO - Message: {'type': 'wind-speed', 'datetime': '2025-03-06T10:19:49', 'payload': {'eventID': '623ef451-e301-4f54-abb1-1dc7d8983e65', 'deviceID': 'windSensor-001', 'timeStamp': '2025-03-06T10:19:49Z', 'windspeed': 9, 'location': {'latitude': 42, 'longitude': -72}, 'trace_id': 'e87a0d70-da67-4f9d-90a5-4f9c542836a0'}}
2025-03-06 12:10:01,561 - basicLogger - INFO - Message: {'type': 'temperature', 'datetime': '2025-03-06T10:19:49', 'payload': {'eventID': '05613565-531f-4180-bc6f-3c07dbc34216', 'deviceID': 'device123', 'timeStamp': '2025-03-06T10:19:49Z', 'temperature': 16, 'trace_id': '61fdade6-b48e-4198-bc86-5554ec4a09f6'}}
2025-03-06 12:10:01,569 - basicLogger - INFO - Message: {'type': 'wind-speed', 'datetime': '2025-03-06T10:19:49', 'payload': {'eventID': '407de545-16b6-49bf-ae40-ccee2fc8f6df', 'deviceID': 'windSensor-001', 'timeStamp': '2025-03-06T10:19:49Z', 'windspeed': 16, 'location': {'latitude': 41, 'longitude': -77}, 'trace_id': '5fe81ba1-5690-4e62-b18a-dbb4a9035907'}}
2025-03-06 12:10:01,576 - basicLogger - INFO - Message: {'type': 'wind-speed', 'datetime': '2025-03-06T10:19:49', 'payload': {'eventID': 'a29934c3-301d-457b-840b-ef1017181761', 'deviceID': 'windSensor-001', 'timeStamp': '2025-03-06T10:19:49Z', 'windspeed': 8, 'location': {'latitude': 36, 'longitude': -75}, 'trace_id': 'f4ff52ae-63d4-456d-a0bf-dff685105597'}}
2025-03-06 12:10:01,584 - basicLogger - INFO - Message: {'type': 'temperature', 'datetime': '2025-03-06T10:19:49', 'payload': {'eventID': 'b5ab793c-5136-46d8-9e13-7e30179cd33f', 'deviceID': 'device123', 'timeStamp': '2025-03-06T10:19:49Z', 'temperature': 35, 'trace_id': '48e87841-3b11-42f8-9263-2c4c2e2bc3c5'}}
2025-03-06 12:10:01,592 - basicLogger - INFO - Message: {'type': 'temperature', 'datetime': '2025-03-06T10:19:49', 'payload': {'eventID': '9e859717-ce97-42cc-bf55-c67d2219fbe0', 'deviceID': 'device123', 'timeStamp': '2025-03-06T10:19:49Z', 'temperature': 34, 'trace_id': '7206d82a-0c3f-4745-9261-4e2e0da4ae13'}}
2025-03-06 12:10:01,599 - basicLogger - INFO - Message: {'type': 'wind-speed', 'datetime': '2025-03-06T10:19:49', 'payload': {'eventID': 'a0e57d16-3253-4a7b-b9ab-9b260a61d43a', 'deviceID': 'windSensor-001', 'timeStamp': '2025-03-06T10:19:49Z', 'windspeed': 5, 'location': {'latitude': 37, 'longitude': -75}, 'trace_id': '6f1e9e37-50ae-4f56-97b3-a0dbcddb9b25'}}
2025-03-06 12:10:01,606 - basicLogger - INFO - Message: {'type': 'temperature', 'datetime': '2025-03-06T10:19:49', 'payload': {'eventID': '521c5a20-907a-469f-9160-d3e374be2687', 'deviceID': 'device123', 'timeStamp': '2025-03-06T10:19:49Z', 'temperature': 16, 'trace_id': '1dd629b5-95dc-4ccb-a833-b4ffe5e7b4c2'}}
2025-03-06 12:10:01,614 - basicLogger - INFO - Message: {'type': 'wind-speed', 'datetime': '2025-03-06T10:19:49', 'payload': {'eventID': '6c8f9244-dc91-4fc2-ab59-fe3dd7887189', 'deviceID': 'windSensor-001', 'timeStamp': '2025-03-06T10:19:49Z', 'windspeed': 25, 'location': {'latitude': 41, 'longitude': -76}, 'trace_id': 'a84481dd-525a-4ea1-8c71-e27e2d57d62f'}}
2025-03-06 12:10:01,621 - basicLogger - INFO - Message: {'type': 'wind-speed', 'datetime': '2025-03-06T10:19:49', 'payload': {'eventID': 'b306dd1d-2b36-4a8c-b821-0df545334d96', 'deviceID': 'windSensor-001', 'timeStamp': '2025-03-06T10:19:49Z', 'windspeed': 18, 'location': {'latitude': 36, 'longitude': -72}, 'trace_id': 'd0f8ea8a-a687-4d3b-88b6-2db593d18937'}}
2025-03-06 12:10:01,628 - basicLogger - INFO - Message: {'type': 'wind-speed', 'datetime': '2025-03-06T10:19:49', 'payload': {'eventID': '9f81bb72-6ee8-47a7-9965-73440d4f5d84', 'deviceID': 'windSensor-001', 'timeStamp': '2025-03-06T10:19:49Z', 'windspeed': 9, 'location': {'latitude': 36, 'longitude': -78}, 'trace_id': 'f66da954-51ad-4939-8788-d2bcb25420ed'}}
2025-03-06 12:10:01,635 - basicLogger - INFO - Message: {'type': 'temperature', 'datetime': '2025-03-06T10:19:49', 'payload': {'eventID': '20d6d81b-a976-4ae7-90fb-933e36f51400', 'deviceID': 'device123', 'timeStamp': '2025-03-06T10:19:49Z', 'temperature': 15, 'trace_id': '7afb7965-bbcc-4229-9fd3-9d1f78f766ac'}}
2025-03-06 12:10:01,645 - basicLogger - INFO - Message: {'type': 'temperature', 'datetime': '2025-03-06T10:19:49', 'payload': {'eventID': '924b8a15-753c-4b65-abaf-84364f76465f', 'deviceID': 'device123', 'timeStamp': '2025-03-06T10:19:49Z', 'temperature': 22, 'trace_id': '47792294-01e7-4b89-bb18-82d4e6b00b01'}}
2025-03-06 12:10:01,652 - basicLogger - INFO - Message: {'type': 'temperature', 'datetime': '2025-03-06T10:19:49', 'payload': {'eventID': '5e014b10-38cb-46d2-b158-726cd69714fe', 'deviceID': 'device123', 'timeStamp': '2025-03-06T10:19:49Z', 'temperature': 28, 'trace_id': '8cdb03c9-7787-4acb-bd54-24f08f09b9d6'}}
2025-03-06 12:10:01,663 - basicLogger - INFO - Message: {'type': 'temperature', 'datetime': '2025-03-06T10:19:49', 'payload': {'eventID': 'dfaebe94-e76a-4d47-98cb-37e3c9b031ec', 'deviceID': 'device123', 'timeStamp': '2025-03-06T10:19:49Z', 'temperature': 29, 'trace_id': 'bbedea0e-62d6-485b-aefa-35fe6f94eb4e'}}
2025-03-06 12:10:01,670 - basicLogger - INFO - Message: {'type': 'wind-speed', 'datetime': '2025-03-06T10:19:49', 'payload': {'eventID': '14f7b075-8756-4a89-a628-8fdc52bd84a6', 'deviceID': 'windSensor-001', 'timeStamp': '2025-03-06T10:19:49Z', 'windspeed': 9, 'location': {'latitude': 44, 'longitude': -72}, 'trace_id': '8b25f27b-c9c0-4a4a-8202-7b8ce9c01de5'}}
2025-03-06 12:10:01,677 - basicLogger - INFO - Message: {'type': 'wind-speed', 'datetime': '2025-03-06T10:19:49', 'payload': {'eventID': 'a7e5017d-4cb2-429c-84b0-9af7f6c9067c', 'deviceID': 'windSensor-001', 'timeStamp': '2025-03-06T10:19:49Z', 'windspeed': 30, 'location': {'latitude': 41, 'longitude': -79}, 'trace_id': '7dae9089-ef22-4bac-8393-a457b1d532ed'}}
2025-03-06 12:10:01,685 - basicLogger - INFO - Message: {'type': 'wind-speed', 'datetime': '2025-03-06T10:19:49', 'payload': {'eventID': 'd894a3b2-1fa4-459e-aa83-a1145aa963f8', 'deviceID': 'windSensor-001', 'timeStamp': '2025-03-06T10:19:49Z', 'windspeed': 27, 'location': {'latitude': 41, 'longitude': -76}, 'trace_id': '0e335e04-45ec-44cb-b5ee-25502d3d2441'}}
2025-03-06 12:10:01,693 - basicLogger - INFO - Message: {'type': 'wind-speed', 'datetime': '2025-03-06T10:19:49', 'payload': {'eventID': '97efad2a-6698-46b6-a5fa-d13d6918c688', 'deviceID': 'windSensor-001', 'timeStamp': '2025-03-06T10:19:49Z', 'windspeed': 12, 'location': {'latitude': 37, 'longitude': -72}, 'trace_id': 'f084f3f9-ce87-4362-b117-ba7c13ebafc6'}}
2025-03-06 12:10:01,704 - basicLogger - INFO - Message: {'type': 'wind-speed', 'datetime': '2025-03-06T10:19:49', 'payload': {'eventID': '7d6cb516-9da2-49e0-b52f-b583c000be3d', 'deviceID': 'windSensor-001', 'timeStamp': '2025-03-06T10:19:49Z', 'windspeed': 21, 'location': {'latitude': 37, 'longitude': -71}, 'trace_id': 'a4242bf1-9302-4eb4-8c2c-0cdebfd5ebbc'}}
2025-03-06 12:10:01,719 - basicLogger - INFO - Message: {'type': 'temperature', 'datetime': '2025-03-06T10:19:49', 'payload': {'eventID': '14c0fe8c-4e16-4e9b-b0e9-5619091eb5c5', 'deviceID': 'device123', 'timeStamp': '2025-03-06T10:19:49Z', 'temperature': 15, 'trace_id': '79d782e0-f81c-4100-abb5-be890011949d'}}
2025-03-06 12:10:01,734 - basicLogger - INFO - Message: {'type': 'wind-speed', 'datetime': '2025-03-06T10:19:49', 'payload': {'eventID': '9f247798-d6c7-4a18-ba17-7373c2006632', 'deviceID': 'windSensor-001', 'timeStamp': '2025-03-06T10:19:49Z', 'windspeed': 7, 'location': {'latitude': 37, 'longitude': -79}, 'trace_id': 'a471c92b-b716-4df0-9998-1270c4946848'}}
2025-03-06 12:10:01,748 - basicLogger - INFO - Message: {'type': 'wind-speed', 'datetime': '2025-03-06T10:19:49', 'payload': {'eventID': '644b63af-c79f-425a-b3f4-c5c5a366798c', 'deviceID': 'windSensor-001', 'timeStamp': '2025-03-06T10:19:49Z', 'windspeed': 14, 'location': {'latitude': 44, 'longitude': -79}, 'trace_id': '813ea98d-5c0c-404e-9c3e-8b0cb3d8f212'}}
2025-03-06 12:10:01,763 - basicLogger - INFO - Message: {'type': 'temperature', 'datetime': '2025-03-06T10:19:49', 'payload': {'eventID': '54581b45-0d18-43e5-8e29-1576433cc2dc', 'deviceID': 'device123', 'timeStamp': '2025-03-06T10:19:49Z', 'temperature': 28, 'trace_id': 'b148cf0f-c203-48fd-8fb5-18f74f54f74c'}}
2025-03-06 12:10:01,777 - basicLogger - INFO - Message: {'type': 'temperature', 'datetime': '2025-03-06T10:19:49', 'payload': {'eventID': '4712e463-1d5a-4b71-a3c0-153b603f9922', 'deviceID': 'device123', 'timeStamp': '2025-03-06T10:19:49Z', 'temperature': 15, 'trace_id': '315aa318-a536-4358-8feb-e4ab851f2d5e'}}
2025-03-06 12:10:01,791 - basicLogger - INFO - Message: {'type': 'wind-speed', 'datetime': '2025-03-06T10:19:49', 'payload': {'eventID': 'fd74bdc3-3af1-4195-8e12-6155c90d4a5f', 'deviceID': 'windSensor-001', 'timeStamp': '2025-03-06T10:19:49Z', 'windspeed': 14, 'location': {'latitude': 40, 'longitude': -75}, 'trace_id': '8f61e4e6-6799-4ec5-b305-13d986319305'}}
2025-03-06 12:10:01,804 - basicLogger - INFO - Message: {'type': 'wind-speed', 'datetime': '2025-03-06T10:19:49', 'payload': {'eventID': 'ab905981-cecc-49c1-b15b-7eb436cd6bb8', 'deviceID': 'windSensor-001', 'timeStamp': '2025-03-06T10:19:49Z', 'windspeed': 15, 'location': {'latitude': 41, 'longitude': -72}, 'trace_id': 'ce08f268-c6ed-44cd-8477-aa5cd19a1a71'}}
2025-03-06 12:10:01,816 - basicLogger - INFO - Message: {'type': 'wind-speed', 'datetime': '2025-03-06T10:19:49', 'payload': {'eventID': '0416ce50-d44b-4a79-abad-4db050273363', 'deviceID': 'windSensor-001', 'timeStamp': '2025-03-06T10:19:49Z', 'windspeed': 24, 'location': {'latitude': 40, 'longitude': -75}, 'trace_id': 'd389c71d-0acc-4c5f-8411-16d2cfd56674'}}
2025-03-06 12:10:01,827 - basicLogger - INFO - Message: {'type': 'temperature', 'datetime': '2025-03-06T10:19:49', 'payload': {'eventID': '68450df9-7c7f-44ba-874d-979912eab749', 'deviceID': 'device123', 'timeStamp': '2025-03-06T10:19:49Z', 'temperature': 24, 'trace_id': '89ea5bdc-e612-48bd-bc3f-513670311b64'}}
2025-03-06 12:10:01,839 - basicLogger - INFO - Message: {'type': 'wind-speed', 'datetime': '2025-03-06T10:19:49', 'payload': {'eventID': '2cd58dc2-f2f4-44ff-ac07-3b83e63cb187', 'deviceID': 'windSensor-001', 'timeStamp': '2025-03-06T10:19:49Z', 'windspeed': 6, 'location': {'latitude': 43, 'longitude': -75}, 'trace_id': 'bb0dea41-272a-46cb-a49a-9aa748d2fe97'}}
2025-03-06 12:10:01,849 - basicLogger - INFO - Message: {'type': 'temperature', 'datetime': '2025-03-06T10:19:49', 'payload': {'eventID': '917ed223-48de-4a53-8265-c303b2932b84', 'deviceID': 'device123', 'timeStamp': '2025-03-06T10:19:49Z', 'temperature': 30, 'trace_id': 'cc5e9edf-f714-4b13-a8ad-3d3ceb1c53fb'}}
2025-03-06 12:10:01,858 - basicLogger - INFO - Message: {'type': 'wind-speed', 'datetime': '2025-03-06T10:19:49', 'payload': {'eventID': '418b5929-4c5f-4f3a-95ad-738263c6a33e', 'deviceID': 'windSensor-001', 'timeStamp': '2025-03-06T10:19:49Z', 'windspeed': 11, 'location': {'latitude': 40, 'longitude': -76}, 'trace_id': '0573e8eb-04d5-4573-88c5-1060101be64d'}}
2025-03-06 12:10:01,867 - basicLogger - INFO - Message: {'type': 'temperature', 'datetime': '2025-03-06T10:19:49', 'payload': {'eventID': 'f420998a-0344-403b-80ba-7fb20ab56194', 'deviceID': 'device123', 'timeStamp': '2025-03-06T10:19:49Z', 'temperature': 35, 'trace_id': 'cebd2c49-a670-4dc2-82ea-7de219853744'}}
2025-03-06 12:10:01,877 - basicLogger - INFO - Message: {'type': 'wind-speed', 'datetime': '2025-03-06T10:19:49', 'payload': {'eventID': 'a7896b4e-1f11-4c67-93f8-bf33bfcd89d4', 'deviceID': 'windSensor-001', 'timeStamp': '2025-03-06T10:19:49Z', 'windspeed': 20, 'location': {'latitude': 38, 'longitude': -73}, 'trace_id': '7ec277af-c31a-4203-903c-6742344cf84f'}}
2025-03-06 12:10:01,887 - basicLogger - INFO - Message: {'type': 'wind-speed', 'datetime': '2025-03-06T10:19:49', 'payload': {'eventID': 'e316a102-05db-4bf2-95ce-e1561490bbeb', 'deviceID': 'windSensor-001', 'timeStamp': '2025-03-06T10:19:49Z', 'windspeed': 23, 'location': {'latitude': 38, 'longitude': -79}, 'trace_id': '1f1a76e9-6d53-420c-b3b0-a025bccf4d25'}}
2025-03-06 12:10:01,896 - basicLogger - INFO - Message: {'type': 'wind-speed', 'datetime': '2025-03-06T10:19:49', 'payload': {'eventID': 'ce6ad4d8-e60e-499f-b50b-c30dd676a624', 'deviceID': 'windSensor-001', 'timeStamp': '2025-03-06T10:19:49Z', 'windspeed': 15, 'location': {'latitude': 35, 'longitude': -74}, 'trace_id': 'dfaadf67-3f98-4c86-afab-1805e3ada48e'}}
2025-03-06 12:10:01,905 - basicLogger - INFO - Message: {'type': 'temperature', 'datetime': '2025-03-06T10:19:49', 'payload': {'eventID': 'd468a670-76ab-4696-b38b-627bbda28b09', 'deviceID': 'device123', 'timeStamp': '2025-03-06T10:19:49Z', 'temperature': 34, 'trace_id': '2d8a4903-8965-46ee-b1df-dc0ec893f36d'}}
2025-03-06 12:10:01,915 - basicLogger - INFO - Message: {'type': 'wind-speed', 'datetime': '2025-03-06T10:19:49', 'payload': {'eventID': 'a202e134-b037-409c-adb5-0c2b87202fb5', 'deviceID': 'windSensor-001', 'timeStamp': '2025-03-06T10:19:49Z', 'windspeed': 21, 'location': {'latitude': 36, 'longitude': -70}, 'trace_id': 'fc023b55-a8fa-4b34-8b44-55bc7665f083'}}
2025-03-06 12:10:01,924 - basicLogger - INFO - Message: {'type': 'wind-speed', 'datetime': '2025-03-06T10:19:49', 'payload': {'eventID': '7f158c1f-17dc-4315-bea3-b89fa9385bba', 'deviceID': 'windSensor-001', 'timeStamp': '2025-03-06T10:19:49Z', 'windspeed': 26, 'location': {'latitude': 37, 'longitude': -73}, 'trace_id': '7ecca1df-d7af-4df2-8fc0-cec1f641620f'}}
2025-03-06 12:10:01,933 - basicLogger - INFO - Message: {'type': 'wind-speed', 'datetime': '2025-03-06T10:19:49', 'payload': {'eventID': '6a79d80e-4cef-4a9d-b1ce-40e96b85e92a', 'deviceID': 'windSensor-001', 'timeStamp': '2025-03-06T10:19:49Z', 'windspeed': 14, 'location': {'latitude': 37, 'longitude': -79}, 'trace_id': 'a2e75f43-91a8-4c2d-8e50-cc039e55b833'}}
2025-03-06 12:10:01,945 - basicLogger - INFO - Message: {'type': 'wind-speed', 'datetime': '2025-03-06T10:19:49', 'payload': {'eventID': 'b0f5b9ba-67e2-4a10-9eec-fc6eea458d94', 'deviceID': 'windSensor-001', 'timeStamp': '2025-03-06T10:19:49Z', 'windspeed': 24, 'location': {'latitude': 38, 'longitude': -76}, 'trace_id': '4bcfc9ba-929b-41dc-a58e-70a2a4ac4a25'}}
2025-03-06 12:10:01,960 - basicLogger - INFO - Message: {'type': 'temperature', 'datetime': '2025-03-06T10:19:49', 'payload': {'eventID': '642c936a-5a87-4f85-936b-fd12393540f4', 'deviceID': 'device123', 'timeStamp': '2025-03-06T10:19:49Z', 'temperature': 34, 'trace_id': '7d38eae7-fd8a-4c3a-865a-1a131916675a'}}
2025-03-06 12:10:01,974 - basicLogger - INFO - Message: {'type': 'temperature', 'datetime': '2025-03-06T10:19:49', 'payload': {'eventID': 'fe15917b-948d-46f3-9d3e-eac5a43baf47', 'deviceID': 'device123', 'timeStamp': '2025-03-06T10:19:49Z', 'temperature': 25, 'trace_id': '2777bb79-0368-467c-b339-48027cbbff6a'}}
2025-03-06 12:10:01,989 - basicLogger - INFO - Message: {'type': 'temperature', 'datetime': '2025-03-06T10:19:49', 'payload': {'eventID': '06e8f5eb-a49b-46c4-9b09-935af8826cb7', 'deviceID': 'device123', 'timeStamp': '2025-03-06T10:19:49Z', 'temperature': 32, 'trace_id': 'dab10e89-e268-4cf3-aecd-e94d81c88c10'}}
2025-03-06 12:10:02,004 - basicLogger - INFO - Message: {'type': 'temperature', 'datetime': '2025-03-06T10:19:49', 'payload': {'eventID': 'efd6f6c5-94f8-403b-8d8a-9bbcc19240e0', 'deviceID': 'device123', 'timeStamp': '2025-03-06T10:19:49Z', 'temperature': 21, 'trace_id': '4d3a76c2-be5a-4b12-a136-a4670a7eb7eb'}}
2025-03-06 12:10:02,020 - basicLogger - INFO - Message: {'type': 'temperature', 'datetime': '2025-03-06T10:19:49', 'payload': {'eventID': 'fe90dd4a-c06d-4ab8-ada2-c55f8f6ff96f', 'deviceID': 'device123', 'timeStamp': '2025-03-06T10:19:49Z', 'temperature': 24, 'trace_id': '14ff78a9-acbd-4992-abaf-1f563ca7ce6d'}}
2025-03-06 12:10:02,033 - basicLogger - INFO - Message: {'type': 'wind-speed', 'datetime': '2025-03-06T10:19:49', 'payload': {'eventID': 'ff3a9043-6caf-46d9-843b-ba2d3452cbfe', 'deviceID': 'windSensor-001', 'timeStamp': '2025-03-06T10:19:49Z', 'windspeed': 23, 'location': {'latitude': 35, 'longitude': -74}, 'trace_id': '4a4c1278-452a-422c-aa1d-1a72b3362461'}}
2025-03-06 12:10:02,043 - basicLogger - INFO - Message: {'type': 'wind-speed', 'datetime': '2025-03-06T10:19:49', 'payload': {'eventID': '69cbb451-24f6-4b37-a644-f71833b6a595', 'deviceID': 'windSensor-001', 'timeStamp': '2025-03-06T10:19:49Z', 'windspeed': 27, 'location': {'latitude': 35, 'longitude': -71}, 'trace_id': '564bda47-5b1f-47a0-9fb0-82c3a70b4d29'}}
2025-03-06 12:10:02,055 - basicLogger - INFO - Message: {'type': 'temperature', 'datetime': '2025-03-06T10:19:49', 'payload': {'eventID': 'a10baed8-1e92-4dd1-b9a3-4c76ab676b71', 'deviceID': 'device123', 'timeStamp': '2025-03-06T10:19:49Z', 'temperature': 21, 'trace_id': 'a76f83e2-9dad-443d-80fc-863a8a065ee3'}}
2025-03-06 12:10:02,070 - basicLogger - INFO - Message: {'type': 'temperature', 'datetime': '2025-03-06T10:19:49', 'payload': {'eventID': '788f225b-a363-444f-be5f-e586cb12bc53', 'deviceID': 'device123', 'timeStamp': '2025-03-06T10:19:49Z', 'temperature': 16, 'trace_id': '13257ea9-3410-4ec7-a597-27be0f341bcc'}}
2025-03-06 12:10:02,084 - basicLogger - INFO - Message: {'type': 'temperature', 'datetime': '2025-03-06T10:19:49', 'payload': {'eventID': '2f90ed16-1811-41d0-85ea-37f3cae87335', 'deviceID': 'device123', 'timeStamp': '2025-03-06T10:19:49Z', 'temperature': 22, 'trace_id': '9d5f9199-cfb3-43e8-afe6-5db1cb2f016a'}}
2025-03-06 12:10:02,099 - basicLogger - INFO - Message: {'type': 'temperature', 'datetime': '2025-03-06T10:19:49', 'payload': {'eventID': '31885bf4-5004-4e9f-9f73-16a922af8296', 'deviceID': 'device123', 'timeStamp': '2025-03-06T10:19:49Z', 'temperature': 15, 'trace_id': '3074d0b4-8369-4f04-aab3-ab2011fcca98'}}
2025-03-06 12:10:02,114 - basicLogger - INFO - Message: {'type': 'temperature', 'datetime': '2025-03-06T10:19:49', 'payload': {'eventID': 'b6202bab-7274-4f85-942c-5ebf4daf8fc0', 'deviceID': 'device123', 'timeStamp': '2025-03-06T10:19:49Z', 'temperature': 26, 'trace_id': 'b535687a-412c-40f5-875a-64b3ce204677'}}
2025-03-06 12:10:02,126 - basicLogger - INFO - Message: {'type': 'wind-speed', 'datetime': '2025-03-06T10:19:49', 'payload': {'eventID': '01ec4229-93c1-48d2-baee-66fea038dd80', 'deviceID': 'windSensor-001', 'timeStamp': '2025-03-06T10:19:49Z', 'windspeed': 19, 'location': {'latitude': 44, 'longitude': -72}, 'trace_id': 'e4bd9559-cc00-4a77-9ba2-09a96918ca4e'}}
2025-03-06 12:10:02,136 - basicLogger - INFO - Message: {'type': 'temperature', 'datetime': '2025-03-06T10:19:49', 'payload': {'eventID': '68cef51d-217f-4d42-b14d-2e222f9793e8', 'deviceID': 'device123', 'timeStamp': '2025-03-06T10:19:49Z', 'temperature': 25, 'trace_id': 'daf8a4be-7e06-47bb-888d-8928ddcc1dbd'}}
2025-03-06 12:10:02,145 - basicLogger - INFO - Message: {'type': 'temperature', 'datetime': '2025-03-06T10:19:49', 'payload': {'eventID': '0b2f8d41-4db8-421b-9e38-135badd4daae', 'deviceID': 'device123', 'timeStamp': '2025-03-06T10:19:49Z', 'temperature': 25, 'trace_id': '3811c136-d004-410c-9a5a-42450bcf6d06'}}
2025-03-06 12:10:02,157 - basicLogger - INFO - Message: {'type': 'temperature', 'datetime': '2025-03-06T10:19:49', 'payload': {'eventID': 'a7858634-8c8b-4675-ae47-20c5cb420cbf', 'deviceID': 'device123', 'timeStamp': '2025-03-06T10:19:49Z', 'temperature': 31, 'trace_id': '0fbe4ae9-89ee-45cb-9ffb-b11b7ef07bd0'}}
2025-03-06 12:10:02,167 - basicLogger - INFO - Message: {'type': 'temperature', 'datetime': '2025-03-06T10:19:49', 'payload': {'eventID': 'a85742d9-8798-4097-86b9-57d7ec9bf8f0', 'deviceID': 'device123', 'timeStamp': '2025-03-06T10:19:49Z', 'temperature': 16, 'trace_id': 'ac79f832-a9ec-4325-9658-5c88221ff8ad'}}
2025-03-06 12:10:02,176 - basicLogger - INFO - Message: {'type': 'temperature', 'datetime': '2025-03-06T10:19:49', 'payload': {'eventID': '9983f07f-5ce6-4466-86db-3a47b9579d33', 'deviceID': 'device123', 'timeStamp': '2025-03-06T10:19:49Z', 'temperature': 26, 'trace_id': 'f39aee86-967c-4153-8df7-56b69cf03fb9'}}
2025-03-06 12:10:02,185 - basicLogger - INFO - Message: {'type': 'temperature', 'datetime': '2025-03-06T10:19:49', 'payload': {'eventID': '558de64a-1b81-496a-b5c6-8f9e4d3f30be', 'deviceID': 'device123', 'timeStamp': '2025-03-06T10:19:49Z', 'temperature': 34, 'trace_id': '667cd2d8-fca1-4e19-a366-96cd46b522a4'}}
2025-03-06 12:10:02,197 - basicLogger - INFO - Message: {'type': 'temperature', 'datetime': '2025-03-06T10:19:49', 'payload': {'eventID': 'd7ac9061-ad37-45c3-9645-cb82bbaa5131', 'deviceID': 'device123', 'timeStamp': '2025-03-06T10:19:49Z', 'temperature': 27, 'trace_id': '38d2d4bb-781f-4396-9eb6-c8f4a0cad745'}}
2025-03-06 12:10:02,206 - basicLogger - INFO - Message: {'type': 'wind-speed', 'datetime': '2025-03-06T10:19:49', 'payload': {'eventID': '93e2aa7a-9775-4785-9529-4ee832e7c070', 'deviceID': 'windSensor-001', 'timeStamp': '2025-03-06T10:19:49Z', 'windspeed': 17, 'location': {'latitude': 44, 'longitude': -71}, 'trace_id': '09bd946c-6768-4392-9856-7d16a66007bb'}}
2025-03-06 12:10:02,218 - basicLogger - INFO - Message: {'type': 'temperature', 'datetime': '2025-03-06T10:19:49', 'payload': {'eventID': '5b5a4a42-3fc3-4172-99c8-7525b2397150', 'deviceID': 'device123', 'timeStamp': '2025-03-06T10:19:49Z', 'temperature': 30, 'trace_id': '0ea01634-8913-4d93-aa49-a7ea7cc9858a'}}
2025-03-06 12:10:02,227 - basicLogger - INFO - Message: {'type': 'temperature', 'datetime': '2025-03-06T10:19:49', 'payload': {'eventID': '52b7aa75-43f9-4820-8861-6ed6f8a4a351', 'deviceID': 'device123', 'timeStamp': '2025-03-06T10:19:49Z', 'temperature': 16, 'trace_id': 'b56c6abc-290e-413a-8f1f-8f18bc2a9c90'}}
2025-03-06 12:10:02,236 - basicLogger - INFO - Message: {'type': 'temperature', 'datetime': '2025-03-06T10:19:49', 'payload': {'eventID': 'e9777ffa-a1c1-4c97-92a0-36bf4809e428', 'deviceID': 'device123', 'timeStamp': '2025-03-06T10:19:49Z', 'temperature': 27, 'trace_id': 'd4eb6717-74b8-4dce-a375-3023239e3514'}}
2025-03-06 12:10:02,245 - basicLogger - INFO - Message: {'type': 'temperature', 'datetime': '2025-03-06T10:19:49', 'payload': {'eventID': '384558d0-da26-4f9f-96c8-8793a49f8188', 'deviceID': 'device123', 'timeStamp': '2025-03-06T10:19:49Z', 'temperature': 24, 'trace_id': '7053f66c-2358-4bce-8729-0f772e6c3f9c'}}
2025-03-06 12:10:02,254 - basicLogger - INFO - Message: {'type': 'temperature', 'datetime': '2025-03-06T10:19:49', 'payload': {'eventID': '355c2de9-6806-424f-92c0-4e64dbe972ae', 'deviceID': 'device123', 'timeStamp': '2025-03-06T10:19:49Z', 'temperature': 25, 'trace_id': '6606d5dc-3651-4fe3-a4a7-f760129e0741'}}
2025-03-06 12:10:02,264 - basicLogger - INFO - Message: {'type': 'wind-speed', 'datetime': '2025-03-06T10:19:49', 'payload': {'eventID': 'ad67b428-b970-418c-abd4-bfd2acf525d8', 'deviceID': 'windSensor-001', 'timeStamp': '2025-03-06T10:19:49Z', 'windspeed': 16, 'location': {'latitude': 35, 'longitude': -80}, 'trace_id': '75824d65-2836-482b-a246-4696575af114'}}
2025-03-06 12:10:02,273 - basicLogger - INFO - Message: {'type': 'temperature', 'datetime': '2025-03-06T10:19:49', 'payload': {'eventID': '5d8556bc-96ca-49b4-8068-5e9b9d88b127', 'deviceID': 'device123', 'timeStamp': '2025-03-06T10:19:49Z', 'temperature': 20, 'trace_id': 'c6d2659c-a653-49a3-85d6-2ce5797c4d5a'}}
2025-03-06 12:10:02,282 - basicLogger - INFO - Message: {'type': 'temperature', 'datetime': '2025-03-06T10:19:49', 'payload': {'eventID': '540052f0-0c18-4b49-9301-ab2980809bbe', 'deviceID': 'device123', 'timeStamp': '2025-03-06T10:19:49Z', 'temperature': 31, 'trace_id': '9ddaad6c-2483-4e2a-bf01-63965a0e3980'}}
2025-03-06 12:10:02,292 - basicLogger - INFO - Message: {'type': 'temperature', 'datetime': '2025-03-06T10:19:49', 'payload': {'eventID': 'a4b9bfdd-470c-45cc-b227-c41dcaeeece0', 'deviceID': 'device123', 'timeStamp': '2025-03-06T10:19:49Z', 'temperature': 32, 'trace_id': '1341e190-9541-465f-ae69-e46bce02016b'}}
2025-03-06 12:10:02,301 - basicLogger - INFO - Message: {'type': 'temperature', 'datetime': '2025-03-06T10:19:49', 'payload': {'eventID': 'fda3c2c3-7d46-4001-85e3-7e55a170e7b0', 'deviceID': 'device123', 'timeStamp': '2025-03-06T10:19:49Z', 'temperature': 21, 'trace_id': '149e3c3c-4ddc-45a1-96cf-eb4560b2701f'}}
2025-03-06 12:10:02,310 - basicLogger - INFO - Message: {'type': 'wind-speed', 'datetime': '2025-03-06T10:19:49', 'payload': {'eventID': '154f7910-8f58-4978-ad30-c80213b4d6e3', 'deviceID': 'windSensor-001', 'timeStamp': '2025-03-06T10:19:49Z', 'windspeed': 18, 'location': {'latitude': 38, 'longitude': -76}, 'trace_id': '0f3b518a-7016-4f7b-ae4f-4d5a572c7403'}}
2025-03-06 12:10:02,319 - basicLogger - INFO - Message: {'type': 'wind-speed', 'datetime': '2025-03-06T10:19:49', 'payload': {'eventID': 'd028595a-1928-4119-b54a-9926946a8f2d', 'deviceID': 'windSensor-001', 'timeStamp': '2025-03-06T10:19:49Z', 'windspeed': 17, 'location': {'latitude': 40, 'longitude': -71}, 'trace_id': '8344e94b-3c79-473f-a703-bd361a7df3a0'}}
2025-03-06 12:10:02,328 - basicLogger - INFO - Message: {'type': 'wind-speed', 'datetime': '2025-03-06T10:19:49', 'payload': {'eventID': '85d6af5d-1e20-4d6e-8976-1698d32ee055', 'deviceID': 'windSensor-001', 'timeStamp': '2025-03-06T10:19:49Z', 'windspeed': 26, 'location': {'latitude': 36, 'longitude': -75}, 'trace_id': '9a99a87f-4e1d-4e7d-a3f4-5ca5b0614b0a'}}
2025-03-06 12:10:02,337 - basicLogger - INFO - Message: {'type': 'wind-speed', 'datetime': '2025-03-06T10:19:49', 'payload': {'eventID': '1843ebf7-5221-4a6d-8d03-7619eb17fe66', 'deviceID': 'windSensor-001', 'timeStamp': '2025-03-06T10:19:49Z', 'windspeed': 29, 'location': {'latitude': 38, 'longitude': -75}, 'trace_id': 'bf5ae418-1d72-4413-a8e8-fab6ef64444b'}}
2025-03-06 12:10:02,346 - basicLogger - INFO - Message: {'type': 'temperature', 'datetime': '2025-03-06T10:19:49', 'payload': {'eventID': '2e7c2dc7-c33a-47df-b20a-99139d9cb3cf', 'deviceID': 'device123', 'timeStamp': '2025-03-06T10:19:49Z', 'temperature': 24, 'trace_id': 'c8ceb529-b073-4ad6-87ed-5ef215f8d346'}}
2025-03-06 12:10:02,357 - basicLogger - INFO - Message: {'type': 'wind-speed', 'datetime': '2025-03-06T10:19:49', 'payload': {'eventID': '7105ff48-8589-4ec8-b2ee-815bc23858da', 'deviceID': 'windSensor-001', 'timeStamp': '2025-03-06T10:19:49Z', 'windspeed': 15, 'location': {'latitude': 43, 'longitude': -77}, 'trace_id': 'b8c6b5de-9c91-44b0-a67e-17734fa3c181'}}
2025-03-06 12:10:02,366 - basicLogger - INFO - Message: {'type': 'temperature', 'datetime': '2025-03-06T10:19:49', 'payload': {'eventID': 'c6caf634-6f9d-4c8a-9db5-787e1556e389', 'deviceID': 'device123', 'timeStamp': '2025-03-06T10:19:49Z', 'temperature': 35, 'trace_id': 'bf6513fa-c3e0-4a40-9519-76ad4d8d2d1b'}}
2025-03-06 12:10:02,377 - basicLogger - INFO - Message: {'type': 'temperature', 'datetime': '2025-03-06T10:19:49', 'payload': {'eventID': 'e1e1316b-467e-4104-b0bc-0bf18c776671', 'deviceID': 'device123', 'timeStamp': '2025-03-06T10:19:49Z', 'temperature': 16, 'trace_id': '7909a185-1e3b-4755-9478-7f70bdf8de06'}}
2025-03-06 12:10:02,386 - basicLogger - INFO - Message: {'type': 'temperature', 'datetime': '2025-03-06T10:19:49', 'payload': {'eventID': 'd2571df5-6e67-443b-8a31-a589b47b3cbd', 'deviceID': 'device123', 'timeStamp': '2025-03-06T10:19:49Z', 'temperature': 25, 'trace_id': '885712eb-d529-4609-bb77-47354363c8ab'}}
2025-03-06 12:10:02,395 - basicLogger - INFO - Message: {'type': 'temperature', 'datetime': '2025-03-06T10:19:49', 'payload': {'eventID': 'cd62e058-acf9-4f4f-8bc7-a09b3e20e750', 'deviceID': 'device123', 'timeStamp': '2025-03-06T10:19:49Z', 'temperature': 23, 'trace_id': 'd71f9b17-a21d-40b7-8c0e-6003fff93f20'}}
2025-03-06 12:10:02,408 - basicLogger - INFO - Message: {'type': 'temperature', 'datetime': '2025-03-06T10:19:49', 'payload': {'eventID': 'ff861fb4-8208-4b3e-b919-b1f34de5380d', 'deviceID': 'device123', 'timeStamp': '2025-03-06T10:19:49Z', 'temperature': 27, 'trace_id': '30a63697-b3ac-43c7-a420-4af274d474bb'}}
2025-03-06 12:10:02,420 - basicLogger - INFO - Message: {'type': 'temperature', 'datetime': '2025-03-06T10:19:49', 'payload': {'eventID': '21847b11-cc40-4772-872e-4c3006889426', 'deviceID': 'device123', 'timeStamp': '2025-03-06T10:19:49Z', 'temperature': 28, 'trace_id': '2d0ca2df-5276-41c7-a9fe-3a31975f8527'}}
2025-03-06 12:10:02,429 - basicLogger - INFO - Message: {'type': 'temperature', 'datetime': '2025-03-06T10:19:49', 'payload': {'eventID': '83f5a7f4-ef74-463a-9e2e-f079bea92fb9', 'deviceID': 'device123', 'timeStamp': '2025-03-06T10:19:49Z', 'temperature': 27, 'trace_id': '4cd75aec-d2e7-4a55-b203-9f25049d5e75'}}
2025-03-06 12:10:02,438 - basicLogger - INFO - Message: {'type': 'temperature', 'datetime': '2025-03-06T10:19:49', 'payload': {'eventID': '12fd5d70-b15d-4482-8759-5b04fb1a66d2', 'deviceID': 'device123', 'timeStamp': '2025-03-06T10:19:49Z', 'temperature': 27, 'trace_id': 'e1d4a9d5-9686-4e63-b1a5-5fac6f8cdabf'}}
2025-03-06 12:10:02,446 - basicLogger - INFO - Message: {'type': 'temperature', 'datetime': '2025-03-06T10:19:49', 'payload': {'eventID': '20214601-1fcc-4a91-b699-6c7d0d7d3d7f', 'deviceID': 'device123', 'timeStamp': '2025-03-06T10:19:49Z', 'temperature': 21, 'trace_id': '1bf33f4d-dbc9-4ff3-bc45-00a8cc82b077'}}
2025-03-06 12:10:02,456 - basicLogger - INFO - Message: {'type': 'wind-speed', 'datetime': '2025-03-06T10:19:49', 'payload': {'eventID': '5ad998b8-ad9c-4d33-84ed-70241cfbd993', 'deviceID': 'windSensor-001', 'timeStamp': '2025-03-06T10:19:49Z', 'windspeed': 7, 'location': {'latitude': 41, 'longitude': -70}, 'trace_id': 'aa221b4e-18f6-4799-8f42-5d0979b5bda7'}}
2025-03-06 12:10:02,465 - basicLogger - INFO - Message: {'type': 'temperature', 'datetime': '2025-03-06T10:19:49', 'payload': {'eventID': 'd6855197-b0dc-4159-85c5-d9af00c846de', 'deviceID': 'device123', 'timeStamp': '2025-03-06T10:19:49Z', 'temperature': 23, 'trace_id': '915fa6e9-9a56-4a7b-92e5-d60bc376839e'}}
2025-03-06 12:10:02,474 - basicLogger - INFO - Message: {'type': 'wind-speed', 'datetime': '2025-03-06T10:19:49', 'payload': {'eventID': 'a37154bf-9b4a-4f8b-859b-480491fc9218', 'deviceID': 'windSensor-001', 'timeStamp': '2025-03-06T10:19:49Z', 'windspeed': 11, 'location': {'latitude': 41, 'longitude': -73}, 'trace_id': 'bf2a2381-696f-43e1-aae9-aab5556acdf9'}}
2025-03-06 12:10:02,484 - basicLogger - INFO - Message: {'type': 'temperature', 'datetime': '2025-03-06T10:19:49', 'payload': {'eventID': '60831d15-c520-45a6-b125-ed603a75067a', 'deviceID': 'device123', 'timeStamp': '2025-03-06T10:19:49Z', 'temperature': 21, 'trace_id': 'b459f351-866a-4bc2-b2c6-4449954c694e'}}
2025-03-06 12:10:02,494 - basicLogger - INFO - Message: {'type': 'temperature', 'datetime': '2025-03-06T10:19:49', 'payload': {'eventID': '4d41cbb4-c75a-4124-be3d-2efc6dbc7906', 'deviceID': 'device123', 'timeStamp': '2025-03-06T10:19:49Z', 'temperature': 27, 'trace_id': 'ca428150-318f-46c9-82e5-3bcc0fa6a95b'}}
2025-03-06 12:10:02,503 - basicLogger - INFO - Message: {'type': 'wind-speed', 'datetime': '2025-03-06T10:19:49', 'payload': {'eventID': 'e4df8775-fd67-46df-8c3e-72adf42d7b84', 'deviceID': 'windSensor-001', 'timeStamp': '2025-03-06T10:19:49Z', 'windspeed': 12, 'location': {'latitude': 40, 'longitude': -73}, 'trace_id': 'a9d17d9a-0f13-4060-8ce1-0a82bcfb3c58'}}
2025-03-06 12:10:02,513 - basicLogger - INFO - Message: {'type': 'temperature', 'datetime': '2025-03-06T10:19:49', 'payload': {'eventID': '12163005-d05f-4536-977e-e6c8400347e6', 'deviceID': 'device123', 'timeStamp': '2025-03-06T10:19:49Z', 'temperature': 29, 'trace_id': 'dbb2645d-4d1a-4a52-b1f2-8ae09e4b192d'}}
2025-03-06 12:10:02,522 - basicLogger - INFO - Message: {'type': 'temperature', 'datetime': '2025-03-06T10:19:49', 'payload': {'eventID': '01e18425-8cb7-4f6b-b1bd-54d0b33d7e80', 'deviceID': 'device123', 'timeStamp': '2025-03-06T10:19:49Z', 'temperature': 16, 'trace_id': '4f3aaf70-3747-46d2-bfcb-1583dbd6c391'}}
2025-03-06 12:10:02,531 - basicLogger - INFO - Message: {'type': 'temperature', 'datetime': '2025-03-06T10:19:49', 'payload': {'eventID': 'ad11d4c3-0a93-4f73-a8d5-ffd8a5cc84eb', 'deviceID': 'device123', 'timeStamp': '2025-03-06T10:19:49Z', 'temperature': 32, 'trace_id': 'f8c8df80-dc52-46c6-84ea-efdd5f509ca0'}}
2025-03-06 12:10:02,540 - basicLogger - INFO - Message: {'type': 'wind-speed', 'datetime': '2025-03-06T10:19:49', 'payload': {'eventID': '39e8c6ce-3153-4f84-9bc7-410b46d0df3e', 'deviceID': 'windSensor-001', 'timeStamp': '2025-03-06T10:19:49Z', 'windspeed': 15, 'location': {'latitude': 40, 'longitude': -78}, 'trace_id': 'dbda8ccc-5a56-4c2d-837b-bce3df22a34c'}}
2025-03-06 12:10:02,552 - basicLogger - INFO - Message: {'type': 'wind-speed', 'datetime': '2025-03-06T10:19:49', 'payload': {'eventID': 'c3378828-f2ae-45a0-8ac9-d94fa3a65e46', 'deviceID': 'windSensor-001', 'timeStamp': '2025-03-06T10:19:49Z', 'windspeed': 14, 'location': {'latitude': 38, 'longitude': -74}, 'trace_id': 'a8394a8e-c17b-4356-bcff-5a0f3d1cfb19'}}
2025-03-06 12:10:02,561 - basicLogger - INFO - Message: {'type': 'wind-speed', 'datetime': '2025-03-06T10:19:49', 'payload': {'eventID': '3a96c351-8636-4dd1-b968-cbb037de0afe', 'deviceID': 'windSensor-001', 'timeStamp': '2025-03-06T10:19:49Z', 'windspeed': 7, 'location': {'latitude': 44, 'longitude': -77}, 'trace_id': 'dfcb5244-364a-4f55-928c-a2c3d1f7b5cb'}}
2025-03-06 12:10:02,570 - basicLogger - INFO - Message: {'type': 'wind-speed', 'datetime': '2025-03-06T10:19:49', 'payload': {'eventID': 'f3e64358-ca49-47be-8081-ab59e04c48f1', 'deviceID': 'windSensor-001', 'timeStamp': '2025-03-06T10:19:49Z', 'windspeed': 23, 'location': {'latitude': 42, 'longitude': -78}, 'trace_id': 'a1c2da19-8bdb-489d-9221-2128bb94c8c4'}}
2025-03-06 12:10:02,579 - basicLogger - INFO - Message: {'type': 'temperature', 'datetime': '2025-03-06T10:19:49', 'payload': {'eventID': 'c09eb068-2208-4fd9-8f3c-2e005ea00da4', 'deviceID': 'device123', 'timeStamp': '2025-03-06T10:19:49Z', 'temperature': 31, 'trace_id': 'c0aba877-ad53-4d01-a344-74e1fda9f5d4'}}
2025-03-06 12:10:02,589 - basicLogger - INFO - Message: {'type': 'wind-speed', 'datetime': '2025-03-06T10:19:49', 'payload': {'eventID': 'f480e1e1-15c4-4357-a01b-95779b289132', 'deviceID': 'windSensor-001', 'timeStamp': '2025-03-06T10:19:49Z', 'windspeed': 13, 'location': {'latitude': 42, 'longitude': -70}, 'trace_id': '8970a214-0b30-470a-81ad-38a84438c8d7'}}
2025-03-06 12:10:02,599 - basicLogger - INFO - Message: {'type': 'temperature', 'datetime': '2025-03-06T10:19:49', 'payload': {'eventID': 'c85484d1-a96a-4151-abb0-ef9c06859076', 'deviceID': 'device123', 'timeStamp': '2025-03-06T10:19:49Z', 'temperature': 25, 'trace_id': 'f49750cc-ecd3-4a8b-9cf7-0cc3f0ecb20e'}}
2025-03-06 12:10:02,608 - basicLogger - INFO - Message: {'type': 'temperature', 'datetime': '2025-03-06T10:19:49', 'payload': {'eventID': 'cb4f6622-d93a-480d-9a49-432cd3b11121', 'deviceID': 'device123', 'timeStamp': '2025-03-06T10:19:49Z', 'temperature': 35, 'trace_id': 'c51c0055-0151-4e46-8067-08ada967cac7'}}
2025-03-06 12:10:02,616 - basicLogger - INFO - Message: {'type': 'temperature', 'datetime': '2025-03-06T10:19:49', 'payload': {'eventID': 'bd01903a-5608-4d72-86de-28c346eebcb8', 'deviceID': 'device123', 'timeStamp': '2025-03-06T10:19:49Z', 'temperature': 16, 'trace_id': 'c252ffb3-5676-4db3-96f5-9805b9e33214'}}
2025-03-06 12:10:02,624 - basicLogger - INFO - Message: {'type': 'wind-speed', 'datetime': '2025-03-06T10:19:49', 'payload': {'eventID': '0edfca1d-ee6c-48eb-9a46-09d0ca7223c6', 'deviceID': 'windSensor-001', 'timeStamp': '2025-03-06T10:19:49Z', 'windspeed': 15, 'location': {'latitude': 45, 'longitude': -71}, 'trace_id': 'b8e20e37-86ee-4a96-ba97-2e241a39e85b'}}
2025-03-06 12:10:02,633 - basicLogger - INFO - Message: {'type': 'temperature', 'datetime': '2025-03-06T10:19:49', 'payload': {'eventID': 'edbb86ef-9828-4e4b-8e25-572b3ee86f30', 'deviceID': 'device123', 'timeStamp': '2025-03-06T10:19:49Z', 'temperature': 23, 'trace_id': '8a70d8db-62ef-4417-b3d7-91134d755938'}}
2025-03-06 12:10:02,641 - basicLogger - INFO - Message: {'type': 'wind-speed', 'datetime': '2025-03-06T10:19:49', 'payload': {'eventID': '60664d63-e489-4a84-83dd-dacdc1cb1f1f', 'deviceID': 'windSensor-001', 'timeStamp': '2025-03-06T10:19:49Z', 'windspeed': 25, 'location': {'latitude': 45, 'longitude': -78}, 'trace_id': '3d6c3c6a-2463-4ee9-a6ad-34008b41cee4'}}
2025-03-06 12:10:02,653 - basicLogger - INFO - Message: {'type': 'wind-speed', 'datetime': '2025-03-06T10:19:49', 'payload': {'eventID': 'f7dc52e6-81d5-4baa-9e3d-6dc4384ef7c6', 'deviceID': 'windSensor-001', 'timeStamp': '2025-03-06T10:19:49Z', 'windspeed': 27, 'location': {'latitude': 36, 'longitude': -76}, 'trace_id': 'a3ee670e-3b42-47aa-80cc-ab2c118721a5'}}
2025-03-06 12:10:02,661 - basicLogger - INFO - Message: {'type': 'wind-speed', 'datetime': '2025-03-06T10:19:49', 'payload': {'eventID': 'b572d2f3-5de1-4625-82b3-91742781a75b', 'deviceID': 'windSensor-001', 'timeStamp': '2025-03-06T10:19:49Z', 'windspeed': 22, 'location': {'latitude': 38, 'longitude': -72}, 'trace_id': '3a98d1ab-84ab-488a-88c5-be10d133176b'}}
2025-03-06 12:10:02,670 - basicLogger - INFO - Message: {'type': 'wind-speed', 'datetime': '2025-03-06T10:19:49', 'payload': {'eventID': '3de1f185-d7bf-49c8-86ec-cb58f2c507cb', 'deviceID': 'windSensor-001', 'timeStamp': '2025-03-06T10:19:49Z', 'windspeed': 19, 'location': {'latitude': 35, 'longitude': -79}, 'trace_id': 'e5f0dc37-a4d0-4298-a3bd-dcc73d926069'}}
2025-03-06 12:10:02,678 - basicLogger - INFO - Message: {'type': 'temperature', 'datetime': '2025-03-06T10:19:49', 'payload': {'eventID': 'c2db9a58-1802-443f-9d42-3b82a8ba82f4', 'deviceID': 'device123', 'timeStamp': '2025-03-06T10:19:49Z', 'temperature': 24, 'trace_id': '60a22e53-a1d3-4098-b691-31dd2eec049a'}}
2025-03-06 12:10:02,687 - basicLogger - INFO - Message: {'type': 'wind-speed', 'datetime': '2025-03-06T10:19:49', 'payload': {'eventID': '29789076-c16f-4f88-bb9b-49e993ae55a1', 'deviceID': 'windSensor-001', 'timeStamp': '2025-03-06T10:19:49Z', 'windspeed': 28, 'location': {'latitude': 35, 'longitude': -72}, 'trace_id': '7d5f2dff-6400-4a6e-b84e-b7ec6ba67de5'}}
2025-03-06 12:10:02,699 - basicLogger - INFO - Message: {'type': 'wind-speed', 'datetime': '2025-03-06T10:19:49', 'payload': {'eventID': 'b4edb8f4-d144-4989-85c7-c5796fe926d1', 'deviceID': 'windSensor-001', 'timeStamp': '2025-03-06T10:19:49Z', 'windspeed': 23, 'location': {'latitude': 37, 'longitude': -76}, 'trace_id': 'c6756e4b-3fde-40d1-8402-0b55b0981da2'}}
2025-03-06 12:10:02,708 - basicLogger - INFO - Message: {'type': 'temperature', 'datetime': '2025-03-06T10:19:49', 'payload': {'eventID': '8f49c1f7-70e4-4e2e-966d-4a03b168bb88', 'deviceID': 'device123', 'timeStamp': '2025-03-06T10:19:49Z', 'temperature': 35, 'trace_id': '1a624184-5f72-4e97-b93e-7a5a183bbc5a'}}
2025-03-06 12:10:02,717 - basicLogger - INFO - Message: {'type': 'temperature', 'datetime': '2025-03-06T10:19:49', 'payload': {'eventID': 'e22c8a93-9fd5-40a4-8861-1b1aeeee6b8d', 'deviceID': 'device123', 'timeStamp': '2025-03-06T10:19:49Z', 'temperature': 35, 'trace_id': 'cc671b07-e17b-4d50-9c10-88ca8e97cb49'}}
2025-03-06 12:10:02,730 - basicLogger - INFO - Message: {'type': 'temperature', 'datetime': '2025-03-06T10:19:49', 'payload': {'eventID': '4e17f16e-06a4-44f0-85ec-c4bd81f3ef54', 'deviceID': 'device123', 'timeStamp': '2025-03-06T10:19:49Z', 'temperature': 22, 'trace_id': '37249657-6e0d-40ea-b0b0-aa0f79993f21'}}
2025-03-06 12:10:02,739 - basicLogger - INFO - Message: {'type': 'temperature', 'datetime': '2025-03-06T10:19:49', 'payload': {'eventID': 'bbd9d36c-e4a9-40f5-b784-f88b18cf354d', 'deviceID': 'device123', 'timeStamp': '2025-03-06T10:19:49Z', 'temperature': 31, 'trace_id': 'bcfae94a-85bc-497b-a32a-1c4041f37d23'}}
2025-03-06 12:10:02,748 - basicLogger - INFO - Message: {'type': 'wind-speed', 'datetime': '2025-03-06T10:19:49', 'payload': {'eventID': '19329623-7de2-429d-8143-8a203b2a82bf', 'deviceID': 'windSensor-001', 'timeStamp': '2025-03-06T10:19:49Z', 'windspeed': 13, 'location': {'latitude': 37, 'longitude': -78}, 'trace_id': '78123145-6b01-41a1-a84a-fbf2de074c69'}}
2025-03-06 12:10:02,757 - basicLogger - INFO - Message: {'type': 'temperature', 'datetime': '2025-03-06T10:19:49', 'payload': {'eventID': '05f18024-89ad-4d6e-b97f-c47c723827f2', 'deviceID': 'device123', 'timeStamp': '2025-03-06T10:19:49Z', 'temperature': 25, 'trace_id': '255838e4-bc0d-4563-8b4c-5613ed26f08c'}}
2025-03-06 12:10:02,766 - basicLogger - INFO - Message: {'type': 'temperature', 'datetime': '2025-03-06T10:19:49', 'payload': {'eventID': '6ad94f7b-4172-4395-8dac-d9ab7632ee44', 'deviceID': 'device123', 'timeStamp': '2025-03-06T10:19:49Z', 'temperature': 33, 'trace_id': '09543070-0a67-43d7-835d-c14d4b5b3c0b'}}
2025-03-06 12:10:02,775 - basicLogger - INFO - Message: {'type': 'temperature', 'datetime': '2025-03-06T10:19:49', 'payload': {'eventID': 'ea8f8ef8-3587-44c9-829b-8c1445983331', 'deviceID': 'device123', 'timeStamp': '2025-03-06T10:19:49Z', 'temperature': 18, 'trace_id': '35c04af1-1cfb-4172-b792-2aebd801605b'}}
2025-03-06 12:10:02,784 - basicLogger - INFO - Message: {'type': 'temperature', 'datetime': '2025-03-06T10:19:49', 'payload': {'eventID': '232bdf33-f4b9-4196-a393-7d6d2a032961', 'deviceID': 'device123', 'timeStamp': '2025-03-06T10:19:49Z', 'temperature': 20, 'trace_id': '134a3a84-c076-47af-b8ea-17a1adce09f6'}}
2025-03-06 12:10:02,793 - basicLogger - INFO - Message: {'type': 'wind-speed', 'datetime': '2025-03-06T10:19:49', 'payload': {'eventID': '88282df8-0c8b-4378-b5f8-d94a9187ab34', 'deviceID': 'windSensor-001', 'timeStamp': '2025-03-06T10:19:49Z', 'windspeed': 8, 'location': {'latitude': 41, 'longitude': -77}, 'trace_id': '7673ba56-bbc5-4c36-80a6-492bf2f7f751'}}
2025-03-06 12:10:02,802 - basicLogger - INFO - Message: {'type': 'wind-speed', 'datetime': '2025-03-06T10:19:49', 'payload': {'eventID': '36e4fa56-66b0-4dce-bea2-f9aac6e9d01d', 'deviceID': 'windSensor-001', 'timeStamp': '2025-03-06T10:19:49Z', 'windspeed': 23, 'location': {'latitude': 41, 'longitude': -74}, 'trace_id': 'ac5b3421-75da-4040-bd81-92f257559f6e'}}
2025-03-06 12:10:02,812 - basicLogger - INFO - Message: {'type': 'temperature', 'datetime': '2025-03-06T10:19:49', 'payload': {'eventID': '9ac57e6c-3742-40f4-a4c4-e61486c051d1', 'deviceID': 'device123', 'timeStamp': '2025-03-06T10:19:49Z', 'temperature': 25, 'trace_id': '7b2bd3f0-d42a-4a5c-8c8f-8ece437d8d41'}}
2025-03-06 12:10:02,821 - basicLogger - INFO - Message: {'type': 'temperature', 'datetime': '2025-03-06T10:19:49', 'payload': {'eventID': 'b1aa17bb-14ad-4902-9469-44112d174f2d', 'deviceID': 'device123', 'timeStamp': '2025-03-06T10:19:49Z', 'temperature': 23, 'trace_id': '2f6545ba-f6b0-451e-af6f-6eb680e52cbb'}}
2025-03-06 12:10:02,830 - basicLogger - INFO - Message: {'type': 'temperature', 'datetime': '2025-03-06T10:19:49', 'payload': {'eventID': 'bebd38c9-6026-4282-9955-1dac7a513ea7', 'deviceID': 'device123', 'timeStamp': '2025-03-06T10:19:49Z', 'temperature': 21, 'trace_id': 'eaea0d08-f1a7-423d-aa18-53458dac4ac7'}}
2025-03-06 12:10:02,839 - basicLogger - INFO - Message: {'type': 'temperature', 'datetime': '2025-03-06T10:19:49', 'payload': {'eventID': '28957be2-f973-42bf-894f-67d9d1142825', 'deviceID': 'device123', 'timeStamp': '2025-03-06T10:19:49Z', 'temperature': 18, 'trace_id': '23efeb51-9827-432d-b82f-b646e0a96599'}}
2025-03-06 12:10:02,854 - basicLogger - INFO - Message: {'type': 'temperature', 'datetime': '2025-03-06T10:19:49', 'payload': {'eventID': '8957c37e-1161-43fc-88bd-a51e50ac10a6', 'deviceID': 'device123', 'timeStamp': '2025-03-06T10:19:49Z', 'temperature': 15, 'trace_id': 'a866e686-28f8-4846-8ae3-afe30a155518'}}
2025-03-06 12:10:02,863 - basicLogger - INFO - Message: {'type': 'wind-speed', 'datetime': '2025-03-06T10:19:49', 'payload': {'eventID': 'b9083e44-fb1e-42f8-a60c-95ac92be2c6b', 'deviceID': 'windSensor-001', 'timeStamp': '2025-03-06T10:19:49Z', 'windspeed': 25, 'location': {'latitude': 35, 'longitude': -79}, 'trace_id': 'b70e8d68-dc59-4ee1-b5fa-814f2af58576'}}
2025-03-06 12:10:02,872 - basicLogger - INFO - Message: {'type': 'wind-speed', 'datetime': '2025-03-06T10:19:49', 'payload': {'eventID': 'f55e0952-7d63-4d56-a897-c7bd8c5f89c9', 'deviceID': 'windSensor-001', 'timeStamp': '2025-03-06T10:19:49Z', 'windspeed': 30, 'location': {'latitude': 44, 'longitude': -77}, 'trace_id': 'b45074bf-810d-4b09-8a4c-7ce59ae91708'}}
2025-03-06 12:10:02,883 - basicLogger - INFO - Message: {'type': 'temperature', 'datetime': '2025-03-06T10:19:49', 'payload': {'eventID': '3cb7798a-696c-423f-884c-8b93226d8dfc', 'deviceID': 'device123', 'timeStamp': '2025-03-06T10:19:49Z', 'temperature': 20, 'trace_id': 'c2e24946-5124-4ea7-bf2e-7ccf54c6dfdb'}}
2025-03-06 12:10:02,892 - basicLogger - INFO - Message: {'type': 'wind-speed', 'datetime': '2025-03-06T10:19:49', 'payload': {'eventID': '1492f7d0-6b76-4066-a16e-13adb3f94241', 'deviceID': 'windSensor-001', 'timeStamp': '2025-03-06T10:19:49Z', 'windspeed': 25, 'location': {'latitude': 44, 'longitude': -80}, 'trace_id': '3ebb85b1-4657-4a8b-84a4-747fe61ad399'}}
2025-03-06 12:10:02,901 - basicLogger - INFO - Message: {'type': 'temperature', 'datetime': '2025-03-06T10:19:49', 'payload': {'eventID': '9531973f-4e08-49f3-8d59-efe191ad10d2', 'deviceID': 'device123', 'timeStamp': '2025-03-06T10:19:49Z', 'temperature': 35, 'trace_id': '8a874e09-d45f-4830-a0a0-7984a4a18e2f'}}
2025-03-06 12:10:02,910 - basicLogger - INFO - Message: {'type': 'wind-speed', 'datetime': '2025-03-06T10:19:49', 'payload': {'eventID': 'f784ec75-a870-4cc7-89fa-33de065dc542', 'deviceID': 'windSensor-001', 'timeStamp': '2025-03-06T10:19:49Z', 'windspeed': 22, 'location': {'latitude': 36, 'longitude': -76}, 'trace_id': '4e866664-3b2f-4846-9940-0eab5abae449'}}
2025-03-06 12:10:02,918 - basicLogger - INFO - Message: {'type': 'temperature', 'datetime': '2025-03-06T10:19:49', 'payload': {'eventID': '80b4f4e1-5826-4d96-894e-9a1b69912991', 'deviceID': 'device123', 'timeStamp': '2025-03-06T10:19:49Z', 'temperature': 35, 'trace_id': '3b2aa43c-a34b-421b-a136-476131626431'}}
2025-03-06 12:10:02,927 - basicLogger - INFO - Message: {'type': 'temperature', 'datetime': '2025-03-06T10:19:49', 'payload': {'eventID': 'c2f5db6f-eb45-4031-a873-12f8b1b624cb', 'deviceID': 'device123', 'timeStamp': '2025-03-06T10:19:49Z', 'temperature': 19, 'trace_id': '70d0f2c0-9b22-4faf-899c-22e138af20dc'}}
2025-03-06 12:10:02,936 - basicLogger - INFO - Message: {'type': 'temperature', 'datetime': '2025-03-06T10:19:49', 'payload': {'eventID': 'c492ee6e-0021-4b57-8a19-be1497c9c0b1', 'deviceID': 'device123', 'timeStamp': '2025-03-06T10:19:49Z', 'temperature': 27, 'trace_id': '5a31563d-5277-4b80-9f7b-574732e3e596'}}
2025-03-06 12:10:02,946 - basicLogger - INFO - Message: {'type': 'wind-speed', 'datetime': '2025-03-06T10:19:49', 'payload': {'eventID': 'f53fde5f-14dd-449c-bebb-0f17a806b683', 'deviceID': 'windSensor-001', 'timeStamp': '2025-03-06T10:19:49Z', 'windspeed': 21, 'location': {'latitude': 44, 'longitude': -70}, 'trace_id': '7352d786-c9b7-489e-ad82-d74692333c9b'}}
2025-03-06 12:10:02,956 - basicLogger - INFO - Message: {'type': 'temperature', 'datetime': '2025-03-06T10:19:49', 'payload': {'eventID': '05ed8799-1ccd-4e5d-93de-72df6cbea763', 'deviceID': 'device123', 'timeStamp': '2025-03-06T10:19:49Z', 'temperature': 32, 'trace_id': 'd2ebe289-9910-4613-9e13-e9151643ae75'}}
2025-03-06 12:10:02,965 - basicLogger - INFO - Message: {'type': 'temperature', 'datetime': '2025-03-06T10:19:49', 'payload': {'eventID': 'fd1ebbe1-7c9c-46be-b439-8778aa16f2c4', 'deviceID': 'device123', 'timeStamp': '2025-03-06T10:19:49Z', 'temperature': 23, 'trace_id': '0cc1f9ca-3852-409e-85ca-fd4197c5319a'}}
2025-03-06 12:10:02,974 - basicLogger - INFO - Message: {'type': 'wind-speed', 'datetime': '2025-03-06T10:19:49', 'payload': {'eventID': '578f563a-b6ae-4c09-a02e-81da986b9c10', 'deviceID': 'windSensor-001', 'timeStamp': '2025-03-06T10:19:49Z', 'windspeed': 15, 'location': {'latitude': 43, 'longitude': -72}, 'trace_id': 'd34df1e2-ee0c-48cb-8493-cf16f88a1e7d'}}
2025-03-06 12:10:02,983 - basicLogger - INFO - Message: {'type': 'wind-speed', 'datetime': '2025-03-06T10:19:49', 'payload': {'eventID': '8fe9f7fa-2ffa-42ef-855e-781a560a9e19', 'deviceID': 'windSensor-001', 'timeStamp': '2025-03-06T10:19:49Z', 'windspeed': 22, 'location': {'latitude': 41, 'longitude': -73}, 'trace_id': 'e2bbb588-974c-462b-9fd1-575f77081c47'}}
2025-03-06 12:10:02,992 - basicLogger - INFO - Message: {'type': 'wind-speed', 'datetime': '2025-03-06T10:19:49', 'payload': {'eventID': '6dfb8a44-d7c1-4478-8988-23c32e80e90d', 'deviceID': 'windSensor-001', 'timeStamp': '2025-03-06T10:19:49Z', 'windspeed': 11, 'location': {'latitude': 40, 'longitude': -73}, 'trace_id': '288ff2f0-4a67-4682-b60d-66f902816e00'}}
2025-03-06 12:10:03,002 - basicLogger - INFO - Message: {'type': 'temperature', 'datetime': '2025-03-06T10:19:49', 'payload': {'eventID': '5419a52a-166b-4fa1-8009-08231d04a353', 'deviceID': 'device123', 'timeStamp': '2025-03-06T10:19:49Z', 'temperature': 26, 'trace_id': 'a7443f59-5411-474a-94b5-ab612a2ea9b5'}}
2025-03-06 12:10:03,011 - basicLogger - INFO - Message: {'type': 'temperature', 'datetime': '2025-03-06T10:19:49', 'payload': {'eventID': 'af2f071a-e059-48da-9efd-a32d87d81e42', 'deviceID': 'device123', 'timeStamp': '2025-03-06T10:19:49Z', 'temperature': 23, 'trace_id': 'b7038984-994e-4d66-a0a9-7aee02245544'}}
2025-03-06 12:10:03,020 - basicLogger - INFO - Message: {'type': 'wind-speed', 'datetime': '2025-03-06T10:19:49', 'payload': {'eventID': '39e9f1b3-c301-402a-8fc4-7144a45e8641', 'deviceID': 'windSensor-001', 'timeStamp': '2025-03-06T10:19:49Z', 'windspeed': 30, 'location': {'latitude': 39, 'longitude': -80}, 'trace_id': 'cb28cf9d-67f6-4754-9433-fb11312a1a78'}}
2025-03-06 12:10:03,031 - basicLogger - INFO - Message: {'type': 'wind-speed', 'datetime': '2025-03-06T10:19:49', 'payload': {'eventID': 'ec9d9750-0751-4c32-9280-d5c11867b9f0', 'deviceID': 'windSensor-001', 'timeStamp': '2025-03-06T10:19:49Z', 'windspeed': 9, 'location': {'latitude': 41, 'longitude': -80}, 'trace_id': '61aaac94-3c83-46fb-99a6-ee40c49885e2'}}
2025-03-06 12:10:03,041 - basicLogger - INFO - Message: {'type': 'wind-speed', 'datetime': '2025-03-06T10:19:49', 'payload': {'eventID': '853b5825-6f8d-4694-b1b2-c7aec1a41aeb', 'deviceID': 'windSensor-001', 'timeStamp': '2025-03-06T10:19:49Z', 'windspeed': 23, 'location': {'latitude': 37, 'longitude': -76}, 'trace_id': '4d6e8fc1-fca5-41ff-ae56-ab43f1c86c15'}}
2025-03-06 12:10:03,050 - basicLogger - INFO - Message: {'type': 'wind-speed', 'datetime': '2025-03-06T10:19:49', 'payload': {'eventID': '549dfc71-6101-4047-a02e-88a3344ea7c7', 'deviceID': 'windSensor-001', 'timeStamp': '2025-03-06T10:19:49Z', 'windspeed': 21, 'location': {'latitude': 35, 'longitude': -72}, 'trace_id': '2458b419-75cb-4b18-97dd-d17f80220aef'}}
2025-03-06 12:10:03,059 - basicLogger - INFO - Message: {'type': 'temperature', 'datetime': '2025-03-06T10:19:49', 'payload': {'eventID': '2897cb56-17ed-4722-899f-dfe7b575688e', 'deviceID': 'device123', 'timeStamp': '2025-03-06T10:19:49Z', 'temperature': 16, 'trace_id': '7dc8500e-15a7-4d9d-be32-fc2e2a091eb7'}}
2025-03-06 12:10:03,066 - basicLogger - INFO - Message: {'type': 'wind-speed', 'datetime': '2025-03-06T10:19:49', 'payload': {'eventID': '3423d690-205c-4a77-935c-0b1f74431d61', 'deviceID': 'windSensor-001', 'timeStamp': '2025-03-06T10:19:49Z', 'windspeed': 11, 'location': {'latitude': 38, 'longitude': -78}, 'trace_id': 'a23aee0e-2e16-4920-91da-e73664b1902d'}}
2025-03-06 12:10:03,073 - basicLogger - INFO - Message: {'type': 'wind-speed', 'datetime': '2025-03-06T10:19:49', 'payload': {'eventID': '4d1f6e8c-04e2-456a-a135-d5019d7d6ef8', 'deviceID': 'windSensor-001', 'timeStamp': '2025-03-06T10:19:49Z', 'windspeed': 11, 'location': {'latitude': 44, 'longitude': -72}, 'trace_id': '73f98c75-6e5d-44a0-be1e-713b5a48636a'}}
2025-03-06 12:10:03,080 - basicLogger - INFO - Message: {'type': 'wind-speed', 'datetime': '2025-03-06T10:19:49', 'payload': {'eventID': '61685a42-7def-4ed2-b58f-8dac9cde1172', 'deviceID': 'windSensor-001', 'timeStamp': '2025-03-06T10:19:49Z', 'windspeed': 5, 'location': {'latitude': 36, 'longitude': -71}, 'trace_id': '1dd1599a-f229-4e60-8ab5-d1697eb86cab'}}
2025-03-06 12:10:03,087 - basicLogger - INFO - Message: {'type': 'wind-speed', 'datetime': '2025-03-06T10:19:49', 'payload': {'eventID': '42098c83-d214-448f-a427-ec0ab58727c0', 'deviceID': 'windSensor-001', 'timeStamp': '2025-03-06T10:19:49Z', 'windspeed': 8, 'location': {'latitude': 43, 'longitude': -75}, 'trace_id': 'b1a7d752-e89e-4167-8809-01fac66a60b8'}}
2025-03-06 12:10:03,094 - basicLogger - INFO - Message: {'type': 'wind-speed', 'datetime': '2025-03-06T10:19:49', 'payload': {'eventID': '85cb2358-0008-4844-b979-cca6958faa28', 'deviceID': 'windSensor-001', 'timeStamp': '2025-03-06T10:19:49Z', 'windspeed': 22, 'location': {'latitude': 39, 'longitude': -78}, 'trace_id': 'cc1e0023-b8e5-4034-86bb-dc65be47bb13'}}
2025-03-06 12:10:03,101 - basicLogger - INFO - Message: {'type': 'wind-speed', 'datetime': '2025-03-06T10:19:49', 'payload': {'eventID': '4d6ccefe-f1e3-47e9-a02f-afee94b52776', 'deviceID': 'windSensor-001', 'timeStamp': '2025-03-06T10:19:49Z', 'windspeed': 16, 'location': {'latitude': 35, 'longitude': -79}, 'trace_id': 'dd33da9d-1ec7-4d57-870f-e8b7785bdadf'}}
2025-03-06 12:10:03,108 - basicLogger - INFO - Message: {'type': 'wind-speed', 'datetime': '2025-03-06T10:19:49', 'payload': {'eventID': '77bc8546-777c-45d3-904e-143a7159c660', 'deviceID': 'windSensor-001', 'timeStamp': '2025-03-06T10:19:49Z', 'windspeed': 8, 'location': {'latitude': 41, 'longitude': -78}, 'trace_id': 'db0a0329-b1bc-43da-9a34-a9af1bbdb199'}}
2025-03-06 12:10:03,115 - basicLogger - INFO - Message: {'type': 'wind-speed', 'datetime': '2025-03-06T10:19:49', 'payload': {'eventID': '79f3796a-eaf8-4469-a011-2de612105c26', 'deviceID': 'windSensor-001', 'timeStamp': '2025-03-06T10:19:49Z', 'windspeed': 30, 'location': {'latitude': 44, 'longitude': -73}, 'trace_id': '9a49367b-6ada-471f-af08-5f87185ab741'}}
2025-03-06 12:10:03,122 - basicLogger - INFO - Message: {'type': 'wind-speed', 'datetime': '2025-03-06T10:19:49', 'payload': {'eventID': '385ddda5-93a3-4615-b7fc-3d0e8a976ebb', 'deviceID': 'windSensor-001', 'timeStamp': '2025-03-06T10:19:49Z', 'windspeed': 19, 'location': {'latitude': 43, 'longitude': -75}, 'trace_id': '1d71e334-62a6-4fb0-9e0f-bfb6d904e1d1'}}
2025-03-06 12:10:03,129 - basicLogger - INFO - Message: {'type': 'wind-speed', 'datetime': '2025-03-06T10:19:49', 'payload': {'eventID': 'd5e21abc-327b-4530-b6f4-a42594cb974a', 'deviceID': 'windSensor-001', 'timeStamp': '2025-03-06T10:19:49Z', 'windspeed': 7, 'location': {'latitude': 42, 'longitude': -75}, 'trace_id': 'b0a3c770-42e1-4649-a167-3bca6e45cd08'}}
2025-03-06 12:10:03,136 - basicLogger - INFO - Message: {'type': 'temperature', 'datetime': '2025-03-06T10:19:49', 'payload': {'eventID': 'e1f9ae41-456c-4725-8fe2-39f1ad7ea612', 'deviceID': 'device123', 'timeStamp': '2025-03-06T10:19:49Z', 'temperature': 22, 'trace_id': '752282e8-af51-4417-9b74-98767642dbbd'}}
2025-03-06 12:10:03,143 - basicLogger - INFO - Message: {'type': 'wind-speed', 'datetime': '2025-03-06T10:19:49', 'payload': {'eventID': 'd78ddfa6-5042-4562-acc8-ba3e32e76cd0', 'deviceID': 'windSensor-001', 'timeStamp': '2025-03-06T10:19:49Z', 'windspeed': 7, 'location': {'latitude': 44, 'longitude': -73}, 'trace_id': '04dcb76c-6dd8-47fe-9160-877cb397ef3e'}}
2025-03-06 12:10:03,151 - basicLogger - INFO - Message: {'type': 'wind-speed', 'datetime': '2025-03-06T10:19:49', 'payload': {'eventID': '0208b8f2-0fd3-4a66-a8e7-3caeedf6cabf', 'deviceID': 'windSensor-001', 'timeStamp': '2025-03-06T10:19:49Z', 'windspeed': 14, 'location': {'latitude': 38, 'longitude': -71}, 'trace_id': 'f2346eac-9f50-46af-9895-1a637b6dce56'}}
2025-03-06 12:10:03,160 - basicLogger - INFO - Message: {'type': 'wind-speed', 'datetime': '2025-03-06T10:19:49', 'payload': {'eventID': 'bc065bdc-74fb-43a1-97e0-99086467b6fb', 'deviceID': 'windSensor-001', 'timeStamp': '2025-03-06T10:19:49Z', 'windspeed': 6, 'location': {'latitude': 43, 'longitude': -77}, 'trace_id': 'b403b199-97af-4caa-891a-aff1c29dc933'}}
2025-03-06 12:10:03,167 - basicLogger - INFO - Message: {'type': 'temperature', 'datetime': '2025-03-06T10:19:49', 'payload': {'eventID': '607b0c14-fa88-4649-ab20-e4b60f04d567', 'deviceID': 'device123', 'timeStamp': '2025-03-06T10:19:49Z', 'temperature': 32, 'trace_id': '3ca416fd-ca83-4dd6-b7be-8af8575d1958'}}
2025-03-06 12:10:03,175 - basicLogger - INFO - Message: {'type': 'wind-speed', 'datetime': '2025-03-06T10:19:49', 'payload': {'eventID': '137a1354-1816-4df7-950a-221a33588925', 'deviceID': 'windSensor-001', 'timeStamp': '2025-03-06T10:19:49Z', 'windspeed': 9, 'location': {'latitude': 35, 'longitude': -80}, 'trace_id': '99999e15-bb12-455c-824b-7ce43c506317'}}
2025-03-06 12:10:03,182 - basicLogger - INFO - Message: {'type': 'wind-speed', 'datetime': '2025-03-06T10:19:49', 'payload': {'eventID': 'b1c53583-7c29-45bb-badb-855cebec5f7a', 'deviceID': 'windSensor-001', 'timeStamp': '2025-03-06T10:19:49Z', 'windspeed': 29, 'location': {'latitude': 40, 'longitude': -79}, 'trace_id': '685fecca-4d40-4995-89e4-198eb4f6e7a7'}}
2025-03-06 12:10:03,189 - basicLogger - INFO - Message: {'type': 'wind-speed', 'datetime': '2025-03-06T10:19:49', 'payload': {'eventID': 'bd02c076-8d7f-4c74-ac78-d6c51b3aaee8', 'deviceID': 'windSensor-001', 'timeStamp': '2025-03-06T10:19:49Z', 'windspeed': 18, 'location': {'latitude': 39, 'longitude': -76}, 'trace_id': '6fcb87c8-f8e1-470a-8908-2ccbcfe29604'}}
2025-03-06 12:10:03,196 - basicLogger - INFO - Message: {'type': 'wind-speed', 'datetime': '2025-03-06T10:19:49', 'payload': {'eventID': '6c43ccf3-9d2a-4137-9296-dbc0215d5091', 'deviceID': 'windSensor-001', 'timeStamp': '2025-03-06T10:19:49Z', 'windspeed': 29, 'location': {'latitude': 41, 'longitude': -78}, 'trace_id': '05d2ad24-6efd-4f4d-818f-e2d51d26ce16'}}
2025-03-06 12:10:03,203 - basicLogger - INFO - Message: {'type': 'wind-speed', 'datetime': '2025-03-06T10:19:49', 'payload': {'eventID': '2305f9bd-1cb7-4c89-b4c5-af228493f5e6', 'deviceID': 'windSensor-001', 'timeStamp': '2025-03-06T10:19:49Z', 'windspeed': 13, 'location': {'latitude': 43, 'longitude': -73}, 'trace_id': 'c79c254a-fd48-4dfe-bd92-a05288af015c'}}
2025-03-06 12:10:03,212 - basicLogger - INFO - Message: {'type': 'temperature', 'datetime': '2025-03-06T10:19:49', 'payload': {'eventID': 'dab36495-3cb1-42f2-8dd3-d9247f37ccda', 'deviceID': 'device123', 'timeStamp': '2025-03-06T10:19:49Z', 'temperature': 19, 'trace_id': '6874d2b3-54d5-4d8b-a502-d7cebdb3f416'}}
2025-03-06 12:10:03,224 - basicLogger - INFO - Message: {'type': 'temperature', 'datetime': '2025-03-06T10:19:49', 'payload': {'eventID': '19d732bc-244f-4a75-a33f-dd79e4927b67', 'deviceID': 'device123', 'timeStamp': '2025-03-06T10:19:49Z', 'temperature': 24, 'trace_id': '6da8ce75-5dd8-4ce5-b837-4d1f0fe088b3'}}
2025-03-06 12:10:03,238 - basicLogger - INFO - Message: {'type': 'temperature', 'datetime': '2025-03-06T10:19:49', 'payload': {'eventID': '1d50cd71-ec3a-4a1a-bae7-c92c94cc7cdb', 'deviceID': 'device123', 'timeStamp': '2025-03-06T10:19:49Z', 'temperature': 19, 'trace_id': '35c45c37-9c62-40af-8065-e0c72818ac18'}}
2025-03-06 12:10:03,253 - basicLogger - INFO - Message: {'type': 'wind-speed', 'datetime': '2025-03-06T10:19:49', 'payload': {'eventID': '60c57d0b-04a0-4563-b67e-691a85d51265', 'deviceID': 'windSensor-001', 'timeStamp': '2025-03-06T10:19:49Z', 'windspeed': 11, 'location': {'latitude': 43, 'longitude': -80}, 'trace_id': 'ab49e287-f8cf-4561-a488-5038b24b3cd2'}}
2025-03-06 12:10:03,268 - basicLogger - INFO - Message: {'type': 'temperature', 'datetime': '2025-03-06T10:19:49', 'payload': {'eventID': '3900a166-0945-4057-9303-41970b3e44ae', 'deviceID': 'device123', 'timeStamp': '2025-03-06T10:19:49Z', 'temperature': 35, 'trace_id': '686ee1a6-d750-4991-a542-94fb46865354'}}
2025-03-06 12:10:03,283 - basicLogger - INFO - Message: {'type': 'temperature', 'datetime': '2025-03-06T10:19:49', 'payload': {'eventID': '1258a56e-1f8a-4fb2-9530-c0adf1ad774b', 'deviceID': 'device123', 'timeStamp': '2025-03-06T10:19:49Z', 'temperature': 18, 'trace_id': 'c28bac82-0ec4-4759-b732-727fdcc02f09'}}
2025-03-06 12:10:03,297 - basicLogger - INFO - Message: {'type': 'wind-speed', 'datetime': '2025-03-06T10:19:49', 'payload': {'eventID': '3e19398e-552b-4d68-a8b8-77fde1588290', 'deviceID': 'windSensor-001', 'timeStamp': '2025-03-06T10:19:49Z', 'windspeed': 10, 'location': {'latitude': 40, 'longitude': -70}, 'trace_id': '748c2c21-7064-4124-8871-f588ded48a95'}}
2025-03-06 12:10:03,312 - basicLogger - INFO - Message: {'type': 'wind-speed', 'datetime': '2025-03-06T10:19:49', 'payload': {'eventID': '1209dd90-60f3-493e-8fd7-689f0f063215', 'deviceID': 'windSensor-001', 'timeStamp': '2025-03-06T10:19:49Z', 'windspeed': 20, 'location': {'latitude': 40, 'longitude': -73}, 'trace_id': 'c8a430b2-bea0-4679-9fe8-4670339cd38f'}}
2025-03-06 12:10:03,325 - basicLogger - INFO - Message: {'type': 'wind-speed', 'datetime': '2025-03-06T10:19:49', 'payload': {'eventID': '170ee11f-6c9d-44d5-8c3e-888540731446', 'deviceID': 'windSensor-001', 'timeStamp': '2025-03-06T10:19:49Z', 'windspeed': 23, 'location': {'latitude': 39, 'longitude': -74}, 'trace_id': '4c46c2c0-c2bc-4134-9aaf-5ad82272719e'}}
2025-03-06 12:10:03,339 - basicLogger - INFO - Message: {'type': 'wind-speed', 'datetime': '2025-03-06T10:19:49', 'payload': {'eventID': '5fd1e66a-6c8d-45f0-9ac3-2f82e14d32c9', 'deviceID': 'windSensor-001', 'timeStamp': '2025-03-06T10:19:49Z', 'windspeed': 9, 'location': {'latitude': 42, 'longitude': -76}, 'trace_id': '5146eab5-ec2b-4bfa-845b-30b1c69d9e4b'}}
2025-03-06 12:10:03,350 - basicLogger - INFO - Message: {'type': 'wind-speed', 'datetime': '2025-03-06T10:19:49', 'payload': {'eventID': '8b671802-3dcb-46eb-a213-f4b7db97cb8e', 'deviceID': 'windSensor-001', 'timeStamp': '2025-03-06T10:19:49Z', 'windspeed': 13, 'location': {'latitude': 42, 'longitude': -77}, 'trace_id': 'd898667b-c08e-4b0d-8852-76dffdc22fd9'}}
2025-03-06 12:10:03,361 - basicLogger - INFO - Message: {'type': 'wind-speed', 'datetime': '2025-03-06T10:19:49', 'payload': {'eventID': '030e60f4-c2b2-4e2a-be4c-462ce22c9121', 'deviceID': 'windSensor-001', 'timeStamp': '2025-03-06T10:19:49Z', 'windspeed': 14, 'location': {'latitude': 35, 'longitude': -70}, 'trace_id': '4212ea44-f6ba-4562-8a88-a97409c17973'}}
2025-03-06 12:10:03,372 - basicLogger - INFO - Message: {'type': 'wind-speed', 'datetime': '2025-03-06T10:19:49', 'payload': {'eventID': '2de1a31c-c78f-40bf-8433-f78b765d95cd', 'deviceID': 'windSensor-001', 'timeStamp': '2025-03-06T10:19:49Z', 'windspeed': 29, 'location': {'latitude': 39, 'longitude': -72}, 'trace_id': '5d0b9ab9-4050-4331-a9af-35bdffa5da20'}}
2025-03-06 12:10:03,383 - basicLogger - INFO - Message: {'type': 'wind-speed', 'datetime': '2025-03-06T10:19:49', 'payload': {'eventID': 'b4d122b3-4198-4bf0-8efb-f34e56e321b7', 'deviceID': 'windSensor-001', 'timeStamp': '2025-03-06T10:19:49Z', 'windspeed': 8, 'location': {'latitude': 40, 'longitude': -80}, 'trace_id': 'a6d44e7a-83c3-49e6-9586-09cf4e0887ea'}}
2025-03-06 12:10:03,394 - basicLogger - INFO - Message: {'type': 'wind-speed', 'datetime': '2025-03-06T10:19:49', 'payload': {'eventID': 'f004a739-3f65-4df0-8b88-e1e940d348d6', 'deviceID': 'windSensor-001', 'timeStamp': '2025-03-06T10:19:49Z', 'windspeed': 12, 'location': {'latitude': 45, 'longitude': -71}, 'trace_id': 'c5c093ff-3960-4b17-add3-0506aa7a554b'}}
2025-03-06 12:10:03,405 - basicLogger - INFO - Message: {'type': 'wind-speed', 'datetime': '2025-03-06T10:19:49', 'payload': {'eventID': 'b2960a77-2d19-42db-a7e1-1697f098dd63', 'deviceID': 'windSensor-001', 'timeStamp': '2025-03-06T10:19:49Z', 'windspeed': 9, 'location': {'latitude': 39, 'longitude': -71}, 'trace_id': 'ebcfce31-6ef4-478d-bd71-fde473ee96ba'}}
2025-03-06 12:10:03,416 - basicLogger - INFO - Message: {'type': 'temperature', 'datetime': '2025-03-06T10:19:49', 'payload': {'eventID': 'e52573e8-1601-4820-8f92-6b0913792ff8', 'deviceID': 'device123', 'timeStamp': '2025-03-06T10:19:49Z', 'temperature': 19, 'trace_id': '2eb04ff2-46c7-40df-ab86-a52f4d86d1d6'}}
2025-03-06 12:10:03,427 - basicLogger - INFO - Message: {'type': 'temperature', 'datetime': '2025-03-06T10:19:49', 'payload': {'eventID': 'b126529b-6a3f-4597-8785-38ce044ad6c1', 'deviceID': 'device123', 'timeStamp': '2025-03-06T10:19:49Z', 'temperature': 31, 'trace_id': '1a18ead8-7e8d-45cf-859c-263636bbed2e'}}
2025-03-06 12:10:03,438 - basicLogger - INFO - Message: {'type': 'temperature', 'datetime': '2025-03-06T10:19:49', 'payload': {'eventID': '2ce75a43-f2c0-47a8-b219-72853ef973e7', 'deviceID': 'device123', 'timeStamp': '2025-03-06T10:19:49Z', 'temperature': 18, 'trace_id': '3f3b1360-bc1e-4287-94fb-3fee11b48633'}}
2025-03-06 12:10:03,450 - basicLogger - INFO - Message: {'type': 'wind-speed', 'datetime': '2025-03-06T10:19:49', 'payload': {'eventID': '06403c48-3ce2-48c8-b705-953b026add5e', 'deviceID': 'windSensor-001', 'timeStamp': '2025-03-06T10:19:49Z', 'windspeed': 9, 'location': {'latitude': 40, 'longitude': -78}, 'trace_id': '939b5250-bb47-408b-96a1-8a33438aca97'}}
2025-03-06 12:10:03,461 - basicLogger - INFO - Message: {'type': 'wind-speed', 'datetime': '2025-03-06T10:19:49', 'payload': {'eventID': '1c887a8f-186e-484b-ac58-bbbe7c4357b8', 'deviceID': 'windSensor-001', 'timeStamp': '2025-03-06T10:19:49Z', 'windspeed': 13, 'location': {'latitude': 37, 'longitude': -77}, 'trace_id': '657ae973-5a0b-4be6-bbd8-baa18e12d9e0'}}
2025-03-06 12:10:03,472 - basicLogger - INFO - Message: {'type': 'wind-speed', 'datetime': '2025-03-06T10:19:49', 'payload': {'eventID': 'e7246fa6-0ec2-457b-b155-a3f4959a4107', 'deviceID': 'windSensor-001', 'timeStamp': '2025-03-06T10:19:49Z', 'windspeed': 16, 'location': {'latitude': 43, 'longitude': -75}, 'trace_id': 'f201575b-2f47-47d7-ba7e-1758f73d41ff'}}
2025-03-06 12:10:03,483 - basicLogger - INFO - Message: {'type': 'wind-speed', 'datetime': '2025-03-06T10:19:49', 'payload': {'eventID': 'c4a7b302-0d79-4fc2-83bb-2077749f6f4a', 'deviceID': 'windSensor-001', 'timeStamp': '2025-03-06T10:19:49Z', 'windspeed': 16, 'location': {'latitude': 36, 'longitude': -72}, 'trace_id': 'cd5a747d-5c68-404b-bc6f-e1d31cc1294c'}}
2025-03-06 12:10:03,494 - basicLogger - INFO - Message: {'type': 'wind-speed', 'datetime': '2025-03-06T10:19:49', 'payload': {'eventID': '35d12b92-123b-46c9-917c-1303eb7e57a2', 'deviceID': 'windSensor-001', 'timeStamp': '2025-03-06T10:19:49Z', 'windspeed': 10, 'location': {'latitude': 42, 'longitude': -71}, 'trace_id': '01345c4b-ee40-426d-9ac9-c7e22ad9d43c'}}
2025-03-06 12:10:03,505 - basicLogger - INFO - Message: {'type': 'temperature', 'datetime': '2025-03-06T10:19:49', 'payload': {'eventID': '793ece17-68ef-4536-9f18-9a359c926103', 'deviceID': 'device123', 'timeStamp': '2025-03-06T10:19:49Z', 'temperature': 28, 'trace_id': '18d04f8a-50e9-43fb-a9d9-3cd14edc4f33'}}
2025-03-06 12:10:03,520 - basicLogger - INFO - Message: {'type': 'temperature', 'datetime': '2025-03-06T10:19:49', 'payload': {'eventID': '3591db6d-c2ea-46ef-829c-21b6467785f6', 'deviceID': 'device123', 'timeStamp': '2025-03-06T10:19:49Z', 'temperature': 16, 'trace_id': 'e3c729fc-554d-41a5-912e-cb231e1bbae3'}}
2025-03-06 12:10:03,535 - basicLogger - INFO - Message: {'type': 'temperature', 'datetime': '2025-03-06T10:19:49', 'payload': {'eventID': '211f5f6a-0c5a-4b7c-920c-2249299eff1e', 'deviceID': 'device123', 'timeStamp': '2025-03-06T10:19:49Z', 'temperature': 35, 'trace_id': 'd3e8d3a5-2cfa-432a-9387-d7010ad6f7f1'}}
2025-03-06 12:10:03,548 - basicLogger - INFO - Message: {'type': 'temperature', 'datetime': '2025-03-06T10:19:49', 'payload': {'eventID': '2c1fc66d-cba5-42b4-b5ae-0df3feb84801', 'deviceID': 'device123', 'timeStamp': '2025-03-06T10:19:49Z', 'temperature': 28, 'trace_id': '083013c7-892c-4df1-ae44-8d1068b3f9ec'}}
2025-03-06 12:10:03,559 - basicLogger - INFO - Message: {'type': 'wind-speed', 'datetime': '2025-03-06T10:19:49', 'payload': {'eventID': 'dfc04b9b-5570-4a85-b25d-3968f36edeee', 'deviceID': 'windSensor-001', 'timeStamp': '2025-03-06T10:19:49Z', 'windspeed': 27, 'location': {'latitude': 42, 'longitude': -79}, 'trace_id': 'b516e112-ce94-4e75-992a-c7a991595391'}}
2025-03-06 12:10:03,570 - basicLogger - INFO - Message: {'type': 'wind-speed', 'datetime': '2025-03-06T10:19:50', 'payload': {'eventID': 'f132fddd-dd15-4491-ae58-075d86224be5', 'deviceID': 'windSensor-001', 'timeStamp': '2025-03-06T10:19:49Z', 'windspeed': 8, 'location': {'latitude': 36, 'longitude': -75}, 'trace_id': '294a4d5c-82d3-4d98-a515-2abaf4817000'}}
2025-03-06 12:10:03,581 - basicLogger - INFO - Message: {'type': 'wind-speed', 'datetime': '2025-03-06T10:19:50', 'payload': {'eventID': '21aa1682-33ab-4968-9b9f-f6260eccfa64', 'deviceID': 'windSensor-001', 'timeStamp': '2025-03-06T10:19:49Z', 'windspeed': 25, 'location': {'latitude': 43, 'longitude': -74}, 'trace_id': 'e7380386-6771-4986-ba1e-f46c90862c51'}}
2025-03-06 12:10:03,592 - basicLogger - INFO - Message: {'type': 'temperature', 'datetime': '2025-03-06T10:19:50', 'payload': {'eventID': 'af8f96cc-9cf7-4bf8-8891-37de4d601849', 'deviceID': 'device123', 'timeStamp': '2025-03-06T10:19:49Z', 'temperature': 29, 'trace_id': 'd0d961ca-f9f2-493f-bf8d-40ca5991818c'}}
2025-03-06 12:10:03,603 - basicLogger - INFO - Message: {'type': 'wind-speed', 'datetime': '2025-03-06T10:19:50', 'payload': {'eventID': 'b98e833e-8367-4c4d-a14a-04e2f13ecfc2', 'deviceID': 'windSensor-001', 'timeStamp': '2025-03-06T10:19:49Z', 'windspeed': 10, 'location': {'latitude': 37, 'longitude': -78}, 'trace_id': 'bda7351d-613b-4bb5-be9e-18675f254e28'}}
2025-03-06 12:10:03,614 - basicLogger - INFO - Message: {'type': 'temperature', 'datetime': '2025-03-06T10:19:50', 'payload': {'eventID': '55806e73-54ba-4ffb-a4ac-54eba74e1ddc', 'deviceID': 'device123', 'timeStamp': '2025-03-06T10:19:49Z', 'temperature': 32, 'trace_id': 'd0a91155-be84-45b5-bedf-c677c8a5bb83'}}
2025-03-06 12:10:03,626 - basicLogger - INFO - Message: {'type': 'wind-speed', 'datetime': '2025-03-06T10:19:50', 'payload': {'eventID': '94f94e10-1188-4d19-a22f-4e6d3a897c59', 'deviceID': 'windSensor-001', 'timeStamp': '2025-03-06T10:19:49Z', 'windspeed': 27, 'location': {'latitude': 40, 'longitude': -71}, 'trace_id': '079cd1ea-d29a-4d09-a84c-f544520b5512'}}
2025-03-06 12:10:03,637 - basicLogger - INFO - Message: {'type': 'temperature', 'datetime': '2025-03-06T10:19:50', 'payload': {'eventID': '1033d16a-7fcb-4f68-938f-0907ccae9df1', 'deviceID': 'device123', 'timeStamp': '2025-03-06T10:19:49Z', 'temperature': 17, 'trace_id': '969c9090-a458-4a74-b3e1-69d742e24d54'}}
2025-03-06 12:10:03,648 - basicLogger - INFO - Message: {'type': 'temperature', 'datetime': '2025-03-06T10:19:50', 'payload': {'eventID': 'd8d1df38-34c5-4d99-9480-57e73ea1231c', 'deviceID': 'device123', 'timeStamp': '2025-03-06T10:19:49Z', 'temperature': 30, 'trace_id': 'e8e23bcf-6055-4a2d-9a9f-9948b44a076c'}}
2025-03-06 12:10:03,659 - basicLogger - INFO - Message: {'type': 'temperature', 'datetime': '2025-03-06T10:19:50', 'payload': {'eventID': '23c16175-5448-4477-ba00-1cc05c936759', 'deviceID': 'device123', 'timeStamp': '2025-03-06T10:19:49Z', 'temperature': 35, 'trace_id': 'e2f0b406-a248-4eae-8b35-6ef1f826224d'}}
2025-03-06 12:10:03,671 - basicLogger - INFO - Message: {'type': 'wind-speed', 'datetime': '2025-03-06T10:19:50', 'payload': {'eventID': '3f37e8e5-394f-47e1-adad-8c92ed646ad4', 'deviceID': 'windSensor-001', 'timeStamp': '2025-03-06T10:19:49Z', 'windspeed': 15, 'location': {'latitude': 38, 'longitude': -71}, 'trace_id': 'c57bfefa-aa6f-4af5-8ffa-70821089ec65'}}
2025-03-06 12:10:03,682 - basicLogger - INFO - Message: {'type': 'temperature', 'datetime': '2025-03-06T10:19:50', 'payload': {'eventID': '74bd41fe-a5ae-40a0-969c-6faaf9c3fe6d', 'deviceID': 'device123', 'timeStamp': '2025-03-06T10:19:49Z', 'temperature': 18, 'trace_id': '6b3421f5-c3ef-45e3-9ce8-371488a1787c'}}
2025-03-06 12:10:03,693 - basicLogger - INFO - Message: {'type': 'temperature', 'datetime': '2025-03-06T10:19:50', 'payload': {'eventID': '578ad138-45ac-4e2e-8349-70fa5ecb9b95', 'deviceID': 'device123', 'timeStamp': '2025-03-06T10:19:49Z', 'temperature': 26, 'trace_id': '37faf56a-a1d6-46d5-919d-8d1fdb27e5fe'}}
2025-03-06 12:10:03,703 - basicLogger - INFO - Message: {'type': 'temperature', 'datetime': '2025-03-06T10:19:50', 'payload': {'eventID': '20759408-191b-4e91-b428-0e036e906900', 'deviceID': 'device123', 'timeStamp': '2025-03-06T10:19:49Z', 'temperature': 32, 'trace_id': 'e943e7d8-cd1d-45c5-a1ba-bf45ca09a09e'}}
2025-03-06 12:10:03,718 - basicLogger - INFO - Message: {'type': 'wind-speed', 'datetime': '2025-03-06T10:19:50', 'payload': {'eventID': '094f5aa1-3608-4ccc-8a2a-59cbbfc2e48f', 'deviceID': 'windSensor-001', 'timeStamp': '2025-03-06T10:19:49Z', 'windspeed': 11, 'location': {'latitude': 41, 'longitude': -73}, 'trace_id': '4b832cda-ab1e-4217-9e35-6a17a7d53c21'}}
2025-03-06 12:10:03,733 - basicLogger - INFO - Message: {'type': 'wind-speed', 'datetime': '2025-03-06T10:19:50', 'payload': {'eventID': 'ab6870d3-194d-4459-b1d0-c27227eb146e', 'deviceID': 'windSensor-001', 'timeStamp': '2025-03-06T10:19:49Z', 'windspeed': 27, 'location': {'latitude': 36, 'longitude': -73}, 'trace_id': 'c55dce89-38af-43bc-955f-73ae9b315cb3'}}
2025-03-06 12:10:03,747 - basicLogger - INFO - Message: {'type': 'wind-speed', 'datetime': '2025-03-06T10:19:50', 'payload': {'eventID': '1f6e1c32-b4ec-4bb1-a1df-5a44d0b150d3', 'deviceID': 'windSensor-001', 'timeStamp': '2025-03-06T10:19:49Z', 'windspeed': 15, 'location': {'latitude': 45, 'longitude': -70}, 'trace_id': '37ea1e17-d009-46f5-b35b-f3377c128041'}}
2025-03-06 12:10:03,762 - basicLogger - INFO - Message: {'type': 'wind-speed', 'datetime': '2025-03-06T10:19:50', 'payload': {'eventID': '0a6ea265-9d8c-4773-a5fc-66979dcc4cf6', 'deviceID': 'windSensor-001', 'timeStamp': '2025-03-06T10:19:49Z', 'windspeed': 28, 'location': {'latitude': 40, 'longitude': -78}, 'trace_id': 'f10f5548-ef9d-4bae-9eee-4f171b046ceb'}}
2025-03-06 12:10:03,780 - basicLogger - INFO - Message: {'type': 'wind-speed', 'datetime': '2025-03-06T10:19:50', 'payload': {'eventID': 'f56da47f-8b67-48c6-a965-9c24c3e624ea', 'deviceID': 'windSensor-001', 'timeStamp': '2025-03-06T10:19:49Z', 'windspeed': 21, 'location': {'latitude': 42, 'longitude': -78}, 'trace_id': 'f5b9c67c-b003-4b4c-b7a7-ac7daf48c18b'}}
2025-03-06 12:10:03,794 - basicLogger - INFO - Message: {'type': 'temperature', 'datetime': '2025-03-06T10:19:50', 'payload': {'eventID': '16c91204-22ce-4e91-a04e-edadc6122ffe', 'deviceID': 'device123', 'timeStamp': '2025-03-06T10:19:49Z', 'temperature': 22, 'trace_id': 'e923a93f-d87c-4275-acec-db9dc27e1f0f'}}
2025-03-06 12:10:03,807 - basicLogger - INFO - Message: {'type': 'wind-speed', 'datetime': '2025-03-06T10:19:50', 'payload': {'eventID': 'afbbb613-faa9-4a1e-abff-9314a52e9c6b', 'deviceID': 'windSensor-001', 'timeStamp': '2025-03-06T10:19:49Z', 'windspeed': 22, 'location': {'latitude': 36, 'longitude': -74}, 'trace_id': 'dd89c5b5-c998-448c-8d8d-f6f1b2471ef0'}}
2025-03-06 12:10:03,818 - basicLogger - INFO - Message: {'type': 'wind-speed', 'datetime': '2025-03-06T10:19:50', 'payload': {'eventID': 'c185b7a2-0a3d-46b1-9d21-6cb79c938f0c', 'deviceID': 'windSensor-001', 'timeStamp': '2025-03-06T10:19:49Z', 'windspeed': 6, 'location': {'latitude': 36, 'longitude': -79}, 'trace_id': '442dc88d-22d6-4c5a-86c6-f76091bbe94c'}}
2025-03-06 12:10:03,828 - basicLogger - INFO - Message: {'type': 'temperature', 'datetime': '2025-03-06T10:19:50', 'payload': {'eventID': '6a96c27a-0539-43ce-986f-8bb7220d102d', 'deviceID': 'device123', 'timeStamp': '2025-03-06T10:19:49Z', 'temperature': 26, 'trace_id': '774694f6-f48a-4124-aec1-42355116af7c'}}
2025-03-06 12:10:03,837 - basicLogger - INFO - Message: {'type': 'wind-speed', 'datetime': '2025-03-06T10:19:50', 'payload': {'eventID': '81550468-d932-4f31-909e-3bcad91ffe74', 'deviceID': 'windSensor-001', 'timeStamp': '2025-03-06T10:19:49Z', 'windspeed': 5, 'location': {'latitude': 35, 'longitude': -80}, 'trace_id': '8f04c862-842d-4ae3-ad90-d7a3eb7e1efb'}}
2025-03-06 12:10:03,846 - basicLogger - INFO - Message: {'type': 'wind-speed', 'datetime': '2025-03-06T10:19:50', 'payload': {'eventID': '4f75e1b6-5e13-41fb-938c-efad0c8b32f0', 'deviceID': 'windSensor-001', 'timeStamp': '2025-03-06T10:19:49Z', 'windspeed': 27, 'location': {'latitude': 42, 'longitude': -80}, 'trace_id': 'd41f626b-8d83-411e-b72c-4c129665b74a'}}
2025-03-06 12:10:03,855 - basicLogger - INFO - Message: {'type': 'wind-speed', 'datetime': '2025-03-06T10:19:50', 'payload': {'eventID': 'ee2d451b-ad2a-4a9c-815c-1759a97ef608', 'deviceID': 'windSensor-001', 'timeStamp': '2025-03-06T10:19:49Z', 'windspeed': 21, 'location': {'latitude': 40, 'longitude': -76}, 'trace_id': '3b986d4f-a322-49e7-824a-56a51cdc801a'}}
2025-03-06 12:10:03,864 - basicLogger - INFO - Message: {'type': 'wind-speed', 'datetime': '2025-03-06T10:19:50', 'payload': {'eventID': 'f6a484a5-3739-4b2a-94fd-ffc1a5a65367', 'deviceID': 'windSensor-001', 'timeStamp': '2025-03-06T10:19:49Z', 'windspeed': 23, 'location': {'latitude': 40, 'longitude': -80}, 'trace_id': '6330a050-ef19-4d61-9624-e1bef93985f6'}}
2025-03-06 12:10:03,874 - basicLogger - INFO - Message: {'type': 'temperature', 'datetime': '2025-03-06T10:19:50', 'payload': {'eventID': 'b9814120-5486-4d55-b46e-8f6f08129a14', 'deviceID': 'device123', 'timeStamp': '2025-03-06T10:19:49Z', 'temperature': 24, 'trace_id': '4be9bc5b-2860-44dc-9d06-25b3c0ddc3da'}}
2025-03-06 12:10:03,883 - basicLogger - INFO - Message: {'type': 'wind-speed', 'datetime': '2025-03-06T10:19:50', 'payload': {'eventID': 'b542d0d7-ea4b-4ea7-b021-01b15306f416', 'deviceID': 'windSensor-001', 'timeStamp': '2025-03-06T10:19:49Z', 'windspeed': 16, 'location': {'latitude': 35, 'longitude': -70}, 'trace_id': '6dfa595c-2184-4f58-9f84-b143463107ac'}}
2025-03-06 12:10:03,893 - basicLogger - INFO - Message: {'type': 'temperature', 'datetime': '2025-03-06T10:19:50', 'payload': {'eventID': 'b5f34686-3d9c-4ee0-83d0-5afce4689e53', 'deviceID': 'device123', 'timeStamp': '2025-03-06T10:19:49Z', 'temperature': 32, 'trace_id': '94753138-b7a1-4375-b467-027d3f5185a7'}}
2025-03-06 12:10:03,902 - basicLogger - INFO - Message: {'type': 'wind-speed', 'datetime': '2025-03-06T10:19:50', 'payload': {'eventID': '8f4e2280-aefe-4238-b7a3-1b227de375a5', 'deviceID': 'windSensor-001', 'timeStamp': '2025-03-06T10:19:49Z', 'windspeed': 14, 'location': {'latitude': 38, 'longitude': -80}, 'trace_id': '8b8dd9bd-1c0d-4d1a-8519-04fbd5cff234'}}
2025-03-06 12:10:03,914 - basicLogger - INFO - Message: {'type': 'wind-speed', 'datetime': '2025-03-06T10:19:50', 'payload': {'eventID': '91af731d-3cb2-4341-bcc2-5aee2c2e4a09', 'deviceID': 'windSensor-001', 'timeStamp': '2025-03-06T10:19:49Z', 'windspeed': 22, 'location': {'latitude': 39, 'longitude': -74}, 'trace_id': '222ec62a-5389-4d9c-9d8d-518e36fdf9d0'}}
2025-03-06 12:10:03,924 - basicLogger - INFO - Message: {'type': 'temperature', 'datetime': '2025-03-06T10:19:50', 'payload': {'eventID': 'c5fe9359-61d8-4c42-8973-663c09b61daf', 'deviceID': 'device123', 'timeStamp': '2025-03-06T10:19:49Z', 'temperature': 33, 'trace_id': '41359e36-a01a-4d83-b84a-fe62eb068b92'}}
2025-03-06 12:10:03,933 - basicLogger - INFO - Message: {'type': 'wind-speed', 'datetime': '2025-03-06T10:19:50', 'payload': {'eventID': '5c04beca-4a14-4cdb-929f-dbaecc36a54c', 'deviceID': 'windSensor-001', 'timeStamp': '2025-03-06T10:19:49Z', 'windspeed': 26, 'location': {'latitude': 37, 'longitude': -79}, 'trace_id': '1b6009b7-1626-4ccf-8d3c-3f74c6da00a8'}}
2025-03-06 12:10:03,942 - basicLogger - INFO - Message: {'type': 'temperature', 'datetime': '2025-03-06T10:19:50', 'payload': {'eventID': '6f44a97e-1d1c-47ad-8789-994a6ee0657a', 'deviceID': 'device123', 'timeStamp': '2025-03-06T10:19:49Z', 'temperature': 32, 'trace_id': 'bc97251c-4016-442c-afad-d20e90f834a7'}}
2025-03-06 12:10:03,952 - basicLogger - INFO - Message: {'type': 'wind-speed', 'datetime': '2025-03-06T10:19:50', 'payload': {'eventID': '820801b7-d70f-48a0-bd95-e7dd4e5fe0a8', 'deviceID': 'windSensor-001', 'timeStamp': '2025-03-06T10:19:49Z', 'windspeed': 21, 'location': {'latitude': 44, 'longitude': -80}, 'trace_id': '4bd9ed61-53a1-4d36-ba38-7360c11b66e6'}}
2025-03-06 12:10:03,961 - basicLogger - INFO - Message: {'type': 'wind-speed', 'datetime': '2025-03-06T10:19:50', 'payload': {'eventID': '5a3fd102-5f7b-4d35-a94b-63e789396812', 'deviceID': 'windSensor-001', 'timeStamp': '2025-03-06T10:19:49Z', 'windspeed': 12, 'location': {'latitude': 37, 'longitude': -70}, 'trace_id': 'a8abf616-7105-4268-a914-bb6d57980998'}}
2025-03-06 12:10:03,970 - basicLogger - INFO - Message: {'type': 'wind-speed', 'datetime': '2025-03-06T10:19:50', 'payload': {'eventID': '6b375e68-8da8-4951-bbf1-9bb0f6cc7287', 'deviceID': 'windSensor-001', 'timeStamp': '2025-03-06T10:19:49Z', 'windspeed': 13, 'location': {'latitude': 38, 'longitude': -71}, 'trace_id': 'd816d4a4-33d0-4f71-8462-4dcea692af3a'}}
2025-03-06 12:10:03,980 - basicLogger - INFO - Message: {'type': 'temperature', 'datetime': '2025-03-06T10:19:50', 'payload': {'eventID': '40114412-8e85-4656-99bf-0f601de9b147', 'deviceID': 'device123', 'timeStamp': '2025-03-06T10:19:49Z', 'temperature': 24, 'trace_id': '16e71ae3-5fd9-41a0-9f4f-7114d63be86e'}}
2025-03-06 12:10:03,989 - basicLogger - INFO - Message: {'type': 'temperature', 'datetime': '2025-03-06T10:19:50', 'payload': {'eventID': 'b42c934a-3893-46ef-81d6-10b1b4776c19', 'deviceID': 'device123', 'timeStamp': '2025-03-06T10:19:49Z', 'temperature': 32, 'trace_id': '80c65825-ea41-46ed-8c41-32759a27d3fa'}}
2025-03-06 12:10:03,998 - basicLogger - INFO - Message: {'type': 'wind-speed', 'datetime': '2025-03-06T10:19:50', 'payload': {'eventID': '121247cb-227e-4db3-8c47-805784822a57', 'deviceID': 'windSensor-001', 'timeStamp': '2025-03-06T10:19:49Z', 'windspeed': 29, 'location': {'latitude': 45, 'longitude': -73}, 'trace_id': '285296f0-46dc-4273-b446-9ce473a0c36a'}}
2025-03-06 12:10:04,010 - basicLogger - INFO - Message: {'type': 'wind-speed', 'datetime': '2025-03-06T10:19:50', 'payload': {'eventID': '9d78672a-dc0d-4b45-b4b5-125d187565e2', 'deviceID': 'windSensor-001', 'timeStamp': '2025-03-06T10:19:49Z', 'windspeed': 9, 'location': {'latitude': 45, 'longitude': -73}, 'trace_id': 'cf6fc7c3-59ee-4d86-bd79-1cdd30da503c'}}
2025-03-06 12:10:04,024 - basicLogger - INFO - Message: {'type': 'wind-speed', 'datetime': '2025-03-06T10:19:50', 'payload': {'eventID': '6cf52e98-db6e-47a5-9081-93118faa51f8', 'deviceID': 'windSensor-001', 'timeStamp': '2025-03-06T10:19:49Z', 'windspeed': 28, 'location': {'latitude': 41, 'longitude': -74}, 'trace_id': '620cf46b-b40e-4eb2-8891-0b243a09b3e1'}}
2025-03-06 12:10:04,039 - basicLogger - INFO - Message: {'type': 'wind-speed', 'datetime': '2025-03-06T10:19:50', 'payload': {'eventID': 'b57b1ff2-5337-4424-a5a5-b9acdd0fcede', 'deviceID': 'windSensor-001', 'timeStamp': '2025-03-06T10:19:49Z', 'windspeed': 8, 'location': {'latitude': 38, 'longitude': -78}, 'trace_id': '4cb9f578-e1b5-44d6-9597-ab638c7980cc'}}
2025-03-06 12:10:04,051 - basicLogger - INFO - Message: {'type': 'temperature', 'datetime': '2025-03-06T10:19:50', 'payload': {'eventID': '5a497179-e24c-4826-8f56-be188aaede53', 'deviceID': 'device123', 'timeStamp': '2025-03-06T10:19:49Z', 'temperature': 15, 'trace_id': '83ce3fac-2b2b-42b2-b6c0-249dc3b4f8ba'}}
2025-03-06 12:10:04,062 - basicLogger - INFO - Message: {'type': 'temperature', 'datetime': '2025-03-06T10:19:50', 'payload': {'eventID': '581e6f46-d496-477b-b9b5-b2791d0f0cf2', 'deviceID': 'device123', 'timeStamp': '2025-03-06T10:19:49Z', 'temperature': 26, 'trace_id': 'b096ceda-ec30-4f2d-9bae-fee56630ce47'}}
2025-03-06 12:10:04,071 - basicLogger - INFO - Message: {'type': 'temperature', 'datetime': '2025-03-06T10:19:50', 'payload': {'eventID': '68bb7be3-a4cc-413f-8147-8dafd60169fd', 'deviceID': 'device123', 'timeStamp': '2025-03-06T10:19:49Z', 'temperature': 35, 'trace_id': '31d7199f-cb93-4e64-a92f-915264932b27'}}
2025-03-06 12:10:04,080 - basicLogger - INFO - Message: {'type': 'temperature', 'datetime': '2025-03-06T10:19:50', 'payload': {'eventID': '92b5273a-1217-4b52-a80b-0d9ec2bc5ddd', 'deviceID': 'device123', 'timeStamp': '2025-03-06T10:19:49Z', 'temperature': 31, 'trace_id': 'c7fba0a0-5011-42f3-9a6d-a202659cd454'}}
2025-03-06 12:10:04,087 - basicLogger - INFO - Message: {'type': 'temperature', 'datetime': '2025-03-06T10:19:50', 'payload': {'eventID': 'be718951-7ae5-4cb2-b05e-53082ec98ae0', 'deviceID': 'device123', 'timeStamp': '2025-03-06T10:19:49Z', 'temperature': 31, 'trace_id': '4c168a65-dcfe-43ca-bcb5-30e98b9522b0'}}
2025-03-06 12:10:04,094 - basicLogger - INFO - Message: {'type': 'temperature', 'datetime': '2025-03-06T10:19:50', 'payload': {'eventID': '81e652a5-be4b-471a-b1ba-fbaf8a37701f', 'deviceID': 'device123', 'timeStamp': '2025-03-06T10:19:49Z', 'temperature': 15, 'trace_id': '3d761e19-9edf-45b9-9474-0f7ab934dacc'}}
2025-03-06 12:10:04,104 - basicLogger - INFO - Message: {'type': 'temperature', 'datetime': '2025-03-06T10:19:50', 'payload': {'eventID': 'fcd97b3e-55f5-45c4-b9c8-63ddf7de6de3', 'deviceID': 'device123', 'timeStamp': '2025-03-06T10:19:49Z', 'temperature': 28, 'trace_id': '4fdad32d-ef75-4cef-ba74-f2c8a7a386e8'}}
2025-03-06 12:10:04,114 - basicLogger - INFO - Message: {'type': 'temperature', 'datetime': '2025-03-06T10:19:50', 'payload': {'eventID': '764c02b6-eb0b-40f7-9c6d-e61d509746fa', 'deviceID': 'device123', 'timeStamp': '2025-03-06T10:19:49Z', 'temperature': 29, 'trace_id': '42ffb986-8309-4a7d-9221-36f9ea5b5f80'}}
2025-03-06 12:10:04,123 - basicLogger - INFO - Message: {'type': 'temperature', 'datetime': '2025-03-06T10:19:50', 'payload': {'eventID': 'ec6164f9-743c-469b-8f7d-025768fe845b', 'deviceID': 'device123', 'timeStamp': '2025-03-06T10:19:49Z', 'temperature': 26, 'trace_id': '0211ed04-ed67-488c-a45f-e322407e905c'}}
2025-03-06 12:10:04,133 - basicLogger - INFO - Message: {'type': 'temperature', 'datetime': '2025-03-06T10:19:50', 'payload': {'eventID': '58985cdb-43d9-47c7-9074-2e1a37e48490', 'deviceID': 'device123', 'timeStamp': '2025-03-06T10:19:49Z', 'temperature': 23, 'trace_id': 'e8c2ce0e-aaf8-42f6-b8dd-abaca4b45896'}}
2025-03-06 12:10:04,142 - basicLogger - INFO - Message: {'type': 'temperature', 'datetime': '2025-03-06T10:19:50', 'payload': {'eventID': '545409df-4b4f-4737-b55b-010cdd20d001', 'deviceID': 'device123', 'timeStamp': '2025-03-06T10:19:49Z', 'temperature': 34, 'trace_id': '16e1530a-7d96-4698-91ca-e7f944fa03c2'}}
2025-03-06 12:10:04,151 - basicLogger - INFO - Message: {'type': 'temperature', 'datetime': '2025-03-06T10:19:50', 'payload': {'eventID': '611ad41d-07d7-4760-8f15-24c61d07eb27', 'deviceID': 'device123', 'timeStamp': '2025-03-06T10:19:49Z', 'temperature': 31, 'trace_id': '17758c87-90e9-402e-86e1-06b1bd14ad2c'}}
2025-03-06 12:10:04,161 - basicLogger - INFO - Message: {'type': 'temperature', 'datetime': '2025-03-06T10:19:50', 'payload': {'eventID': 'f214c14d-8afd-4408-aa79-2b0bcdbd0c37', 'deviceID': 'device123', 'timeStamp': '2025-03-06T10:19:49Z', 'temperature': 29, 'trace_id': '0533ee37-2909-446e-be73-e66401684ee0'}}
2025-03-06 12:10:04,170 - basicLogger - INFO - Message: {'type': 'wind-speed', 'datetime': '2025-03-06T10:19:50', 'payload': {'eventID': '59393c17-7c5d-45df-8a7b-9d319960b936', 'deviceID': 'windSensor-001', 'timeStamp': '2025-03-06T10:19:49Z', 'windspeed': 9, 'location': {'latitude': 38, 'longitude': -71}, 'trace_id': 'e80f97d1-ba45-4815-ada5-91d2fa09463e'}}
2025-03-06 12:10:04,180 - basicLogger - INFO - Message: {'type': 'temperature', 'datetime': '2025-03-06T10:19:50', 'payload': {'eventID': '57a3b4b0-c3a9-45cf-8e97-7a72193ffb60', 'deviceID': 'device123', 'timeStamp': '2025-03-06T10:19:49Z', 'temperature': 18, 'trace_id': 'be672a6d-8cd7-4845-b932-56eb7fdbace6'}}
2025-03-06 12:10:04,188 - basicLogger - INFO - Message: {'type': 'temperature', 'datetime': '2025-03-06T10:19:50', 'payload': {'eventID': 'd7862530-4c63-4f97-ab04-ba6a4a50a09c', 'deviceID': 'device123', 'timeStamp': '2025-03-06T10:19:49Z', 'temperature': 21, 'trace_id': '7ff93945-7e02-40bc-94d2-1ca3ed90d461'}}
2025-03-06 12:10:04,197 - basicLogger - INFO - Message: {'type': 'temperature', 'datetime': '2025-03-06T10:19:50', 'payload': {'eventID': '3a3d4b92-b797-4686-9631-abfa1ad57736', 'deviceID': 'device123', 'timeStamp': '2025-03-06T10:19:49Z', 'temperature': 22, 'trace_id': '438cd5ab-7c64-4433-9d05-46fe7a1dfc68'}}
2025-03-06 12:10:04,205 - basicLogger - INFO - Message: {'type': 'temperature', 'datetime': '2025-03-06T10:19:50', 'payload': {'eventID': '0a0d77c7-a4df-4002-85b3-9610539192bb', 'deviceID': 'device123', 'timeStamp': '2025-03-06T10:19:49Z', 'temperature': 25, 'trace_id': '344c284d-cbcb-4e12-bbf0-225dea5dd346'}}
2025-03-06 12:10:04,215 - basicLogger - INFO - Message: {'type': 'wind-speed', 'datetime': '2025-03-06T10:19:50', 'payload': {'eventID': '47b7c749-810a-48e2-9538-8af9b5098f21', 'deviceID': 'windSensor-001', 'timeStamp': '2025-03-06T10:19:49Z', 'windspeed': 8, 'location': {'latitude': 39, 'longitude': -71}, 'trace_id': '70615f94-3e81-445b-8664-ed7b0a1d1a03'}}
2025-03-06 12:10:04,224 - basicLogger - INFO - Message: {'type': 'temperature', 'datetime': '2025-03-06T10:19:50', 'payload': {'eventID': 'cbec8f1d-0f52-4992-88ec-f7c1227b3153', 'deviceID': 'device123', 'timeStamp': '2025-03-06T10:19:49Z', 'temperature': 31, 'trace_id': '238dac91-24aa-4a7b-b1ed-af7bfb8a8000'}}
2025-03-06 12:10:04,233 - basicLogger - INFO - Message: {'type': 'temperature', 'datetime': '2025-03-06T10:19:50', 'payload': {'eventID': 'fdb3fb32-1870-44b1-a357-0194953e2980', 'deviceID': 'device123', 'timeStamp': '2025-03-06T10:19:49Z', 'temperature': 34, 'trace_id': '2aa7f2bb-4ecf-4f03-8239-55ec44608608'}}
2025-03-06 12:10:04,244 - basicLogger - INFO - Message: {'type': 'temperature', 'datetime': '2025-03-06T10:19:50', 'payload': {'eventID': '4c032f71-4ac7-4c01-bcea-11cbc197335a', 'deviceID': 'device123', 'timeStamp': '2025-03-06T10:19:49Z', 'temperature': 26, 'trace_id': '3566afec-fb27-4842-abed-8bf0dab2c9a4'}}
2025-03-06 12:10:04,253 - basicLogger - INFO - Message: {'type': 'temperature', 'datetime': '2025-03-06T10:19:50', 'payload': {'eventID': '9f00d3b3-963d-4ea3-b16d-b1e5f9f4d7e5', 'deviceID': 'device123', 'timeStamp': '2025-03-06T10:19:49Z', 'temperature': 16, 'trace_id': '860cb341-3d1e-4828-a4e7-47461ba14088'}}
2025-03-06 12:10:04,262 - basicLogger - INFO - Message: {'type': 'temperature', 'datetime': '2025-03-06T10:19:50', 'payload': {'eventID': '10c47431-07ef-409a-853b-cbc10311f2b3', 'deviceID': 'device123', 'timeStamp': '2025-03-06T10:19:49Z', 'temperature': 28, 'trace_id': '9b9822d6-61a5-4825-a88e-191cc30f49ed'}}
2025-03-06 12:10:04,271 - basicLogger - INFO - Message: {'type': 'wind-speed', 'datetime': '2025-03-06T10:19:50', 'payload': {'eventID': '4bf97e98-e00b-4717-861b-d9405120e99e', 'deviceID': 'windSensor-001', 'timeStamp': '2025-03-06T10:19:49Z', 'windspeed': 13, 'location': {'latitude': 45, 'longitude': -75}, 'trace_id': 'c0af4957-8b09-4b12-becf-42cb24dc5720'}}
2025-03-06 12:10:04,281 - basicLogger - INFO - Message: {'type': 'temperature', 'datetime': '2025-03-06T10:19:50', 'payload': {'eventID': 'a3f3c922-b861-4731-b715-12fd3bd4c69f', 'deviceID': 'device123', 'timeStamp': '2025-03-06T10:19:49Z', 'temperature': 33, 'trace_id': '11ae8153-f3ff-47fb-943c-6920b6f24369'}}
2025-03-06 12:10:04,290 - basicLogger - INFO - Message: {'type': 'temperature', 'datetime': '2025-03-06T10:19:50', 'payload': {'eventID': '262c2eba-5662-4184-8dd1-353291ad5c5d', 'deviceID': 'device123', 'timeStamp': '2025-03-06T10:19:49Z', 'temperature': 26, 'trace_id': '47e7bb2f-827c-41c3-968c-dd230821010a'}}
2025-03-06 12:10:04,299 - basicLogger - INFO - Message: {'type': 'temperature', 'datetime': '2025-03-06T10:19:50', 'payload': {'eventID': '7ab2f44a-c1b7-4cfe-a003-558721a04873', 'deviceID': 'device123', 'timeStamp': '2025-03-06T10:19:49Z', 'temperature': 16, 'trace_id': '7b9e0843-1646-4ee7-bdb6-df2a57542219'}}
2025-03-06 12:10:04,308 - basicLogger - INFO - Message: {'type': 'wind-speed', 'datetime': '2025-03-06T10:19:50', 'payload': {'eventID': 'd256036c-cec3-459e-a87f-edf06500e94e', 'deviceID': 'windSensor-001', 'timeStamp': '2025-03-06T10:19:49Z', 'windspeed': 22, 'location': {'latitude': 42, 'longitude': -72}, 'trace_id': '76c6950d-8d3f-4353-bcd6-4ac10877a4b4'}}
2025-03-06 12:10:04,318 - basicLogger - INFO - Message: {'type': 'wind-speed', 'datetime': '2025-03-06T10:19:50', 'payload': {'eventID': '1e55777c-3bbf-4acf-ac31-b60bf0e5190c', 'deviceID': 'windSensor-001', 'timeStamp': '2025-03-06T10:19:49Z', 'windspeed': 22, 'location': {'latitude': 36, 'longitude': -73}, 'trace_id': '05d5c4b3-a121-410b-9c1e-5de452a97873'}}
2025-03-06 12:10:04,327 - basicLogger - INFO - Message: {'type': 'wind-speed', 'datetime': '2025-03-06T10:19:50', 'payload': {'eventID': 'dc774587-e50e-4071-ba18-7c1e81aa6528', 'deviceID': 'windSensor-001', 'timeStamp': '2025-03-06T10:19:49Z', 'windspeed': 17, 'location': {'latitude': 41, 'longitude': -80}, 'trace_id': '7f0e4e86-e231-4a8a-bb00-16565bc31c76'}}
2025-03-06 12:10:04,336 - basicLogger - INFO - Message: {'type': 'wind-speed', 'datetime': '2025-03-06T10:19:50', 'payload': {'eventID': '2b1aec5b-bed7-4d7a-b639-f61ebc7c7754', 'deviceID': 'windSensor-001', 'timeStamp': '2025-03-06T10:19:49Z', 'windspeed': 19, 'location': {'latitude': 44, 'longitude': -71}, 'trace_id': '7b11bfff-3038-46f4-8cc1-08e5479ea0c0'}}
2025-03-06 12:10:04,346 - basicLogger - INFO - Message: {'type': 'wind-speed', 'datetime': '2025-03-06T10:19:50', 'payload': {'eventID': 'a1d165a6-de51-405a-806b-315b577ebecb', 'deviceID': 'windSensor-001', 'timeStamp': '2025-03-06T10:19:49Z', 'windspeed': 25, 'location': {'latitude': 41, 'longitude': -80}, 'trace_id': '6bf040ce-a879-4cae-be81-7f4ae0a93f64'}}
2025-03-06 12:10:04,355 - basicLogger - INFO - Message: {'type': 'temperature', 'datetime': '2025-03-06T10:19:50', 'payload': {'eventID': 'c1ffcfb7-5e37-49fb-9e6f-a3a42b4271ca', 'deviceID': 'device123', 'timeStamp': '2025-03-06T10:19:49Z', 'temperature': 15, 'trace_id': '21a53b17-8faf-4fce-8ecf-f98e8eaa6e6d'}}
2025-03-06 12:10:04,366 - basicLogger - INFO - Message: {'type': 'temperature', 'datetime': '2025-03-06T10:19:50', 'payload': {'eventID': 'e6b989e9-de72-4471-889e-8225ab61fbea', 'deviceID': 'device123', 'timeStamp': '2025-03-06T10:19:49Z', 'temperature': 35, 'trace_id': '1ab5dad5-7671-414a-9d91-4a1d55b3a1a4'}}
2025-03-06 12:10:04,382 - basicLogger - INFO - Message: {'type': 'temperature', 'datetime': '2025-03-06T10:19:50', 'payload': {'eventID': '36b98584-a329-4d21-96ad-1bbc608c7fd6', 'deviceID': 'device123', 'timeStamp': '2025-03-06T10:19:49Z', 'temperature': 23, 'trace_id': '5861a4e6-784d-4c70-867d-adb612b0760b'}}
2025-03-06 12:10:04,396 - basicLogger - INFO - Message: {'type': 'temperature', 'datetime': '2025-03-06T10:19:50', 'payload': {'eventID': '21e95932-03e2-4b33-a53f-66c78b60957c', 'deviceID': 'device123', 'timeStamp': '2025-03-06T10:19:49Z', 'temperature': 30, 'trace_id': '06598de8-1fca-4103-ac69-21ac08d6afe8'}}
2025-03-06 12:10:04,412 - basicLogger - INFO - Message: {'type': 'temperature', 'datetime': '2025-03-06T10:19:50', 'payload': {'eventID': 'c719c684-1545-40d0-b014-64665c6dfce7', 'deviceID': 'device123', 'timeStamp': '2025-03-06T10:19:49Z', 'temperature': 16, 'trace_id': '66c72c14-aa8a-435c-90c2-987c7f5230e3'}}
2025-03-06 12:10:04,421 - basicLogger - INFO - Message: {'type': 'temperature', 'datetime': '2025-03-06T10:19:50', 'payload': {'eventID': '94da11a5-b8e8-4dd3-9ac9-04f461bf9dae', 'deviceID': 'device123', 'timeStamp': '2025-03-06T10:19:49Z', 'temperature': 26, 'trace_id': 'c0a6b04d-28ab-406d-b613-5941a78aa31e'}}
2025-03-06 12:10:04,429 - basicLogger - INFO - Message: {'type': 'temperature', 'datetime': '2025-03-06T10:19:50', 'payload': {'eventID': '34735657-84be-4b5e-b674-c4575013a860', 'deviceID': 'device123', 'timeStamp': '2025-03-06T10:19:49Z', 'temperature': 21, 'trace_id': '6cf57948-da3b-4ba0-b325-d7c81fbdaa20'}}
2025-03-06 12:10:04,437 - basicLogger - INFO - Message: {'type': 'temperature', 'datetime': '2025-03-06T10:19:50', 'payload': {'eventID': '704159b1-03ad-40b9-bf7f-700de32a0549', 'deviceID': 'device123', 'timeStamp': '2025-03-06T10:19:49Z', 'temperature': 28, 'trace_id': '4ea1b280-a8d4-4fbd-89f7-e7b9b785191c'}}
2025-03-06 12:10:04,448 - basicLogger - INFO - Message: {'type': 'temperature', 'datetime': '2025-03-06T10:19:50', 'payload': {'eventID': '11e3484d-1be2-401e-9862-f5d2968266fe', 'deviceID': 'device123', 'timeStamp': '2025-03-06T10:19:49Z', 'temperature': 24, 'trace_id': '62e7f158-f794-48a2-8df6-cfa74bec79cc'}}
2025-03-06 12:10:04,463 - basicLogger - INFO - Message: {'type': 'temperature', 'datetime': '2025-03-06T10:19:50', 'payload': {'eventID': '1c9f429f-80a0-455a-a991-c22aa1ba50a5', 'deviceID': 'device123', 'timeStamp': '2025-03-06T10:19:49Z', 'temperature': 27, 'trace_id': 'dcc09f49-f049-4cad-adc7-4a2baf32d33f'}}
2025-03-06 12:10:04,478 - basicLogger - INFO - Message: {'type': 'wind-speed', 'datetime': '2025-03-06T10:19:50', 'payload': {'eventID': '37d1a1ff-8191-41eb-9bdd-f85932700a57', 'deviceID': 'windSensor-001', 'timeStamp': '2025-03-06T10:19:49Z', 'windspeed': 26, 'location': {'latitude': 43, 'longitude': -71}, 'trace_id': 'bcda453c-56a5-4e04-b738-5863c6a35d4a'}}
2025-03-06 12:10:04,493 - basicLogger - INFO - Message: {'type': 'wind-speed', 'datetime': '2025-03-06T10:19:50', 'payload': {'eventID': 'a760446a-7cfd-4359-b188-e3bfee0753fc', 'deviceID': 'windSensor-001', 'timeStamp': '2025-03-06T10:19:49Z', 'windspeed': 22, 'location': {'latitude': 42, 'longitude': -77}, 'trace_id': '5521fb39-063c-4b2e-9f7f-53882f6d0a04'}}
2025-03-06 12:10:04,508 - basicLogger - INFO - Message: {'type': 'temperature', 'datetime': '2025-03-06T10:19:50', 'payload': {'eventID': '3416a779-bd69-4b5a-ba28-ed97d7700634', 'deviceID': 'device123', 'timeStamp': '2025-03-06T10:19:49Z', 'temperature': 27, 'trace_id': '908e4aeb-1e67-4642-9431-e2c286434f12'}}
2025-03-06 12:10:04,523 - basicLogger - INFO - Message: {'type': 'wind-speed', 'datetime': '2025-03-06T10:19:50', 'payload': {'eventID': 'b9c9dbd1-6e71-4be6-97c3-32e0efd28d23', 'deviceID': 'windSensor-001', 'timeStamp': '2025-03-06T10:19:49Z', 'windspeed': 7, 'location': {'latitude': 39, 'longitude': -72}, 'trace_id': '8d27deac-e1a6-45e4-821e-3f0ea11ce0ab'}}
2025-03-06 12:10:04,538 - basicLogger - INFO - Message: {'type': 'temperature', 'datetime': '2025-03-06T10:19:50', 'payload': {'eventID': 'bbb1007f-e9b6-4255-9dea-e9e6150ef405', 'deviceID': 'device123', 'timeStamp': '2025-03-06T10:19:49Z', 'temperature': 30, 'trace_id': 'a9a4b374-93ca-4cbe-aae2-7f09eba05b2b'}}
2025-03-06 12:10:04,553 - basicLogger - INFO - Message: {'type': 'temperature', 'datetime': '2025-03-06T10:19:50', 'payload': {'eventID': 'eb86207b-fe1f-4ab6-a3cb-c1cf5a71509b', 'deviceID': 'device123', 'timeStamp': '2025-03-06T10:19:49Z', 'temperature': 22, 'trace_id': '9df19c1a-3e0e-42c1-8f66-75fd74566142'}}
2025-03-06 12:10:04,565 - basicLogger - INFO - Message: {'type': 'temperature', 'datetime': '2025-03-06T10:19:50', 'payload': {'eventID': 'da4154ef-3ec7-4774-bc89-15657d267ea7', 'deviceID': 'device123', 'timeStamp': '2025-03-06T10:19:49Z', 'temperature': 15, 'trace_id': 'eb6777d4-9a08-4d16-b82d-51a4f0916044'}}
2025-03-06 12:10:04,575 - basicLogger - INFO - Message: {'type': 'temperature', 'datetime': '2025-03-06T10:19:50', 'payload': {'eventID': '31ebd7c2-d140-4c0f-8ad3-8133af72113b', 'deviceID': 'device123', 'timeStamp': '2025-03-06T10:19:49Z', 'temperature': 34, 'trace_id': '4072e8c1-a366-4711-ae46-a4551359ba08'}}
2025-03-06 12:10:04,586 - basicLogger - INFO - Message: {'type': 'temperature', 'datetime': '2025-03-06T10:19:50', 'payload': {'eventID': 'b1f9f274-cca5-4c99-bef3-b8bdad9b4a59', 'deviceID': 'device123', 'timeStamp': '2025-03-06T10:19:49Z', 'temperature': 18, 'trace_id': '77297c39-559e-4999-aa8b-790fd60535c2'}}
2025-03-06 12:10:04,597 - basicLogger - INFO - Message: {'type': 'wind-speed', 'datetime': '2025-03-06T10:19:50', 'payload': {'eventID': '2149a809-16e7-4c8b-861c-a34dba5ff7a7', 'deviceID': 'windSensor-001', 'timeStamp': '2025-03-06T10:19:50Z', 'windspeed': 9, 'location': {'latitude': 44, 'longitude': -78}, 'trace_id': '3d0149cb-e04f-4a95-9852-ec0f65bc6250'}}
2025-03-06 12:10:04,615 - basicLogger - INFO - Message: {'type': 'wind-speed', 'datetime': '2025-03-06T10:19:50', 'payload': {'eventID': '3206a22a-b8e7-47f7-ae5e-0a71f98ecfff', 'deviceID': 'windSensor-001', 'timeStamp': '2025-03-06T10:19:50Z', 'windspeed': 27, 'location': {'latitude': 37, 'longitude': -76}, 'trace_id': 'd1dbd8cc-34d4-4aa4-8a0a-fc6d6ed7aab5'}}
2025-03-06 12:10:04,628 - basicLogger - INFO - Message: {'type': 'wind-speed', 'datetime': '2025-03-06T10:19:50', 'payload': {'eventID': '04dba15b-376c-4bc2-b38f-75cbd81c04f9', 'deviceID': 'windSensor-001', 'timeStamp': '2025-03-06T10:19:50Z', 'windspeed': 18, 'location': {'latitude': 39, 'longitude': -70}, 'trace_id': '97e92800-9314-4f9e-93d3-b857e8b04f5c'}}
2025-03-06 12:10:04,640 - basicLogger - INFO - Message: {'type': 'wind-speed', 'datetime': '2025-03-06T10:19:50', 'payload': {'eventID': '4e91fe4f-80e4-46f0-a196-9db69fcfb111', 'deviceID': 'windSensor-001', 'timeStamp': '2025-03-06T10:19:50Z', 'windspeed': 6, 'location': {'latitude': 42, 'longitude': -76}, 'trace_id': 'e39c6c2e-b2c1-4764-a774-7422896193f7'}}
2025-03-06 12:10:04,649 - basicLogger - INFO - Message: {'type': 'temperature', 'datetime': '2025-03-06T10:19:50', 'payload': {'eventID': '9984ea4e-e52b-4cef-9605-a1513f859007', 'deviceID': 'device123', 'timeStamp': '2025-03-06T10:19:50Z', 'temperature': 16, 'trace_id': 'e36a7304-600a-43ef-ae4a-fe8000f43dfd'}}
2025-03-06 12:10:04,658 - basicLogger - INFO - Message: {'type': 'wind-speed', 'datetime': '2025-03-06T10:19:50', 'payload': {'eventID': '717135e3-9af2-4664-afa0-b35b05e5b62b', 'deviceID': 'windSensor-001', 'timeStamp': '2025-03-06T10:19:50Z', 'windspeed': 21, 'location': {'latitude': 43, 'longitude': -72}, 'trace_id': 'e8a0b90a-eb63-4da1-bf4e-61cc8e982364'}}
2025-03-06 12:10:04,668 - basicLogger - INFO - Message: {'type': 'temperature', 'datetime': '2025-03-06T10:19:50', 'payload': {'eventID': 'af813f3f-a853-48f9-ba61-a8c14853f747', 'deviceID': 'device123', 'timeStamp': '2025-03-06T10:19:50Z', 'temperature': 28, 'trace_id': 'ccacf068-59a9-4065-9c58-389680d4cb7e'}}
2025-03-06 12:10:04,676 - basicLogger - INFO - Message: {'type': 'temperature', 'datetime': '2025-03-06T10:19:50', 'payload': {'eventID': '94eefc63-ad26-46e3-b7fa-32eef0fd3e95', 'deviceID': 'device123', 'timeStamp': '2025-03-06T10:19:50Z', 'temperature': 35, 'trace_id': '9d3b9355-a71a-4ed7-a808-7cf052899cd1'}}
2025-03-06 12:10:04,685 - basicLogger - INFO - Message: {'type': 'temperature', 'datetime': '2025-03-06T10:19:50', 'payload': {'eventID': '33c09bc6-e23c-412d-80ad-459a475b19b8', 'deviceID': 'device123', 'timeStamp': '2025-03-06T10:19:50Z', 'temperature': 15, 'trace_id': '4846e412-c59d-4cb2-b0f5-d4ee7c896059'}}
2025-03-06 12:10:04,694 - basicLogger - INFO - Message: {'type': 'wind-speed', 'datetime': '2025-03-06T10:19:50', 'payload': {'eventID': '3df1b969-4f8b-4d8d-b357-b1aad8e46434', 'deviceID': 'windSensor-001', 'timeStamp': '2025-03-06T10:19:50Z', 'windspeed': 29, 'location': {'latitude': 37, 'longitude': -79}, 'trace_id': 'f8b9dd7d-d1b5-4d21-bc1d-85d9a333061d'}}
2025-03-06 12:10:04,703 - basicLogger - INFO - Message: {'type': 'wind-speed', 'datetime': '2025-03-06T10:19:50', 'payload': {'eventID': '37edf893-8cc0-440d-86bd-61c1070b76c8', 'deviceID': 'windSensor-001', 'timeStamp': '2025-03-06T10:19:50Z', 'windspeed': 14, 'location': {'latitude': 42, 'longitude': -70}, 'trace_id': '76510a01-a175-4a77-a8aa-fc87499e5385'}}
2025-03-06 12:10:04,712 - basicLogger - INFO - Message: {'type': 'wind-speed', 'datetime': '2025-03-06T10:19:50', 'payload': {'eventID': 'c4103315-657f-4fc7-9d1a-94243dbc6f92', 'deviceID': 'windSensor-001', 'timeStamp': '2025-03-06T10:19:50Z', 'windspeed': 18, 'location': {'latitude': 42, 'longitude': -77}, 'trace_id': 'b288538a-9f97-4efa-9e36-35ce12e28a18'}}
2025-03-06 12:10:04,720 - basicLogger - INFO - Message: {'type': 'wind-speed', 'datetime': '2025-03-06T10:19:50', 'payload': {'eventID': '48ea8765-b475-4e0d-8666-331439eb9514', 'deviceID': 'windSensor-001', 'timeStamp': '2025-03-06T10:19:50Z', 'windspeed': 27, 'location': {'latitude': 42, 'longitude': -72}, 'trace_id': '4d855d08-d797-4d0d-b430-66b536d36aa7'}}
2025-03-06 12:10:04,729 - basicLogger - INFO - Message: {'type': 'temperature', 'datetime': '2025-03-06T10:19:50', 'payload': {'eventID': '9567237d-82bd-47a4-965c-8ba8891f189f', 'deviceID': 'device123', 'timeStamp': '2025-03-06T10:19:50Z', 'temperature': 31, 'trace_id': '3d112cf9-81ba-41b8-90f5-402987cfcff0'}}
2025-03-06 12:10:04,738 - basicLogger - INFO - Message: {'type': 'wind-speed', 'datetime': '2025-03-06T10:19:50', 'payload': {'eventID': '3958021a-5855-42ad-bc4f-6de9387b854e', 'deviceID': 'windSensor-001', 'timeStamp': '2025-03-06T10:19:50Z', 'windspeed': 18, 'location': {'latitude': 43, 'longitude': -80}, 'trace_id': 'c8eb3bf5-7c8e-4686-98e0-319c574184e2'}}
2025-03-06 12:10:04,747 - basicLogger - INFO - Message: {'type': 'wind-speed', 'datetime': '2025-03-06T10:19:50', 'payload': {'eventID': 'e7d05f41-6d6e-46ca-8a2e-35c0ab957781', 'deviceID': 'windSensor-001', 'timeStamp': '2025-03-06T10:19:50Z', 'windspeed': 27, 'location': {'latitude': 36, 'longitude': -80}, 'trace_id': '37b1e6af-de9e-42e4-abfb-c8eaf84c8ecd'}}
2025-03-06 12:10:04,756 - basicLogger - INFO - Message: {'type': 'wind-speed', 'datetime': '2025-03-06T10:19:50', 'payload': {'eventID': '42e7be8d-2c82-4210-91f2-79ece5b42cd6', 'deviceID': 'windSensor-001', 'timeStamp': '2025-03-06T10:19:50Z', 'windspeed': 28, 'location': {'latitude': 36, 'longitude': -72}, 'trace_id': '198cece4-d8c9-4244-86de-c5934912b271'}}
2025-03-06 12:10:04,765 - basicLogger - INFO - Message: {'type': 'temperature', 'datetime': '2025-03-06T10:19:50', 'payload': {'eventID': 'ff30391a-cbf4-4710-81a7-9db95a897696', 'deviceID': 'device123', 'timeStamp': '2025-03-06T10:19:50Z', 'temperature': 30, 'trace_id': '1ab268bb-b4ec-43a0-9bc1-804c7cf986c9'}}
2025-03-06 12:10:04,783 - basicLogger - INFO - Message: {'type': 'temperature', 'datetime': '2025-03-06T10:19:50', 'payload': {'eventID': '8d547dab-b941-46d9-8d4e-041db631e0ae', 'deviceID': 'device123', 'timeStamp': '2025-03-06T10:19:50Z', 'temperature': 20, 'trace_id': 'fc98c35d-20a9-4600-912e-6d448acecd70'}}
2025-03-06 12:10:04,792 - basicLogger - INFO - Message: {'type': 'temperature', 'datetime': '2025-03-06T10:19:50', 'payload': {'eventID': 'fb78ad7d-0a02-4846-b048-093b1f81a203', 'deviceID': 'device123', 'timeStamp': '2025-03-06T10:19:50Z', 'temperature': 16, 'trace_id': '7554f17b-c1f5-4a3f-98a0-45eae8acf0ff'}}
2025-03-06 12:10:04,801 - basicLogger - INFO - Message: {'type': 'temperature', 'datetime': '2025-03-06T10:19:50', 'payload': {'eventID': '61a7c9a4-6d87-443d-8c5f-dbf7670b3e9c', 'deviceID': 'device123', 'timeStamp': '2025-03-06T10:19:50Z', 'temperature': 17, 'trace_id': '469634fd-4374-45ab-9f26-620ab6aa99f1'}}
2025-03-06 12:10:04,811 - basicLogger - INFO - Message: {'type': 'temperature', 'datetime': '2025-03-06T10:19:50', 'payload': {'eventID': 'dc9fa8d2-85bd-44b2-b9f5-f7b0c354f15e', 'deviceID': 'device123', 'timeStamp': '2025-03-06T10:19:50Z', 'temperature': 26, 'trace_id': 'a3b02dac-015a-46a9-9a91-87a29ec1ba9e'}}
2025-03-06 12:10:04,820 - basicLogger - INFO - Message: {'type': 'temperature', 'datetime': '2025-03-06T10:19:50', 'payload': {'eventID': '7b7599e6-5e52-47f6-bbd3-1780b6af5b4a', 'deviceID': 'device123', 'timeStamp': '2025-03-06T10:19:50Z', 'temperature': 28, 'trace_id': '9dcc152f-d667-48df-9c9c-57dd03d354fd'}}
2025-03-06 12:10:04,829 - basicLogger - INFO - Message: {'type': 'temperature', 'datetime': '2025-03-06T10:19:50', 'payload': {'eventID': '91ded317-eb37-461b-a658-9c36045dff66', 'deviceID': 'device123', 'timeStamp': '2025-03-06T10:19:50Z', 'temperature': 33, 'trace_id': '5fc48189-810f-4258-a08e-4a6daf07e5d2'}}
2025-03-06 12:10:04,838 - basicLogger - INFO - Message: {'type': 'wind-speed', 'datetime': '2025-03-06T10:19:50', 'payload': {'eventID': 'f0bbf92c-30ae-4649-97f0-4a4b7423a196', 'deviceID': 'windSensor-001', 'timeStamp': '2025-03-06T10:19:50Z', 'windspeed': 28, 'location': {'latitude': 43, 'longitude': -78}, 'trace_id': '9e380b38-cbaf-4f1e-9724-2c3f603993c1'}}
2025-03-06 12:10:04,847 - basicLogger - INFO - Message: {'type': 'wind-speed', 'datetime': '2025-03-06T10:19:50', 'payload': {'eventID': '2078fba6-5661-494f-91e1-99e22fe565f4', 'deviceID': 'windSensor-001', 'timeStamp': '2025-03-06T10:19:50Z', 'windspeed': 29, 'location': {'latitude': 42, 'longitude': -70}, 'trace_id': 'e70540f2-f668-4f7a-adb8-50713c240fcb'}}
2025-03-06 12:10:04,857 - basicLogger - INFO - Message: {'type': 'temperature', 'datetime': '2025-03-06T10:19:50', 'payload': {'eventID': '92f6f6c7-5ff4-4209-8260-720872dc571b', 'deviceID': 'device123', 'timeStamp': '2025-03-06T10:19:50Z', 'temperature': 31, 'trace_id': 'a9928896-5ce8-4748-b22c-72c32363918d'}}
2025-03-06 12:10:04,866 - basicLogger - INFO - Message: {'type': 'temperature', 'datetime': '2025-03-06T10:19:50', 'payload': {'eventID': '994349ef-be66-4ff9-8f56-6502e927e5d2', 'deviceID': 'device123', 'timeStamp': '2025-03-06T10:19:50Z', 'temperature': 24, 'trace_id': 'c4cfbe66-922f-4fce-915f-592288f0b6f2'}}
2025-03-06 12:10:04,875 - basicLogger - INFO - Message: {'type': 'temperature', 'datetime': '2025-03-06T10:19:50', 'payload': {'eventID': '9e268af7-5cdf-42ba-8a0a-7a3db915b692', 'deviceID': 'device123', 'timeStamp': '2025-03-06T10:19:50Z', 'temperature': 29, 'trace_id': 'b74d22cd-62db-4a14-b65d-329e80adaddc'}}
2025-03-06 12:10:04,885 - basicLogger - INFO - Message: {'type': 'temperature', 'datetime': '2025-03-06T10:19:50', 'payload': {'eventID': 'b2a3de6e-29dc-4463-93fc-d79583203633', 'deviceID': 'device123', 'timeStamp': '2025-03-06T10:19:50Z', 'temperature': 24, 'trace_id': '60a187ee-4812-4fec-8124-5bdf7436ca6e'}}
2025-03-06 12:10:04,894 - basicLogger - INFO - Message: {'type': 'wind-speed', 'datetime': '2025-03-06T10:19:50', 'payload': {'eventID': '4022c9d1-046b-4516-8260-93d4f3cd7d6d', 'deviceID': 'windSensor-001', 'timeStamp': '2025-03-06T10:19:50Z', 'windspeed': 23, 'location': {'latitude': 45, 'longitude': -78}, 'trace_id': 'b221fa18-6b20-4dbb-8b09-1106b0a325b4'}}
2025-03-06 12:10:04,903 - basicLogger - INFO - Message: {'type': 'temperature', 'datetime': '2025-03-06T10:19:50', 'payload': {'eventID': 'b59b0968-71b1-4e6c-a12e-614197d49dd5', 'deviceID': 'device123', 'timeStamp': '2025-03-06T10:19:50Z', 'temperature': 30, 'trace_id': '43532cac-7da3-4c5a-8672-c99e64dfa200'}}
2025-03-06 12:10:04,913 - basicLogger - INFO - Message: {'type': 'temperature', 'datetime': '2025-03-06T10:19:50', 'payload': {'eventID': '647ee502-0395-49ff-9312-1afa1ce0db69', 'deviceID': 'device123', 'timeStamp': '2025-03-06T10:19:50Z', 'temperature': 33, 'trace_id': '8e2df0e8-0631-4bf6-b0fe-d7f34d60dbef'}}
2025-03-06 12:10:04,923 - basicLogger - INFO - Message: {'type': 'wind-speed', 'datetime': '2025-03-06T10:19:50', 'payload': {'eventID': '9e802749-5542-47c5-af6f-ba649fa36b68', 'deviceID': 'windSensor-001', 'timeStamp': '2025-03-06T10:19:50Z', 'windspeed': 9, 'location': {'latitude': 44, 'longitude': -80}, 'trace_id': '6037202d-4462-4f5a-afb6-2da3f6221cc3'}}
2025-03-06 12:10:04,932 - basicLogger - INFO - Message: {'type': 'temperature', 'datetime': '2025-03-06T10:19:50', 'payload': {'eventID': 'b6946428-1350-48b8-950d-848cd238e348', 'deviceID': 'device123', 'timeStamp': '2025-03-06T10:19:50Z', 'temperature': 22, 'trace_id': '01e36626-0d24-4ddc-99f7-4ba2f6e6683d'}}
2025-03-06 12:10:04,941 - basicLogger - INFO - Message: {'type': 'temperature', 'datetime': '2025-03-06T10:19:50', 'payload': {'eventID': 'e277dad2-6d48-4895-b993-e269d4300a19', 'deviceID': 'device123', 'timeStamp': '2025-03-06T10:19:50Z', 'temperature': 30, 'trace_id': '3e4a3a2e-c95d-49b0-85d7-218531e4cb42'}}
2025-03-06 12:10:04,953 - basicLogger - INFO - Message: {'type': 'wind-speed', 'datetime': '2025-03-06T10:19:50', 'payload': {'eventID': 'e725702f-8ecf-4646-b7f8-773e5d8a6c90', 'deviceID': 'windSensor-001', 'timeStamp': '2025-03-06T10:19:50Z', 'windspeed': 24, 'location': {'latitude': 45, 'longitude': -71}, 'trace_id': '0f940e4b-e111-4dcb-ab18-9e43f8cefce5'}}
2025-03-06 12:10:04,968 - basicLogger - INFO - Message: {'type': 'temperature', 'datetime': '2025-03-06T10:19:50', 'payload': {'eventID': '451bd35e-0b9d-4b2b-9e1b-1f3730aea22f', 'deviceID': 'device123', 'timeStamp': '2025-03-06T10:19:50Z', 'temperature': 31, 'trace_id': 'e60a73e1-0fc9-449b-8cef-7fb99cf245df'}}
2025-03-06 12:10:04,978 - basicLogger - INFO - Message: {'type': 'wind-speed', 'datetime': '2025-03-06T10:19:50', 'payload': {'eventID': '7f28295d-593e-4419-aaa3-bbc7eed00a61', 'deviceID': 'windSensor-001', 'timeStamp': '2025-03-06T10:19:50Z', 'windspeed': 15, 'location': {'latitude': 36, 'longitude': -77}, 'trace_id': 'f416e5e4-37d9-4820-801f-440d40498d56'}}
2025-03-06 12:10:04,988 - basicLogger - INFO - Message: {'type': 'temperature', 'datetime': '2025-03-06T10:19:50', 'payload': {'eventID': 'b8fb7b74-6a18-4b56-a4f4-06f854b7135f', 'deviceID': 'device123', 'timeStamp': '2025-03-06T10:19:50Z', 'temperature': 29, 'trace_id': '7c3a2061-0a3b-42ac-a793-78ccac0e0de7'}}
2025-03-06 12:10:04,997 - basicLogger - INFO - Message: {'type': 'temperature', 'datetime': '2025-03-06T10:19:50', 'payload': {'eventID': '0839326a-c717-4bbc-bf04-9e016db067c5', 'deviceID': 'device123', 'timeStamp': '2025-03-06T10:19:50Z', 'temperature': 31, 'trace_id': '5db155d7-6df3-4e6f-80b9-b557a1db4149'}}
2025-03-06 12:10:05,006 - basicLogger - INFO - Message: {'type': 'wind-speed', 'datetime': '2025-03-06T10:19:50', 'payload': {'eventID': '3bf2717e-6476-467c-aa7d-af6032ee3eba', 'deviceID': 'windSensor-001', 'timeStamp': '2025-03-06T10:19:50Z', 'windspeed': 11, 'location': {'latitude': 37, 'longitude': -74}, 'trace_id': 'dcb1bda0-f4ec-42d9-9a52-86b74c0d2cb6'}}
2025-03-06 12:10:05,015 - basicLogger - INFO - Message: {'type': 'temperature', 'datetime': '2025-03-06T10:19:50', 'payload': {'eventID': 'fcf3bde3-9af1-4e67-b687-7080de4fb8a3', 'deviceID': 'device123', 'timeStamp': '2025-03-06T10:19:50Z', 'temperature': 27, 'trace_id': '333ab937-27a9-4d05-b6ad-0f76ec81980e'}}
2025-03-06 12:10:05,029 - basicLogger - INFO - Message: {'type': 'temperature', 'datetime': '2025-03-06T10:19:50', 'payload': {'eventID': '4544f6a8-a98f-4507-ae40-7c08e7ce7429', 'deviceID': 'device123', 'timeStamp': '2025-03-06T10:19:50Z', 'temperature': 17, 'trace_id': '58a8f2c4-34fe-414f-85d3-f452b9f8c27b'}}
2025-03-06 12:10:05,041 - basicLogger - INFO - Message: {'type': 'wind-speed', 'datetime': '2025-03-06T10:19:50', 'payload': {'eventID': '805e51ef-453d-4af6-8196-dd36fe100bff', 'deviceID': 'windSensor-001', 'timeStamp': '2025-03-06T10:19:50Z', 'windspeed': 16, 'location': {'latitude': 38, 'longitude': -70}, 'trace_id': '3ba8b3eb-f87f-424f-939b-4f9c93363cf1'}}
2025-03-06 12:10:05,050 - basicLogger - INFO - Message: {'type': 'temperature', 'datetime': '2025-03-06T10:19:50', 'payload': {'eventID': 'd51b3ecb-3378-406a-9eae-a8b4b6b59246', 'deviceID': 'device123', 'timeStamp': '2025-03-06T10:19:50Z', 'temperature': 21, 'trace_id': 'f47cae9e-6e71-43b4-81c8-2124b09e3607'}}
2025-03-06 12:10:05,059 - basicLogger - INFO - Message: {'type': 'temperature', 'datetime': '2025-03-06T10:19:50', 'payload': {'eventID': '242fd8e3-cbd9-4ffe-a728-7af94a9191dc', 'deviceID': 'device123', 'timeStamp': '2025-03-06T10:19:50Z', 'temperature': 29, 'trace_id': 'c0637a2e-f983-4977-809a-81fbdd473e59'}}
2025-03-06 12:10:05,066 - basicLogger - INFO - Message: {'type': 'temperature', 'datetime': '2025-03-06T10:19:50', 'payload': {'eventID': 'c857c305-c6f2-4e9c-b073-991a34ab0eda', 'deviceID': 'device123', 'timeStamp': '2025-03-06T10:19:50Z', 'temperature': 29, 'trace_id': '0fedf9a6-6f94-4130-a108-17f47bc4d20d'}}
2025-03-06 12:10:05,074 - basicLogger - INFO - Message: {'type': 'wind-speed', 'datetime': '2025-03-06T10:19:50', 'payload': {'eventID': 'ed39aa44-bcc6-4044-80c9-e5624d52f58b', 'deviceID': 'windSensor-001', 'timeStamp': '2025-03-06T10:19:50Z', 'windspeed': 5, 'location': {'latitude': 38, 'longitude': -75}, 'trace_id': 'acf92295-3740-4fd7-8ce5-99a37e54a37b'}}
2025-03-06 12:10:05,082 - basicLogger - INFO - Message: {'type': 'wind-speed', 'datetime': '2025-03-06T10:19:50', 'payload': {'eventID': 'bda63dda-69fc-4acf-bbd4-ac48bfce846d', 'deviceID': 'windSensor-001', 'timeStamp': '2025-03-06T10:19:50Z', 'windspeed': 15, 'location': {'latitude': 39, 'longitude': -70}, 'trace_id': 'f1e3787e-28aa-47aa-8d42-0f35131d20b8'}}
2025-03-06 12:10:05,089 - basicLogger - INFO - Message: {'type': 'wind-speed', 'datetime': '2025-03-06T10:19:50', 'payload': {'eventID': 'a979a1f1-1382-4c08-bdc6-23b890d8df45', 'deviceID': 'windSensor-001', 'timeStamp': '2025-03-06T10:19:50Z', 'windspeed': 20, 'location': {'latitude': 41, 'longitude': -71}, 'trace_id': 'd631b012-f938-437e-8cf6-d2aa70cbc2bb'}}
2025-03-06 12:10:05,096 - basicLogger - INFO - Message: {'type': 'wind-speed', 'datetime': '2025-03-06T10:19:50', 'payload': {'eventID': '11833648-3d69-43b0-a3cd-55528cba6ddb', 'deviceID': 'windSensor-001', 'timeStamp': '2025-03-06T10:19:50Z', 'windspeed': 20, 'location': {'latitude': 41, 'longitude': -71}, 'trace_id': '8c0367f0-698f-4dc7-b5e9-2177aee86799'}}
2025-03-06 12:10:05,105 - basicLogger - INFO - Message: {'type': 'wind-speed', 'datetime': '2025-03-06T10:19:50', 'payload': {'eventID': 'bdc90563-a0c6-4349-8f8f-17abbfef97b8', 'deviceID': 'windSensor-001', 'timeStamp': '2025-03-06T10:19:50Z', 'windspeed': 29, 'location': {'latitude': 38, 'longitude': -79}, 'trace_id': 'bfaa9a1d-bcfb-4559-a982-0318cd9735a5'}}
2025-03-06 12:10:05,112 - basicLogger - INFO - Message: {'type': 'wind-speed', 'datetime': '2025-03-06T10:19:50', 'payload': {'eventID': 'd46bc3f9-fa76-45bf-9f3d-3f0003da6dee', 'deviceID': 'windSensor-001', 'timeStamp': '2025-03-06T10:19:50Z', 'windspeed': 14, 'location': {'latitude': 37, 'longitude': -79}, 'trace_id': 'e9306ec8-48e3-43ec-9d67-4fe0852fb5cf'}}
2025-03-06 12:10:05,119 - basicLogger - INFO - Message: {'type': 'wind-speed', 'datetime': '2025-03-06T10:19:50', 'payload': {'eventID': '8a92b4cd-d601-4c4d-8f01-c12c26e9cb56', 'deviceID': 'windSensor-001', 'timeStamp': '2025-03-06T10:19:50Z', 'windspeed': 10, 'location': {'latitude': 40, 'longitude': -72}, 'trace_id': '9495b818-2fac-4437-91c6-29b8433b0e9a'}}
2025-03-06 12:10:05,126 - basicLogger - INFO - Message: {'type': 'wind-speed', 'datetime': '2025-03-06T10:19:50', 'payload': {'eventID': 'c96a15a5-ff61-4f3d-b4a2-b8c4411733a3', 'deviceID': 'windSensor-001', 'timeStamp': '2025-03-06T10:19:50Z', 'windspeed': 13, 'location': {'latitude': 43, 'longitude': -79}, 'trace_id': 'cf2e5131-9734-4496-a8dc-76676cb42b6c'}}
2025-03-06 12:10:05,132 - basicLogger - INFO - Message: {'type': 'wind-speed', 'datetime': '2025-03-06T10:19:50', 'payload': {'eventID': 'fa2d7ca4-57fc-4184-88dc-794c70ce2b69', 'deviceID': 'windSensor-001', 'timeStamp': '2025-03-06T10:19:50Z', 'windspeed': 8, 'location': {'latitude': 40, 'longitude': -78}, 'trace_id': 'fd3b30b1-bd83-4a83-8013-ea3c422ab3a4'}}
2025-03-06 12:10:05,139 - basicLogger - INFO - Message: {'type': 'wind-speed', 'datetime': '2025-03-06T10:19:50', 'payload': {'eventID': '1292e4b4-1ce9-4875-83a5-3f3f5cd84f66', 'deviceID': 'windSensor-001', 'timeStamp': '2025-03-06T10:19:50Z', 'windspeed': 26, 'location': {'latitude': 40, 'longitude': -77}, 'trace_id': 'b2511598-aac8-4c6e-863e-04a9ffc59d1a'}}
2025-03-06 12:10:05,147 - basicLogger - INFO - Message: {'type': 'wind-speed', 'datetime': '2025-03-06T10:19:50', 'payload': {'eventID': 'ddfeeb07-706f-4138-9c40-796df22a70fa', 'deviceID': 'windSensor-001', 'timeStamp': '2025-03-06T10:19:50Z', 'windspeed': 28, 'location': {'latitude': 43, 'longitude': -73}, 'trace_id': '6943a629-6d01-4acf-891e-73a3c2e78efa'}}
2025-03-06 12:10:05,154 - basicLogger - INFO - Message: {'type': 'wind-speed', 'datetime': '2025-03-06T10:19:50', 'payload': {'eventID': '323c783d-0196-4420-a97b-71367e5ff8de', 'deviceID': 'windSensor-001', 'timeStamp': '2025-03-06T10:19:50Z', 'windspeed': 27, 'location': {'latitude': 42, 'longitude': -79}, 'trace_id': '9a7020a5-74dd-4acf-87fa-3da2cc82237c'}}
2025-03-06 12:10:05,161 - basicLogger - INFO - Message: {'type': 'temperature', 'datetime': '2025-03-06T10:19:50', 'payload': {'eventID': 'a3b79025-2a0b-4ae1-934e-5e3084327945', 'deviceID': 'device123', 'timeStamp': '2025-03-06T10:19:50Z', 'temperature': 33, 'trace_id': 'c43c812b-e465-4c0f-96c5-e1df24606107'}}
2025-03-06 12:10:05,168 - basicLogger - INFO - Message: {'type': 'temperature', 'datetime': '2025-03-06T10:19:50', 'payload': {'eventID': '750da0c8-89ab-4fe8-bf95-095127e1bf36', 'deviceID': 'device123', 'timeStamp': '2025-03-06T10:19:50Z', 'temperature': 31, 'trace_id': '07cdd10a-518c-4965-aded-c5ef612f4ca9'}}
2025-03-06 12:10:05,175 - basicLogger - INFO - Message: {'type': 'wind-speed', 'datetime': '2025-03-06T10:19:50', 'payload': {'eventID': 'b6009686-0e25-4193-8a65-738890b0972e', 'deviceID': 'windSensor-001', 'timeStamp': '2025-03-06T10:19:50Z', 'windspeed': 28, 'location': {'latitude': 43, 'longitude': -72}, 'trace_id': '6d43b77a-cc7f-477a-87b2-2a5e84868723'}}
2025-03-06 12:10:05,183 - basicLogger - INFO - Message: {'type': 'wind-speed', 'datetime': '2025-03-06T10:19:50', 'payload': {'eventID': '2cb728f0-da1b-4ce2-90ae-38a62f8ba3a9', 'deviceID': 'windSensor-001', 'timeStamp': '2025-03-06T10:19:50Z', 'windspeed': 30, 'location': {'latitude': 45, 'longitude': -71}, 'trace_id': '4a3d3928-4ff5-417b-bb6b-d7a63d6dceb2'}}
2025-03-06 12:10:05,194 - basicLogger - INFO - Message: {'type': 'wind-speed', 'datetime': '2025-03-06T10:19:50', 'payload': {'eventID': '9967e6b6-4fcb-4842-8732-cfec00c1eecb', 'deviceID': 'windSensor-001', 'timeStamp': '2025-03-06T10:19:50Z', 'windspeed': 16, 'location': {'latitude': 44, 'longitude': -72}, 'trace_id': '6a121158-4605-4424-93d7-1ee65b0d33e6'}}
2025-03-06 12:10:05,209 - basicLogger - INFO - Message: {'type': 'wind-speed', 'datetime': '2025-03-06T10:19:50', 'payload': {'eventID': 'f6befeab-f1ef-476e-b46e-abea5bbd35af', 'deviceID': 'windSensor-001', 'timeStamp': '2025-03-06T10:19:50Z', 'windspeed': 10, 'location': {'latitude': 37, 'longitude': -75}, 'trace_id': '74d08e83-c92a-4ab9-b17f-17150aa98076'}}
2025-03-06 12:10:05,224 - basicLogger - INFO - Message: {'type': 'wind-speed', 'datetime': '2025-03-06T10:19:50', 'payload': {'eventID': '6a7fd04d-eb30-4f64-ae2d-df8daa643df7', 'deviceID': 'windSensor-001', 'timeStamp': '2025-03-06T10:19:50Z', 'windspeed': 8, 'location': {'latitude': 39, 'longitude': -76}, 'trace_id': '2ec89e59-0b81-44c8-8faf-da635e954d3c'}}
2025-03-06 12:10:05,239 - basicLogger - INFO - Message: {'type': 'wind-speed', 'datetime': '2025-03-06T10:19:50', 'payload': {'eventID': '6ce8a5da-fdc1-4f03-9414-c13bf48f6ae9', 'deviceID': 'windSensor-001', 'timeStamp': '2025-03-06T10:19:50Z', 'windspeed': 16, 'location': {'latitude': 43, 'longitude': -78}, 'trace_id': '15abee15-f7b9-4d0f-8e94-2810bac29935'}}
2025-03-06 12:10:05,250 - basicLogger - INFO - Message: {'type': 'wind-speed', 'datetime': '2025-03-06T10:19:50', 'payload': {'eventID': '3d0c230a-8ad6-4af6-b2c7-c7600101fc5e', 'deviceID': 'windSensor-001', 'timeStamp': '2025-03-06T10:19:50Z', 'windspeed': 30, 'location': {'latitude': 37, 'longitude': -75}, 'trace_id': 'b2a09255-e2bd-48f7-906b-28b99aeeeabf'}}
2025-03-06 12:10:05,263 - basicLogger - INFO - Message: {'type': 'wind-speed', 'datetime': '2025-03-06T10:19:50', 'payload': {'eventID': '6857db46-a57f-47d1-a990-365f9e5b9b07', 'deviceID': 'windSensor-001', 'timeStamp': '2025-03-06T10:19:50Z', 'windspeed': 7, 'location': {'latitude': 42, 'longitude': -74}, 'trace_id': '113f584e-effd-4a7e-869b-0a92668dee6c'}}
2025-03-06 12:10:05,272 - basicLogger - INFO - Message: {'type': 'wind-speed', 'datetime': '2025-03-06T10:19:50', 'payload': {'eventID': '04a643f2-b059-45d0-bc76-c71f2943977f', 'deviceID': 'windSensor-001', 'timeStamp': '2025-03-06T10:19:50Z', 'windspeed': 10, 'location': {'latitude': 42, 'longitude': -71}, 'trace_id': '0284ed3d-6f9a-4373-903f-5f7c70011af4'}}
2025-03-06 12:10:05,281 - basicLogger - INFO - Message: {'type': 'wind-speed', 'datetime': '2025-03-06T10:19:50', 'payload': {'eventID': 'd8b089f3-7f75-4294-a8f2-a3cef1c712f4', 'deviceID': 'windSensor-001', 'timeStamp': '2025-03-06T10:19:50Z', 'windspeed': 17, 'location': {'latitude': 37, 'longitude': -77}, 'trace_id': '10b8f656-ff4e-4b6b-a28c-5cb86240ecc7'}}
2025-03-06 12:10:05,290 - basicLogger - INFO - Message: {'type': 'temperature', 'datetime': '2025-03-06T10:19:50', 'payload': {'eventID': 'c42cf241-a8fe-4ab6-9260-5610348c0a3d', 'deviceID': 'device123', 'timeStamp': '2025-03-06T10:19:50Z', 'temperature': 26, 'trace_id': '673159fc-939e-42d8-88ac-b54e2035dedf'}}
2025-03-06 12:10:05,300 - basicLogger - INFO - Message: {'type': 'wind-speed', 'datetime': '2025-03-06T10:19:50', 'payload': {'eventID': 'f82f0320-30a5-49d6-be47-14a927c2fdac', 'deviceID': 'windSensor-001', 'timeStamp': '2025-03-06T10:19:50Z', 'windspeed': 25, 'location': {'latitude': 36, 'longitude': -72}, 'trace_id': '1628aa89-00c8-4796-959f-226630dfd4f4'}}
2025-03-06 12:10:05,309 - basicLogger - INFO - Message: {'type': 'wind-speed', 'datetime': '2025-03-06T10:19:50', 'payload': {'eventID': 'bc1a432e-c85c-4159-8233-ed9e2ea81142', 'deviceID': 'windSensor-001', 'timeStamp': '2025-03-06T10:19:50Z', 'windspeed': 10, 'location': {'latitude': 36, 'longitude': -80}, 'trace_id': '0e932cac-732d-4142-a395-69cbd73e02d9'}}
2025-03-06 12:10:05,318 - basicLogger - INFO - Message: {'type': 'wind-speed', 'datetime': '2025-03-06T10:19:50', 'payload': {'eventID': 'e6b22462-be1e-4ca2-805b-306b4912e18c', 'deviceID': 'windSensor-001', 'timeStamp': '2025-03-06T10:19:50Z', 'windspeed': 28, 'location': {'latitude': 43, 'longitude': -70}, 'trace_id': '2af5439b-68d0-49d9-8b48-f8842f5d724c'}}
2025-03-06 12:10:05,328 - basicLogger - INFO - Message: {'type': 'temperature', 'datetime': '2025-03-06T10:19:50', 'payload': {'eventID': '8e6186bb-cf94-4d24-9236-b88c62c488e3', 'deviceID': 'device123', 'timeStamp': '2025-03-06T10:19:50Z', 'temperature': 19, 'trace_id': '974970a4-7beb-4a8d-bf9a-3838fcd12e45'}}
2025-03-06 12:10:05,337 - basicLogger - INFO - Message: {'type': 'temperature', 'datetime': '2025-03-06T10:19:50', 'payload': {'eventID': '1645fbed-062d-46cb-a8c4-02ea374965cf', 'deviceID': 'device123', 'timeStamp': '2025-03-06T10:19:50Z', 'temperature': 34, 'trace_id': '3f1ca152-9e0e-4b10-925c-178990ef6a41'}}
2025-03-06 12:10:05,347 - basicLogger - INFO - Message: {'type': 'temperature', 'datetime': '2025-03-06T10:19:50', 'payload': {'eventID': '512d6f60-5f60-49cb-8fc7-7b16cbdea774', 'deviceID': 'device123', 'timeStamp': '2025-03-06T10:19:50Z', 'temperature': 23, 'trace_id': '8488c033-fb8f-4637-983c-1a777293ce2e'}}
2025-03-06 12:10:05,356 - basicLogger - INFO - Message: {'type': 'temperature', 'datetime': '2025-03-06T10:19:50', 'payload': {'eventID': 'a41360b3-0f9b-48c2-91ed-6e07e15182ba', 'deviceID': 'device123', 'timeStamp': '2025-03-06T10:19:50Z', 'temperature': 30, 'trace_id': '9f18bfd7-bd9f-4db1-83de-165087ded1bb'}}
2025-03-06 12:10:05,365 - basicLogger - INFO - Message: {'type': 'temperature', 'datetime': '2025-03-06T10:19:50', 'payload': {'eventID': '88628e37-d055-4e94-89fe-ddffbf47d946', 'deviceID': 'device123', 'timeStamp': '2025-03-06T10:19:50Z', 'temperature': 26, 'trace_id': 'c4e150b7-1287-458e-b4c0-f15771dd7db2'}}
2025-03-06 12:10:05,373 - basicLogger - INFO - Message: {'type': 'wind-speed', 'datetime': '2025-03-06T10:19:50', 'payload': {'eventID': 'c50d89c0-e35b-4e36-a73d-a8e4514543bc', 'deviceID': 'windSensor-001', 'timeStamp': '2025-03-06T10:19:50Z', 'windspeed': 24, 'location': {'latitude': 36, 'longitude': -80}, 'trace_id': 'e551085e-1dcd-458f-91a9-ee49717ac4d6'}}
2025-03-06 12:10:05,382 - basicLogger - INFO - Message: {'type': 'wind-speed', 'datetime': '2025-03-06T10:19:50', 'payload': {'eventID': '3642889e-c8dd-48de-b538-8929e0ffcc49', 'deviceID': 'windSensor-001', 'timeStamp': '2025-03-06T10:19:50Z', 'windspeed': 27, 'location': {'latitude': 39, 'longitude': -72}, 'trace_id': 'f95f1938-390a-43d8-b760-68bdbd6ef47d'}}
2025-03-06 12:10:05,391 - basicLogger - INFO - Message: {'type': 'wind-speed', 'datetime': '2025-03-06T10:19:50', 'payload': {'eventID': '2ab983ad-2b84-4c07-8749-7722e4c4a506', 'deviceID': 'windSensor-001', 'timeStamp': '2025-03-06T10:19:50Z', 'windspeed': 6, 'location': {'latitude': 36, 'longitude': -74}, 'trace_id': '673d35b6-ae4c-4a87-b0da-943d4d17e496'}}
2025-03-06 12:10:05,400 - basicLogger - INFO - Message: {'type': 'wind-speed', 'datetime': '2025-03-06T10:19:50', 'payload': {'eventID': '1ffc103c-314b-49ef-a934-563f903394cc', 'deviceID': 'windSensor-001', 'timeStamp': '2025-03-06T10:19:50Z', 'windspeed': 28, 'location': {'latitude': 37, 'longitude': -74}, 'trace_id': '721a0d9a-db84-42bd-b8dd-3542f91105de'}}
2025-03-06 12:10:05,412 - basicLogger - INFO - Message: {'type': 'wind-speed', 'datetime': '2025-03-06T10:19:50', 'payload': {'eventID': '78b611c3-9510-4a1e-91ec-e22dd5ef34f8', 'deviceID': 'windSensor-001', 'timeStamp': '2025-03-06T10:19:50Z', 'windspeed': 23, 'location': {'latitude': 41, 'longitude': -77}, 'trace_id': '37752e69-db7a-4ed1-84a6-0061fc37d36a'}}
2025-03-06 12:10:05,421 - basicLogger - INFO - Message: {'type': 'wind-speed', 'datetime': '2025-03-06T10:19:50', 'payload': {'eventID': '6b8eae4b-7a3d-42dc-8d19-d713c04404a4', 'deviceID': 'windSensor-001', 'timeStamp': '2025-03-06T10:19:50Z', 'windspeed': 17, 'location': {'latitude': 40, 'longitude': -73}, 'trace_id': '57c0e1f6-7d79-422b-979a-89499b69c295'}}
2025-03-06 12:10:05,430 - basicLogger - INFO - Message: {'type': 'wind-speed', 'datetime': '2025-03-06T10:19:50', 'payload': {'eventID': '5e9ba9de-9f82-419c-a440-eb9e76dd2f74', 'deviceID': 'windSensor-001', 'timeStamp': '2025-03-06T10:19:50Z', 'windspeed': 17, 'location': {'latitude': 45, 'longitude': -76}, 'trace_id': '096d0206-d7ac-40ce-8324-cc65cdcb6283'}}
2025-03-06 12:10:05,439 - basicLogger - INFO - Message: {'type': 'wind-speed', 'datetime': '2025-03-06T10:19:50', 'payload': {'eventID': '9819daa5-6158-4da7-b0ab-89b2191a9ee8', 'deviceID': 'windSensor-001', 'timeStamp': '2025-03-06T10:19:50Z', 'windspeed': 19, 'location': {'latitude': 41, 'longitude': -75}, 'trace_id': '5628d4bf-6665-46a1-9c64-4d1ec3e4e898'}}
2025-03-06 12:10:05,449 - basicLogger - INFO - Message: {'type': 'wind-speed', 'datetime': '2025-03-06T10:19:50', 'payload': {'eventID': '42f84e44-d979-40e9-96ba-dd15ed304c13', 'deviceID': 'windSensor-001', 'timeStamp': '2025-03-06T10:19:50Z', 'windspeed': 29, 'location': {'latitude': 42, 'longitude': -78}, 'trace_id': 'b5864180-3f75-425b-a962-6a4b845f5b9b'}}
2025-03-06 12:10:05,457 - basicLogger - INFO - Message: {'type': 'temperature', 'datetime': '2025-03-06T10:19:50', 'payload': {'eventID': 'cab681ee-4fb8-4eaf-a4f9-6c153f9ccde2', 'deviceID': 'device123', 'timeStamp': '2025-03-06T10:19:50Z', 'temperature': 31, 'trace_id': '9908ad72-9a9f-45ea-8f39-2a72cff8c22d'}}
2025-03-06 12:10:05,466 - basicLogger - INFO - Message: {'type': 'wind-speed', 'datetime': '2025-03-06T10:19:50', 'payload': {'eventID': 'f7d21618-a43e-4875-995c-feae78240456', 'deviceID': 'windSensor-001', 'timeStamp': '2025-03-06T10:19:50Z', 'windspeed': 22, 'location': {'latitude': 36, 'longitude': -80}, 'trace_id': 'e3e6e997-a464-4ac3-a49a-3984c049c3af'}}
2025-03-06 12:10:05,475 - basicLogger - INFO - Message: {'type': 'temperature', 'datetime': '2025-03-06T10:19:50', 'payload': {'eventID': '50ac95dc-ab08-4762-8e03-35dd74c49757', 'deviceID': 'device123', 'timeStamp': '2025-03-06T10:19:50Z', 'temperature': 25, 'trace_id': '4615f89b-6ec9-4939-a0c7-22debd4b0dd6'}}
2025-03-06 12:10:05,485 - basicLogger - INFO - Message: {'type': 'wind-speed', 'datetime': '2025-03-06T10:19:50', 'payload': {'eventID': '12bd60a3-3de8-4bd3-b25b-58d56f59e820', 'deviceID': 'windSensor-001', 'timeStamp': '2025-03-06T10:19:50Z', 'windspeed': 9, 'location': {'latitude': 35, 'longitude': -77}, 'trace_id': 'adeee018-d185-4dcc-801b-a0264ec2c318'}}
2025-03-06 12:10:05,493 - basicLogger - INFO - Message: {'type': 'wind-speed', 'datetime': '2025-03-06T10:19:50', 'payload': {'eventID': '8d9f2c80-4a48-4205-a388-1bb3fc723fa4', 'deviceID': 'windSensor-001', 'timeStamp': '2025-03-06T10:19:50Z', 'windspeed': 8, 'location': {'latitude': 35, 'longitude': -78}, 'trace_id': '611e5ce2-2a5c-4250-8a6d-4f1c72be5447'}}
2025-03-06 12:10:05,502 - basicLogger - INFO - Message: {'type': 'temperature', 'datetime': '2025-03-06T10:19:50', 'payload': {'eventID': 'ecfc753e-dd5c-434f-8733-2164f8037e3c', 'deviceID': 'device123', 'timeStamp': '2025-03-06T10:19:50Z', 'temperature': 27, 'trace_id': '13fffd83-8157-4f93-919f-aa29e68175ee'}}
2025-03-06 12:10:05,517 - basicLogger - INFO - Message: {'type': 'wind-speed', 'datetime': '2025-03-06T10:19:50', 'payload': {'eventID': '7e320173-3dc6-454b-824f-d495dc841ff8', 'deviceID': 'windSensor-001', 'timeStamp': '2025-03-06T10:19:50Z', 'windspeed': 30, 'location': {'latitude': 40, 'longitude': -80}, 'trace_id': '587ed95a-61f6-4928-98b9-0568a9e9ae5d'}}
2025-03-06 12:10:05,526 - basicLogger - INFO - Message: {'type': 'wind-speed', 'datetime': '2025-03-06T10:19:50', 'payload': {'eventID': '51f0264b-6d10-4659-b032-a0f3d2073444', 'deviceID': 'windSensor-001', 'timeStamp': '2025-03-06T10:19:50Z', 'windspeed': 14, 'location': {'latitude': 45, 'longitude': -79}, 'trace_id': 'ef60cfaf-9886-48ed-a4e4-62b37dbed03c'}}
2025-03-06 12:10:05,535 - basicLogger - INFO - Message: {'type': 'temperature', 'datetime': '2025-03-06T10:19:50', 'payload': {'eventID': '3fc4bb04-072b-4774-ac01-075273e56ccf', 'deviceID': 'device123', 'timeStamp': '2025-03-06T10:19:50Z', 'temperature': 23, 'trace_id': '903e30c5-2e1c-4c1a-93fc-95109aa267fd'}}
2025-03-06 12:10:05,544 - basicLogger - INFO - Message: {'type': 'wind-speed', 'datetime': '2025-03-06T10:19:50', 'payload': {'eventID': 'd9c59950-dc5d-4f93-b7de-ccac2bb5dc65', 'deviceID': 'windSensor-001', 'timeStamp': '2025-03-06T10:19:50Z', 'windspeed': 16, 'location': {'latitude': 45, 'longitude': -80}, 'trace_id': 'c762eb1c-aeb9-4f36-bbc4-4ea344659fb5'}}
2025-03-06 12:10:05,554 - basicLogger - INFO - Message: {'type': 'wind-speed', 'datetime': '2025-03-06T10:19:50', 'payload': {'eventID': '0fa8ad27-7d29-46c9-8849-56d2aeede25a', 'deviceID': 'windSensor-001', 'timeStamp': '2025-03-06T10:19:50Z', 'windspeed': 15, 'location': {'latitude': 41, 'longitude': -70}, 'trace_id': 'cc1fe3fe-da34-4630-a3f5-d798fb7ad4ea'}}
2025-03-06 12:10:05,565 - basicLogger - INFO - Message: {'type': 'temperature', 'datetime': '2025-03-06T10:19:50', 'payload': {'eventID': 'b9d913bd-ce5a-4497-a5b2-208a302fb998', 'deviceID': 'device123', 'timeStamp': '2025-03-06T10:19:50Z', 'temperature': 16, 'trace_id': '1729691a-12e6-46e8-a3b5-cd61a15517a8'}}
2025-03-06 12:10:05,574 - basicLogger - INFO - Message: {'type': 'temperature', 'datetime': '2025-03-06T10:19:50', 'payload': {'eventID': 'a6f8863b-5d10-450c-ba3f-aa2a4ea0f5ef', 'deviceID': 'device123', 'timeStamp': '2025-03-06T10:19:50Z', 'temperature': 30, 'trace_id': 'a1c1eb99-02dc-433b-89e0-45aaaa9b7e0d'}}
2025-03-06 12:10:05,583 - basicLogger - INFO - Message: {'type': 'temperature', 'datetime': '2025-03-06T10:19:50', 'payload': {'eventID': 'b93599af-fdf9-4232-a637-769f94447245', 'deviceID': 'device123', 'timeStamp': '2025-03-06T10:19:50Z', 'temperature': 26, 'trace_id': 'a4d2133d-96d5-416b-a92b-ac836daf2374'}}
2025-03-06 12:10:05,592 - basicLogger - INFO - Message: {'type': 'wind-speed', 'datetime': '2025-03-06T10:19:50', 'payload': {'eventID': '928386fd-5fd3-4438-b88b-c8ca6629ad69', 'deviceID': 'windSensor-001', 'timeStamp': '2025-03-06T10:19:50Z', 'windspeed': 13, 'location': {'latitude': 44, 'longitude': -75}, 'trace_id': 'bfe791cb-35ad-4749-97d1-d3e28ca70dbb'}}
2025-03-06 12:10:05,601 - basicLogger - INFO - Message: {'type': 'wind-speed', 'datetime': '2025-03-06T10:19:50', 'payload': {'eventID': 'b8b1b772-4f3e-41aa-90ae-59cb621f97b6', 'deviceID': 'windSensor-001', 'timeStamp': '2025-03-06T10:19:50Z', 'windspeed': 8, 'location': {'latitude': 37, 'longitude': -79}, 'trace_id': '44365819-14c5-4adb-8db8-9c47ac1f380b'}}
2025-03-06 12:10:05,610 - basicLogger - INFO - Message: {'type': 'wind-speed', 'datetime': '2025-03-06T10:19:50', 'payload': {'eventID': 'f1fa7922-ce60-4860-834d-6e5bdb5bf456', 'deviceID': 'windSensor-001', 'timeStamp': '2025-03-06T10:19:50Z', 'windspeed': 14, 'location': {'latitude': 37, 'longitude': -70}, 'trace_id': '57951585-a1f7-4b17-abe7-5c238afc5e2c'}}
2025-03-06 12:10:05,619 - basicLogger - INFO - Message: {'type': 'temperature', 'datetime': '2025-03-06T10:19:50', 'payload': {'eventID': '4955490f-9728-436a-84b3-dbced2935af1', 'deviceID': 'device123', 'timeStamp': '2025-03-06T10:19:50Z', 'temperature': 30, 'trace_id': 'b0c5dcb8-e8c7-4c44-9def-5a5e1438c3d9'}}
2025-03-06 12:10:05,629 - basicLogger - INFO - Message: {'type': 'wind-speed', 'datetime': '2025-03-06T10:19:50', 'payload': {'eventID': 'bcab587b-28c6-4162-95f8-25bfa29ef349', 'deviceID': 'windSensor-001', 'timeStamp': '2025-03-06T10:19:50Z', 'windspeed': 7, 'location': {'latitude': 41, 'longitude': -73}, 'trace_id': '441dac38-bf30-476c-b9b6-950b742776c2'}}
2025-03-06 12:10:05,638 - basicLogger - INFO - Message: {'type': 'wind-speed', 'datetime': '2025-03-06T10:19:50', 'payload': {'eventID': '5b90f7cb-9655-42ee-9563-4d84810b3050', 'deviceID': 'windSensor-001', 'timeStamp': '2025-03-06T10:19:50Z', 'windspeed': 13, 'location': {'latitude': 43, 'longitude': -78}, 'trace_id': '5f966fc9-5e67-4c64-bc17-bba15c94d4d3'}}
2025-03-06 12:10:05,647 - basicLogger - INFO - Message: {'type': 'temperature', 'datetime': '2025-03-06T10:19:50', 'payload': {'eventID': '03fc8378-43d2-4758-9763-0af1445bad44', 'deviceID': 'device123', 'timeStamp': '2025-03-06T10:19:50Z', 'temperature': 35, 'trace_id': '10966c74-852b-47ee-bf82-068ef2a77ff9'}}
2025-03-06 12:10:05,656 - basicLogger - INFO - Message: {'type': 'temperature', 'datetime': '2025-03-06T10:19:50', 'payload': {'eventID': '4f08d521-a3b8-4d82-8ed9-61e78c99dfa9', 'deviceID': 'device123', 'timeStamp': '2025-03-06T10:19:50Z', 'temperature': 33, 'trace_id': 'eb09d076-fd82-48a3-88fe-0a782ce228f1'}}
2025-03-06 12:10:05,665 - basicLogger - INFO - Message: {'type': 'temperature', 'datetime': '2025-03-06T10:19:50', 'payload': {'eventID': 'fa9809ba-4edc-449d-a93f-0f2c6124d9eb', 'deviceID': 'device123', 'timeStamp': '2025-03-06T10:19:50Z', 'temperature': 20, 'trace_id': '1a5c18c3-456d-42f7-9352-dc077f2b2de7'}}
2025-03-06 12:10:05,674 - basicLogger - INFO - Message: {'type': 'temperature', 'datetime': '2025-03-06T10:19:50', 'payload': {'eventID': '5a1bc03c-f616-4f63-9c10-4c6c1a3d58a5', 'deviceID': 'device123', 'timeStamp': '2025-03-06T10:19:50Z', 'temperature': 16, 'trace_id': 'b3f7da46-cccd-4c87-ae92-83802c430cd2'}}
2025-03-06 12:10:05,683 - basicLogger - INFO - Message: {'type': 'temperature', 'datetime': '2025-03-06T10:19:50', 'payload': {'eventID': 'b2f5c350-0840-42b6-9baf-ee6bdd8f5f6f', 'deviceID': 'device123', 'timeStamp': '2025-03-06T10:19:50Z', 'temperature': 32, 'trace_id': '603a23fb-4a55-437e-860b-fc3c9a39eec1'}}
2025-03-06 12:10:05,693 - basicLogger - INFO - Message: {'type': 'temperature', 'datetime': '2025-03-06T10:19:50', 'payload': {'eventID': 'c3380666-03b0-421e-973b-06ab809b8c47', 'deviceID': 'device123', 'timeStamp': '2025-03-06T10:19:50Z', 'temperature': 24, 'trace_id': 'eec550fb-1740-4f16-97df-5ca0678b8779'}}
2025-03-06 12:10:05,702 - basicLogger - INFO - Message: {'type': 'temperature', 'datetime': '2025-03-06T10:19:50', 'payload': {'eventID': 'b691d239-c5b4-4e91-b327-9c3006ed3ec9', 'deviceID': 'device123', 'timeStamp': '2025-03-06T10:19:50Z', 'temperature': 21, 'trace_id': 'e3dcd258-dfd0-4b2f-b048-195d9bae1b21'}}
2025-03-06 12:10:05,712 - basicLogger - INFO - Message: {'type': 'wind-speed', 'datetime': '2025-03-06T10:19:50', 'payload': {'eventID': 'b19e1a9f-62b2-489b-870e-e5cdce8536ef', 'deviceID': 'windSensor-001', 'timeStamp': '2025-03-06T10:19:50Z', 'windspeed': 12, 'location': {'latitude': 43, 'longitude': -79}, 'trace_id': '126f43e1-f0c2-4da8-bccf-3bfd50f2a746'}}
2025-03-06 12:10:05,723 - basicLogger - INFO - Message: {'type': 'wind-speed', 'datetime': '2025-03-06T10:19:50', 'payload': {'eventID': 'dc3fb25d-aec6-4ba7-a7ab-93d42e3de76f', 'deviceID': 'windSensor-001', 'timeStamp': '2025-03-06T10:19:50Z', 'windspeed': 5, 'location': {'latitude': 41, 'longitude': -75}, 'trace_id': '0adab50b-115c-4dd8-abe9-4f8b13fe4b3e'}}
2025-03-06 12:10:05,733 - basicLogger - INFO - Message: {'type': 'wind-speed', 'datetime': '2025-03-06T10:19:50', 'payload': {'eventID': 'ed92a0b4-bcb5-4b5f-b0bf-b1a6ea0ec1cc', 'deviceID': 'windSensor-001', 'timeStamp': '2025-03-06T10:19:50Z', 'windspeed': 25, 'location': {'latitude': 41, 'longitude': -75}, 'trace_id': '7185369b-57ba-426e-9722-807ed24f07ad'}}
2025-03-06 12:10:05,742 - basicLogger - INFO - Message: {'type': 'wind-speed', 'datetime': '2025-03-06T10:19:50', 'payload': {'eventID': '8d91faba-f837-41f5-8910-60cfec992c84', 'deviceID': 'windSensor-001', 'timeStamp': '2025-03-06T10:19:50Z', 'windspeed': 29, 'location': {'latitude': 36, 'longitude': -75}, 'trace_id': 'a08c0e58-0d7f-40c6-821c-320023aa113e'}}
2025-03-06 12:10:05,752 - basicLogger - INFO - Message: {'type': 'wind-speed', 'datetime': '2025-03-06T10:19:50', 'payload': {'eventID': '4539b77f-a1ce-4be1-90b4-a3a592651193', 'deviceID': 'windSensor-001', 'timeStamp': '2025-03-06T10:19:50Z', 'windspeed': 20, 'location': {'latitude': 44, 'longitude': -75}, 'trace_id': '7f6a5216-86b9-4f6d-a574-29e61d3ebfd6'}}
2025-03-06 12:10:05,761 - basicLogger - INFO - Message: {'type': 'temperature', 'datetime': '2025-03-06T10:19:50', 'payload': {'eventID': 'deafd9f3-b20d-4757-8681-b48cea0de64e', 'deviceID': 'device123', 'timeStamp': '2025-03-06T10:19:50Z', 'temperature': 20, 'trace_id': '32d2afcb-6c9e-4a5f-9f97-851a06ffb1a9'}}
2025-03-06 12:10:05,771 - basicLogger - INFO - Message: {'type': 'wind-speed', 'datetime': '2025-03-06T10:19:50', 'payload': {'eventID': '0b785ffe-7953-43df-a2a0-665c323e3749', 'deviceID': 'windSensor-001', 'timeStamp': '2025-03-06T10:19:50Z', 'windspeed': 22, 'location': {'latitude': 36, 'longitude': -71}, 'trace_id': '144a7155-533e-45e3-bf1a-ac93376bfdab'}}
2025-03-06 12:10:05,780 - basicLogger - INFO - Message: {'type': 'wind-speed', 'datetime': '2025-03-06T10:19:50', 'payload': {'eventID': '969ed316-d71d-4102-956a-aa96c78a8de7', 'deviceID': 'windSensor-001', 'timeStamp': '2025-03-06T10:19:50Z', 'windspeed': 11, 'location': {'latitude': 35, 'longitude': -77}, 'trace_id': 'f7f5743a-fc9c-415d-a02a-24b6566c8e9f'}}
2025-03-06 12:10:05,789 - basicLogger - INFO - Message: {'type': 'temperature', 'datetime': '2025-03-06T10:19:50', 'payload': {'eventID': '7459d1ad-edf3-40b0-8cb2-af1de0127ba3', 'deviceID': 'device123', 'timeStamp': '2025-03-06T10:19:50Z', 'temperature': 27, 'trace_id': '90006643-e48d-4006-819d-a56a2a1ce76c'}}
2025-03-06 12:10:05,798 - basicLogger - INFO - Message: {'type': 'wind-speed', 'datetime': '2025-03-06T10:19:50', 'payload': {'eventID': '5d94e1f4-fc5f-4c70-b349-ce3f0ba1ba89', 'deviceID': 'windSensor-001', 'timeStamp': '2025-03-06T10:19:50Z', 'windspeed': 13, 'location': {'latitude': 35, 'longitude': -79}, 'trace_id': 'a280322c-e1f3-4673-89c3-50ec75b93bf0'}}
2025-03-06 12:10:05,807 - basicLogger - INFO - Message: {'type': 'wind-speed', 'datetime': '2025-03-06T10:19:50', 'payload': {'eventID': 'ce83af29-d1ea-4bc3-853f-d898fa4b44da', 'deviceID': 'windSensor-001', 'timeStamp': '2025-03-06T10:19:50Z', 'windspeed': 8, 'location': {'latitude': 40, 'longitude': -77}, 'trace_id': '0836da83-c255-47af-9f4f-533ecd554d36'}}
2025-03-06 12:10:05,816 - basicLogger - INFO - Message: {'type': 'wind-speed', 'datetime': '2025-03-06T10:19:50', 'payload': {'eventID': '75173519-471a-4c63-b048-0098dafa400c', 'deviceID': 'windSensor-001', 'timeStamp': '2025-03-06T10:19:50Z', 'windspeed': 10, 'location': {'latitude': 39, 'longitude': -77}, 'trace_id': '0b18744a-02ac-4145-8f32-5ecfa72d0be2'}}
2025-03-06 12:10:05,825 - basicLogger - INFO - Message: {'type': 'wind-speed', 'datetime': '2025-03-06T10:19:50', 'payload': {'eventID': '818d2c87-5974-44cb-88e7-b4a8ba633fd4', 'deviceID': 'windSensor-001', 'timeStamp': '2025-03-06T10:19:50Z', 'windspeed': 26, 'location': {'latitude': 42, 'longitude': -71}, 'trace_id': 'bfee27cc-9455-4268-a46a-1802f6156791'}}
2025-03-06 12:10:05,834 - basicLogger - INFO - Message: {'type': 'temperature', 'datetime': '2025-03-06T10:19:50', 'payload': {'eventID': '377a6f28-299a-4b0a-bcbf-97f1c06b6192', 'deviceID': 'device123', 'timeStamp': '2025-03-06T10:19:50Z', 'temperature': 19, 'trace_id': '749b443f-1032-4d31-943f-5a9ccd8bdc85'}}
2025-03-06 12:10:05,843 - basicLogger - INFO - Message: {'type': 'wind-speed', 'datetime': '2025-03-06T10:19:50', 'payload': {'eventID': '4e1812c2-2c9e-4eeb-b69b-57bfdd25066f', 'deviceID': 'windSensor-001', 'timeStamp': '2025-03-06T10:19:50Z', 'windspeed': 28, 'location': {'latitude': 41, 'longitude': -72}, 'trace_id': '0f591b79-29c6-4814-a66d-a330af311457'}}
2025-03-06 12:10:05,852 - basicLogger - INFO - Message: {'type': 'wind-speed', 'datetime': '2025-03-06T10:19:50', 'payload': {'eventID': 'b5feecec-1d29-40f1-b8d0-ca82e3df11d9', 'deviceID': 'windSensor-001', 'timeStamp': '2025-03-06T10:19:50Z', 'windspeed': 6, 'location': {'latitude': 37, 'longitude': -72}, 'trace_id': '667420de-b356-48b2-af22-af6cbfa1fadb'}}
2025-03-06 12:10:05,861 - basicLogger - INFO - Message: {'type': 'wind-speed', 'datetime': '2025-03-06T10:19:50', 'payload': {'eventID': '21d2e22d-d476-41ca-b430-ade874472c69', 'deviceID': 'windSensor-001', 'timeStamp': '2025-03-06T10:19:50Z', 'windspeed': 23, 'location': {'latitude': 35, 'longitude': -76}, 'trace_id': '001af1a0-6792-4a5e-a669-08b9d9f45a61'}}
2025-03-06 12:10:05,870 - basicLogger - INFO - Message: {'type': 'temperature', 'datetime': '2025-03-06T10:19:50', 'payload': {'eventID': '84c9d867-f8a6-4a47-b88c-35d58471a57f', 'deviceID': 'device123', 'timeStamp': '2025-03-06T10:19:50Z', 'temperature': 26, 'trace_id': 'd529d392-e52a-4cfd-b5a7-420b4d5dedc6'}}
2025-03-06 12:10:05,881 - basicLogger - INFO - Message: {'type': 'temperature', 'datetime': '2025-03-06T10:19:50', 'payload': {'eventID': 'c6a6ad17-700f-45be-bd95-d78241a05c3f', 'deviceID': 'device123', 'timeStamp': '2025-03-06T10:19:50Z', 'temperature': 24, 'trace_id': '88d7a92b-036c-441d-8402-543b006d2509'}}
2025-03-06 12:10:05,890 - basicLogger - INFO - Message: {'type': 'temperature', 'datetime': '2025-03-06T10:19:50', 'payload': {'eventID': '9673c3be-31ec-4f0a-b9bc-7cd469f4322e', 'deviceID': 'device123', 'timeStamp': '2025-03-06T10:19:50Z', 'temperature': 24, 'trace_id': '5500b451-88d7-4d03-9d31-f35dfff20548'}}
2025-03-06 12:10:05,899 - basicLogger - INFO - Message: {'type': 'wind-speed', 'datetime': '2025-03-06T10:19:50', 'payload': {'eventID': '036779b4-d103-4797-a3ea-a75f4a39788d', 'deviceID': 'windSensor-001', 'timeStamp': '2025-03-06T10:19:50Z', 'windspeed': 26, 'location': {'latitude': 44, 'longitude': -71}, 'trace_id': 'b8014a93-d1ae-49c6-bb34-d1d066538ba7'}}
2025-03-06 12:10:05,908 - basicLogger - INFO - Message: {'type': 'wind-speed', 'datetime': '2025-03-06T10:19:50', 'payload': {'eventID': 'ed1afa99-d9fc-45d8-b722-05490f62a585', 'deviceID': 'windSensor-001', 'timeStamp': '2025-03-06T10:19:50Z', 'windspeed': 22, 'location': {'latitude': 44, 'longitude': -71}, 'trace_id': '5060eac7-2b5d-437d-8ba0-2670c8adf727'}}
2025-03-06 12:10:05,918 - basicLogger - INFO - Message: {'type': 'wind-speed', 'datetime': '2025-03-06T10:19:50', 'payload': {'eventID': '6ea605e6-22a2-42fb-80d8-4d82a8476e74', 'deviceID': 'windSensor-001', 'timeStamp': '2025-03-06T10:19:50Z', 'windspeed': 21, 'location': {'latitude': 40, 'longitude': -80}, 'trace_id': '37d7388d-4b7a-4141-a052-f7cef0bb79c3'}}
2025-03-06 12:10:05,927 - basicLogger - INFO - Message: {'type': 'temperature', 'datetime': '2025-03-06T10:19:50', 'payload': {'eventID': 'ae5e9ed0-715e-40d4-af3b-48030a4beedf', 'deviceID': 'device123', 'timeStamp': '2025-03-06T10:19:50Z', 'temperature': 23, 'trace_id': 'f24f4ba4-12e3-48f8-9d6e-a914c3ec3495'}}
2025-03-06 12:10:05,937 - basicLogger - INFO - Message: {'type': 'wind-speed', 'datetime': '2025-03-06T10:19:50', 'payload': {'eventID': 'f35e4996-62cc-4ae6-b06d-b067ac61936e', 'deviceID': 'windSensor-001', 'timeStamp': '2025-03-06T10:19:50Z', 'windspeed': 6, 'location': {'latitude': 43, 'longitude': -72}, 'trace_id': '29871a57-0615-40e7-898c-8bc5c3e1ae67'}}
2025-03-06 12:10:05,947 - basicLogger - INFO - Message: {'type': 'temperature', 'datetime': '2025-03-06T10:19:50', 'payload': {'eventID': '1bfd46c0-7fc1-4fc7-babd-959f22d31232', 'deviceID': 'device123', 'timeStamp': '2025-03-06T10:19:50Z', 'temperature': 34, 'trace_id': '75bc4a3f-dd59-4133-93bd-72a6ba114d10'}}
2025-03-06 12:10:05,959 - basicLogger - INFO - Message: {'type': 'wind-speed', 'datetime': '2025-03-06T10:19:50', 'payload': {'eventID': 'ce01f5c0-149e-4ede-b83d-70c6c3df68d3', 'deviceID': 'windSensor-001', 'timeStamp': '2025-03-06T10:19:50Z', 'windspeed': 21, 'location': {'latitude': 39, 'longitude': -76}, 'trace_id': 'b2ebc341-c44c-4759-9667-6ccdf66c8023'}}
2025-03-06 12:10:05,974 - basicLogger - INFO - Message: {'type': 'wind-speed', 'datetime': '2025-03-06T10:19:50', 'payload': {'eventID': '69cd8e9d-453d-4052-affb-da8306a761ee', 'deviceID': 'windSensor-001', 'timeStamp': '2025-03-06T10:19:50Z', 'windspeed': 8, 'location': {'latitude': 43, 'longitude': -71}, 'trace_id': 'ca87b57e-c543-447b-aef3-e3fa3ccda8ec'}}
2025-03-06 12:10:05,990 - basicLogger - INFO - Message: {'type': 'wind-speed', 'datetime': '2025-03-06T10:19:50', 'payload': {'eventID': '65d73851-1311-4a91-9ce7-2acf9093062e', 'deviceID': 'windSensor-001', 'timeStamp': '2025-03-06T10:19:50Z', 'windspeed': 10, 'location': {'latitude': 35, 'longitude': -76}, 'trace_id': '2c4405f3-d13d-403e-b335-81fa7ff2094e'}}
2025-03-06 12:10:06,001 - basicLogger - INFO - Message: {'type': 'temperature', 'datetime': '2025-03-06T10:19:50', 'payload': {'eventID': '2926f9e4-ca18-4f8b-bc40-50fcccb6f9cd', 'deviceID': 'device123', 'timeStamp': '2025-03-06T10:19:50Z', 'temperature': 29, 'trace_id': '7f61d0ef-2b69-475f-9a38-8ae617672731'}}
2025-03-06 12:10:06,011 - basicLogger - INFO - Message: {'type': 'wind-speed', 'datetime': '2025-03-06T10:19:50', 'payload': {'eventID': '60e254dc-7923-4329-b75a-de9a926cc1a3', 'deviceID': 'windSensor-001', 'timeStamp': '2025-03-06T10:19:50Z', 'windspeed': 20, 'location': {'latitude': 40, 'longitude': -71}, 'trace_id': '2d3a4ad3-21f4-4054-9aa4-faaaca8b07ce'}}
2025-03-06 12:10:06,019 - basicLogger - INFO - Message: {'type': 'wind-speed', 'datetime': '2025-03-06T10:19:50', 'payload': {'eventID': 'd29ea3d3-1e67-4cf1-8087-f901ec3ad0a8', 'deviceID': 'windSensor-001', 'timeStamp': '2025-03-06T10:19:50Z', 'windspeed': 6, 'location': {'latitude': 36, 'longitude': -70}, 'trace_id': '918f397c-6652-4d8b-ae81-01c1063ed8e3'}}
2025-03-06 12:10:06,026 - basicLogger - INFO - Message: {'type': 'temperature', 'datetime': '2025-03-06T10:19:50', 'payload': {'eventID': '59be0988-eb65-4a8b-b14a-a48610ddaaaa', 'deviceID': 'device123', 'timeStamp': '2025-03-06T10:19:50Z', 'temperature': 30, 'trace_id': '0bad0a6d-abf0-4a8c-af3b-7fc0b4a6715e'}}
2025-03-06 12:10:06,034 - basicLogger - INFO - Message: {'type': 'temperature', 'datetime': '2025-03-06T10:19:50', 'payload': {'eventID': 'afa273bb-0913-48cc-9cbd-092ff0efecaa', 'deviceID': 'device123', 'timeStamp': '2025-03-06T10:19:50Z', 'temperature': 23, 'trace_id': '5acafbe3-0d95-4f58-92ce-9be5955bb88b'}}
2025-03-06 12:10:06,043 - basicLogger - INFO - Message: {'type': 'temperature', 'datetime': '2025-03-06T10:19:50', 'payload': {'eventID': 'b838cb83-dd7d-41de-8421-c6abafe4e5c7', 'deviceID': 'device123', 'timeStamp': '2025-03-06T10:19:50Z', 'temperature': 25, 'trace_id': '955d56a4-a414-4e61-ad86-25068ba4c606'}}
2025-03-06 12:10:06,054 - basicLogger - INFO - Message: {'type': 'temperature', 'datetime': '2025-03-06T10:19:50', 'payload': {'eventID': '0f50c785-d3f7-41c0-964a-1980d16b670d', 'deviceID': 'device123', 'timeStamp': '2025-03-06T10:19:50Z', 'temperature': 25, 'trace_id': '956823ba-9337-4259-9cd0-690aa6893b74'}}
2025-03-06 12:10:06,069 - basicLogger - INFO - Message: {'type': 'temperature', 'datetime': '2025-03-06T10:19:50', 'payload': {'eventID': '4d856d9f-7d93-4c2e-a61e-ab1205221c43', 'deviceID': 'device123', 'timeStamp': '2025-03-06T10:19:50Z', 'temperature': 15, 'trace_id': '1db98117-24ec-4ed6-8c51-40c9db0ddaf7'}}
2025-03-06 12:10:06,084 - basicLogger - INFO - Message: {'type': 'temperature', 'datetime': '2025-03-06T10:19:50', 'payload': {'eventID': 'b610d23a-f729-443c-8ee1-e8f23a102c21', 'deviceID': 'device123', 'timeStamp': '2025-03-06T10:19:50Z', 'temperature': 20, 'trace_id': '170fe00c-8098-4628-8ed4-799d368a08f5'}}
2025-03-06 12:10:06,099 - basicLogger - INFO - Message: {'type': 'temperature', 'datetime': '2025-03-06T10:19:50', 'payload': {'eventID': '5242a0c9-aab9-4e0a-94a9-26df54fea6c7', 'deviceID': 'device123', 'timeStamp': '2025-03-06T10:19:50Z', 'temperature': 25, 'trace_id': '75a1e6b2-1ac8-4f81-9b88-742adf1cce92'}}
2025-03-06 12:10:06,112 - basicLogger - INFO - Message: {'type': 'temperature', 'datetime': '2025-03-06T10:19:50', 'payload': {'eventID': '3295d38b-49ec-4b80-b8ce-206108911918', 'deviceID': 'device123', 'timeStamp': '2025-03-06T10:19:50Z', 'temperature': 18, 'trace_id': '8f749e9a-795e-40bf-9673-d0024b638e12'}}
2025-03-06 12:10:06,123 - basicLogger - INFO - Message: {'type': 'temperature', 'datetime': '2025-03-06T10:19:50', 'payload': {'eventID': 'de6e0a0a-ac62-472d-97aa-d14daf2d938b', 'deviceID': 'device123', 'timeStamp': '2025-03-06T10:19:50Z', 'temperature': 25, 'trace_id': '48a32093-0b93-411e-98c0-660031655791'}}
2025-03-06 12:10:06,137 - basicLogger - INFO - Message: {'type': 'temperature', 'datetime': '2025-03-06T10:19:50', 'payload': {'eventID': 'c21b18fe-39bf-4891-975c-67e07dce6d17', 'deviceID': 'device123', 'timeStamp': '2025-03-06T10:19:50Z', 'temperature': 30, 'trace_id': '949ac205-419b-40fe-994a-ef16532b6732'}}
2025-03-06 12:10:06,148 - basicLogger - INFO - Message: {'type': 'temperature', 'datetime': '2025-03-06T10:19:50', 'payload': {'eventID': 'ef580fb0-9ad5-4be6-bcc7-aa856628087e', 'deviceID': 'device123', 'timeStamp': '2025-03-06T10:19:50Z', 'temperature': 22, 'trace_id': 'dcd970cc-937c-43c9-bb21-495b3bcf2ec5'}}
2025-03-06 12:10:06,159 - basicLogger - INFO - Message: {'type': 'wind-speed', 'datetime': '2025-03-06T10:19:50', 'payload': {'eventID': '7b1e0531-6209-473e-9b43-b4e963d2c6af', 'deviceID': 'windSensor-001', 'timeStamp': '2025-03-06T10:19:50Z', 'windspeed': 29, 'location': {'latitude': 42, 'longitude': -76}, 'trace_id': '3b70b2d4-cfcf-475c-a72e-3e0025634e80'}}
2025-03-06 12:10:06,170 - basicLogger - INFO - Message: {'type': 'temperature', 'datetime': '2025-03-06T10:19:50', 'payload': {'eventID': '67a29395-ee2c-4bcc-9da0-e637890f35e8', 'deviceID': 'device123', 'timeStamp': '2025-03-06T10:19:50Z', 'temperature': 31, 'trace_id': '49d2f382-8c01-418c-ab46-92966ef90d87'}}
2025-03-06 12:10:06,181 - basicLogger - INFO - Message: {'type': 'wind-speed', 'datetime': '2025-03-06T10:19:50', 'payload': {'eventID': 'e5fd4b30-d963-4fde-9682-e27fc5894d06', 'deviceID': 'windSensor-001', 'timeStamp': '2025-03-06T10:19:50Z', 'windspeed': 26, 'location': {'latitude': 35, 'longitude': -70}, 'trace_id': 'b4274e44-9b2a-43ea-b085-114f7ef45f0b'}}
2025-03-06 12:10:06,192 - basicLogger - INFO - Message: {'type': 'temperature', 'datetime': '2025-03-06T10:19:50', 'payload': {'eventID': '5f2689e3-b496-4a64-861e-48aa13d813f3', 'deviceID': 'device123', 'timeStamp': '2025-03-06T10:19:50Z', 'temperature': 22, 'trace_id': 'f1875f22-dd37-4e32-a0e9-3ef74b8c0181'}}
2025-03-06 12:10:06,203 - basicLogger - INFO - Message: {'type': 'temperature', 'datetime': '2025-03-06T10:19:50', 'payload': {'eventID': '43c0b482-b87e-47c5-95ff-0e38d73ea1c7', 'deviceID': 'device123', 'timeStamp': '2025-03-06T10:19:50Z', 'temperature': 19, 'trace_id': '30edf33c-87ff-450c-b581-99b707ff06bb'}}
2025-03-06 12:10:06,215 - basicLogger - INFO - Message: {'type': 'temperature', 'datetime': '2025-03-06T10:19:50', 'payload': {'eventID': '7d75bc34-c7b9-4557-a3dd-ebe5a5c9ab57', 'deviceID': 'device123', 'timeStamp': '2025-03-06T10:19:50Z', 'temperature': 29, 'trace_id': 'de1cb971-3958-4f4b-9caa-f1a420f198d5'}}
2025-03-06 12:10:06,226 - basicLogger - INFO - Message: {'type': 'temperature', 'datetime': '2025-03-06T10:19:50', 'payload': {'eventID': '81be0a18-33b8-4f82-94c3-c6429b7cd7ff', 'deviceID': 'device123', 'timeStamp': '2025-03-06T10:19:50Z', 'temperature': 28, 'trace_id': 'ea08d2fe-91c8-4ed8-8ce6-eaa215ec966d'}}
2025-03-06 12:10:06,237 - basicLogger - INFO - Message: {'type': 'temperature', 'datetime': '2025-03-06T10:19:50', 'payload': {'eventID': '5e21ff2a-b761-4662-b3ad-54e97e2aa31b', 'deviceID': 'device123', 'timeStamp': '2025-03-06T10:19:50Z', 'temperature': 18, 'trace_id': 'd4d3e473-0815-4bfd-b42a-67849b92eb68'}}
2025-03-06 12:10:06,247 - basicLogger - INFO - Message: {'type': 'wind-speed', 'datetime': '2025-03-06T10:19:50', 'payload': {'eventID': 'f76e9fd4-aede-446b-9584-00034a54cf4e', 'deviceID': 'windSensor-001', 'timeStamp': '2025-03-06T10:19:50Z', 'windspeed': 19, 'location': {'latitude': 41, 'longitude': -73}, 'trace_id': 'fdb544cf-b701-49e1-993e-ff9e566aae57'}}
2025-03-06 12:10:06,260 - basicLogger - INFO - Message: {'type': 'temperature', 'datetime': '2025-03-06T10:19:50', 'payload': {'eventID': '92978efa-ae68-4246-bd16-8aab0880048f', 'deviceID': 'device123', 'timeStamp': '2025-03-06T10:19:50Z', 'temperature': 17, 'trace_id': 'bbaeea2d-971f-4744-9359-ed5b00936d90'}}
2025-03-06 12:10:06,272 - basicLogger - INFO - Message: {'type': 'temperature', 'datetime': '2025-03-06T10:19:50', 'payload': {'eventID': '46f33a63-cdf8-4a5c-ab69-b1ff33598c36', 'deviceID': 'device123', 'timeStamp': '2025-03-06T10:19:50Z', 'temperature': 20, 'trace_id': '16d82bf0-a393-4260-ba8a-c4187775ac4d'}}
2025-03-06 12:10:06,282 - basicLogger - INFO - Message: {'type': 'temperature', 'datetime': '2025-03-06T10:19:50', 'payload': {'eventID': '231c85cf-b3ac-4fb7-812c-815243ac5fee', 'deviceID': 'device123', 'timeStamp': '2025-03-06T10:19:50Z', 'temperature': 27, 'trace_id': '9396b113-57fc-4b60-be72-3f54ade8c6e4'}}
2025-03-06 12:10:06,293 - basicLogger - INFO - Message: {'type': 'temperature', 'datetime': '2025-03-06T10:19:50', 'payload': {'eventID': '312295d1-3ce3-4f8e-990a-f8868c1b0fae', 'deviceID': 'device123', 'timeStamp': '2025-03-06T10:19:50Z', 'temperature': 22, 'trace_id': '56c97650-c357-4024-b53f-2f4e8bd1544c'}}
2025-03-06 12:10:06,304 - basicLogger - INFO - Message: {'type': 'temperature', 'datetime': '2025-03-06T10:19:50', 'payload': {'eventID': 'b3a95630-524d-4d24-a952-3f3405497833', 'deviceID': 'device123', 'timeStamp': '2025-03-06T10:19:50Z', 'temperature': 30, 'trace_id': 'ea8860dd-c3ca-4f62-85b4-c2379b4347e2'}}
2025-03-06 12:10:06,314 - basicLogger - INFO - Message: {'type': 'temperature', 'datetime': '2025-03-06T10:19:50', 'payload': {'eventID': 'f369f898-ac1c-4c83-a28b-b5eba22738ce', 'deviceID': 'device123', 'timeStamp': '2025-03-06T10:19:50Z', 'temperature': 22, 'trace_id': '9bbd10d2-5756-4a72-ac49-a8010e14de02'}}
2025-03-06 12:10:06,325 - basicLogger - INFO - Message: {'type': 'wind-speed', 'datetime': '2025-03-06T10:19:50', 'payload': {'eventID': 'c3001716-8064-42a9-a0c1-be52fe264411', 'deviceID': 'windSensor-001', 'timeStamp': '2025-03-06T10:19:50Z', 'windspeed': 18, 'location': {'latitude': 44, 'longitude': -76}, 'trace_id': '3959ae10-1af1-4da3-b578-191434225d4d'}}
2025-03-06 12:10:06,334 - basicLogger - INFO - Message: {'type': 'wind-speed', 'datetime': '2025-03-06T10:19:50', 'payload': {'eventID': '850b2b16-ac23-482b-b39d-0b8411f7341f', 'deviceID': 'windSensor-001', 'timeStamp': '2025-03-06T10:19:50Z', 'windspeed': 11, 'location': {'latitude': 36, 'longitude': -75}, 'trace_id': 'e74b67ce-d832-4bcf-b99d-74db2da1d6d8'}}
2025-03-06 12:10:06,342 - basicLogger - INFO - Message: {'type': 'wind-speed', 'datetime': '2025-03-06T10:19:50', 'payload': {'eventID': '1e24d037-52fb-40e4-b09d-3d76f365c2aa', 'deviceID': 'windSensor-001', 'timeStamp': '2025-03-06T10:19:50Z', 'windspeed': 29, 'location': {'latitude': 42, 'longitude': -72}, 'trace_id': '2afb284c-9248-451c-9d46-f7e46da83b77'}}
2025-03-06 12:10:06,353 - basicLogger - INFO - Message: {'type': 'temperature', 'datetime': '2025-03-06T10:19:50', 'payload': {'eventID': 'f17cf2de-3c19-4ed2-ab0a-e3203c8ecd97', 'deviceID': 'device123', 'timeStamp': '2025-03-06T10:19:50Z', 'temperature': 20, 'trace_id': '09204070-2623-46e1-8da4-ce58e5861277'}}
2025-03-06 12:10:06,361 - basicLogger - INFO - Message: {'type': 'temperature', 'datetime': '2025-03-06T10:19:50', 'payload': {'eventID': '3e3b0a67-2b13-4bf5-abc7-b9a4668c9d63', 'deviceID': 'device123', 'timeStamp': '2025-03-06T10:19:50Z', 'temperature': 23, 'trace_id': '0b1818f9-99fd-44c6-92c6-5c1a7ff9e7d4'}}
2025-03-06 12:10:06,370 - basicLogger - INFO - Message: {'type': 'wind-speed', 'datetime': '2025-03-06T10:19:50', 'payload': {'eventID': '2260d0f7-b8cd-46cb-a448-a005300d60e1', 'deviceID': 'windSensor-001', 'timeStamp': '2025-03-06T10:19:50Z', 'windspeed': 15, 'location': {'latitude': 40, 'longitude': -75}, 'trace_id': '4a7f4712-6de3-41c8-889b-2b4002354766'}}
2025-03-06 12:10:06,378 - basicLogger - INFO - Message: {'type': 'wind-speed', 'datetime': '2025-03-06T10:19:50', 'payload': {'eventID': 'b2cbb48d-7277-4215-ae5a-f13f7da1e095', 'deviceID': 'windSensor-001', 'timeStamp': '2025-03-06T10:19:50Z', 'windspeed': 16, 'location': {'latitude': 38, 'longitude': -70}, 'trace_id': '86929efc-9028-444d-8b85-0810925beba1'}}
2025-03-06 12:10:06,387 - basicLogger - INFO - Message: {'type': 'temperature', 'datetime': '2025-03-06T10:19:50', 'payload': {'eventID': '32d877e8-9873-41c9-8cdb-c9e2f165cd8c', 'deviceID': 'device123', 'timeStamp': '2025-03-06T10:19:50Z', 'temperature': 29, 'trace_id': 'aea8fe2f-3780-4fbf-922f-41061377429d'}}
2025-03-06 12:10:06,395 - basicLogger - INFO - Message: {'type': 'temperature', 'datetime': '2025-03-06T10:19:50', 'payload': {'eventID': 'dbf74d75-02e9-47fb-9d25-409f7383c3f1', 'deviceID': 'device123', 'timeStamp': '2025-03-06T10:19:50Z', 'temperature': 23, 'trace_id': '14c01da1-3582-48e3-ba51-fcc4a78fb4f8'}}
2025-03-06 12:10:06,404 - basicLogger - INFO - Message: {'type': 'temperature', 'datetime': '2025-03-06T10:19:50', 'payload': {'eventID': '1e07510b-1178-4dd1-956b-ed2ed324de61', 'deviceID': 'device123', 'timeStamp': '2025-03-06T10:19:50Z', 'temperature': 18, 'trace_id': '7d5c928e-9a56-40ac-8ec7-9d14f57e2f89'}}
2025-03-06 12:10:06,414 - basicLogger - INFO - Message: {'type': 'temperature', 'datetime': '2025-03-06T10:19:50', 'payload': {'eventID': 'b6dcf7bd-1d4a-4eb0-9647-d376a2b3b78d', 'deviceID': 'device123', 'timeStamp': '2025-03-06T10:19:50Z', 'temperature': 22, 'trace_id': '035a5fca-472f-4470-88e2-639ccf191580'}}
2025-03-06 12:10:06,423 - basicLogger - INFO - Message: {'type': 'temperature', 'datetime': '2025-03-06T10:19:50', 'payload': {'eventID': '86eddedd-80b8-46dd-8b59-4de30ebf895d', 'deviceID': 'device123', 'timeStamp': '2025-03-06T10:19:50Z', 'temperature': 15, 'trace_id': 'ed5fddb9-bb51-421e-a793-2690e36c3ca3'}}
2025-03-06 12:10:06,431 - basicLogger - INFO - Message: {'type': 'temperature', 'datetime': '2025-03-06T10:19:50', 'payload': {'eventID': '8829fe51-7388-4a39-ad07-edc1aec73390', 'deviceID': 'device123', 'timeStamp': '2025-03-06T10:19:50Z', 'temperature': 23, 'trace_id': '37632c4f-3bfc-4c33-9989-11bdb28cb618'}}
2025-03-06 12:10:06,439 - basicLogger - INFO - Message: {'type': 'temperature', 'datetime': '2025-03-06T10:19:50', 'payload': {'eventID': 'c8ced7f8-ee11-4cfc-a89e-793396706ac2', 'deviceID': 'device123', 'timeStamp': '2025-03-06T10:19:50Z', 'temperature': 15, 'trace_id': '0b0b2988-79ff-4d57-a149-c545c67cae44'}}
2025-03-06 12:10:06,448 - basicLogger - INFO - Message: {'type': 'wind-speed', 'datetime': '2025-03-06T10:19:50', 'payload': {'eventID': 'db7cba72-b933-4fae-9478-81ba7dc80e04', 'deviceID': 'windSensor-001', 'timeStamp': '2025-03-06T10:19:50Z', 'windspeed': 30, 'location': {'latitude': 35, 'longitude': -77}, 'trace_id': '36ba1b6e-9ad3-438a-9daa-1ff25200632f'}}
2025-03-06 12:10:06,456 - basicLogger - INFO - Message: {'type': 'wind-speed', 'datetime': '2025-03-06T10:19:50', 'payload': {'eventID': 'fb51a9b3-a315-42df-9b0e-184801a1a129', 'deviceID': 'windSensor-001', 'timeStamp': '2025-03-06T10:19:50Z', 'windspeed': 24, 'location': {'latitude': 42, 'longitude': -76}, 'trace_id': 'd0dde23d-a3d0-46b4-9715-ce9967dfd379'}}
2025-03-06 12:10:06,465 - basicLogger - INFO - Message: {'type': 'temperature', 'datetime': '2025-03-06T10:19:50', 'payload': {'eventID': '933e90fa-3028-4672-b059-0cef428222d2', 'deviceID': 'device123', 'timeStamp': '2025-03-06T10:19:50Z', 'temperature': 22, 'trace_id': '2b8e876f-40ae-4f08-ad0f-1facbaec8c1a'}}
2025-03-06 12:10:06,473 - basicLogger - INFO - Message: {'type': 'temperature', 'datetime': '2025-03-06T10:19:51', 'payload': {'eventID': 'f7df54c0-2110-4971-98c7-6aeb236763e6', 'deviceID': 'device123', 'timeStamp': '2025-03-06T10:19:50Z', 'temperature': 33, 'trace_id': 'd17e19b0-3c10-478a-94bb-52e3be7b38f5'}}
2025-03-06 12:10:06,481 - basicLogger - INFO - Message: {'type': 'temperature', 'datetime': '2025-03-06T10:19:51', 'payload': {'eventID': 'fc2ccfcb-5531-4bac-a431-90bd2d43f97c', 'deviceID': 'device123', 'timeStamp': '2025-03-06T10:19:50Z', 'temperature': 35, 'trace_id': 'eb209baa-f2d8-4dd1-8554-725092d04f4f'}}
2025-03-06 12:10:06,490 - basicLogger - INFO - Message: {'type': 'wind-speed', 'datetime': '2025-03-06T10:19:51', 'payload': {'eventID': '4d831fb6-41e1-4dfb-9ab7-a0d210fd9f80', 'deviceID': 'windSensor-001', 'timeStamp': '2025-03-06T10:19:50Z', 'windspeed': 19, 'location': {'latitude': 37, 'longitude': -75}, 'trace_id': '24ada139-94d9-472c-b621-f2b10431f740'}}
2025-03-06 12:10:06,498 - basicLogger - INFO - Message: {'type': 'temperature', 'datetime': '2025-03-06T10:19:51', 'payload': {'eventID': '22b02f8d-9690-4dfd-b04d-6d3be7b2a58f', 'deviceID': 'device123', 'timeStamp': '2025-03-06T10:19:50Z', 'temperature': 31, 'trace_id': 'db8f15bc-4c91-4a9e-a383-f76d71b86702'}}
2025-03-06 12:10:06,507 - basicLogger - INFO - Message: {'type': 'temperature', 'datetime': '2025-03-06T10:19:51', 'payload': {'eventID': '293110e8-7785-480f-ba97-aff3c1cdf94e', 'deviceID': 'device123', 'timeStamp': '2025-03-06T10:19:50Z', 'temperature': 23, 'trace_id': '91f4bea7-3acb-4568-ad67-7df018489424'}}
2025-03-06 12:10:06,515 - basicLogger - INFO - Message: {'type': 'temperature', 'datetime': '2025-03-06T10:19:51', 'payload': {'eventID': 'b98ea87d-079d-4f8f-aff2-debed6456478', 'deviceID': 'device123', 'timeStamp': '2025-03-06T10:19:50Z', 'temperature': 25, 'trace_id': 'ad957397-76be-4e46-9f11-43af1ab186a3'}}
2025-03-06 12:10:06,523 - basicLogger - INFO - Message: {'type': 'temperature', 'datetime': '2025-03-06T10:19:51', 'payload': {'eventID': '39e62c92-0a8a-44e0-a017-a720d138624a', 'deviceID': 'device123', 'timeStamp': '2025-03-06T10:19:50Z', 'temperature': 35, 'trace_id': '28177a58-18c1-4923-b7d6-d261765edd43'}}
2025-03-06 12:10:06,531 - basicLogger - INFO - Message: {'type': 'wind-speed', 'datetime': '2025-03-06T10:19:51', 'payload': {'eventID': '7de17173-c7a7-4a2e-b77d-0eb82fcefb10', 'deviceID': 'windSensor-001', 'timeStamp': '2025-03-06T10:19:50Z', 'windspeed': 10, 'location': {'latitude': 43, 'longitude': -77}, 'trace_id': 'bc21c075-fc05-4723-bbc8-af8a42385166'}}
2025-03-06 12:10:06,540 - basicLogger - INFO - Message: {'type': 'temperature', 'datetime': '2025-03-06T10:19:51', 'payload': {'eventID': 'ffa38b14-6613-47c3-a539-5a6e04d4d408', 'deviceID': 'device123', 'timeStamp': '2025-03-06T10:19:50Z', 'temperature': 33, 'trace_id': '0bccaa74-0769-49e3-9bca-c360a187b22f'}}
2025-03-06 12:10:06,548 - basicLogger - INFO - Message: {'type': 'temperature', 'datetime': '2025-03-06T10:19:51', 'payload': {'eventID': '5268ff0a-ebc8-4a79-a878-ca4249ed6e9c', 'deviceID': 'device123', 'timeStamp': '2025-03-06T10:19:50Z', 'temperature': 17, 'trace_id': 'fbc0676e-1918-42c7-a590-71e762b3a5cc'}}
2025-03-06 12:10:06,559 - basicLogger - INFO - Message: {'type': 'wind-speed', 'datetime': '2025-03-06T10:19:51', 'payload': {'eventID': '8812ee59-7bc5-4483-a605-3dae0c5e10bf', 'deviceID': 'windSensor-001', 'timeStamp': '2025-03-06T10:19:50Z', 'windspeed': 5, 'location': {'latitude': 36, 'longitude': -70}, 'trace_id': '80754a17-4267-4211-b7cd-48577cf0e0c6'}}
2025-03-06 12:10:06,567 - basicLogger - INFO - Message: {'type': 'temperature', 'datetime': '2025-03-06T10:19:51', 'payload': {'eventID': '66924110-489d-4186-9c0c-15edbf9a08eb', 'deviceID': 'device123', 'timeStamp': '2025-03-06T10:19:50Z', 'temperature': 35, 'trace_id': '8495fd22-dfca-40a3-a51f-8b299ca0ec97'}}
2025-03-06 12:10:06,575 - basicLogger - INFO - Message: {'type': 'temperature', 'datetime': '2025-03-06T10:19:51', 'payload': {'eventID': '7c8b7f83-be38-4951-ba36-87fe5dacf02c', 'deviceID': 'device123', 'timeStamp': '2025-03-06T10:19:50Z', 'temperature': 30, 'trace_id': '880e52ba-a8f9-4dd1-8182-d975cf5df3d2'}}
2025-03-06 12:10:06,586 - basicLogger - INFO - Message: {'type': 'temperature', 'datetime': '2025-03-06T10:19:51', 'payload': {'eventID': '42d2dba3-68d1-4836-ab10-e29545fc4096', 'deviceID': 'device123', 'timeStamp': '2025-03-06T10:19:50Z', 'temperature': 19, 'trace_id': 'd8ce1949-4d2d-4c77-90a0-6d96fb91a3a8'}}
2025-03-06 12:10:06,601 - basicLogger - INFO - Message: {'type': 'temperature', 'datetime': '2025-03-06T10:19:51', 'payload': {'eventID': '9774637d-7e57-487a-ad65-d28248029777', 'deviceID': 'device123', 'timeStamp': '2025-03-06T10:19:50Z', 'temperature': 27, 'trace_id': 'f9a8dce7-f578-4d2c-9091-1553ee8962aa'}}
2025-03-06 12:10:06,613 - basicLogger - INFO - Message: {'type': 'wind-speed', 'datetime': '2025-03-06T10:19:51', 'payload': {'eventID': 'e963763e-e05e-48ac-a3df-2f3324c1e957', 'deviceID': 'windSensor-001', 'timeStamp': '2025-03-06T10:19:50Z', 'windspeed': 10, 'location': {'latitude': 43, 'longitude': -72}, 'trace_id': '66acc7d6-3670-4b1e-b6a3-a0c4e46d701d'}}
2025-03-06 12:10:06,623 - basicLogger - INFO - Message: {'type': 'wind-speed', 'datetime': '2025-03-06T10:19:51', 'payload': {'eventID': '06b5e2cc-7c0e-4338-b274-cb85b0c8d1fd', 'deviceID': 'windSensor-001', 'timeStamp': '2025-03-06T10:19:50Z', 'windspeed': 16, 'location': {'latitude': 41, 'longitude': -80}, 'trace_id': 'e7dec17d-1a10-494c-8dae-4c2cba24c0c3'}}
2025-03-06 12:10:06,632 - basicLogger - INFO - Message: {'type': 'temperature', 'datetime': '2025-03-06T10:19:51', 'payload': {'eventID': 'e32d50e6-5a95-4134-8a7d-108d82044979', 'deviceID': 'device123', 'timeStamp': '2025-03-06T10:19:50Z', 'temperature': 24, 'trace_id': '8b854827-cba2-4f39-a7e1-70a99824bc00'}}
2025-03-06 12:10:06,642 - basicLogger - INFO - Message: {'type': 'temperature', 'datetime': '2025-03-06T10:19:51', 'payload': {'eventID': '97401930-f81e-451f-8740-22ee7af38994', 'deviceID': 'device123', 'timeStamp': '2025-03-06T10:19:50Z', 'temperature': 22, 'trace_id': '995b6184-2699-4c7b-b782-1f87405cc55d'}}
2025-03-06 12:10:06,651 - basicLogger - INFO - Message: {'type': 'temperature', 'datetime': '2025-03-06T10:19:51', 'payload': {'eventID': '79a3775a-46ba-4fe5-bdc1-05a96afae4f6', 'deviceID': 'device123', 'timeStamp': '2025-03-06T10:19:50Z', 'temperature': 33, 'trace_id': 'bca09075-c169-4b51-8b65-3a4f5f734e6c'}}
2025-03-06 12:10:06,660 - basicLogger - INFO - Message: {'type': 'temperature', 'datetime': '2025-03-06T10:19:51', 'payload': {'eventID': '0e0ccb77-6a05-438a-b150-4a3027bc87d3', 'deviceID': 'device123', 'timeStamp': '2025-03-06T10:19:50Z', 'temperature': 30, 'trace_id': '0c8bc65d-9515-45be-8b2b-c19dc9181ff5'}}
2025-03-06 12:10:06,671 - basicLogger - INFO - Message: {'type': 'temperature', 'datetime': '2025-03-06T10:19:51', 'payload': {'eventID': '65146575-75b4-47f9-be09-dfee19187682', 'deviceID': 'device123', 'timeStamp': '2025-03-06T10:19:50Z', 'temperature': 28, 'trace_id': '9d31f653-1601-4635-81c1-fbdb85f83ffc'}}
2025-03-06 12:10:06,680 - basicLogger - INFO - Message: {'type': 'wind-speed', 'datetime': '2025-03-06T10:19:51', 'payload': {'eventID': 'ccc360e9-c517-46fc-bda8-f1109ded311a', 'deviceID': 'windSensor-001', 'timeStamp': '2025-03-06T10:19:50Z', 'windspeed': 5, 'location': {'latitude': 43, 'longitude': -74}, 'trace_id': '5bcce044-2ee5-4534-894e-f6d7db1d9cca'}}
2025-03-06 12:10:06,689 - basicLogger - INFO - Message: {'type': 'temperature', 'datetime': '2025-03-06T10:19:51', 'payload': {'eventID': '9a06b7ee-62a2-44cf-a903-d80b7ff0a297', 'deviceID': 'device123', 'timeStamp': '2025-03-06T10:19:50Z', 'temperature': 31, 'trace_id': '625ad763-f88c-403c-baf8-dae76d88697e'}}
2025-03-06 12:10:06,698 - basicLogger - INFO - Message: {'type': 'temperature', 'datetime': '2025-03-06T10:19:51', 'payload': {'eventID': '44398b6a-4eec-4263-b826-6863dbd7d94d', 'deviceID': 'device123', 'timeStamp': '2025-03-06T10:19:50Z', 'temperature': 17, 'trace_id': '1e6f8b60-0ed5-445e-9f4c-0cfff1cc7250'}}
2025-03-06 12:10:06,707 - basicLogger - INFO - Message: {'type': 'wind-speed', 'datetime': '2025-03-06T10:19:51', 'payload': {'eventID': 'ac136333-a429-4f41-bc6f-02e11948ea31', 'deviceID': 'windSensor-001', 'timeStamp': '2025-03-06T10:19:50Z', 'windspeed': 15, 'location': {'latitude': 35, 'longitude': -75}, 'trace_id': '70aef185-0559-4de0-9593-f0366567d98a'}}
2025-03-06 12:10:06,717 - basicLogger - INFO - Message: {'type': 'temperature', 'datetime': '2025-03-06T10:19:51', 'payload': {'eventID': '099a0148-b999-4c20-8166-4bf68007894c', 'deviceID': 'device123', 'timeStamp': '2025-03-06T10:19:50Z', 'temperature': 23, 'trace_id': 'bf06bda5-83c3-49ba-b01e-b8ad8d9e6db3'}}
2025-03-06 12:10:06,728 - basicLogger - INFO - Message: {'type': 'temperature', 'datetime': '2025-03-06T10:19:51', 'payload': {'eventID': '568fc7bb-09ff-4bc9-8af9-f292a70f80a9', 'deviceID': 'device123', 'timeStamp': '2025-03-06T10:19:50Z', 'temperature': 35, 'trace_id': 'ed571da9-62ed-4eb3-b58e-fa02843d6711'}}
2025-03-06 12:10:06,738 - basicLogger - INFO - Message: {'type': 'temperature', 'datetime': '2025-03-06T10:19:51', 'payload': {'eventID': 'd6051a66-deb3-4be6-a39e-cda9e8ebbe70', 'deviceID': 'device123', 'timeStamp': '2025-03-06T10:19:50Z', 'temperature': 16, 'trace_id': '8600b465-a328-4670-80c8-b7d5495fb565'}}
2025-03-06 12:10:06,748 - basicLogger - INFO - Message: {'type': 'temperature', 'datetime': '2025-03-06T10:19:51', 'payload': {'eventID': 'ea076957-ce35-4db6-8962-2a418d070fd2', 'deviceID': 'device123', 'timeStamp': '2025-03-06T10:19:50Z', 'temperature': 22, 'trace_id': '2f38b58a-f841-484b-940f-bb48b40437c8'}}
2025-03-06 12:10:06,757 - basicLogger - INFO - Message: {'type': 'temperature', 'datetime': '2025-03-06T10:19:51', 'payload': {'eventID': '407818c5-b824-427d-948e-1a306adce188', 'deviceID': 'device123', 'timeStamp': '2025-03-06T10:19:50Z', 'temperature': 34, 'trace_id': 'a84e9fd0-8d61-40e7-8ae8-b89989da990f'}}
2025-03-06 12:10:06,766 - basicLogger - INFO - Message: {'type': 'temperature', 'datetime': '2025-03-06T10:19:51', 'payload': {'eventID': '59735c1a-2737-4113-9d4f-f4e2e3dc5ed7', 'deviceID': 'device123', 'timeStamp': '2025-03-06T10:19:50Z', 'temperature': 28, 'trace_id': '810d642a-18aa-4184-bff3-0cc236ae3b94'}}
2025-03-06 12:10:06,775 - basicLogger - INFO - Message: {'type': 'wind-speed', 'datetime': '2025-03-06T10:19:51', 'payload': {'eventID': '7323bfe0-53a1-4107-ab01-3305bd9ad026', 'deviceID': 'windSensor-001', 'timeStamp': '2025-03-06T10:19:50Z', 'windspeed': 16, 'location': {'latitude': 41, 'longitude': -71}, 'trace_id': '64010d57-77ab-47e8-a419-7bed3c990170'}}
2025-03-06 12:10:06,785 - basicLogger - INFO - Message: {'type': 'temperature', 'datetime': '2025-03-06T10:19:51', 'payload': {'eventID': '81141670-a3b7-4c11-a07e-41cdcfbaa837', 'deviceID': 'device123', 'timeStamp': '2025-03-06T10:19:50Z', 'temperature': 18, 'trace_id': '30430394-4336-4148-ab1f-88178d1c3132'}}
2025-03-06 12:10:06,794 - basicLogger - INFO - Message: {'type': 'temperature', 'datetime': '2025-03-06T10:19:51', 'payload': {'eventID': 'c6a17fa9-36dc-482e-8e59-5928b7c4eaf4', 'deviceID': 'device123', 'timeStamp': '2025-03-06T10:19:50Z', 'temperature': 34, 'trace_id': 'd29b8092-82ce-4118-a11f-7852dd60728d'}}
2025-03-06 12:10:06,804 - basicLogger - INFO - Message: {'type': 'temperature', 'datetime': '2025-03-06T10:19:51', 'payload': {'eventID': '08bb7012-ff8d-4c7e-aaa7-8d8a4d6c6ef2', 'deviceID': 'device123', 'timeStamp': '2025-03-06T10:19:50Z', 'temperature': 32, 'trace_id': '7755fa6e-22ec-4687-853b-8bbc5e921a9d'}}
2025-03-06 12:10:06,813 - basicLogger - INFO - Message: {'type': 'temperature', 'datetime': '2025-03-06T10:19:51', 'payload': {'eventID': '7d1c3cea-1aac-4b5b-8d86-4983a5c1a1e4', 'deviceID': 'device123', 'timeStamp': '2025-03-06T10:19:50Z', 'temperature': 35, 'trace_id': '114df46c-2737-4f6a-9b85-8f0e3e68dd5b'}}
2025-03-06 12:10:06,829 - basicLogger - INFO - Message: {'type': 'temperature', 'datetime': '2025-03-06T10:19:51', 'payload': {'eventID': '0d6aa270-346a-425e-8b77-9f76acf55bb4', 'deviceID': 'device123', 'timeStamp': '2025-03-06T10:19:50Z', 'temperature': 29, 'trace_id': '1b62dfd2-0822-4257-8967-34bdbe4470f9'}}
2025-03-06 12:10:06,844 - basicLogger - INFO - Message: {'type': 'temperature', 'datetime': '2025-03-06T10:19:51', 'payload': {'eventID': 'cf72d7d3-7505-49bc-a99e-fabd8005cf73', 'deviceID': 'device123', 'timeStamp': '2025-03-06T10:19:50Z', 'temperature': 15, 'trace_id': '98ee96cf-cc29-4fa5-8db6-3c050009c9b8'}}
2025-03-06 12:10:06,859 - basicLogger - INFO - Message: {'type': 'wind-speed', 'datetime': '2025-03-06T10:19:51', 'payload': {'eventID': '0f35c36d-de39-4d5e-ba71-b09167238d13', 'deviceID': 'windSensor-001', 'timeStamp': '2025-03-06T10:19:50Z', 'windspeed': 16, 'location': {'latitude': 43, 'longitude': -80}, 'trace_id': 'c186110e-eb1c-4a24-b7bb-5e352cb61681'}}
2025-03-06 12:10:06,873 - basicLogger - INFO - Message: {'type': 'temperature', 'datetime': '2025-03-06T10:19:51', 'payload': {'eventID': '48a8cf4f-6a0b-44b7-87e4-87405535935f', 'deviceID': 'device123', 'timeStamp': '2025-03-06T10:19:50Z', 'temperature': 34, 'trace_id': 'fe76c727-a15e-49e7-b696-5e8e8b3960a7'}}
2025-03-06 12:10:06,882 - basicLogger - INFO - Message: {'type': 'temperature', 'datetime': '2025-03-06T10:19:51', 'payload': {'eventID': '9b6598f1-c5de-4284-9f50-13949f0b88c3', 'deviceID': 'device123', 'timeStamp': '2025-03-06T10:19:50Z', 'temperature': 23, 'trace_id': '6eae219d-7ab8-4f38-9b1e-7f6f32911347'}}
2025-03-06 12:10:06,889 - basicLogger - INFO - Message: {'type': 'temperature', 'datetime': '2025-03-06T10:19:51', 'payload': {'eventID': '386bafe0-6535-49b9-922b-750c5507a761', 'deviceID': 'device123', 'timeStamp': '2025-03-06T10:19:50Z', 'temperature': 21, 'trace_id': 'ae5c67a3-999f-4e6c-a422-242e9c10762a'}}
2025-03-06 12:10:06,897 - basicLogger - INFO - Message: {'type': 'temperature', 'datetime': '2025-03-06T10:19:51', 'payload': {'eventID': 'cae628ec-3f53-4871-a469-78b6c77055cc', 'deviceID': 'device123', 'timeStamp': '2025-03-06T10:19:50Z', 'temperature': 24, 'trace_id': '924b306a-6915-4e96-828e-66bcababdde9'}}
2025-03-06 12:10:06,906 - basicLogger - INFO - Message: {'type': 'wind-speed', 'datetime': '2025-03-06T10:19:51', 'payload': {'eventID': 'aa4be11e-4957-4390-97bb-519c9aaaacbd', 'deviceID': 'windSensor-001', 'timeStamp': '2025-03-06T10:19:50Z', 'windspeed': 23, 'location': {'latitude': 45, 'longitude': -80}, 'trace_id': 'd09dd382-3ed8-4e85-8d28-730a6db7c625'}}
2025-03-06 12:10:06,914 - basicLogger - INFO - Message: {'type': 'wind-speed', 'datetime': '2025-03-06T10:19:51', 'payload': {'eventID': '0d24dab1-2e0d-438d-847e-a6c41b8c9d61', 'deviceID': 'windSensor-001', 'timeStamp': '2025-03-06T10:19:50Z', 'windspeed': 13, 'location': {'latitude': 36, 'longitude': -80}, 'trace_id': 'ced29621-897c-43c3-ab00-5f3dff4bd01b'}}
2025-03-06 12:10:06,922 - basicLogger - INFO - Message: {'type': 'wind-speed', 'datetime': '2025-03-06T10:19:51', 'payload': {'eventID': '54f940da-05ed-4ef8-bb43-ca6b2578c37b', 'deviceID': 'windSensor-001', 'timeStamp': '2025-03-06T10:19:50Z', 'windspeed': 21, 'location': {'latitude': 43, 'longitude': -70}, 'trace_id': 'b2ae0ce3-4475-412c-a0b5-2c5e37384924'}}
2025-03-06 12:10:06,930 - basicLogger - INFO - Message: {'type': 'wind-speed', 'datetime': '2025-03-06T10:19:51', 'payload': {'eventID': '8e13148d-6cfc-4cb7-9957-d1496c6c7adf', 'deviceID': 'windSensor-001', 'timeStamp': '2025-03-06T10:19:50Z', 'windspeed': 19, 'location': {'latitude': 36, 'longitude': -80}, 'trace_id': 'f08b090c-6b8a-46a8-9fe6-bb6eb52649a2'}}
2025-03-06 12:10:06,937 - basicLogger - INFO - Message: {'type': 'wind-speed', 'datetime': '2025-03-06T10:19:51', 'payload': {'eventID': 'fa55b4d5-6373-4769-a426-a767b3536b60', 'deviceID': 'windSensor-001', 'timeStamp': '2025-03-06T10:19:50Z', 'windspeed': 22, 'location': {'latitude': 44, 'longitude': -80}, 'trace_id': '05ec444e-befd-49d8-971f-f1445fd789ea'}}
2025-03-06 12:10:06,945 - basicLogger - INFO - Message: {'type': 'temperature', 'datetime': '2025-03-06T10:19:51', 'payload': {'eventID': '42682a7a-9751-47b7-ad3e-a3f34bc07099', 'deviceID': 'device123', 'timeStamp': '2025-03-06T10:19:50Z', 'temperature': 16, 'trace_id': '0dcc0f25-22d6-4d77-8d94-ae1890295968'}}
2025-03-06 12:10:06,953 - basicLogger - INFO - Message: {'type': 'temperature', 'datetime': '2025-03-06T10:19:51', 'payload': {'eventID': '92e5dec7-6ab2-4b08-86a2-26d9d97b1805', 'deviceID': 'device123', 'timeStamp': '2025-03-06T10:19:50Z', 'temperature': 18, 'trace_id': '5a78c253-e539-4897-bc55-d043dbec7d74'}}
2025-03-06 12:10:06,961 - basicLogger - INFO - Message: {'type': 'wind-speed', 'datetime': '2025-03-06T10:19:51', 'payload': {'eventID': '6c129b47-4589-48c8-ad1b-8701e09cf596', 'deviceID': 'windSensor-001', 'timeStamp': '2025-03-06T10:19:50Z', 'windspeed': 28, 'location': {'latitude': 40, 'longitude': -77}, 'trace_id': '8028b449-bfcf-491f-accd-fc5e6ba7f778'}}
2025-03-06 12:10:06,968 - basicLogger - INFO - Message: {'type': 'wind-speed', 'datetime': '2025-03-06T10:19:51', 'payload': {'eventID': 'af494055-63c5-46b2-b0bd-f4a7a5c3436c', 'deviceID': 'windSensor-001', 'timeStamp': '2025-03-06T10:19:50Z', 'windspeed': 12, 'location': {'latitude': 35, 'longitude': -78}, 'trace_id': '3870034f-e414-4989-a302-17a1df8ec384'}}
2025-03-06 12:10:06,976 - basicLogger - INFO - Message: {'type': 'wind-speed', 'datetime': '2025-03-06T10:19:51', 'payload': {'eventID': 'ef5524dd-bba7-45f1-be06-dcabd674b1fb', 'deviceID': 'windSensor-001', 'timeStamp': '2025-03-06T10:19:50Z', 'windspeed': 29, 'location': {'latitude': 42, 'longitude': -79}, 'trace_id': '23d9adc6-3d1a-425b-8a27-4caee93b886e'}}
2025-03-06 12:10:06,984 - basicLogger - INFO - Message: {'type': 'wind-speed', 'datetime': '2025-03-06T10:19:51', 'payload': {'eventID': '03cad723-2116-4e85-bbe8-699d4bcbbd35', 'deviceID': 'windSensor-001', 'timeStamp': '2025-03-06T10:19:50Z', 'windspeed': 20, 'location': {'latitude': 42, 'longitude': -79}, 'trace_id': '92ee8489-faa0-48b0-b54d-4b23212e0c18'}}
2025-03-06 12:10:06,996 - basicLogger - INFO - Message: {'type': 'wind-speed', 'datetime': '2025-03-06T10:19:51', 'payload': {'eventID': 'e3830e56-3838-46d4-a95f-72ead6129457', 'deviceID': 'windSensor-001', 'timeStamp': '2025-03-06T10:19:50Z', 'windspeed': 22, 'location': {'latitude': 41, 'longitude': -74}, 'trace_id': '45fd6757-5d3e-4330-bac7-01b6588dac6c'}}
2025-03-06 12:10:07,010 - basicLogger - INFO - Message: {'type': 'temperature', 'datetime': '2025-03-06T10:19:51', 'payload': {'eventID': '8240672b-06c6-4ef5-84f4-9c28cd866e23', 'deviceID': 'device123', 'timeStamp': '2025-03-06T10:19:50Z', 'temperature': 35, 'trace_id': '202cab32-d3fc-415a-b1c6-62f8e1a917dc'}}
2025-03-06 12:10:07,025 - basicLogger - INFO - Message: {'type': 'wind-speed', 'datetime': '2025-03-06T10:19:51', 'payload': {'eventID': '2bba2426-4889-4670-81c7-0382174024e4', 'deviceID': 'windSensor-001', 'timeStamp': '2025-03-06T10:19:50Z', 'windspeed': 30, 'location': {'latitude': 42, 'longitude': -80}, 'trace_id': '8a602f0e-ee36-4454-84df-0964a7f82042'}}
2025-03-06 12:10:07,046 - basicLogger - INFO - Message: {'type': 'temperature', 'datetime': '2025-03-06T10:19:51', 'payload': {'eventID': '088e178e-3d2d-4452-8fc0-d9bd843f2c07', 'deviceID': 'device123', 'timeStamp': '2025-03-06T10:19:50Z', 'temperature': 28, 'trace_id': '579d0c0c-ee5e-42f7-843b-279b816c4ae0'}}
2025-03-06 12:10:07,061 - basicLogger - INFO - Message: {'type': 'temperature', 'datetime': '2025-03-06T10:19:51', 'payload': {'eventID': '1f3de7e3-9b55-416c-b689-66f2639db72b', 'deviceID': 'device123', 'timeStamp': '2025-03-06T10:19:50Z', 'temperature': 20, 'trace_id': '4be8d0ac-31bd-416c-9bf8-e2818461f1b3'}}
2025-03-06 12:10:07,075 - basicLogger - INFO - Message: {'type': 'wind-speed', 'datetime': '2025-03-06T10:19:51', 'payload': {'eventID': 'd342bc4a-8b8d-4032-bfd2-d0528dcfb3fc', 'deviceID': 'windSensor-001', 'timeStamp': '2025-03-06T10:19:50Z', 'windspeed': 19, 'location': {'latitude': 38, 'longitude': -77}, 'trace_id': 'b32afbbc-a064-42d2-9fd3-f7bff8618621'}}
2025-03-06 12:10:07,093 - basicLogger - INFO - Message: {'type': 'temperature', 'datetime': '2025-03-06T10:19:51', 'payload': {'eventID': '1887c0ef-466b-4be9-b40a-3b2b83acd819', 'deviceID': 'device123', 'timeStamp': '2025-03-06T10:19:50Z', 'temperature': 25, 'trace_id': '4020bb90-320a-4a63-8285-1900adb3b53a'}}
2025-03-06 12:10:07,107 - basicLogger - INFO - Message: {'type': 'wind-speed', 'datetime': '2025-03-06T10:19:51', 'payload': {'eventID': '93db9e21-cd86-47d4-8981-2d0b3daf24dc', 'deviceID': 'windSensor-001', 'timeStamp': '2025-03-06T10:19:50Z', 'windspeed': 30, 'location': {'latitude': 40, 'longitude': -79}, 'trace_id': '13ce6e83-97e8-450c-baff-1067b3ce9bde'}}
2025-03-06 12:10:07,122 - basicLogger - INFO - Message: {'type': 'temperature', 'datetime': '2025-03-06T10:19:51', 'payload': {'eventID': '0b42269e-24dd-419a-bc18-45c53eb745a4', 'deviceID': 'device123', 'timeStamp': '2025-03-06T10:19:50Z', 'temperature': 18, 'trace_id': '3298c630-0c9d-4dd7-b8ac-e29cbab0a6cc'}}
2025-03-06 12:10:07,136 - basicLogger - INFO - Message: {'type': 'temperature', 'datetime': '2025-03-06T10:19:51', 'payload': {'eventID': '4964bbb4-c08c-4fe2-8dd6-6897bbd93a80', 'deviceID': 'device123', 'timeStamp': '2025-03-06T10:19:50Z', 'temperature': 26, 'trace_id': '571575a7-8a44-45f5-935f-98636e0ff1f0'}}
2025-03-06 12:10:07,151 - basicLogger - INFO - Message: {'type': 'wind-speed', 'datetime': '2025-03-06T10:19:51', 'payload': {'eventID': '13c8ca4e-84a2-4026-b45f-71c45cd93ad2', 'deviceID': 'windSensor-001', 'timeStamp': '2025-03-06T10:19:50Z', 'windspeed': 18, 'location': {'latitude': 44, 'longitude': -75}, 'trace_id': '2e52dd65-113a-480c-8a8b-b80753bb0e92'}}
2025-03-06 12:10:07,169 - basicLogger - INFO - Message: {'type': 'wind-speed', 'datetime': '2025-03-06T10:19:51', 'payload': {'eventID': '7afadf6f-2052-44a6-970b-983bf1a9179b', 'deviceID': 'windSensor-001', 'timeStamp': '2025-03-06T10:19:50Z', 'windspeed': 24, 'location': {'latitude': 39, 'longitude': -71}, 'trace_id': 'd85e0c67-b4a7-46ac-95c2-bb43f273d247'}}
2025-03-06 12:10:07,184 - basicLogger - INFO - Message: {'type': 'wind-speed', 'datetime': '2025-03-06T10:19:51', 'payload': {'eventID': '066b9c31-1e15-42ff-bc70-085bc8ec1c04', 'deviceID': 'windSensor-001', 'timeStamp': '2025-03-06T10:19:51Z', 'windspeed': 11, 'location': {'latitude': 36, 'longitude': -74}, 'trace_id': 'd5f5442c-3f10-4a32-a22e-87f30a2e5f78'}}
2025-03-06 12:10:07,199 - basicLogger - INFO - Message: {'type': 'wind-speed', 'datetime': '2025-03-06T10:19:51', 'payload': {'eventID': '16193e78-eaa3-441b-ad15-0c9df022cf55', 'deviceID': 'windSensor-001', 'timeStamp': '2025-03-06T10:19:51Z', 'windspeed': 10, 'location': {'latitude': 39, 'longitude': -71}, 'trace_id': '5a04f732-68cc-4656-b6f8-36e95a654764'}}
2025-03-06 12:10:07,216 - basicLogger - INFO - Message: {'type': 'temperature', 'datetime': '2025-03-06T10:19:51', 'payload': {'eventID': 'ac04b98d-c5d3-451f-977d-1a501a9874ea', 'deviceID': 'device123', 'timeStamp': '2025-03-06T10:19:51Z', 'temperature': 17, 'trace_id': 'c6a65760-3334-4d40-9e9c-ac3dfb4e3b29'}}
2025-03-06 12:10:07,229 - basicLogger - INFO - Message: {'type': 'temperature', 'datetime': '2025-03-06T10:19:51', 'payload': {'eventID': '7057bb0b-df44-477a-ba20-a1684a4cbc1e', 'deviceID': 'device123', 'timeStamp': '2025-03-06T10:19:51Z', 'temperature': 22, 'trace_id': 'de427b0a-19d9-417c-b66e-103cd4abd629'}}
2025-03-06 12:10:07,240 - basicLogger - INFO - Message: {'type': 'wind-speed', 'datetime': '2025-03-06T10:19:51', 'payload': {'eventID': 'b220306c-82fd-4a75-abe7-4427c3b3cd58', 'deviceID': 'windSensor-001', 'timeStamp': '2025-03-06T10:19:51Z', 'windspeed': 9, 'location': {'latitude': 35, 'longitude': -79}, 'trace_id': 'd41d205a-1f4f-4d54-be3e-56b8016ef0d6'}}
2025-03-06 12:10:07,251 - basicLogger - INFO - Message: {'type': 'wind-speed', 'datetime': '2025-03-06T10:19:51', 'payload': {'eventID': 'df716bbf-01f0-4376-a4cf-81b1ea67a328', 'deviceID': 'windSensor-001', 'timeStamp': '2025-03-06T10:19:51Z', 'windspeed': 9, 'location': {'latitude': 38, 'longitude': -72}, 'trace_id': 'f53c6b71-e9a5-4b20-9bc4-af83204399ba'}}
2025-03-06 12:10:07,262 - basicLogger - INFO - Message: {'type': 'wind-speed', 'datetime': '2025-03-06T10:19:51', 'payload': {'eventID': 'd32e153d-80bb-4aed-b0b7-18dbe85b7894', 'deviceID': 'windSensor-001', 'timeStamp': '2025-03-06T10:19:51Z', 'windspeed': 12, 'location': {'latitude': 36, 'longitude': -72}, 'trace_id': 'ea627b12-e170-4e0e-902b-f0ff2ffe06e4'}}
2025-03-06 12:10:07,273 - basicLogger - INFO - Message: {'type': 'wind-speed', 'datetime': '2025-03-06T10:19:51', 'payload': {'eventID': '5ae6358a-9ef2-418d-9d23-783beeb43d56', 'deviceID': 'windSensor-001', 'timeStamp': '2025-03-06T10:19:51Z', 'windspeed': 19, 'location': {'latitude': 41, 'longitude': -78}, 'trace_id': '9fe54f2c-f713-4623-b152-4988179d4d35'}}
2025-03-06 12:10:07,284 - basicLogger - INFO - Message: {'type': 'temperature', 'datetime': '2025-03-06T10:19:51', 'payload': {'eventID': '0d46daf4-5d95-4198-a8c0-795558c0ca84', 'deviceID': 'device123', 'timeStamp': '2025-03-06T10:19:51Z', 'temperature': 24, 'trace_id': '136f7b2c-a5dd-4c4b-a3e7-2db8d910a35f'}}
2025-03-06 12:10:07,295 - basicLogger - INFO - Message: {'type': 'wind-speed', 'datetime': '2025-03-06T10:19:51', 'payload': {'eventID': 'dc568cc2-50a3-46a8-b078-14eef5b12087', 'deviceID': 'windSensor-001', 'timeStamp': '2025-03-06T10:19:51Z', 'windspeed': 26, 'location': {'latitude': 41, 'longitude': -74}, 'trace_id': '670bad12-564b-4028-b9d9-6b85ce7a7c49'}}
2025-03-06 12:10:07,309 - basicLogger - INFO - Message: {'type': 'temperature', 'datetime': '2025-03-06T10:19:51', 'payload': {'eventID': 'a2af1022-c1ae-4100-84a0-37b23d903f69', 'deviceID': 'device123', 'timeStamp': '2025-03-06T10:19:51Z', 'temperature': 31, 'trace_id': '9c3b232f-ef70-4724-812c-cbab643c54a1'}}
2025-03-06 12:10:07,320 - basicLogger - INFO - Message: {'type': 'temperature', 'datetime': '2025-03-06T10:19:51', 'payload': {'eventID': '9b9a9253-e045-4ca7-9c6d-09d801588189', 'deviceID': 'device123', 'timeStamp': '2025-03-06T10:19:51Z', 'temperature': 35, 'trace_id': '4cdfe8e7-fc32-4d5e-9599-c77c2a81849f'}}
2025-03-06 12:10:07,330 - basicLogger - INFO - Message: {'type': 'wind-speed', 'datetime': '2025-03-06T10:19:51', 'payload': {'eventID': '2e344cb3-5637-4793-b0c0-8c59d983a1ac', 'deviceID': 'windSensor-001', 'timeStamp': '2025-03-06T10:19:51Z', 'windspeed': 30, 'location': {'latitude': 45, 'longitude': -77}, 'trace_id': '381c4c64-0908-4383-99f0-f0e9510f5302'}}
2025-03-06 12:10:07,342 - basicLogger - INFO - Message: {'type': 'wind-speed', 'datetime': '2025-03-06T10:19:51', 'payload': {'eventID': 'd74264fa-0a5c-4bd1-9ce2-251a4985e1fc', 'deviceID': 'windSensor-001', 'timeStamp': '2025-03-06T10:19:51Z', 'windspeed': 7, 'location': {'latitude': 35, 'longitude': -75}, 'trace_id': '298c2deb-1843-4aba-ba52-956c144d7471'}}
2025-03-06 12:10:07,352 - basicLogger - INFO - Message: {'type': 'wind-speed', 'datetime': '2025-03-06T10:19:51', 'payload': {'eventID': '04b4f68b-ecd0-4719-b7f2-4556a2f8fc50', 'deviceID': 'windSensor-001', 'timeStamp': '2025-03-06T10:19:51Z', 'windspeed': 9, 'location': {'latitude': 42, 'longitude': -80}, 'trace_id': '6dee01f6-940a-41f2-8515-22ad944af347'}}
2025-03-06 12:10:07,363 - basicLogger - INFO - Message: {'type': 'wind-speed', 'datetime': '2025-03-06T10:19:51', 'payload': {'eventID': 'a630887f-89cb-4740-b6b8-d06c637e5c0b', 'deviceID': 'windSensor-001', 'timeStamp': '2025-03-06T10:19:51Z', 'windspeed': 17, 'location': {'latitude': 42, 'longitude': -77}, 'trace_id': '69c423cb-fd94-4027-8ff3-1f48bcc3a7f3'}}
2025-03-06 12:10:07,374 - basicLogger - INFO - Message: {'type': 'temperature', 'datetime': '2025-03-06T10:19:51', 'payload': {'eventID': '1a52a8c7-0bb4-4037-935f-fd776fef4b45', 'deviceID': 'device123', 'timeStamp': '2025-03-06T10:19:51Z', 'temperature': 27, 'trace_id': '5f626092-595f-4b56-8406-2ea71eb0ce2b'}}
2025-03-06 12:10:07,385 - basicLogger - INFO - Message: {'type': 'wind-speed', 'datetime': '2025-03-06T10:19:51', 'payload': {'eventID': '7fb802f6-a698-4c03-b578-ed6705eaa71f', 'deviceID': 'windSensor-001', 'timeStamp': '2025-03-06T10:19:51Z', 'windspeed': 12, 'location': {'latitude': 42, 'longitude': -72}, 'trace_id': '7db43a9e-4e0e-4ce3-8f8d-984fa88465c0'}}
2025-03-06 12:10:07,395 - basicLogger - INFO - Message: {'type': 'wind-speed', 'datetime': '2025-03-06T10:19:51', 'payload': {'eventID': '509710ee-e007-4f69-a863-8a7ff6ba12e9', 'deviceID': 'windSensor-001', 'timeStamp': '2025-03-06T10:19:51Z', 'windspeed': 9, 'location': {'latitude': 42, 'longitude': -72}, 'trace_id': 'c1193c70-b3d4-44a1-b9f8-2fd07d10ef91'}}
2025-03-06 12:10:07,406 - basicLogger - INFO - Message: {'type': 'temperature', 'datetime': '2025-03-06T10:19:51', 'payload': {'eventID': '128a4c2b-6e44-4dcb-9482-096327f7bc06', 'deviceID': 'device123', 'timeStamp': '2025-03-06T10:19:51Z', 'temperature': 35, 'trace_id': 'fec8da9f-8426-4005-9713-e730838aacde'}}
2025-03-06 12:10:07,417 - basicLogger - INFO - Message: {'type': 'wind-speed', 'datetime': '2025-03-06T10:19:51', 'payload': {'eventID': 'b3787030-519d-487a-9859-511877752fb1', 'deviceID': 'windSensor-001', 'timeStamp': '2025-03-06T10:19:51Z', 'windspeed': 19, 'location': {'latitude': 45, 'longitude': -75}, 'trace_id': '19b2f845-60ad-4a41-8584-27ccca5c53e4'}}
2025-03-06 12:10:07,429 - basicLogger - INFO - Message: {'type': 'wind-speed', 'datetime': '2025-03-06T10:19:51', 'payload': {'eventID': '0471b31e-9bc8-4e19-a8d1-0c29116b4d57', 'deviceID': 'windSensor-001', 'timeStamp': '2025-03-06T10:19:51Z', 'windspeed': 7, 'location': {'latitude': 41, 'longitude': -79}, 'trace_id': '05650e42-2e5e-4227-b647-5e8aceddd29d'}}
2025-03-06 12:10:07,440 - basicLogger - INFO - Message: {'type': 'temperature', 'datetime': '2025-03-06T10:19:51', 'payload': {'eventID': '850d9a1d-0d00-49d3-80ea-3468b0d4495d', 'deviceID': 'device123', 'timeStamp': '2025-03-06T10:19:51Z', 'temperature': 26, 'trace_id': '6308f76e-b608-47f7-b26b-69c14d87018a'}}
2025-03-06 12:10:07,451 - basicLogger - INFO - Message: {'type': 'temperature', 'datetime': '2025-03-06T10:19:51', 'payload': {'eventID': 'fe64eba0-a4df-46b4-8c2d-8e842e4b3526', 'deviceID': 'device123', 'timeStamp': '2025-03-06T10:19:51Z', 'temperature': 17, 'trace_id': 'ae2dd4d3-0edb-4e43-b9b4-f66b7800af90'}}
2025-03-06 12:10:07,461 - basicLogger - INFO - Message: {'type': 'wind-speed', 'datetime': '2025-03-06T10:19:51', 'payload': {'eventID': '837b8020-010b-4597-b79e-cd5aacc5bdb1', 'deviceID': 'windSensor-001', 'timeStamp': '2025-03-06T10:19:51Z', 'windspeed': 8, 'location': {'latitude': 37, 'longitude': -74}, 'trace_id': 'c733c610-72d6-4504-a098-450c01a835e1'}}
2025-03-06 12:10:07,472 - basicLogger - INFO - Message: {'type': 'wind-speed', 'datetime': '2025-03-06T10:19:51', 'payload': {'eventID': '5837c8f0-fe06-4d42-8a52-9a062ad4197e', 'deviceID': 'windSensor-001', 'timeStamp': '2025-03-06T10:19:51Z', 'windspeed': 10, 'location': {'latitude': 35, 'longitude': -77}, 'trace_id': 'f6bae3b4-29cc-40b8-a776-3b2dc475e2fc'}}
2025-03-06 12:10:07,484 - basicLogger - INFO - Message: {'type': 'wind-speed', 'datetime': '2025-03-06T10:19:51', 'payload': {'eventID': '63fa1280-829a-409c-8a54-25f5555787ea', 'deviceID': 'windSensor-001', 'timeStamp': '2025-03-06T10:19:51Z', 'windspeed': 18, 'location': {'latitude': 44, 'longitude': -73}, 'trace_id': '2e5cd6c3-c74d-4cf6-982c-982a72bfc57b'}}
2025-03-06 12:10:07,497 - basicLogger - INFO - Message: {'type': 'wind-speed', 'datetime': '2025-03-06T10:19:51', 'payload': {'eventID': 'd3677325-fb90-4257-b852-fa22bbf43e1a', 'deviceID': 'windSensor-001', 'timeStamp': '2025-03-06T10:19:51Z', 'windspeed': 16, 'location': {'latitude': 40, 'longitude': -78}, 'trace_id': '869059a6-bc41-40c6-9bd4-b6e72a94b712'}}
2025-03-06 12:10:07,508 - basicLogger - INFO - Message: {'type': 'wind-speed', 'datetime': '2025-03-06T10:19:51', 'payload': {'eventID': '01153e03-7dcd-49ff-8a44-f4195539955e', 'deviceID': 'windSensor-001', 'timeStamp': '2025-03-06T10:19:51Z', 'windspeed': 15, 'location': {'latitude': 39, 'longitude': -79}, 'trace_id': '1d0ab235-6c6f-4cb8-8ec6-0b513abf5a25'}}
2025-03-06 12:10:07,519 - basicLogger - INFO - Message: {'type': 'wind-speed', 'datetime': '2025-03-06T10:19:51', 'payload': {'eventID': '41de4a32-286c-4295-ad3d-0f21bb49c428', 'deviceID': 'windSensor-001', 'timeStamp': '2025-03-06T10:19:51Z', 'windspeed': 10, 'location': {'latitude': 41, 'longitude': -74}, 'trace_id': '7f8a108c-e5a0-4b2c-bfe5-37896eb07611'}}
2025-03-06 12:10:07,530 - basicLogger - INFO - Message: {'type': 'wind-speed', 'datetime': '2025-03-06T10:19:51', 'payload': {'eventID': 'f6e9b625-53ed-46d9-85e4-9477fa25da08', 'deviceID': 'windSensor-001', 'timeStamp': '2025-03-06T10:19:51Z', 'windspeed': 14, 'location': {'latitude': 39, 'longitude': -77}, 'trace_id': '2cb3827d-e9ed-441b-8b64-b454d4171be2'}}
2025-03-06 12:10:07,541 - basicLogger - INFO - Message: {'type': 'temperature', 'datetime': '2025-03-06T10:19:51', 'payload': {'eventID': 'b13d3b7a-b6f6-43dc-817f-5cdf98f6eed4', 'deviceID': 'device123', 'timeStamp': '2025-03-06T10:19:51Z', 'temperature': 33, 'trace_id': 'c993c1f0-2e27-4edb-bc08-4f0e9b97d047'}}
2025-03-06 12:10:07,552 - basicLogger - INFO - Message: {'type': 'wind-speed', 'datetime': '2025-03-06T10:19:51', 'payload': {'eventID': '4b1a38c2-016e-4e17-a9ed-0cdeeff7d804', 'deviceID': 'windSensor-001', 'timeStamp': '2025-03-06T10:19:51Z', 'windspeed': 15, 'location': {'latitude': 42, 'longitude': -74}, 'trace_id': 'e781966d-2481-4a81-9cc2-971b3941407b'}}
2025-03-06 12:10:07,563 - basicLogger - INFO - Message: {'type': 'wind-speed', 'datetime': '2025-03-06T10:19:51', 'payload': {'eventID': '8eb4d9e7-97eb-46cc-a3ad-693ca09f5ff2', 'deviceID': 'windSensor-001', 'timeStamp': '2025-03-06T10:19:51Z', 'windspeed': 30, 'location': {'latitude': 44, 'longitude': -77}, 'trace_id': 'aecf2a0b-2066-4c27-8788-bb1dc4a8e2c1'}}
2025-03-06 12:10:07,574 - basicLogger - INFO - Message: {'type': 'wind-speed', 'datetime': '2025-03-06T10:19:51', 'payload': {'eventID': 'cabeb715-f3a0-4cd5-84b0-d3a78e17541c', 'deviceID': 'windSensor-001', 'timeStamp': '2025-03-06T10:19:51Z', 'windspeed': 14, 'location': {'latitude': 43, 'longitude': -77}, 'trace_id': 'bf9316c1-81fd-4f6b-8dfd-276dc87567a0'}}
2025-03-06 12:10:07,585 - basicLogger - INFO - Message: {'type': 'wind-speed', 'datetime': '2025-03-06T10:19:51', 'payload': {'eventID': 'd866330f-1bd5-4d05-8d9c-3245610d69b1', 'deviceID': 'windSensor-001', 'timeStamp': '2025-03-06T10:19:51Z', 'windspeed': 15, 'location': {'latitude': 37, 'longitude': -79}, 'trace_id': 'ffb6514c-8a6c-4e45-9e11-88b3b4da9d46'}}
2025-03-06 12:10:07,596 - basicLogger - INFO - Message: {'type': 'wind-speed', 'datetime': '2025-03-06T10:19:51', 'payload': {'eventID': 'eb9c3c8b-b2c5-4ac9-9106-5069f63cbda0', 'deviceID': 'windSensor-001', 'timeStamp': '2025-03-06T10:19:51Z', 'windspeed': 18, 'location': {'latitude': 41, 'longitude': -79}, 'trace_id': '4468dd77-62e1-4c57-b30a-c308415d3196'}}
2025-03-06 12:10:07,607 - basicLogger - INFO - Message: {'type': 'temperature', 'datetime': '2025-03-06T10:19:51', 'payload': {'eventID': '75da07fc-e366-4d4b-a865-c3d086f94d38', 'deviceID': 'device123', 'timeStamp': '2025-03-06T10:19:51Z', 'temperature': 21, 'trace_id': '6b125f98-34e9-4e7b-a74d-6f6d1c6452de'}}
2025-03-06 12:10:07,618 - basicLogger - INFO - Message: {'type': 'wind-speed', 'datetime': '2025-03-06T10:19:51', 'payload': {'eventID': '7048924f-857b-49eb-9675-6b4768c54955', 'deviceID': 'windSensor-001', 'timeStamp': '2025-03-06T10:19:51Z', 'windspeed': 20, 'location': {'latitude': 41, 'longitude': -78}, 'trace_id': 'ee10edf2-8b46-415d-9a4d-8d0d83a31eef'}}
2025-03-06 12:10:07,629 - basicLogger - INFO - Message: {'type': 'wind-speed', 'datetime': '2025-03-06T10:19:51', 'payload': {'eventID': 'c632d1f5-8ccc-42d5-b8b8-3fc8dd459502', 'deviceID': 'windSensor-001', 'timeStamp': '2025-03-06T10:19:51Z', 'windspeed': 14, 'location': {'latitude': 45, 'longitude': -73}, 'trace_id': '2da2b44c-c73a-468a-a3a1-d278ccc7b6d3'}}
2025-03-06 12:10:07,640 - basicLogger - INFO - Message: {'type': 'temperature', 'datetime': '2025-03-06T10:19:51', 'payload': {'eventID': 'f8ae8592-1d56-4382-9ade-3ba591056892', 'deviceID': 'device123', 'timeStamp': '2025-03-06T10:19:51Z', 'temperature': 32, 'trace_id': '1ac2aca0-1270-4ee2-9624-599043737874'}}
2025-03-06 12:10:07,651 - basicLogger - INFO - Message: {'type': 'temperature', 'datetime': '2025-03-06T10:19:51', 'payload': {'eventID': '74d63ae1-b6a5-486a-98c1-a65358ce318b', 'deviceID': 'device123', 'timeStamp': '2025-03-06T10:19:51Z', 'temperature': 30, 'trace_id': '8faf1bc0-46a3-4788-a626-8f7ffa7af73b'}}
2025-03-06 12:10:07,662 - basicLogger - INFO - Message: {'type': 'temperature', 'datetime': '2025-03-06T10:19:51', 'payload': {'eventID': 'ae5c2830-5e23-4025-986c-0436ee3deb60', 'deviceID': 'device123', 'timeStamp': '2025-03-06T10:19:51Z', 'temperature': 15, 'trace_id': 'fd253e97-757d-4076-a548-6b23dacae117'}}
2025-03-06 12:10:07,675 - basicLogger - INFO - Message: {'type': 'temperature', 'datetime': '2025-03-06T10:19:51', 'payload': {'eventID': '4475838e-61fb-4fa4-b098-06c39802e8b6', 'deviceID': 'device123', 'timeStamp': '2025-03-06T10:19:51Z', 'temperature': 35, 'trace_id': '546d08c7-b986-459d-858c-806d57e9fd90'}}
2025-03-06 12:10:07,686 - basicLogger - INFO - Message: {'type': 'temperature', 'datetime': '2025-03-06T10:19:51', 'payload': {'eventID': 'ec67bea4-083b-4965-92e7-12ee3177bbe3', 'deviceID': 'device123', 'timeStamp': '2025-03-06T10:19:51Z', 'temperature': 17, 'trace_id': '8eae50ff-0158-4dec-8d26-4330dace4749'}}
2025-03-06 12:10:07,697 - basicLogger - INFO - Message: {'type': 'temperature', 'datetime': '2025-03-06T10:19:51', 'payload': {'eventID': '5f2aa635-c141-4390-a4dc-b07fda262187', 'deviceID': 'device123', 'timeStamp': '2025-03-06T10:19:51Z', 'temperature': 35, 'trace_id': 'fc88fc18-9564-48ff-9cba-9b62631d3a6d'}}
2025-03-06 12:10:07,708 - basicLogger - INFO - Message: {'type': 'temperature', 'datetime': '2025-03-06T10:19:51', 'payload': {'eventID': '5b643a66-1c44-4acc-827e-bbd1703a2098', 'deviceID': 'device123', 'timeStamp': '2025-03-06T10:19:51Z', 'temperature': 35, 'trace_id': '32eef2ea-68e3-4977-b129-483fd9915165'}}
2025-03-06 12:10:07,718 - basicLogger - INFO - Message: {'type': 'temperature', 'datetime': '2025-03-06T10:19:51', 'payload': {'eventID': 'f91b9e17-ac56-4447-b669-8bbebcbd4554', 'deviceID': 'device123', 'timeStamp': '2025-03-06T10:19:51Z', 'temperature': 30, 'trace_id': '919e2281-dd2c-4e1c-85b2-abee49590b76'}}
2025-03-06 12:10:07,730 - basicLogger - INFO - Message: {'type': 'temperature', 'datetime': '2025-03-06T10:19:51', 'payload': {'eventID': 'ce5c7b7f-11ed-4a52-9f05-957a6468fce6', 'deviceID': 'device123', 'timeStamp': '2025-03-06T10:19:51Z', 'temperature': 27, 'trace_id': 'cedbc2e6-c48f-43a0-afc1-9693d53644f6'}}
2025-03-06 12:10:07,741 - basicLogger - INFO - Message: {'type': 'temperature', 'datetime': '2025-03-06T10:19:51', 'payload': {'eventID': '82d314a4-a7ea-4c76-b0d7-93388301b7a3', 'deviceID': 'device123', 'timeStamp': '2025-03-06T10:19:51Z', 'temperature': 24, 'trace_id': '0e66bd50-d581-4b7a-bcb7-5a33ec7df250'}}
2025-03-06 12:10:07,753 - basicLogger - INFO - Message: {'type': 'temperature', 'datetime': '2025-03-06T10:19:51', 'payload': {'eventID': '4172ab45-abb9-43f9-8355-c11acb5be28a', 'deviceID': 'device123', 'timeStamp': '2025-03-06T10:19:51Z', 'temperature': 21, 'trace_id': '1c971580-498e-4912-b990-ee22c2f5725e'}}
2025-03-06 12:10:07,764 - basicLogger - INFO - Message: {'type': 'temperature', 'datetime': '2025-03-06T10:19:51', 'payload': {'eventID': 'f2855462-578f-4d26-a53b-399b613e818a', 'deviceID': 'device123', 'timeStamp': '2025-03-06T10:19:51Z', 'temperature': 27, 'trace_id': 'a1e1e20d-3e97-4720-95d0-c1a670623a2c'}}
2025-03-06 12:10:07,775 - basicLogger - INFO - Message: {'type': 'temperature', 'datetime': '2025-03-06T10:19:51', 'payload': {'eventID': 'b7e70449-c577-406d-a5e9-7f7fef19ab74', 'deviceID': 'device123', 'timeStamp': '2025-03-06T10:19:51Z', 'temperature': 25, 'trace_id': 'a6108d28-f13e-4eac-9a46-eff334b2df7c'}}
2025-03-06 12:10:07,786 - basicLogger - INFO - Message: {'type': 'temperature', 'datetime': '2025-03-06T10:19:51', 'payload': {'eventID': 'b6d55ca7-8e3c-4014-9cc8-c6611320ea67', 'deviceID': 'device123', 'timeStamp': '2025-03-06T10:19:51Z', 'temperature': 25, 'trace_id': 'ada2dbf6-41bc-46b3-8a70-bb984f5b2674'}}
2025-03-06 12:10:07,797 - basicLogger - INFO - Message: {'type': 'temperature', 'datetime': '2025-03-06T10:19:51', 'payload': {'eventID': '65bbe47c-7664-4929-ac3f-23b6637112c7', 'deviceID': 'device123', 'timeStamp': '2025-03-06T10:19:51Z', 'temperature': 21, 'trace_id': '55a814af-5da5-40ca-8191-0f779308f94b'}}
2025-03-06 12:10:07,805 - basicLogger - INFO - Message: {'type': 'temperature', 'datetime': '2025-03-06T10:19:51', 'payload': {'eventID': 'bdf38f6d-fffd-4ca8-a3b1-67bb6114566a', 'deviceID': 'device123', 'timeStamp': '2025-03-06T10:19:51Z', 'temperature': 25, 'trace_id': '5b215cf7-4453-455e-832b-f75d09f100a4'}}
2025-03-06 12:10:07,814 - basicLogger - INFO - Message: {'type': 'temperature', 'datetime': '2025-03-06T10:19:51', 'payload': {'eventID': '44a1d963-ed98-46da-9809-ae66853a8618', 'deviceID': 'device123', 'timeStamp': '2025-03-06T10:19:51Z', 'temperature': 22, 'trace_id': '704f91f5-a348-4e9c-9921-808775bc0eb1'}}
2025-03-06 12:10:07,822 - basicLogger - INFO - Message: {'type': 'temperature', 'datetime': '2025-03-06T10:19:51', 'payload': {'eventID': 'a2fdfed3-1cbc-4fba-ba32-1d3233976beb', 'deviceID': 'device123', 'timeStamp': '2025-03-06T10:19:51Z', 'temperature': 15, 'trace_id': 'b6126760-efed-45c5-a711-69b3ad2f69ba'}}
2025-03-06 12:10:07,831 - basicLogger - INFO - Message: {'type': 'temperature', 'datetime': '2025-03-06T10:19:51', 'payload': {'eventID': '3507f46c-c73b-49a0-b392-114ba990296f', 'deviceID': 'device123', 'timeStamp': '2025-03-06T10:19:51Z', 'temperature': 20, 'trace_id': '41062d55-b435-4992-ad7a-813698ffd505'}}
2025-03-06 12:10:07,839 - basicLogger - INFO - Message: {'type': 'temperature', 'datetime': '2025-03-06T10:19:51', 'payload': {'eventID': '2d6977d9-b10d-4894-917f-d8cd3bb79555', 'deviceID': 'device123', 'timeStamp': '2025-03-06T10:19:51Z', 'temperature': 16, 'trace_id': '6b613ee3-ac3f-4754-9507-2d90652136aa'}}
2025-03-06 12:10:07,848 - basicLogger - INFO - Message: {'type': 'temperature', 'datetime': '2025-03-06T10:19:51', 'payload': {'eventID': '73c2b2a9-e753-4f4f-a8a3-49872e129ad2', 'deviceID': 'device123', 'timeStamp': '2025-03-06T10:19:51Z', 'temperature': 33, 'trace_id': '22bdc0bc-c670-499a-85c3-bc67a3d20769'}}
2025-03-06 12:10:07,858 - basicLogger - INFO - Message: {'type': 'temperature', 'datetime': '2025-03-06T10:19:51', 'payload': {'eventID': '5caa3443-e824-4a58-b442-ad2c676e26f9', 'deviceID': 'device123', 'timeStamp': '2025-03-06T10:19:51Z', 'temperature': 17, 'trace_id': '569a7f83-d8ac-447d-9997-e75a2ce3e0f7'}}
2025-03-06 12:10:07,867 - basicLogger - INFO - Message: {'type': 'temperature', 'datetime': '2025-03-06T10:19:51', 'payload': {'eventID': 'a030a2e6-7e06-4a31-9221-4058a5f13057', 'deviceID': 'device123', 'timeStamp': '2025-03-06T10:19:51Z', 'temperature': 34, 'trace_id': 'e45d3697-9f08-4936-8f88-bc46ccb5a9cc'}}
2025-03-06 12:10:07,875 - basicLogger - INFO - Message: {'type': 'temperature', 'datetime': '2025-03-06T10:19:51', 'payload': {'eventID': 'a185e82d-cbde-42f0-8133-c58d9bb35387', 'deviceID': 'device123', 'timeStamp': '2025-03-06T10:19:51Z', 'temperature': 27, 'trace_id': 'a7fd7d46-b712-4416-8ec5-88693bf481ce'}}
2025-03-06 12:10:07,883 - basicLogger - INFO - Message: {'type': 'temperature', 'datetime': '2025-03-06T10:19:51', 'payload': {'eventID': 'd23a447c-884b-4d52-aba6-3e79516c54b6', 'deviceID': 'device123', 'timeStamp': '2025-03-06T10:19:51Z', 'temperature': 19, 'trace_id': '1eb7c8a4-7fd8-47f5-be81-a3dfe14003f2'}}
2025-03-06 12:10:07,891 - basicLogger - INFO - Message: {'type': 'temperature', 'datetime': '2025-03-06T10:19:51', 'payload': {'eventID': '5bd42a7f-34ad-42f4-8652-3f6c29f69ca8', 'deviceID': 'device123', 'timeStamp': '2025-03-06T10:19:51Z', 'temperature': 18, 'trace_id': 'd4a8654b-23ce-41cb-a40d-313a192b2936'}}
2025-03-06 12:10:07,899 - basicLogger - INFO - Message: {'type': 'temperature', 'datetime': '2025-03-06T10:19:51', 'payload': {'eventID': '7236b88c-11be-46de-a197-a984b67b8d48', 'deviceID': 'device123', 'timeStamp': '2025-03-06T10:19:51Z', 'temperature': 34, 'trace_id': 'dc26acbc-956f-4c66-9384-b921209e260d'}}
2025-03-06 12:10:07,908 - basicLogger - INFO - Message: {'type': 'temperature', 'datetime': '2025-03-06T10:19:51', 'payload': {'eventID': '92c233f0-05a3-471e-9a2b-0efab2496726', 'deviceID': 'device123', 'timeStamp': '2025-03-06T10:19:51Z', 'temperature': 30, 'trace_id': '5390549f-bbba-4285-881f-19aecceed88b'}}
2025-03-06 12:10:07,916 - basicLogger - INFO - Message: {'type': 'temperature', 'datetime': '2025-03-06T10:19:51', 'payload': {'eventID': '31de202e-9052-490f-af4f-86cc5fcb7b7e', 'deviceID': 'device123', 'timeStamp': '2025-03-06T10:19:51Z', 'temperature': 35, 'trace_id': '5491f7c9-8f22-436f-8be1-7be7c072f277'}}
2025-03-06 12:10:07,924 - basicLogger - INFO - Message: {'type': 'temperature', 'datetime': '2025-03-06T10:19:51', 'payload': {'eventID': 'b7afeee9-a6f0-4a4c-b1ca-1ce30b8c9d9d', 'deviceID': 'device123', 'timeStamp': '2025-03-06T10:19:51Z', 'temperature': 18, 'trace_id': 'faad0471-e179-469f-8716-a24f2438ac6c'}}
2025-03-06 12:10:07,932 - basicLogger - INFO - Message: {'type': 'temperature', 'datetime': '2025-03-06T10:19:51', 'payload': {'eventID': '18095f28-b06a-4442-8c78-84def261c6c9', 'deviceID': 'device123', 'timeStamp': '2025-03-06T10:19:51Z', 'temperature': 22, 'trace_id': '9297db26-3de4-4db9-8dab-799253b53290'}}
2025-03-06 12:10:07,941 - basicLogger - INFO - Message: {'type': 'temperature', 'datetime': '2025-03-06T10:19:51', 'payload': {'eventID': '2eb3ca0b-edcd-4845-a7be-17746a4e4119', 'deviceID': 'device123', 'timeStamp': '2025-03-06T10:19:51Z', 'temperature': 35, 'trace_id': 'f7398883-bff0-4c7c-b4f9-b4cb0480b5e1'}}
2025-03-06 12:10:07,952 - basicLogger - INFO - Message: {'type': 'temperature', 'datetime': '2025-03-06T10:19:51', 'payload': {'eventID': 'fd998cd1-5ea1-4126-a8f5-5ac6365cee87', 'deviceID': 'device123', 'timeStamp': '2025-03-06T10:19:51Z', 'temperature': 35, 'trace_id': '2a12c3c9-534e-4d2f-b1fe-1db3f0d6f9b8'}}
2025-03-06 12:10:07,960 - basicLogger - INFO - Message: {'type': 'temperature', 'datetime': '2025-03-06T10:19:51', 'payload': {'eventID': '424990a3-de19-4ca6-9e20-8151df65155f', 'deviceID': 'device123', 'timeStamp': '2025-03-06T10:19:51Z', 'temperature': 35, 'trace_id': 'e39f78d5-7798-43ec-aec8-718763d4607a'}}
2025-03-06 12:10:07,969 - basicLogger - INFO - Message: {'type': 'temperature', 'datetime': '2025-03-06T10:19:51', 'payload': {'eventID': 'd50a3025-4888-4a99-bf9b-3c0fc4f77f0d', 'deviceID': 'device123', 'timeStamp': '2025-03-06T10:19:51Z', 'temperature': 18, 'trace_id': '17280d1a-647d-4c0a-a3ae-fce0810205e1'}}
2025-03-06 12:10:07,977 - basicLogger - INFO - Message: {'type': 'temperature', 'datetime': '2025-03-06T10:19:51', 'payload': {'eventID': '611180a1-f357-461a-819c-2b1d5984528a', 'deviceID': 'device123', 'timeStamp': '2025-03-06T10:19:51Z', 'temperature': 26, 'trace_id': '04e5352d-9186-4c9a-87cb-9a2907f05742'}}
2025-03-06 12:10:07,985 - basicLogger - INFO - Message: {'type': 'temperature', 'datetime': '2025-03-06T10:19:51', 'payload': {'eventID': '6f37caef-3fe9-42f8-baac-be2e95bd410f', 'deviceID': 'device123', 'timeStamp': '2025-03-06T10:19:51Z', 'temperature': 35, 'trace_id': '1aec4a4d-a4f5-409e-b61a-0dd1c98369e0'}}
2025-03-06 12:10:07,994 - basicLogger - INFO - Message: {'type': 'temperature', 'datetime': '2025-03-06T10:19:51', 'payload': {'eventID': '3f2ffcd3-2080-4c78-8f2b-2861543e886d', 'deviceID': 'device123', 'timeStamp': '2025-03-06T10:19:51Z', 'temperature': 31, 'trace_id': 'caf04406-488f-465d-9ffd-caf5b718ab17'}}
2025-03-06 12:10:08,004 - basicLogger - INFO - Message: {'type': 'temperature', 'datetime': '2025-03-06T10:19:51', 'payload': {'eventID': 'e3cca796-6808-4df7-9912-5c5aa9e6136a', 'deviceID': 'device123', 'timeStamp': '2025-03-06T10:19:51Z', 'temperature': 33, 'trace_id': '7124d324-ce64-441a-93e7-c1d810f43fba'}}
2025-03-06 12:10:08,013 - basicLogger - INFO - Message: {'type': 'temperature', 'datetime': '2025-03-06T10:19:51', 'payload': {'eventID': '1614df23-6356-4d52-85f6-6d2d4b8ceffb', 'deviceID': 'device123', 'timeStamp': '2025-03-06T10:19:51Z', 'temperature': 28, 'trace_id': '272cd9a0-f341-4765-9c01-6258bd2c7be4'}}
2025-03-06 12:10:08,021 - basicLogger - INFO - Message: {'type': 'temperature', 'datetime': '2025-03-06T10:19:51', 'payload': {'eventID': '4f195570-ce67-418d-9eb2-7a408a57b674', 'deviceID': 'device123', 'timeStamp': '2025-03-06T10:19:51Z', 'temperature': 15, 'trace_id': '81247041-2f0c-4413-820e-4d47b269f814'}}
2025-03-06 12:10:08,030 - basicLogger - INFO - Message: {'type': 'temperature', 'datetime': '2025-03-06T10:19:51', 'payload': {'eventID': '9990c41b-4529-45d4-b178-ff0ea40a3fe1', 'deviceID': 'device123', 'timeStamp': '2025-03-06T10:19:51Z', 'temperature': 32, 'trace_id': '8272e0e3-e97b-4984-91ab-ff3b6cf727e3'}}
2025-03-06 12:10:08,038 - basicLogger - INFO - Message: {'type': 'temperature', 'datetime': '2025-03-06T10:19:51', 'payload': {'eventID': 'daf790e6-7546-487d-924d-15fde1804044', 'deviceID': 'device123', 'timeStamp': '2025-03-06T10:19:51Z', 'temperature': 29, 'trace_id': 'dd72f486-92af-44ef-b35e-090f337b0d56'}}
2025-03-06 12:10:08,047 - basicLogger - INFO - Message: {'type': 'temperature', 'datetime': '2025-03-06T10:19:51', 'payload': {'eventID': '1f0c8abd-faaf-405c-a650-df45b8796d0f', 'deviceID': 'device123', 'timeStamp': '2025-03-06T10:19:51Z', 'temperature': 26, 'trace_id': '6ed8ecec-fe03-4212-af82-20c86f9a795f'}}
2025-03-06 12:10:08,055 - basicLogger - INFO - Message: {'type': 'wind-speed', 'datetime': '2025-03-06T12:05:32', 'payload': {'eventID': 'e5606cdd-5cc6-4f4c-9a4a-37980d48e2a2', 'deviceID': 'windSensor-001', 'timeStamp': '2025-03-06T12:05:32Z', 'windspeed': 8, 'location': {'latitude': 38, 'longitude': -74}, 'trace_id': 'e2857d58-2a00-4b0f-a733-3acbfdf5b828'}}
2025-03-06 12:10:08,063 - basicLogger - INFO - Message: {'type': 'temperature', 'datetime': '2025-03-06T12:05:32', 'payload': {'eventID': '9dfcfdd6-336b-43bf-95c2-c6d88a2a6482', 'deviceID': 'device123', 'timeStamp': '2025-03-06T12:05:32Z', 'temperature': 32, 'trace_id': '751a686c-0bd0-4c0a-b51f-9fc892edfd38'}}
2025-03-06 12:10:08,072 - basicLogger - INFO - Message: {'type': 'wind-speed', 'datetime': '2025-03-06T12:05:32', 'payload': {'eventID': 'cec95d85-e1a0-424b-b015-533d5bf4e25e', 'deviceID': 'windSensor-001', 'timeStamp': '2025-03-06T12:05:32Z', 'windspeed': 7, 'location': {'latitude': 43, 'longitude': -76}, 'trace_id': '60bdac93-6c2e-41ed-8853-7c0fe9b1ca6a'}}
2025-03-06 12:10:08,080 - basicLogger - INFO - Message: {'type': 'temperature', 'datetime': '2025-03-06T12:05:32', 'payload': {'eventID': '4fd661a4-0152-4ac8-ba6b-f510905ad0a6', 'deviceID': 'device123', 'timeStamp': '2025-03-06T12:05:32Z', 'temperature': 33, 'trace_id': '8656a6c3-8d07-4b6f-b5e4-4e10947af525'}}
2025-03-06 12:10:08,088 - basicLogger - INFO - Message: {'type': 'wind-speed', 'datetime': '2025-03-06T12:05:32', 'payload': {'eventID': 'fec1c255-37aa-4637-bbc0-0073e896dfcc', 'deviceID': 'windSensor-001', 'timeStamp': '2025-03-06T12:05:32Z', 'windspeed': 23, 'location': {'latitude': 43, 'longitude': -72}, 'trace_id': '10821596-9ef1-44b4-a773-59e0f49d820d'}}
2025-03-06 12:10:08,097 - basicLogger - INFO - Message: {'type': 'temperature', 'datetime': '2025-03-06T12:05:32', 'payload': {'eventID': '798e58d6-15f3-4ad4-b030-12984a18ceb7', 'deviceID': 'device123', 'timeStamp': '2025-03-06T12:05:32Z', 'temperature': 33, 'trace_id': '9e9eda70-d0fd-41d2-b4e8-fa4c4c6dbae7'}}
2025-03-06 12:10:08,105 - basicLogger - INFO - Message: {'type': 'wind-speed', 'datetime': '2025-03-06T12:05:32', 'payload': {'eventID': 'd6e5e975-b42b-4604-abe4-62f4cd05778d', 'deviceID': 'windSensor-001', 'timeStamp': '2025-03-06T12:05:32Z', 'windspeed': 12, 'location': {'latitude': 37, 'longitude': -71}, 'trace_id': '379ee493-3be6-471a-876b-86d9f4ecf72e'}}
2025-03-06 12:10:08,113 - basicLogger - INFO - Message: {'type': 'wind-speed', 'datetime': '2025-03-06T12:05:32', 'payload': {'eventID': '1721bd3d-a89c-4218-b260-c05bc8d3b3d0', 'deviceID': 'windSensor-001', 'timeStamp': '2025-03-06T12:05:32Z', 'windspeed': 23, 'location': {'latitude': 39, 'longitude': -72}, 'trace_id': '9fe44b85-f373-4acd-a69e-d45ef944f4a3'}}
2025-03-06 12:10:08,121 - basicLogger - INFO - Message: {'type': 'wind-speed', 'datetime': '2025-03-06T12:05:32', 'payload': {'eventID': 'ab137e23-a7c8-4d09-a428-1777ef9f5156', 'deviceID': 'windSensor-001', 'timeStamp': '2025-03-06T12:05:32Z', 'windspeed': 21, 'location': {'latitude': 45, 'longitude': -73}, 'trace_id': '781fbc56-3652-4bb9-902c-a571fa8973fe'}}
2025-03-06 12:10:08,130 - basicLogger - INFO - Message: {'type': 'temperature', 'datetime': '2025-03-06T12:05:32', 'payload': {'eventID': 'aa86607b-a0cc-479f-a288-668ef6bcaff4', 'deviceID': 'device123', 'timeStamp': '2025-03-06T12:05:32Z', 'temperature': 16, 'trace_id': 'e11beec1-5a84-48e9-9bef-9d3ade0a4b76'}}
2025-03-06 12:10:08,138 - basicLogger - INFO - Message: {'type': 'temperature', 'datetime': '2025-03-06T12:05:32', 'payload': {'eventID': 'c44efb06-a10b-45e9-b982-c4a74a73cb45', 'deviceID': 'device123', 'timeStamp': '2025-03-06T12:05:32Z', 'temperature': 27, 'trace_id': 'e917064f-9cd8-4f21-8e5d-db59cce91442'}}
2025-03-06 12:10:08,149 - basicLogger - INFO - Message: {'type': 'temperature', 'datetime': '2025-03-06T12:05:32', 'payload': {'eventID': '0c017ba8-87ac-4d7e-a4ef-a381caf550ac', 'deviceID': 'device123', 'timeStamp': '2025-03-06T12:05:32Z', 'temperature': 20, 'trace_id': '511144af-83bb-4e81-9586-370d82cab86e'}}
2025-03-06 12:10:08,157 - basicLogger - INFO - Message: {'type': 'wind-speed', 'datetime': '2025-03-06T12:05:32', 'payload': {'eventID': '02e0aeff-6278-4647-8c6b-0503cf4e2de6', 'deviceID': 'windSensor-001', 'timeStamp': '2025-03-06T12:05:32Z', 'windspeed': 29, 'location': {'latitude': 45, 'longitude': -70}, 'trace_id': '5dd805a7-f4bd-4c92-8452-e79490a8b3b0'}}
2025-03-06 12:10:08,165 - basicLogger - INFO - Message: {'type': 'wind-speed', 'datetime': '2025-03-06T12:05:32', 'payload': {'eventID': '7bba9c8c-a80b-4d8d-a1dc-f7cc759602d8', 'deviceID': 'windSensor-001', 'timeStamp': '2025-03-06T12:05:32Z', 'windspeed': 22, 'location': {'latitude': 36, 'longitude': -80}, 'trace_id': 'c7107aa2-ad38-4acf-9ac6-2ec4e650b039'}}
2025-03-06 12:10:08,174 - basicLogger - INFO - Message: {'type': 'wind-speed', 'datetime': '2025-03-06T12:05:32', 'payload': {'eventID': '63b2c973-9a72-489b-9a3d-e367cda1eb2d', 'deviceID': 'windSensor-001', 'timeStamp': '2025-03-06T12:05:32Z', 'windspeed': 5, 'location': {'latitude': 44, 'longitude': -77}, 'trace_id': '715a96b9-230c-48e6-8317-40e186dc0b68'}}
2025-03-06 12:10:08,186 - basicLogger - INFO - Message: {'type': 'temperature', 'datetime': '2025-03-06T12:05:32', 'payload': {'eventID': '9d9073d9-c333-4d23-9b4b-eeed9f7fbfd3', 'deviceID': 'device123', 'timeStamp': '2025-03-06T12:05:32Z', 'temperature': 29, 'trace_id': '64ee7e0a-c18b-4da5-afe3-d8e7051bd382'}}
2025-03-06 12:10:08,195 - basicLogger - INFO - Message: {'type': 'temperature', 'datetime': '2025-03-06T12:05:32', 'payload': {'eventID': 'd857c9cb-cdb0-4be4-9365-c187ad4bcf68', 'deviceID': 'device123', 'timeStamp': '2025-03-06T12:05:32Z', 'temperature': 18, 'trace_id': '4e2dcea8-4960-47ab-8f91-bdac60d2688f'}}
2025-03-06 12:10:08,204 - basicLogger - INFO - Message: {'type': 'temperature', 'datetime': '2025-03-06T12:05:32', 'payload': {'eventID': '528c771e-f1ea-4a93-a60c-e1ff67cc86d8', 'deviceID': 'device123', 'timeStamp': '2025-03-06T12:05:32Z', 'temperature': 23, 'trace_id': '5eaf443f-02be-4ac4-964d-cb088ae7f1c7'}}
2025-03-06 12:10:08,213 - basicLogger - INFO - Message: {'type': 'wind-speed', 'datetime': '2025-03-06T12:05:32', 'payload': {'eventID': 'ac5befbc-19c7-4af8-8d2b-5c8eaddb6331', 'deviceID': 'windSensor-001', 'timeStamp': '2025-03-06T12:05:32Z', 'windspeed': 19, 'location': {'latitude': 36, 'longitude': -74}, 'trace_id': '03162902-22e4-4fcc-a01f-6a1e16f6c268'}}
2025-03-06 12:10:08,222 - basicLogger - INFO - Message: {'type': 'wind-speed', 'datetime': '2025-03-06T12:05:32', 'payload': {'eventID': '8bc7f4ee-ae12-4003-bc69-f1dd357356fd', 'deviceID': 'windSensor-001', 'timeStamp': '2025-03-06T12:05:32Z', 'windspeed': 12, 'location': {'latitude': 38, 'longitude': -74}, 'trace_id': '0a723c29-e263-4789-84cd-7d478d8d7fdd'}}
2025-03-06 12:10:08,231 - basicLogger - INFO - Message: {'type': 'wind-speed', 'datetime': '2025-03-06T12:05:32', 'payload': {'eventID': '4525c059-a5ed-4a68-a63f-400a6914fe40', 'deviceID': 'windSensor-001', 'timeStamp': '2025-03-06T12:05:32Z', 'windspeed': 13, 'location': {'latitude': 38, 'longitude': -75}, 'trace_id': 'a69a0b27-ac19-453d-812c-a6fd7c9e145a'}}
2025-03-06 12:10:08,240 - basicLogger - INFO - Message: {'type': 'wind-speed', 'datetime': '2025-03-06T12:05:32', 'payload': {'eventID': '2132ea0b-046f-41cc-b034-661397be5874', 'deviceID': 'windSensor-001', 'timeStamp': '2025-03-06T12:05:32Z', 'windspeed': 29, 'location': {'latitude': 37, 'longitude': -73}, 'trace_id': 'b4e8d396-9850-4763-bd10-5d9b86f47798'}}
2025-03-06 12:10:08,250 - basicLogger - INFO - Message: {'type': 'temperature', 'datetime': '2025-03-06T12:05:32', 'payload': {'eventID': '38beff1a-c93f-4073-91a6-9b61fae1e446', 'deviceID': 'device123', 'timeStamp': '2025-03-06T12:05:32Z', 'temperature': 27, 'trace_id': 'f0ba45b6-372a-460e-a54d-52e60d2d57e8'}}
2025-03-06 12:10:08,259 - basicLogger - INFO - Message: {'type': 'temperature', 'datetime': '2025-03-06T12:05:32', 'payload': {'eventID': '1689088b-459c-4f5c-a6b4-ba450a583e8e', 'deviceID': 'device123', 'timeStamp': '2025-03-06T12:05:32Z', 'temperature': 24, 'trace_id': '0c47eb2c-9545-4192-8d3d-017e18878043'}}
2025-03-06 12:10:08,268 - basicLogger - INFO - Message: {'type': 'temperature', 'datetime': '2025-03-06T12:05:32', 'payload': {'eventID': 'd8ff902c-9042-4bf5-bbed-6bbd34ad8f3a', 'deviceID': 'device123', 'timeStamp': '2025-03-06T12:05:32Z', 'temperature': 25, 'trace_id': '671352e7-9573-442c-809d-106960427dd6'}}
2025-03-06 12:10:08,277 - basicLogger - INFO - Message: {'type': 'temperature', 'datetime': '2025-03-06T12:05:32', 'payload': {'eventID': 'd56a0e93-2978-4d06-a7e9-df24b7884530', 'deviceID': 'device123', 'timeStamp': '2025-03-06T12:05:32Z', 'temperature': 33, 'trace_id': '14088db0-f2de-445b-99af-09a0288a726b'}}
2025-03-06 12:10:08,286 - basicLogger - INFO - Message: {'type': 'wind-speed', 'datetime': '2025-03-06T12:05:32', 'payload': {'eventID': 'f6ace049-ad11-417b-9121-00f761aa01f3', 'deviceID': 'windSensor-001', 'timeStamp': '2025-03-06T12:05:32Z', 'windspeed': 11, 'location': {'latitude': 39, 'longitude': -70}, 'trace_id': '4a6c6a46-b486-47b1-8e6b-7700249d9389'}}
2025-03-06 12:10:08,295 - basicLogger - INFO - Message: {'type': 'wind-speed', 'datetime': '2025-03-06T12:05:32', 'payload': {'eventID': 'c8e0db78-b4a8-4453-be37-958513381520', 'deviceID': 'windSensor-001', 'timeStamp': '2025-03-06T12:05:32Z', 'windspeed': 30, 'location': {'latitude': 40, 'longitude': -74}, 'trace_id': '4bae124b-a69c-444a-b8f7-6e27094d1462'}}
2025-03-06 12:10:08,306 - basicLogger - INFO - Message: {'type': 'wind-speed', 'datetime': '2025-03-06T12:05:32', 'payload': {'eventID': 'c203719c-e6fd-480b-b94a-d00f74844b0e', 'deviceID': 'windSensor-001', 'timeStamp': '2025-03-06T12:05:32Z', 'windspeed': 17, 'location': {'latitude': 42, 'longitude': -74}, 'trace_id': '968616a0-7706-40bb-a496-895d1b258851'}}
2025-03-06 12:10:08,315 - basicLogger - INFO - Message: {'type': 'temperature', 'datetime': '2025-03-06T12:05:32', 'payload': {'eventID': '12376edb-17f9-4056-91e6-f5ee5faf10c8', 'deviceID': 'device123', 'timeStamp': '2025-03-06T12:05:32Z', 'temperature': 28, 'trace_id': '0990311b-6074-43c2-b91b-ddac63fc45ef'}}
2025-03-06 12:10:08,324 - basicLogger - INFO - Message: {'type': 'wind-speed', 'datetime': '2025-03-06T12:05:32', 'payload': {'eventID': 'e5eff509-b0b1-412a-9d12-07abda229697', 'deviceID': 'windSensor-001', 'timeStamp': '2025-03-06T12:05:32Z', 'windspeed': 16, 'location': {'latitude': 36, 'longitude': -77}, 'trace_id': 'a6ae3b95-61f9-42a4-88c8-e06fc17e5336'}}
2025-03-06 12:10:08,333 - basicLogger - INFO - Message: {'type': 'temperature', 'datetime': '2025-03-06T12:05:32', 'payload': {'eventID': '5861966b-ebc2-4650-934b-0c976a9828ce', 'deviceID': 'device123', 'timeStamp': '2025-03-06T12:05:32Z', 'temperature': 32, 'trace_id': 'e962d301-71a7-4919-b101-080902c1658d'}}
2025-03-06 12:10:08,342 - basicLogger - INFO - Message: {'type': 'temperature', 'datetime': '2025-03-06T12:05:32', 'payload': {'eventID': '804cc388-b4f8-4dd4-af8d-f47737e8d1d9', 'deviceID': 'device123', 'timeStamp': '2025-03-06T12:05:32Z', 'temperature': 35, 'trace_id': 'b1fb1306-6478-4c9a-abe4-20a72aff6aec'}}
2025-03-06 12:10:08,351 - basicLogger - INFO - Message: {'type': 'temperature', 'datetime': '2025-03-06T12:05:32', 'payload': {'eventID': '714d7c74-1d91-4330-9708-53348d7e4b41', 'deviceID': 'device123', 'timeStamp': '2025-03-06T12:05:32Z', 'temperature': 25, 'trace_id': 'de9087cf-0d31-42d5-947a-55ff9d82ccac'}}
2025-03-06 12:10:08,361 - basicLogger - INFO - Message: {'type': 'wind-speed', 'datetime': '2025-03-06T12:05:32', 'payload': {'eventID': '315c7f66-2651-45d6-9ea0-2f7d35fc417f', 'deviceID': 'windSensor-001', 'timeStamp': '2025-03-06T12:05:32Z', 'windspeed': 23, 'location': {'latitude': 41, 'longitude': -79}, 'trace_id': 'b4cc1537-7c6a-469b-bea2-a644ed4a13c5'}}
2025-03-06 12:10:08,370 - basicLogger - INFO - Message: {'type': 'wind-speed', 'datetime': '2025-03-06T12:05:32', 'payload': {'eventID': '32963298-d66b-40c2-85d4-82e0ab9a7214', 'deviceID': 'windSensor-001', 'timeStamp': '2025-03-06T12:05:32Z', 'windspeed': 27, 'location': {'latitude': 41, 'longitude': -76}, 'trace_id': '03c4cd16-b351-4936-9419-1ee6abd9af05'}}
2025-03-06 12:10:08,379 - basicLogger - INFO - Message: {'type': 'wind-speed', 'datetime': '2025-03-06T12:05:32', 'payload': {'eventID': 'c5bf7a76-1b98-4a12-8694-ca9e0ce58830', 'deviceID': 'windSensor-001', 'timeStamp': '2025-03-06T12:05:32Z', 'windspeed': 25, 'location': {'latitude': 45, 'longitude': -75}, 'trace_id': '6af23110-0a38-4f09-a4ac-438c1ed4b365'}}
2025-03-06 12:10:08,389 - basicLogger - INFO - Message: {'type': 'wind-speed', 'datetime': '2025-03-06T12:05:32', 'payload': {'eventID': '5c818cfa-1288-4bc0-a086-94edcb1afc70', 'deviceID': 'windSensor-001', 'timeStamp': '2025-03-06T12:05:32Z', 'windspeed': 15, 'location': {'latitude': 44, 'longitude': -78}, 'trace_id': '117c8974-71a8-419e-97df-df040d972f8a'}}
2025-03-06 12:10:08,399 - basicLogger - INFO - Message: {'type': 'temperature', 'datetime': '2025-03-06T12:05:32', 'payload': {'eventID': 'd3179ced-c985-45a3-abcc-ea3bdbbfa5fe', 'deviceID': 'device123', 'timeStamp': '2025-03-06T12:05:32Z', 'temperature': 28, 'trace_id': '869e514f-1016-42b1-bf49-96edaeb82c4a'}}
2025-03-06 12:10:08,408 - basicLogger - INFO - Message: {'type': 'temperature', 'datetime': '2025-03-06T12:05:32', 'payload': {'eventID': 'a2a8d758-4eb0-4de6-a2e2-0bb1da79dee4', 'deviceID': 'device123', 'timeStamp': '2025-03-06T12:05:32Z', 'temperature': 22, 'trace_id': 'ddaaceab-9730-4328-9158-7119cd20b6d0'}}
2025-03-06 12:10:08,417 - basicLogger - INFO - Message: {'type': 'temperature', 'datetime': '2025-03-06T12:05:32', 'payload': {'eventID': '48b6a5dd-4cb3-4e1e-b805-2757da15504c', 'deviceID': 'device123', 'timeStamp': '2025-03-06T12:05:32Z', 'temperature': 30, 'trace_id': 'dc8c12e4-33ba-4a2f-bd85-76826e795fad'}}
2025-03-06 12:10:08,426 - basicLogger - INFO - Message: {'type': 'temperature', 'datetime': '2025-03-06T12:05:32', 'payload': {'eventID': '415d86b0-c1fb-40dc-beb6-c11fa62010d2', 'deviceID': 'device123', 'timeStamp': '2025-03-06T12:05:32Z', 'temperature': 26, 'trace_id': '6c1b96bf-45dd-46a4-96fe-960714981621'}}
2025-03-06 12:10:08,435 - basicLogger - INFO - Message: {'type': 'wind-speed', 'datetime': '2025-03-06T12:05:32', 'payload': {'eventID': 'd8bbe5e1-ab9f-44d1-91e6-901ff6853b8f', 'deviceID': 'windSensor-001', 'timeStamp': '2025-03-06T12:05:32Z', 'windspeed': 9, 'location': {'latitude': 38, 'longitude': -70}, 'trace_id': 'f8b93f71-537f-4f7d-ac5c-ca3072aa2fe2'}}
2025-03-06 12:10:08,444 - basicLogger - INFO - Message: {'type': 'wind-speed', 'datetime': '2025-03-06T12:05:32', 'payload': {'eventID': '6e2ef22f-5b7d-4964-9916-7c21c3188446', 'deviceID': 'windSensor-001', 'timeStamp': '2025-03-06T12:05:32Z', 'windspeed': 28, 'location': {'latitude': 45, 'longitude': -74}, 'trace_id': '3d0f782d-35e8-4d06-8b5e-cbe0d7924e49'}}
2025-03-06 12:10:08,453 - basicLogger - INFO - Message: {'type': 'wind-speed', 'datetime': '2025-03-06T12:05:32', 'payload': {'eventID': 'c071baef-6d98-401f-bb8c-f32bd6f22458', 'deviceID': 'windSensor-001', 'timeStamp': '2025-03-06T12:05:32Z', 'windspeed': 9, 'location': {'latitude': 39, 'longitude': -74}, 'trace_id': '0bfc6175-2649-4789-9f79-cd3f3caa8cea'}}
2025-03-06 12:10:08,464 - basicLogger - INFO - Message: {'type': 'wind-speed', 'datetime': '2025-03-06T12:05:32', 'payload': {'eventID': 'f26c8f68-041c-4783-96f3-92fde4b8912d', 'deviceID': 'windSensor-001', 'timeStamp': '2025-03-06T12:05:32Z', 'windspeed': 13, 'location': {'latitude': 40, 'longitude': -70}, 'trace_id': '02706661-c9c3-4fce-9bcf-008fb1ee172d'}}
2025-03-06 12:10:08,474 - basicLogger - INFO - Message: {'type': 'wind-speed', 'datetime': '2025-03-06T12:05:32', 'payload': {'eventID': 'd0a93104-43c6-41bb-b7b1-eadd70f672d3', 'deviceID': 'windSensor-001', 'timeStamp': '2025-03-06T12:05:32Z', 'windspeed': 18, 'location': {'latitude': 41, 'longitude': -72}, 'trace_id': '0ccd544a-2943-4334-b1e4-0a64f8a6bb28'}}
2025-03-06 12:10:08,482 - basicLogger - INFO - Message: {'type': 'temperature', 'datetime': '2025-03-06T12:05:32', 'payload': {'eventID': '08d2743c-4917-443d-aa9b-28515b7d8ade', 'deviceID': 'device123', 'timeStamp': '2025-03-06T12:05:32Z', 'temperature': 30, 'trace_id': '4236cdf7-8d85-4e09-9633-d7e275f0cf62'}}
2025-03-06 12:10:08,491 - basicLogger - INFO - Message: {'type': 'temperature', 'datetime': '2025-03-06T12:05:32', 'payload': {'eventID': 'ff15a936-ba93-4908-9be5-1ade0be8eb97', 'deviceID': 'device123', 'timeStamp': '2025-03-06T12:05:32Z', 'temperature': 20, 'trace_id': 'da21bc30-e310-4cf1-a2fb-4d716bd1abe2'}}
2025-03-06 12:10:08,500 - basicLogger - INFO - Message: {'type': 'temperature', 'datetime': '2025-03-06T12:05:32', 'payload': {'eventID': '901e25c0-4ecc-4dd8-8627-6e1a33bef160', 'deviceID': 'device123', 'timeStamp': '2025-03-06T12:05:32Z', 'temperature': 26, 'trace_id': '5748bb79-78fd-4e88-94a4-e90e9f7c9286'}}
2025-03-06 12:10:08,509 - basicLogger - INFO - Message: {'type': 'temperature', 'datetime': '2025-03-06T12:05:32', 'payload': {'eventID': 'e4ce1223-80b4-4a64-b0f7-9bd4138f170c', 'deviceID': 'device123', 'timeStamp': '2025-03-06T12:05:32Z', 'temperature': 19, 'trace_id': 'a2faf734-ed25-4074-a54b-47d930958049'}}
2025-03-06 12:10:08,518 - basicLogger - INFO - Message: {'type': 'temperature', 'datetime': '2025-03-06T12:05:32', 'payload': {'eventID': 'bac0974d-c5e3-43d6-91aa-d7089290bcc0', 'deviceID': 'device123', 'timeStamp': '2025-03-06T12:05:32Z', 'temperature': 27, 'trace_id': '4686fd07-1707-4aa9-96c3-e8e983c5a622'}}
2025-03-06 12:10:08,528 - basicLogger - INFO - Message: {'type': 'wind-speed', 'datetime': '2025-03-06T12:05:32', 'payload': {'eventID': '2431f5c3-b8c1-427f-bb59-ea6690104a39', 'deviceID': 'windSensor-001', 'timeStamp': '2025-03-06T12:05:32Z', 'windspeed': 18, 'location': {'latitude': 40, 'longitude': -73}, 'trace_id': 'ea769882-2a25-4dae-920f-eadf31902bf3'}}
2025-03-06 12:10:08,537 - basicLogger - INFO - Message: {'type': 'wind-speed', 'datetime': '2025-03-06T12:05:32', 'payload': {'eventID': 'cac2f639-40ec-4d3a-94bd-fb523466eb7f', 'deviceID': 'windSensor-001', 'timeStamp': '2025-03-06T12:05:32Z', 'windspeed': 27, 'location': {'latitude': 40, 'longitude': -71}, 'trace_id': '168d401a-7659-4808-a0dd-40124d63f001'}}
2025-03-06 12:10:08,546 - basicLogger - INFO - Message: {'type': 'wind-speed', 'datetime': '2025-03-06T12:05:32', 'payload': {'eventID': 'a8c10543-264b-4e7e-a929-1838739fa0b7', 'deviceID': 'windSensor-001', 'timeStamp': '2025-03-06T12:05:32Z', 'windspeed': 28, 'location': {'latitude': 39, 'longitude': -74}, 'trace_id': '33d73fc0-df4a-458f-9ff4-8e11a9216eee'}}
2025-03-06 12:10:08,555 - basicLogger - INFO - Message: {'type': 'wind-speed', 'datetime': '2025-03-06T12:05:32', 'payload': {'eventID': '6fbe9e3b-1ea0-4e09-b57f-fa1fee673bc1', 'deviceID': 'windSensor-001', 'timeStamp': '2025-03-06T12:05:32Z', 'windspeed': 7, 'location': {'latitude': 36, 'longitude': -75}, 'trace_id': '7e4f2920-a1d1-40ea-ae74-b265f3ef83e5'}}
2025-03-06 12:10:08,564 - basicLogger - INFO - Message: {'type': 'wind-speed', 'datetime': '2025-03-06T12:05:32', 'payload': {'eventID': '357b0fc4-11d5-41a8-9ea4-d5c1d070ec3b', 'deviceID': 'windSensor-001', 'timeStamp': '2025-03-06T12:05:32Z', 'windspeed': 28, 'location': {'latitude': 41, 'longitude': -78}, 'trace_id': '42126f6b-f9d8-4b71-8286-b2f7d74310a1'}}
2025-03-06 12:10:08,573 - basicLogger - INFO - Message: {'type': 'temperature', 'datetime': '2025-03-06T12:05:33', 'payload': {'eventID': '5d378e4f-ca03-464d-a85f-3dc1b38defb9', 'deviceID': 'device123', 'timeStamp': '2025-03-06T12:05:32Z', 'temperature': 31, 'trace_id': '57538a49-a3de-4b0f-9cd7-7ce69de08dff'}}
2025-03-06 12:10:08,583 - basicLogger - INFO - Message: {'type': 'temperature', 'datetime': '2025-03-06T12:05:33', 'payload': {'eventID': 'bf527ac7-4be9-465e-889f-a45364f1c4cc', 'deviceID': 'device123', 'timeStamp': '2025-03-06T12:05:33Z', 'temperature': 20, 'trace_id': '26978d4f-760c-4ed5-b16c-7d966b9f1e66'}}
2025-03-06 12:10:08,592 - basicLogger - INFO - Message: {'type': 'temperature', 'datetime': '2025-03-06T12:05:33', 'payload': {'eventID': 'ceb8aa16-c499-4ef4-b081-e46d078a0d85', 'deviceID': 'device123', 'timeStamp': '2025-03-06T12:05:33Z', 'temperature': 17, 'trace_id': '0244d3b9-445a-4ba3-bc25-1c1a1bee963c'}}
2025-03-06 12:10:08,601 - basicLogger - INFO - Message: {'type': 'temperature', 'datetime': '2025-03-06T12:05:33', 'payload': {'eventID': 'dd9ed7fd-40f6-4a7d-ac2a-f68a87b06e6f', 'deviceID': 'device123', 'timeStamp': '2025-03-06T12:05:33Z', 'temperature': 19, 'trace_id': '88d398ab-c00f-4497-8b82-5a63a8d8075d'}}
2025-03-06 12:10:08,612 - basicLogger - INFO - Message: {'type': 'temperature', 'datetime': '2025-03-06T12:05:33', 'payload': {'eventID': '1ee789ee-3f4d-4cfe-9fa0-ba9de4a52329', 'deviceID': 'device123', 'timeStamp': '2025-03-06T12:05:33Z', 'temperature': 25, 'trace_id': '5cbacc6b-bc71-47f3-a966-a36a1450a437'}}
2025-03-06 12:10:08,622 - basicLogger - INFO - Message: {'type': 'wind-speed', 'datetime': '2025-03-06T12:05:33', 'payload': {'eventID': '6cf4f146-e03f-4ba4-aaf8-9a379dc0583a', 'deviceID': 'windSensor-001', 'timeStamp': '2025-03-06T12:05:33Z', 'windspeed': 27, 'location': {'latitude': 44, 'longitude': -80}, 'trace_id': 'c8e37721-169d-4546-a970-1e9976775c38'}}
2025-03-06 12:10:08,631 - basicLogger - INFO - Message: {'type': 'wind-speed', 'datetime': '2025-03-06T12:05:33', 'payload': {'eventID': 'ca4097f0-21db-47c8-8200-4a113c420263', 'deviceID': 'windSensor-001', 'timeStamp': '2025-03-06T12:05:33Z', 'windspeed': 25, 'location': {'latitude': 38, 'longitude': -72}, 'trace_id': '16a670e5-ed63-4ef4-a853-0eb61c698632'}}
2025-03-06 12:10:08,640 - basicLogger - INFO - Message: {'type': 'wind-speed', 'datetime': '2025-03-06T12:05:33', 'payload': {'eventID': 'adfee50c-51e2-4169-a7b5-c93a2350875d', 'deviceID': 'windSensor-001', 'timeStamp': '2025-03-06T12:05:33Z', 'windspeed': 14, 'location': {'latitude': 44, 'longitude': -73}, 'trace_id': '4aa965ab-b3bf-4c51-bf28-943c236a70fd'}}
2025-03-06 12:10:08,649 - basicLogger - INFO - Message: {'type': 'wind-speed', 'datetime': '2025-03-06T12:05:33', 'payload': {'eventID': '898e46f6-96de-4c5c-be16-7ba2e1d20765', 'deviceID': 'windSensor-001', 'timeStamp': '2025-03-06T12:05:33Z', 'windspeed': 18, 'location': {'latitude': 37, 'longitude': -71}, 'trace_id': '07032d45-ba33-4197-91e1-920d82e3f1c1'}}
2025-03-06 12:10:08,658 - basicLogger - INFO - Message: {'type': 'wind-speed', 'datetime': '2025-03-06T12:05:33', 'payload': {'eventID': 'd26b3c56-0eea-43d4-9395-4ccd519190bb', 'deviceID': 'windSensor-001', 'timeStamp': '2025-03-06T12:05:33Z', 'windspeed': 7, 'location': {'latitude': 40, 'longitude': -76}, 'trace_id': 'facbac81-170b-48fb-ab5e-da62002a84d8'}}
2025-03-06 12:10:08,667 - basicLogger - INFO - Message: {'type': 'temperature', 'datetime': '2025-03-06T12:05:33', 'payload': {'eventID': '3a5345d2-bd1a-450a-9f9e-6c1ddc7123c0', 'deviceID': 'device123', 'timeStamp': '2025-03-06T12:05:33Z', 'temperature': 22, 'trace_id': '6a724b66-b816-4d1c-9564-7514241b7ef7'}}
2025-03-06 12:10:08,675 - basicLogger - INFO - Message: {'type': 'temperature', 'datetime': '2025-03-06T12:05:33', 'payload': {'eventID': '8df470db-9a4d-42a9-ad48-33abe9be7d32', 'deviceID': 'device123', 'timeStamp': '2025-03-06T12:05:33Z', 'temperature': 34, 'trace_id': '5b5fffd6-3342-4d16-b968-66664c6bce09'}}
2025-03-06 12:10:08,684 - basicLogger - INFO - Message: {'type': 'wind-speed', 'datetime': '2025-03-06T12:05:33', 'payload': {'eventID': 'c8b12913-d95f-4a11-bb64-a3d4218c1a45', 'deviceID': 'windSensor-001', 'timeStamp': '2025-03-06T12:05:33Z', 'windspeed': 8, 'location': {'latitude': 40, 'longitude': -80}, 'trace_id': 'ba7949fd-beff-43e3-80f8-552736109326'}}
2025-03-06 12:10:08,696 - basicLogger - INFO - Message: {'type': 'temperature', 'datetime': '2025-03-06T12:05:33', 'payload': {'eventID': '49b7df55-1a5b-4768-ab45-45056d2902a0', 'deviceID': 'device123', 'timeStamp': '2025-03-06T12:05:33Z', 'temperature': 29, 'trace_id': 'b3220a3e-4f1e-4e29-bc32-a9b51bd87c51'}}
2025-03-06 12:10:08,705 - basicLogger - INFO - Message: {'type': 'temperature', 'datetime': '2025-03-06T12:05:33', 'payload': {'eventID': '41e919ce-7055-4e5e-a3ed-c675d791f443', 'deviceID': 'device123', 'timeStamp': '2025-03-06T12:05:33Z', 'temperature': 19, 'trace_id': 'c8a81137-82c2-430c-ab72-07b845dfc173'}}
2025-03-06 12:10:08,714 - basicLogger - INFO - Message: {'type': 'temperature', 'datetime': '2025-03-06T12:05:33', 'payload': {'eventID': '7b04cfad-902f-42b5-8213-d0f501012d8c', 'deviceID': 'device123', 'timeStamp': '2025-03-06T12:05:33Z', 'temperature': 31, 'trace_id': 'c3d2634c-53b9-4bad-9e0d-fbe21a4d32db'}}
2025-03-06 12:10:08,723 - basicLogger - INFO - Message: {'type': 'wind-speed', 'datetime': '2025-03-06T12:05:33', 'payload': {'eventID': '01f09f6a-eb79-495d-b9e3-b67b5fb1afbe', 'deviceID': 'windSensor-001', 'timeStamp': '2025-03-06T12:05:33Z', 'windspeed': 20, 'location': {'latitude': 43, 'longitude': -70}, 'trace_id': '45333c97-d7cd-4b65-ab30-62315a6e0522'}}
2025-03-06 12:10:08,732 - basicLogger - INFO - Message: {'type': 'temperature', 'datetime': '2025-03-06T12:05:33', 'payload': {'eventID': '59d45b59-12b2-4b36-a94d-6bf230223fb6', 'deviceID': 'device123', 'timeStamp': '2025-03-06T12:05:33Z', 'temperature': 20, 'trace_id': '676d663e-80d6-41a5-b69d-4e9bb5f33363'}}
2025-03-06 12:10:08,740 - basicLogger - INFO - Message: {'type': 'wind-speed', 'datetime': '2025-03-06T12:05:33', 'payload': {'eventID': '51563404-858e-490a-8e54-0c838649d23c', 'deviceID': 'windSensor-001', 'timeStamp': '2025-03-06T12:05:33Z', 'windspeed': 20, 'location': {'latitude': 35, 'longitude': -72}, 'trace_id': '40e266dc-fd3b-44b5-bca8-d50811583420'}}
2025-03-06 12:10:08,749 - basicLogger - INFO - Message: {'type': 'wind-speed', 'datetime': '2025-03-06T12:05:33', 'payload': {'eventID': '953e9f11-2c4f-4a36-9a97-1163e3cff57b', 'deviceID': 'windSensor-001', 'timeStamp': '2025-03-06T12:05:33Z', 'windspeed': 18, 'location': {'latitude': 43, 'longitude': -70}, 'trace_id': '8a52c1fa-2842-445c-9d40-628d2262d40e'}}
2025-03-06 12:10:08,758 - basicLogger - INFO - Message: {'type': 'wind-speed', 'datetime': '2025-03-06T12:05:33', 'payload': {'eventID': 'abdeee0d-201b-4780-8264-932ec7537c10', 'deviceID': 'windSensor-001', 'timeStamp': '2025-03-06T12:05:33Z', 'windspeed': 24, 'location': {'latitude': 41, 'longitude': -78}, 'trace_id': '0caf50fe-322c-4103-979a-90155057df6e'}}
2025-03-06 12:10:08,769 - basicLogger - INFO - Message: {'type': 'wind-speed', 'datetime': '2025-03-06T12:05:33', 'payload': {'eventID': '7cd51179-824a-4d23-8333-a3a794895d5e', 'deviceID': 'windSensor-001', 'timeStamp': '2025-03-06T12:05:33Z', 'windspeed': 9, 'location': {'latitude': 42, 'longitude': -71}, 'trace_id': '300cbbc6-63c7-4a49-aba5-2dec5f3c6642'}}
2025-03-06 12:10:08,778 - basicLogger - INFO - Message: {'type': 'temperature', 'datetime': '2025-03-06T12:05:33', 'payload': {'eventID': 'a4e9096f-4f73-4acb-9123-e112785b0d60', 'deviceID': 'device123', 'timeStamp': '2025-03-06T12:05:33Z', 'temperature': 21, 'trace_id': '67259b2e-5be1-470c-be85-d0b0a9836658'}}
2025-03-06 12:10:08,787 - basicLogger - INFO - Message: {'type': 'temperature', 'datetime': '2025-03-06T12:05:33', 'payload': {'eventID': '98fec77d-d660-4027-ae43-3242e85421e1', 'deviceID': 'device123', 'timeStamp': '2025-03-06T12:05:33Z', 'temperature': 30, 'trace_id': '6d9497d5-061f-4915-87e8-3db0a937133b'}}
2025-03-06 12:10:08,799 - basicLogger - INFO - Message: {'type': 'temperature', 'datetime': '2025-03-06T12:05:33', 'payload': {'eventID': '51074630-5259-47ec-bef1-1967929bbf43', 'deviceID': 'device123', 'timeStamp': '2025-03-06T12:05:33Z', 'temperature': 24, 'trace_id': '8c626e80-a5ca-4037-8087-74a50a2118c5'}}
2025-03-06 12:10:08,813 - basicLogger - INFO - Message: {'type': 'temperature', 'datetime': '2025-03-06T12:05:33', 'payload': {'eventID': 'c8a88584-f68d-442d-837e-5c8fffbb8417', 'deviceID': 'device123', 'timeStamp': '2025-03-06T12:05:33Z', 'temperature': 34, 'trace_id': '115175a4-61f9-429a-8a81-8214605ab77c'}}
2025-03-06 12:10:08,828 - basicLogger - INFO - Message: {'type': 'temperature', 'datetime': '2025-03-06T12:05:33', 'payload': {'eventID': '2922c0ff-1e82-418b-b211-3f78cb74ddb7', 'deviceID': 'device123', 'timeStamp': '2025-03-06T12:05:33Z', 'temperature': 30, 'trace_id': 'f04a2664-7b88-4310-ab9a-5e3c69bef8a5'}}
2025-03-06 12:10:08,842 - basicLogger - INFO - Message: {'type': 'wind-speed', 'datetime': '2025-03-06T12:05:33', 'payload': {'eventID': '6ce5b036-ce51-48b7-8475-96da5132dbec', 'deviceID': 'windSensor-001', 'timeStamp': '2025-03-06T12:05:33Z', 'windspeed': 20, 'location': {'latitude': 45, 'longitude': -79}, 'trace_id': 'beb70e18-8999-4c3e-9f2c-db57e9bf4efc'}}
2025-03-06 12:10:08,854 - basicLogger - INFO - Message: {'type': 'wind-speed', 'datetime': '2025-03-06T12:05:33', 'payload': {'eventID': '293aba1a-941d-4110-84ae-62af3c7aef7f', 'deviceID': 'windSensor-001', 'timeStamp': '2025-03-06T12:05:33Z', 'windspeed': 6, 'location': {'latitude': 45, 'longitude': -76}, 'trace_id': '11308061-685b-458e-8bb2-ff216561366c'}}
2025-03-06 12:10:08,866 - basicLogger - INFO - Message: {'type': 'wind-speed', 'datetime': '2025-03-06T12:05:33', 'payload': {'eventID': 'fa02df2b-a763-4647-a66b-8ee8e2f87dec', 'deviceID': 'windSensor-001', 'timeStamp': '2025-03-06T12:05:33Z', 'windspeed': 14, 'location': {'latitude': 41, 'longitude': -75}, 'trace_id': '03227ebc-fc89-4f36-864d-9488c5b214b8'}}
2025-03-06 12:10:08,876 - basicLogger - INFO - Message: {'type': 'wind-speed', 'datetime': '2025-03-06T12:05:33', 'payload': {'eventID': 'f684a6d0-cb64-4c63-be02-7e6d018d4cfa', 'deviceID': 'windSensor-001', 'timeStamp': '2025-03-06T12:05:33Z', 'windspeed': 22, 'location': {'latitude': 42, 'longitude': -80}, 'trace_id': '4ae8ac12-9bea-41b0-b1ba-162885fbff41'}}
2025-03-06 12:10:08,887 - basicLogger - INFO - Message: {'type': 'wind-speed', 'datetime': '2025-03-06T12:05:33', 'payload': {'eventID': '3c3bce80-6ce5-4d07-97c9-9f6ef189e9a9', 'deviceID': 'windSensor-001', 'timeStamp': '2025-03-06T12:05:33Z', 'windspeed': 8, 'location': {'latitude': 44, 'longitude': -79}, 'trace_id': 'aef6adae-41da-4170-8a78-75f112c2d0fb'}}
2025-03-06 12:10:08,897 - basicLogger - INFO - Message: {'type': 'wind-speed', 'datetime': '2025-03-06T12:05:33', 'payload': {'eventID': '1ce11056-2e45-42b4-a188-c474abce98ba', 'deviceID': 'windSensor-001', 'timeStamp': '2025-03-06T12:05:33Z', 'windspeed': 18, 'location': {'latitude': 40, 'longitude': -71}, 'trace_id': '1af94125-f5ef-4519-b27e-bff1c7461241'}}
2025-03-06 12:10:08,907 - basicLogger - INFO - Message: {'type': 'temperature', 'datetime': '2025-03-06T12:05:33', 'payload': {'eventID': '1a9557a4-43bd-481d-944b-e537728b16ae', 'deviceID': 'device123', 'timeStamp': '2025-03-06T12:05:33Z', 'temperature': 19, 'trace_id': '2f9f18a7-7c08-4be0-b008-e0b70c7b661e'}}
2025-03-06 12:10:08,915 - basicLogger - INFO - Message: {'type': 'temperature', 'datetime': '2025-03-06T12:05:33', 'payload': {'eventID': '67863fd3-90e8-46c3-a4f7-e63846a67c11', 'deviceID': 'device123', 'timeStamp': '2025-03-06T12:05:33Z', 'temperature': 35, 'trace_id': 'd8318696-620a-41d9-8257-25936928a8fe'}}
2025-03-06 12:10:08,925 - basicLogger - INFO - Message: {'type': 'temperature', 'datetime': '2025-03-06T12:05:33', 'payload': {'eventID': 'db2a0056-9317-4216-9516-b636f6573c69', 'deviceID': 'device123', 'timeStamp': '2025-03-06T12:05:33Z', 'temperature': 16, 'trace_id': 'eb7d12ce-e0a5-4035-8633-f4f773fb5521'}}
2025-03-06 12:10:08,934 - basicLogger - INFO - Message: {'type': 'temperature', 'datetime': '2025-03-06T12:05:33', 'payload': {'eventID': 'b66f434c-e542-4497-95d6-f8b4aa3fb4f8', 'deviceID': 'device123', 'timeStamp': '2025-03-06T12:05:33Z', 'temperature': 34, 'trace_id': '3b7e8360-3235-4f52-87de-7680c177c831'}}
2025-03-06 12:10:08,945 - basicLogger - INFO - Message: {'type': 'temperature', 'datetime': '2025-03-06T12:05:33', 'payload': {'eventID': '0ac3fcb2-b9ff-4560-b636-8300d79bbfa5', 'deviceID': 'device123', 'timeStamp': '2025-03-06T12:05:33Z', 'temperature': 17, 'trace_id': '7a1ca292-5f4e-4b49-9131-f73e341d65c7'}}
2025-03-06 12:10:08,954 - basicLogger - INFO - Message: {'type': 'temperature', 'datetime': '2025-03-06T12:05:33', 'payload': {'eventID': 'ae1f3510-b1c7-4d04-959f-1eb40fc30982', 'deviceID': 'device123', 'timeStamp': '2025-03-06T12:05:33Z', 'temperature': 18, 'trace_id': '09d20b8f-0c31-473a-a63c-c74d32d9a340'}}
2025-03-06 12:10:08,963 - basicLogger - INFO - Message: {'type': 'wind-speed', 'datetime': '2025-03-06T12:05:33', 'payload': {'eventID': 'a7d49f86-351b-456b-898b-9495d7f9233e', 'deviceID': 'windSensor-001', 'timeStamp': '2025-03-06T12:05:33Z', 'windspeed': 23, 'location': {'latitude': 36, 'longitude': -79}, 'trace_id': '77e4a192-ebea-44ec-afc6-fb682ede7986'}}
2025-03-06 12:10:08,972 - basicLogger - INFO - Message: {'type': 'wind-speed', 'datetime': '2025-03-06T12:05:33', 'payload': {'eventID': 'c89a8b88-2d1b-4a29-8c72-005b3a58b8dd', 'deviceID': 'windSensor-001', 'timeStamp': '2025-03-06T12:05:33Z', 'windspeed': 14, 'location': {'latitude': 42, 'longitude': -74}, 'trace_id': 'b5a3b72f-e7e5-45bc-8aa5-2b7167f91b4e'}}
2025-03-06 12:10:08,981 - basicLogger - INFO - Message: {'type': 'wind-speed', 'datetime': '2025-03-06T12:05:33', 'payload': {'eventID': 'c1f01450-3e72-459b-b1b8-79267b8e81ea', 'deviceID': 'windSensor-001', 'timeStamp': '2025-03-06T12:05:33Z', 'windspeed': 9, 'location': {'latitude': 38, 'longitude': -73}, 'trace_id': '2d501c58-b895-4f80-b6ca-0e9a6036c7bf'}}
2025-03-06 12:10:08,991 - basicLogger - INFO - Message: {'type': 'wind-speed', 'datetime': '2025-03-06T12:05:33', 'payload': {'eventID': 'de69852b-2813-4172-8501-c297a6e7e919', 'deviceID': 'windSensor-001', 'timeStamp': '2025-03-06T12:05:33Z', 'windspeed': 21, 'location': {'latitude': 40, 'longitude': -72}, 'trace_id': 'e2ef8986-bbbb-4f15-a2c1-8a3802064f8f'}}
2025-03-06 12:10:09,000 - basicLogger - INFO - Message: {'type': 'temperature', 'datetime': '2025-03-06T12:05:33', 'payload': {'eventID': '897b9e5a-7c71-4371-88e9-502ed2f5925f', 'deviceID': 'device123', 'timeStamp': '2025-03-06T12:05:33Z', 'temperature': 26, 'trace_id': '6fece158-410c-45f5-b275-7518f5dc12cb'}}
2025-03-06 12:10:09,009 - basicLogger - INFO - Message: {'type': 'temperature', 'datetime': '2025-03-06T12:05:33', 'payload': {'eventID': 'ffefe2e7-7202-4966-ac3a-7de394a3c4e7', 'deviceID': 'device123', 'timeStamp': '2025-03-06T12:05:33Z', 'temperature': 26, 'trace_id': 'c2acaa0d-f491-4871-9c12-7f037aeb47dc'}}
2025-03-06 12:10:09,022 - basicLogger - INFO - Message: {'type': 'temperature', 'datetime': '2025-03-06T12:05:33', 'payload': {'eventID': 'e9cd4610-7602-44b0-9a2d-1cfbb3f809ca', 'deviceID': 'device123', 'timeStamp': '2025-03-06T12:05:33Z', 'temperature': 23, 'trace_id': '5ab2c346-bffc-4cbd-81c5-8fd1056c5926'}}
2025-03-06 12:10:09,031 - basicLogger - INFO - Message: {'type': 'temperature', 'datetime': '2025-03-06T12:05:33', 'payload': {'eventID': '0a422f43-7649-4ebc-acc3-235166a5ed1c', 'deviceID': 'device123', 'timeStamp': '2025-03-06T12:05:33Z', 'temperature': 25, 'trace_id': 'c411c871-13bc-4982-b41f-8720e3d8bd73'}}
2025-03-06 12:10:09,040 - basicLogger - INFO - Message: {'type': 'wind-speed', 'datetime': '2025-03-06T12:05:33', 'payload': {'eventID': '98f2827a-aa1b-4c28-803a-dcb902559496', 'deviceID': 'windSensor-001', 'timeStamp': '2025-03-06T12:05:33Z', 'windspeed': 20, 'location': {'latitude': 39, 'longitude': -78}, 'trace_id': '4c8644b9-37c2-484c-87d5-82d35f874fd3'}}
2025-03-06 12:10:09,049 - basicLogger - INFO - Message: {'type': 'wind-speed', 'datetime': '2025-03-06T12:05:33', 'payload': {'eventID': '16aeb3f9-a765-4834-af1f-363307bd7ed6', 'deviceID': 'windSensor-001', 'timeStamp': '2025-03-06T12:05:33Z', 'windspeed': 17, 'location': {'latitude': 43, 'longitude': -73}, 'trace_id': '7b70f530-9fed-4197-a320-65a59d64d035'}}
2025-03-06 12:10:09,058 - basicLogger - INFO - Message: {'type': 'wind-speed', 'datetime': '2025-03-06T12:05:33', 'payload': {'eventID': '863f105b-34bd-4910-ab66-dd33950a3df4', 'deviceID': 'windSensor-001', 'timeStamp': '2025-03-06T12:05:33Z', 'windspeed': 26, 'location': {'latitude': 35, 'longitude': -75}, 'trace_id': '225d49ac-823e-4ecb-9fd3-0fef8ce6c857'}}
2025-03-06 12:10:09,067 - basicLogger - INFO - Message: {'type': 'temperature', 'datetime': '2025-03-06T12:05:33', 'payload': {'eventID': '4edce417-1273-4ea5-8647-bcf8ff512e7f', 'deviceID': 'device123', 'timeStamp': '2025-03-06T12:05:33Z', 'temperature': 15, 'trace_id': '239a6ee1-cb80-404e-a8f7-4fa03e556def'}}
2025-03-06 12:10:09,076 - basicLogger - INFO - Message: {'type': 'wind-speed', 'datetime': '2025-03-06T12:05:33', 'payload': {'eventID': '25bde243-c069-45dd-b656-0ff03e257f8b', 'deviceID': 'windSensor-001', 'timeStamp': '2025-03-06T12:05:33Z', 'windspeed': 21, 'location': {'latitude': 42, 'longitude': -72}, 'trace_id': '282895c7-9124-4736-af59-22673632b617'}}
2025-03-06 12:10:09,085 - basicLogger - INFO - Message: {'type': 'wind-speed', 'datetime': '2025-03-06T12:05:33', 'payload': {'eventID': '4a045442-6654-45fa-be0a-ee2256087b1a', 'deviceID': 'windSensor-001', 'timeStamp': '2025-03-06T12:05:33Z', 'windspeed': 28, 'location': {'latitude': 42, 'longitude': -79}, 'trace_id': '0c958e1b-ecde-48db-b81b-0830173f65ef'}}
2025-03-06 12:10:09,095 - basicLogger - INFO - Message: {'type': 'temperature', 'datetime': '2025-03-06T12:05:33', 'payload': {'eventID': '90cdbb3a-3e12-41bd-a116-db21216bd8af', 'deviceID': 'device123', 'timeStamp': '2025-03-06T12:05:33Z', 'temperature': 18, 'trace_id': 'a5ce85b1-7210-44e8-808c-0bfd97c26201'}}
2025-03-06 12:10:09,106 - basicLogger - INFO - Message: {'type': 'temperature', 'datetime': '2025-03-06T12:05:33', 'payload': {'eventID': '1bdd8368-cf11-431c-9dcd-8f4d14adea4c', 'deviceID': 'device123', 'timeStamp': '2025-03-06T12:05:33Z', 'temperature': 19, 'trace_id': '14d7c9eb-848d-4f02-ab3e-c7425c808b39'}}
2025-03-06 12:10:09,115 - basicLogger - INFO - Message: {'type': 'temperature', 'datetime': '2025-03-06T12:05:33', 'payload': {'eventID': 'cf1a9802-99e4-4213-89a1-4e62ad4b9336', 'deviceID': 'device123', 'timeStamp': '2025-03-06T12:05:33Z', 'temperature': 22, 'trace_id': '5ee5b562-5aae-4fba-acdb-8f840c15d635'}}
2025-03-06 12:10:09,124 - basicLogger - INFO - Message: {'type': 'temperature', 'datetime': '2025-03-06T12:05:33', 'payload': {'eventID': '72037f7a-f6c5-46db-ab4d-2feb2ceddb52', 'deviceID': 'device123', 'timeStamp': '2025-03-06T12:05:33Z', 'temperature': 15, 'trace_id': '3cc386f0-32f5-4655-a254-4988b1eb2cc5'}}
2025-03-06 12:10:09,137 - basicLogger - INFO - Message: {'type': 'wind-speed', 'datetime': '2025-03-06T12:05:33', 'payload': {'eventID': '578a6e76-5f7c-4f22-8ea6-d4893edcb1e5', 'deviceID': 'windSensor-001', 'timeStamp': '2025-03-06T12:05:33Z', 'windspeed': 30, 'location': {'latitude': 45, 'longitude': -78}, 'trace_id': '5423ed43-ab00-485b-ba83-f199f7624aad'}}
2025-03-06 12:10:09,146 - basicLogger - INFO - Message: {'type': 'wind-speed', 'datetime': '2025-03-06T12:05:33', 'payload': {'eventID': '4d5305d2-4695-4f15-a321-70c12259359a', 'deviceID': 'windSensor-001', 'timeStamp': '2025-03-06T12:05:33Z', 'windspeed': 10, 'location': {'latitude': 45, 'longitude': -80}, 'trace_id': '08ce7b6f-06f5-4889-80da-25632b3c4972'}}
2025-03-06 12:10:09,155 - basicLogger - INFO - Message: {'type': 'temperature', 'datetime': '2025-03-06T12:05:33', 'payload': {'eventID': '9aa1f1e9-7341-4ac2-9a86-efe66739bfa2', 'deviceID': 'device123', 'timeStamp': '2025-03-06T12:05:33Z', 'temperature': 32, 'trace_id': '4d65bbc6-82d6-4f0a-98fc-a6d07d593ff0'}}
2025-03-06 12:10:09,164 - basicLogger - INFO - Message: {'type': 'wind-speed', 'datetime': '2025-03-06T12:05:33', 'payload': {'eventID': 'c2ac7e52-4cb7-423b-b104-1d506a359dfd', 'deviceID': 'windSensor-001', 'timeStamp': '2025-03-06T12:05:33Z', 'windspeed': 24, 'location': {'latitude': 41, 'longitude': -77}, 'trace_id': '610b81be-22d5-4487-a9e4-10f7a5452d07'}}
2025-03-06 12:10:09,173 - basicLogger - INFO - Message: {'type': 'wind-speed', 'datetime': '2025-03-06T12:05:33', 'payload': {'eventID': '9e12f283-b17d-4f25-a9d3-899981bf42ec', 'deviceID': 'windSensor-001', 'timeStamp': '2025-03-06T12:05:33Z', 'windspeed': 18, 'location': {'latitude': 35, 'longitude': -73}, 'trace_id': 'd8d91843-f411-4e24-8deb-f929278d0dc5'}}
2025-03-06 12:10:09,183 - basicLogger - INFO - Message: {'type': 'temperature', 'datetime': '2025-03-06T12:05:33', 'payload': {'eventID': '767d83b5-482e-41c7-adad-1142d4995326', 'deviceID': 'device123', 'timeStamp': '2025-03-06T12:05:33Z', 'temperature': 28, 'trace_id': 'c1f31aec-4d2f-442c-adde-b1eb50e1e792'}}
2025-03-06 12:10:09,192 - basicLogger - INFO - Message: {'type': 'temperature', 'datetime': '2025-03-06T12:05:33', 'payload': {'eventID': '1c26ab44-4996-46c6-a590-5da2ff5fb7c8', 'deviceID': 'device123', 'timeStamp': '2025-03-06T12:05:33Z', 'temperature': 20, 'trace_id': '84d41144-c2d8-48c4-aa42-f167d57eae43'}}
2025-03-06 12:10:09,201 - basicLogger - INFO - Message: {'type': 'wind-speed', 'datetime': '2025-03-06T12:05:33', 'payload': {'eventID': '054ae0bf-0bdc-4f17-9e26-a129d5070b2d', 'deviceID': 'windSensor-001', 'timeStamp': '2025-03-06T12:05:33Z', 'windspeed': 26, 'location': {'latitude': 38, 'longitude': -78}, 'trace_id': '6c46cd93-f5e6-4137-a51f-28a155d26b26'}}
2025-03-06 12:10:09,210 - basicLogger - INFO - Message: {'type': 'wind-speed', 'datetime': '2025-03-06T12:05:33', 'payload': {'eventID': '2194abcb-0d93-4454-bbf8-456f21777538', 'deviceID': 'windSensor-001', 'timeStamp': '2025-03-06T12:05:33Z', 'windspeed': 23, 'location': {'latitude': 42, 'longitude': -80}, 'trace_id': '02fcf8a2-105a-4686-8cc3-812bc622eb33'}}
2025-03-06 12:10:09,219 - basicLogger - INFO - Message: {'type': 'temperature', 'datetime': '2025-03-06T12:05:33', 'payload': {'eventID': 'd081c354-ef77-403b-aabe-b414c2c0cffa', 'deviceID': 'device123', 'timeStamp': '2025-03-06T12:05:33Z', 'temperature': 21, 'trace_id': 'a1fb631b-df21-4bba-87b1-9bd0d9cecd32'}}
2025-03-06 12:10:09,228 - basicLogger - INFO - Message: {'type': 'wind-speed', 'datetime': '2025-03-06T12:05:33', 'payload': {'eventID': '8cccc855-ebdf-4ed1-8f84-fef6cf0a0656', 'deviceID': 'windSensor-001', 'timeStamp': '2025-03-06T12:05:33Z', 'windspeed': 10, 'location': {'latitude': 43, 'longitude': -72}, 'trace_id': 'b989c290-be44-49f5-bcc8-a2e4a4271c50'}}
2025-03-06 12:10:09,238 - basicLogger - INFO - Message: {'type': 'temperature', 'datetime': '2025-03-06T12:05:33', 'payload': {'eventID': 'd1002c40-9ba1-4f67-819a-121542f780cf', 'deviceID': 'device123', 'timeStamp': '2025-03-06T12:05:33Z', 'temperature': 26, 'trace_id': '726e43e7-04c6-4114-8466-b2a454b47df2'}}
2025-03-06 12:10:09,247 - basicLogger - INFO - Message: {'type': 'wind-speed', 'datetime': '2025-03-06T12:05:33', 'payload': {'eventID': '546670db-1a88-42ef-bba2-cd71b91f5f99', 'deviceID': 'windSensor-001', 'timeStamp': '2025-03-06T12:05:33Z', 'windspeed': 22, 'location': {'latitude': 44, 'longitude': -74}, 'trace_id': 'c4eaf2d7-61d6-4047-a993-12e52d1753ae'}}
2025-03-06 12:10:09,256 - basicLogger - INFO - Message: {'type': 'temperature', 'datetime': '2025-03-06T12:05:33', 'payload': {'eventID': 'faec985d-fc59-4327-b42e-ed85d77643bf', 'deviceID': 'device123', 'timeStamp': '2025-03-06T12:05:33Z', 'temperature': 22, 'trace_id': 'c979d015-ec5a-40c5-b587-07f2e0208eb9'}}
2025-03-06 12:10:09,268 - basicLogger - INFO - Message: {'type': 'temperature', 'datetime': '2025-03-06T12:05:33', 'payload': {'eventID': 'b61ca01c-37ba-44ab-9d12-13429e862657', 'deviceID': 'device123', 'timeStamp': '2025-03-06T12:05:33Z', 'temperature': 15, 'trace_id': '15465141-3734-4212-a2dd-41f876221bb0'}}
2025-03-06 12:10:09,277 - basicLogger - INFO - Message: {'type': 'wind-speed', 'datetime': '2025-03-06T12:05:33', 'payload': {'eventID': '417061d3-3574-4ec8-a56d-6a9bfd1cb8ba', 'deviceID': 'windSensor-001', 'timeStamp': '2025-03-06T12:05:33Z', 'windspeed': 11, 'location': {'latitude': 38, 'longitude': -75}, 'trace_id': '69d902c0-5a40-4a49-a95a-93cc451e752a'}}
2025-03-06 12:10:09,286 - basicLogger - INFO - Message: {'type': 'temperature', 'datetime': '2025-03-06T12:05:33', 'payload': {'eventID': '2060125d-7dba-447e-a061-f32969c25179', 'deviceID': 'device123', 'timeStamp': '2025-03-06T12:05:33Z', 'temperature': 24, 'trace_id': '5dbec4bc-e5b0-4e15-9a80-a89ba8c80552'}}
2025-03-06 12:10:09,296 - basicLogger - INFO - Message: {'type': 'wind-speed', 'datetime': '2025-03-06T12:05:33', 'payload': {'eventID': '0c3c8e36-eae5-441f-9939-5a1ac9f1a912', 'deviceID': 'windSensor-001', 'timeStamp': '2025-03-06T12:05:33Z', 'windspeed': 26, 'location': {'latitude': 43, 'longitude': -72}, 'trace_id': '462c07d9-20f1-461c-806c-454b189218ec'}}
2025-03-06 12:10:09,305 - basicLogger - INFO - Message: {'type': 'wind-speed', 'datetime': '2025-03-06T12:05:33', 'payload': {'eventID': '34ef5ae1-88f8-4341-adb0-4f4d874dc55d', 'deviceID': 'windSensor-001', 'timeStamp': '2025-03-06T12:05:33Z', 'windspeed': 20, 'location': {'latitude': 40, 'longitude': -73}, 'trace_id': 'e62add3f-aad6-48e5-8a9b-ad0aeec50890'}}
2025-03-06 12:10:09,315 - basicLogger - INFO - Message: {'type': 'temperature', 'datetime': '2025-03-06T12:05:33', 'payload': {'eventID': 'c4da1874-e407-4464-ae06-f53a43ac7c16', 'deviceID': 'device123', 'timeStamp': '2025-03-06T12:05:33Z', 'temperature': 30, 'trace_id': '2a9cf942-70ae-4466-9dff-e0bb6a43cda1'}}
2025-03-06 12:10:09,325 - basicLogger - INFO - Message: {'type': 'wind-speed', 'datetime': '2025-03-06T12:05:33', 'payload': {'eventID': '30e297ec-c6cd-4e33-9f7b-4e8d02aa65dc', 'deviceID': 'windSensor-001', 'timeStamp': '2025-03-06T12:05:33Z', 'windspeed': 16, 'location': {'latitude': 36, 'longitude': -79}, 'trace_id': 'f1af5360-139f-401e-ba6f-8b6c64c0b45c'}}
2025-03-06 12:10:09,335 - basicLogger - INFO - Message: {'type': 'temperature', 'datetime': '2025-03-06T12:05:33', 'payload': {'eventID': '54b046bf-b6a6-4f67-a37d-aec07751c2cf', 'deviceID': 'device123', 'timeStamp': '2025-03-06T12:05:33Z', 'temperature': 32, 'trace_id': '8cfe9154-399e-412f-9fd5-2369655e8595'}}
2025-03-06 12:10:09,346 - basicLogger - INFO - Message: {'type': 'temperature', 'datetime': '2025-03-06T12:05:33', 'payload': {'eventID': '01272f3c-bf07-424a-ab3f-cd937d8cf34b', 'deviceID': 'device123', 'timeStamp': '2025-03-06T12:05:33Z', 'temperature': 26, 'trace_id': 'b9e721db-378e-4482-a9db-67ae07e02f06'}}
2025-03-06 12:10:09,356 - basicLogger - INFO - Message: {'type': 'wind-speed', 'datetime': '2025-03-06T12:05:33', 'payload': {'eventID': '9ac0830e-c0ca-4106-991e-3a1618351bb4', 'deviceID': 'windSensor-001', 'timeStamp': '2025-03-06T12:05:33Z', 'windspeed': 13, 'location': {'latitude': 35, 'longitude': -80}, 'trace_id': 'fa3499a6-6592-4c45-a62f-94e1397060e3'}}
2025-03-06 12:10:09,366 - basicLogger - INFO - Message: {'type': 'temperature', 'datetime': '2025-03-06T12:05:33', 'payload': {'eventID': 'd74dc4f9-f492-4b95-a710-b88d2546493a', 'deviceID': 'device123', 'timeStamp': '2025-03-06T12:05:33Z', 'temperature': 32, 'trace_id': '6f80d742-0b5a-46b2-9128-0f8f5d92a4d7'}}
2025-03-06 12:10:09,375 - basicLogger - INFO - Message: {'type': 'wind-speed', 'datetime': '2025-03-06T12:05:33', 'payload': {'eventID': 'd5a34a37-03f5-4d17-8b76-18e1e335ade9', 'deviceID': 'windSensor-001', 'timeStamp': '2025-03-06T12:05:33Z', 'windspeed': 25, 'location': {'latitude': 36, 'longitude': -71}, 'trace_id': '94e646b6-9e48-4c69-a15f-bac80bc80d2f'}}
2025-03-06 12:10:09,384 - basicLogger - INFO - Message: {'type': 'wind-speed', 'datetime': '2025-03-06T12:05:33', 'payload': {'eventID': '1df4d579-c5b8-4eea-8221-5aba49c0544b', 'deviceID': 'windSensor-001', 'timeStamp': '2025-03-06T12:05:33Z', 'windspeed': 25, 'location': {'latitude': 36, 'longitude': -73}, 'trace_id': '4498c3cf-c13d-48e1-bb92-6e01a9a7d99d'}}
2025-03-06 12:10:09,396 - basicLogger - INFO - Message: {'type': 'temperature', 'datetime': '2025-03-06T12:05:33', 'payload': {'eventID': '78e14598-30b3-4430-a4e1-846347ebfd0d', 'deviceID': 'device123', 'timeStamp': '2025-03-06T12:05:33Z', 'temperature': 25, 'trace_id': 'd9d65895-c3fe-4f14-ac48-e98484a62237'}}
2025-03-06 12:10:09,408 - basicLogger - INFO - Message: {'type': 'wind-speed', 'datetime': '2025-03-06T12:05:33', 'payload': {'eventID': '6985f729-c9fd-4099-b63d-34be2dca0f15', 'deviceID': 'windSensor-001', 'timeStamp': '2025-03-06T12:05:33Z', 'windspeed': 30, 'location': {'latitude': 42, 'longitude': -72}, 'trace_id': '602b2acd-323c-4300-a60e-63848cf7378a'}}
2025-03-06 12:10:09,418 - basicLogger - INFO - Message: {'type': 'temperature', 'datetime': '2025-03-06T12:05:33', 'payload': {'eventID': 'cee0fcd5-f2f3-47d1-aaf2-6fe00b638712', 'deviceID': 'device123', 'timeStamp': '2025-03-06T12:05:33Z', 'temperature': 21, 'trace_id': 'ad95585c-e6f8-4535-8c24-dbb164253794'}}
2025-03-06 12:10:09,427 - basicLogger - INFO - Message: {'type': 'temperature', 'datetime': '2025-03-06T12:05:33', 'payload': {'eventID': 'a8268ff8-77b7-420e-aad5-a85093d3da47', 'deviceID': 'device123', 'timeStamp': '2025-03-06T12:05:33Z', 'temperature': 24, 'trace_id': '604717f5-4e4d-4670-8dad-04e66cfbc093'}}
2025-03-06 12:10:09,436 - basicLogger - INFO - Message: {'type': 'wind-speed', 'datetime': '2025-03-06T12:05:33', 'payload': {'eventID': '356c8455-52f5-4f56-a736-a6a4c8df272a', 'deviceID': 'windSensor-001', 'timeStamp': '2025-03-06T12:05:33Z', 'windspeed': 14, 'location': {'latitude': 43, 'longitude': -79}, 'trace_id': 'bf195b87-4372-4c36-83a0-4ca8b125f64b'}}
2025-03-06 12:10:09,446 - basicLogger - INFO - Message: {'type': 'temperature', 'datetime': '2025-03-06T12:05:33', 'payload': {'eventID': 'a9ccb487-65b9-41dd-92f0-b9189296c17a', 'deviceID': 'device123', 'timeStamp': '2025-03-06T12:05:33Z', 'temperature': 33, 'trace_id': '081f2bd0-9169-4189-8059-58e740860304'}}
2025-03-06 12:10:09,459 - basicLogger - INFO - Message: {'type': 'wind-speed', 'datetime': '2025-03-06T12:05:33', 'payload': {'eventID': '64be57d7-3fef-4865-93e9-5a8ba4869210', 'deviceID': 'windSensor-001', 'timeStamp': '2025-03-06T12:05:33Z', 'windspeed': 23, 'location': {'latitude': 45, 'longitude': -78}, 'trace_id': '377a01e0-ff81-4614-843e-fb9bb8b9ea72'}}
2025-03-06 12:10:09,481 - basicLogger - INFO - Message: {'type': 'temperature', 'datetime': '2025-03-06T12:05:33', 'payload': {'eventID': 'cf4f61a6-64aa-4def-af9f-da000aef2185', 'deviceID': 'device123', 'timeStamp': '2025-03-06T12:05:33Z', 'temperature': 28, 'trace_id': 'e0b8f2fc-66e5-441c-9e13-8748944fc2be'}}
2025-03-06 12:10:09,489 - basicLogger - INFO - Message: {'type': 'wind-speed', 'datetime': '2025-03-06T12:05:33', 'payload': {'eventID': 'b661b5f2-7826-48f0-8ca0-d48aa353a95b', 'deviceID': 'windSensor-001', 'timeStamp': '2025-03-06T12:05:33Z', 'windspeed': 7, 'location': {'latitude': 39, 'longitude': -75}, 'trace_id': 'e7560ac3-379c-4876-a266-6b8739894323'}}
2025-03-06 12:10:09,499 - basicLogger - INFO - Message: {'type': 'wind-speed', 'datetime': '2025-03-06T12:05:33', 'payload': {'eventID': 'c5591b6c-5efb-48b3-82cf-6fdf0020d0a2', 'deviceID': 'windSensor-001', 'timeStamp': '2025-03-06T12:05:33Z', 'windspeed': 29, 'location': {'latitude': 38, 'longitude': -78}, 'trace_id': '81f3759e-7d06-4d7b-9711-45828fda0581'}}
2025-03-06 12:10:09,507 - basicLogger - INFO - Message: {'type': 'temperature', 'datetime': '2025-03-06T12:05:33', 'payload': {'eventID': 'b27a79fc-8068-44e3-99b0-0974aed065e3', 'deviceID': 'device123', 'timeStamp': '2025-03-06T12:05:33Z', 'temperature': 23, 'trace_id': '4e9975c4-0d58-4818-a4a2-25d72ad93734'}}
2025-03-06 12:10:09,520 - basicLogger - INFO - Message: {'type': 'temperature', 'datetime': '2025-03-06T12:05:33', 'payload': {'eventID': 'ee45bca0-95f4-4c1b-87b1-a2d839b1ae00', 'deviceID': 'device123', 'timeStamp': '2025-03-06T12:05:33Z', 'temperature': 29, 'trace_id': 'fd9c4149-c535-4d16-8dca-46a5c2c85808'}}
2025-03-06 12:10:09,530 - basicLogger - INFO - Message: {'type': 'temperature', 'datetime': '2025-03-06T12:05:33', 'payload': {'eventID': 'f8f50209-cb85-4af6-93e9-161df8562eeb', 'deviceID': 'device123', 'timeStamp': '2025-03-06T12:05:33Z', 'temperature': 32, 'trace_id': '543a2490-b01d-4816-a3c1-cd3dd40949e3'}}
2025-03-06 12:10:09,537 - basicLogger - INFO - Message: {'type': 'wind-speed', 'datetime': '2025-03-06T12:05:33', 'payload': {'eventID': '98b15d47-e523-4f75-b2f6-1a3ae0bed86e', 'deviceID': 'windSensor-001', 'timeStamp': '2025-03-06T12:05:33Z', 'windspeed': 13, 'location': {'latitude': 37, 'longitude': -75}, 'trace_id': '7c431789-fd03-48d3-b789-8064a46f3187'}}
2025-03-06 12:10:09,545 - basicLogger - INFO - Message: {'type': 'wind-speed', 'datetime': '2025-03-06T12:05:33', 'payload': {'eventID': '8a65317c-2892-4258-957c-765ec6b91103', 'deviceID': 'windSensor-001', 'timeStamp': '2025-03-06T12:05:33Z', 'windspeed': 10, 'location': {'latitude': 45, 'longitude': -78}, 'trace_id': 'b306a387-7999-49b2-acdf-46583dcbcc74'}}
2025-03-06 12:10:09,555 - basicLogger - INFO - Message: {'type': 'wind-speed', 'datetime': '2025-03-06T12:05:33', 'payload': {'eventID': '33a9d39d-dbf7-4d30-892d-bf24d7dac49f', 'deviceID': 'windSensor-001', 'timeStamp': '2025-03-06T12:05:33Z', 'windspeed': 26, 'location': {'latitude': 41, 'longitude': -79}, 'trace_id': '35dabbbd-ce2d-4ed6-aa6e-21cbed1554af'}}
2025-03-06 12:10:09,566 - basicLogger - INFO - Message: {'type': 'wind-speed', 'datetime': '2025-03-06T12:05:33', 'payload': {'eventID': '4c9b4ce3-ff74-4eac-b00f-c98f2d217828', 'deviceID': 'windSensor-001', 'timeStamp': '2025-03-06T12:05:33Z', 'windspeed': 13, 'location': {'latitude': 38, 'longitude': -74}, 'trace_id': '3a09a57f-189d-404d-8326-185489e51dfa'}}
2025-03-06 12:10:09,573 - basicLogger - INFO - Message: {'type': 'temperature', 'datetime': '2025-03-06T12:05:33', 'payload': {'eventID': '98d35eea-dd38-45a9-9fd5-0955bb3049ac', 'deviceID': 'device123', 'timeStamp': '2025-03-06T12:05:33Z', 'temperature': 23, 'trace_id': '23817a1f-457f-4aca-9abe-51baad6510c1'}}
2025-03-06 12:10:09,581 - basicLogger - INFO - Message: {'type': 'temperature', 'datetime': '2025-03-06T12:05:33', 'payload': {'eventID': '0b608eaa-d323-4163-b7fa-f15ac8dcf6ea', 'deviceID': 'device123', 'timeStamp': '2025-03-06T12:05:33Z', 'temperature': 35, 'trace_id': '42a8f458-9533-46ef-927b-01cdb6816b3e'}}
2025-03-06 12:10:09,588 - basicLogger - INFO - Message: {'type': 'temperature', 'datetime': '2025-03-06T12:05:33', 'payload': {'eventID': 'ad99cc36-af05-4623-a9b2-fd9ed0734101', 'deviceID': 'device123', 'timeStamp': '2025-03-06T12:05:33Z', 'temperature': 22, 'trace_id': '112ef75a-cfbe-40bb-a910-d5f45c24b2d1'}}
2025-03-06 12:10:09,595 - basicLogger - INFO - Message: {'type': 'temperature', 'datetime': '2025-03-06T12:05:33', 'payload': {'eventID': 'f1e54be3-fb8c-4074-b050-6b76eca0880b', 'deviceID': 'device123', 'timeStamp': '2025-03-06T12:05:33Z', 'temperature': 24, 'trace_id': '1d3b504a-8ccd-454a-b8d8-84024f9b5909'}}
2025-03-06 12:10:09,602 - basicLogger - INFO - Message: {'type': 'wind-speed', 'datetime': '2025-03-06T12:05:33', 'payload': {'eventID': 'a672ef78-839a-4234-9931-81e9acb97d16', 'deviceID': 'windSensor-001', 'timeStamp': '2025-03-06T12:05:33Z', 'windspeed': 13, 'location': {'latitude': 41, 'longitude': -73}, 'trace_id': '357cc882-30fe-4fea-b1dc-d9dfc128d308'}}
2025-03-06 12:10:09,610 - basicLogger - INFO - Message: {'type': 'wind-speed', 'datetime': '2025-03-06T12:05:33', 'payload': {'eventID': 'd6c44998-2534-45c0-a036-00c6ccbce409', 'deviceID': 'windSensor-001', 'timeStamp': '2025-03-06T12:05:33Z', 'windspeed': 30, 'location': {'latitude': 41, 'longitude': -70}, 'trace_id': 'a1ce529c-7ff6-4752-b334-8aa69bca05ca'}}
2025-03-06 12:10:09,617 - basicLogger - INFO - Message: {'type': 'wind-speed', 'datetime': '2025-03-06T12:05:33', 'payload': {'eventID': '646a54a0-52ac-4bee-a0b8-957610ce64d1', 'deviceID': 'windSensor-001', 'timeStamp': '2025-03-06T12:05:33Z', 'windspeed': 27, 'location': {'latitude': 39, 'longitude': -72}, 'trace_id': 'f10903fe-3639-4281-8de0-5b80117169ca'}}
2025-03-06 12:10:09,624 - basicLogger - INFO - Message: {'type': 'wind-speed', 'datetime': '2025-03-06T12:05:33', 'payload': {'eventID': 'b1735799-bcc6-4bf6-98f4-2f4b658b5d7d', 'deviceID': 'windSensor-001', 'timeStamp': '2025-03-06T12:05:33Z', 'windspeed': 15, 'location': {'latitude': 41, 'longitude': -73}, 'trace_id': 'e14ecae4-4e6c-4a68-9073-d220d7464991'}}
2025-03-06 12:10:09,631 - basicLogger - INFO - Message: {'type': 'temperature', 'datetime': '2025-03-06T12:05:33', 'payload': {'eventID': '66e5d49b-31b7-4c0a-a05b-dbdb8b67c8ba', 'deviceID': 'device123', 'timeStamp': '2025-03-06T12:05:33Z', 'temperature': 19, 'trace_id': '9a30bac2-e26f-4c27-bf2d-cc3bc32b55d1'}}
2025-03-06 12:10:09,638 - basicLogger - INFO - Message: {'type': 'temperature', 'datetime': '2025-03-06T12:05:33', 'payload': {'eventID': '8d5f539b-dd3d-4ac5-89af-bfd763c7b009', 'deviceID': 'device123', 'timeStamp': '2025-03-06T12:05:33Z', 'temperature': 35, 'trace_id': '9e3e68eb-4e07-4786-ae85-1d0cbd4bd26f'}}
2025-03-06 12:10:09,650 - basicLogger - INFO - Message: {'type': 'temperature', 'datetime': '2025-03-06T12:05:33', 'payload': {'eventID': 'f1d25008-89fb-471f-8054-22a8ab2ba8ac', 'deviceID': 'device123', 'timeStamp': '2025-03-06T12:05:33Z', 'temperature': 30, 'trace_id': '6d6e8d67-af53-434b-b120-a79770a8d1c6'}}
2025-03-06 12:10:09,665 - basicLogger - INFO - Message: {'type': 'temperature', 'datetime': '2025-03-06T12:05:33', 'payload': {'eventID': '35840a62-6188-4023-a1ef-0d8f3b0c2b32', 'deviceID': 'device123', 'timeStamp': '2025-03-06T12:05:33Z', 'temperature': 30, 'trace_id': 'c6df42e4-a17a-4912-88fd-6af763697922'}}
2025-03-06 12:10:09,681 - basicLogger - INFO - Message: {'type': 'wind-speed', 'datetime': '2025-03-06T12:05:33', 'payload': {'eventID': 'eebdb16d-678d-4f14-b51e-d010d3aada74', 'deviceID': 'windSensor-001', 'timeStamp': '2025-03-06T12:05:33Z', 'windspeed': 14, 'location': {'latitude': 35, 'longitude': -77}, 'trace_id': '63085b0d-9c4a-42d6-aaea-ffdb8f840018'}}
2025-03-06 12:10:09,696 - basicLogger - INFO - Message: {'type': 'wind-speed', 'datetime': '2025-03-06T12:05:33', 'payload': {'eventID': '7ff2ad9d-a6c9-48e4-bb03-c50022c1f6db', 'deviceID': 'windSensor-001', 'timeStamp': '2025-03-06T12:05:33Z', 'windspeed': 30, 'location': {'latitude': 36, 'longitude': -75}, 'trace_id': 'c24fa232-299a-43e6-8a96-aaf026ec0721'}}
2025-03-06 12:10:09,711 - basicLogger - INFO - Message: {'type': 'wind-speed', 'datetime': '2025-03-06T12:05:33', 'payload': {'eventID': '5853901c-181f-4d6c-8482-8d028f883b8c', 'deviceID': 'windSensor-001', 'timeStamp': '2025-03-06T12:05:33Z', 'windspeed': 26, 'location': {'latitude': 36, 'longitude': -72}, 'trace_id': 'be0cd803-0694-4f2f-b19d-03baedd0b72b'}}
2025-03-06 12:10:09,726 - basicLogger - INFO - Message: {'type': 'temperature', 'datetime': '2025-03-06T12:05:33', 'payload': {'eventID': '765c3600-451b-4370-bb0d-69e052324135', 'deviceID': 'device123', 'timeStamp': '2025-03-06T12:05:33Z', 'temperature': 18, 'trace_id': '4226c7bf-aa6f-4c87-ad41-5687d926c084'}}
2025-03-06 12:10:09,741 - basicLogger - INFO - Message: {'type': 'temperature', 'datetime': '2025-03-06T12:05:33', 'payload': {'eventID': 'bddfa5f2-ddf3-4502-ac2a-d8ff8905449b', 'deviceID': 'device123', 'timeStamp': '2025-03-06T12:05:33Z', 'temperature': 24, 'trace_id': '8399f718-7ca0-4ae0-9ad9-a75eaf366ed4'}}
2025-03-06 12:10:09,755 - basicLogger - INFO - Message: {'type': 'temperature', 'datetime': '2025-03-06T12:05:33', 'payload': {'eventID': 'b835ae36-8c9f-42a2-8735-1a8886473fbe', 'deviceID': 'device123', 'timeStamp': '2025-03-06T12:05:33Z', 'temperature': 15, 'trace_id': 'f4d490f0-be54-4f68-8077-62363a20af81'}}
2025-03-06 12:10:09,770 - basicLogger - INFO - Message: {'type': 'wind-speed', 'datetime': '2025-03-06T12:05:33', 'payload': {'eventID': '763924d5-da52-49cf-96d1-56e12f42b6a3', 'deviceID': 'windSensor-001', 'timeStamp': '2025-03-06T12:05:33Z', 'windspeed': 6, 'location': {'latitude': 45, 'longitude': -75}, 'trace_id': 'bde15774-b775-4e68-9a09-c4f332cc2ae8'}}
2025-03-06 12:10:09,785 - basicLogger - INFO - Message: {'type': 'wind-speed', 'datetime': '2025-03-06T12:05:33', 'payload': {'eventID': '2b7898a2-ec23-4d48-bcce-0cb35e2679c3', 'deviceID': 'windSensor-001', 'timeStamp': '2025-03-06T12:05:33Z', 'windspeed': 30, 'location': {'latitude': 45, 'longitude': -75}, 'trace_id': '4dc0623a-c632-4e5c-941a-604535158f11'}}
2025-03-06 12:10:09,800 - basicLogger - INFO - Message: {'type': 'wind-speed', 'datetime': '2025-03-06T12:05:33', 'payload': {'eventID': '8c0d6371-46ac-4cab-9349-ccb8e4126172', 'deviceID': 'windSensor-001', 'timeStamp': '2025-03-06T12:05:33Z', 'windspeed': 21, 'location': {'latitude': 43, 'longitude': -80}, 'trace_id': '1b256ea6-94e5-4b78-93bc-9bf925dacb3c'}}
2025-03-06 12:10:09,815 - basicLogger - INFO - Message: {'type': 'temperature', 'datetime': '2025-03-06T12:05:33', 'payload': {'eventID': 'baa1933d-148f-46bf-8d87-ee98f661920d', 'deviceID': 'device123', 'timeStamp': '2025-03-06T12:05:33Z', 'temperature': 18, 'trace_id': 'c4f8163b-00d7-4a3f-bcc6-0886eff9f28c'}}
2025-03-06 12:10:09,829 - basicLogger - INFO - Message: {'type': 'temperature', 'datetime': '2025-03-06T12:05:33', 'payload': {'eventID': '785e6173-17a8-4c58-b3e3-0e806e69af49', 'deviceID': 'device123', 'timeStamp': '2025-03-06T12:05:33Z', 'temperature': 23, 'trace_id': '98a0264b-9ce6-4288-96e2-be8b6679a747'}}
2025-03-06 12:10:09,844 - basicLogger - INFO - Message: {'type': 'temperature', 'datetime': '2025-03-06T12:05:33', 'payload': {'eventID': '2416842d-2b2a-4e8b-94a4-b73c65f8444b', 'deviceID': 'device123', 'timeStamp': '2025-03-06T12:05:33Z', 'temperature': 20, 'trace_id': '853914d8-3087-4f74-a42f-307b300273dd'}}
2025-03-06 12:10:09,860 - basicLogger - INFO - Message: {'type': 'wind-speed', 'datetime': '2025-03-06T12:05:33', 'payload': {'eventID': 'e4d3ae66-dcfe-4d22-974b-050781e5a3b7', 'deviceID': 'windSensor-001', 'timeStamp': '2025-03-06T12:05:33Z', 'windspeed': 5, 'location': {'latitude': 38, 'longitude': -78}, 'trace_id': 'de5cd6b9-be34-40fb-a8e8-412736aa4485'}}
2025-03-06 12:10:09,874 - basicLogger - INFO - Message: {'type': 'wind-speed', 'datetime': '2025-03-06T12:05:33', 'payload': {'eventID': '7dfb136d-adaf-40c4-a071-f87eebc90a3b', 'deviceID': 'windSensor-001', 'timeStamp': '2025-03-06T12:05:33Z', 'windspeed': 7, 'location': {'latitude': 39, 'longitude': -74}, 'trace_id': 'e4a44a3d-3ab8-4a92-ae02-1726f7222313'}}
2025-03-06 12:10:09,889 - basicLogger - INFO - Message: {'type': 'temperature', 'datetime': '2025-03-06T12:05:33', 'payload': {'eventID': 'cae2b0ff-d062-4345-9b6c-d9eff2e6b3b0', 'deviceID': 'device123', 'timeStamp': '2025-03-06T12:05:33Z', 'temperature': 27, 'trace_id': '40f1b4cd-7c85-4ba2-8f4c-01fbc4255caf'}}
2025-03-06 12:10:09,901 - basicLogger - INFO - Message: {'type': 'temperature', 'datetime': '2025-03-06T12:05:33', 'payload': {'eventID': '1de2593f-e67d-438f-a6b2-99169e8ab719', 'deviceID': 'device123', 'timeStamp': '2025-03-06T12:05:33Z', 'temperature': 34, 'trace_id': '29d16785-f936-4ce1-86c9-1873bb322191'}}
2025-03-06 12:10:09,911 - basicLogger - INFO - Message: {'type': 'wind-speed', 'datetime': '2025-03-06T12:05:33', 'payload': {'eventID': '0a6d3e88-4c8c-410b-a70c-50cb579adaf8', 'deviceID': 'windSensor-001', 'timeStamp': '2025-03-06T12:05:33Z', 'windspeed': 27, 'location': {'latitude': 36, 'longitude': -78}, 'trace_id': '7b36c929-9419-4f56-a4ba-1a57666cfb2e'}}
2025-03-06 12:10:09,925 - basicLogger - INFO - Message: {'type': 'wind-speed', 'datetime': '2025-03-06T12:05:33', 'payload': {'eventID': 'e56cead9-6ea7-4237-a97d-b9d14a342545', 'deviceID': 'windSensor-001', 'timeStamp': '2025-03-06T12:05:33Z', 'windspeed': 15, 'location': {'latitude': 37, 'longitude': -74}, 'trace_id': '7d9557c4-dad8-43c2-866b-a62de4b957e6'}}
2025-03-06 12:10:09,935 - basicLogger - INFO - Message: {'type': 'temperature', 'datetime': '2025-03-06T12:05:33', 'payload': {'eventID': 'ae0c3e51-fd04-42c1-a504-709a9dab3bbc', 'deviceID': 'device123', 'timeStamp': '2025-03-06T12:05:33Z', 'temperature': 21, 'trace_id': 'cbb762ea-db1c-4def-9a2e-0c1bdac0ba80'}}
2025-03-06 12:10:09,946 - basicLogger - INFO - Message: {'type': 'temperature', 'datetime': '2025-03-06T12:05:33', 'payload': {'eventID': 'e67f5680-cd87-474a-aadd-2f821d307e40', 'deviceID': 'device123', 'timeStamp': '2025-03-06T12:05:33Z', 'temperature': 30, 'trace_id': '440f2c79-c865-455e-adf3-0b82980065ba'}}
2025-03-06 12:10:09,957 - basicLogger - INFO - Message: {'type': 'wind-speed', 'datetime': '2025-03-06T12:05:33', 'payload': {'eventID': '15ef90e1-9e28-4824-ae6f-e1c493957594', 'deviceID': 'windSensor-001', 'timeStamp': '2025-03-06T12:05:33Z', 'windspeed': 5, 'location': {'latitude': 42, 'longitude': -70}, 'trace_id': '5783a949-18e2-4621-af10-b9c0987ce911'}}
2025-03-06 12:10:09,968 - basicLogger - INFO - Message: {'type': 'wind-speed', 'datetime': '2025-03-06T12:05:33', 'payload': {'eventID': 'b4da8095-58e0-40a2-925c-149b7fa8c327', 'deviceID': 'windSensor-001', 'timeStamp': '2025-03-06T12:05:33Z', 'windspeed': 26, 'location': {'latitude': 36, 'longitude': -70}, 'trace_id': 'b4f37803-dd3f-4a0c-8255-93f0c47c4313'}}
2025-03-06 12:10:09,979 - basicLogger - INFO - Message: {'type': 'temperature', 'datetime': '2025-03-06T12:05:33', 'payload': {'eventID': 'e58db707-c9e3-401c-8113-5d26e15a0509', 'deviceID': 'device123', 'timeStamp': '2025-03-06T12:05:33Z', 'temperature': 22, 'trace_id': '4da7cb56-87b1-4c40-b90e-fbe70d9b6516'}}
2025-03-06 12:10:09,990 - basicLogger - INFO - Message: {'type': 'temperature', 'datetime': '2025-03-06T12:05:33', 'payload': {'eventID': 'b7a8b7d0-193a-4c90-8097-56727e485d8f', 'deviceID': 'device123', 'timeStamp': '2025-03-06T12:05:33Z', 'temperature': 29, 'trace_id': 'f1f4684a-edf3-4980-9baa-d8f719f822c9'}}
2025-03-06 12:10:10,001 - basicLogger - INFO - Message: {'type': 'wind-speed', 'datetime': '2025-03-06T12:05:33', 'payload': {'eventID': '26e888c9-503e-46c5-a8fb-30aaa2a5dc69', 'deviceID': 'windSensor-001', 'timeStamp': '2025-03-06T12:05:33Z', 'windspeed': 28, 'location': {'latitude': 36, 'longitude': -80}, 'trace_id': '61705f23-f97a-4707-991e-26cb2339b953'}}
2025-03-06 12:10:10,012 - basicLogger - INFO - Message: {'type': 'temperature', 'datetime': '2025-03-06T12:05:33', 'payload': {'eventID': 'c24a2290-ce08-42e6-84f3-6264158444e0', 'deviceID': 'device123', 'timeStamp': '2025-03-06T12:05:33Z', 'temperature': 29, 'trace_id': '10fea50a-d6f4-4c23-865d-91337969347c'}}
2025-03-06 12:10:10,023 - basicLogger - INFO - Message: {'type': 'wind-speed', 'datetime': '2025-03-06T12:05:33', 'payload': {'eventID': '65713209-be56-4b98-ad53-db4d097c2fdd', 'deviceID': 'windSensor-001', 'timeStamp': '2025-03-06T12:05:33Z', 'windspeed': 28, 'location': {'latitude': 36, 'longitude': -75}, 'trace_id': 'a0f29f69-50b8-4122-a9f2-ec76574e32e8'}}
2025-03-06 12:10:10,031 - basicLogger - INFO - Message: {'type': 'temperature', 'datetime': '2025-03-06T12:05:33', 'payload': {'eventID': '64cd3dff-ee5e-4c9f-ab18-9120051fa827', 'deviceID': 'device123', 'timeStamp': '2025-03-06T12:05:33Z', 'temperature': 16, 'trace_id': 'd79a3eb5-be3b-49e8-86ec-253eaf95e7a4'}}
2025-03-06 12:10:10,039 - basicLogger - INFO - Message: {'type': 'wind-speed', 'datetime': '2025-03-06T12:05:33', 'payload': {'eventID': '6e2fc24e-62b0-43d8-8b2e-37f234a9dde7', 'deviceID': 'windSensor-001', 'timeStamp': '2025-03-06T12:05:33Z', 'windspeed': 20, 'location': {'latitude': 41, 'longitude': -76}, 'trace_id': '81d9bc3b-0d7e-4397-9152-de7181f3fe48'}}
2025-03-06 12:10:10,046 - basicLogger - INFO - Message: {'type': 'temperature', 'datetime': '2025-03-06T12:05:33', 'payload': {'eventID': '3225d384-a9c4-4cff-b83c-5106e2848941', 'deviceID': 'device123', 'timeStamp': '2025-03-06T12:05:33Z', 'temperature': 32, 'trace_id': 'dea74141-497f-4fb7-9fcf-bd33f4012b55'}}
2025-03-06 12:12:02,836 - basicLogger - INFO - Message: {'type': 'wind-speed', 'datetime': '2025-03-06T12:12:02', 'payload': {'eventID': '95edf1c1-cc25-4bc5-a408-844d2599358c', 'deviceID': 'windSensor-001', 'timeStamp': '2025-03-06T12:12:02Z', 'windspeed': 18, 'location': {'latitude': 45, 'longitude': -77}, 'trace_id': '8ea3d067-9f40-4f83-94d2-7197eedb0490'}}
2025-03-06 12:12:02,852 - basicLogger - INFO - Message: {'type': 'temperature', 'datetime': '2025-03-06T12:12:02', 'payload': {'eventID': 'd7b9b588-94c4-43cb-8cf4-f3f7d6f4e7fc', 'deviceID': 'device123', 'timeStamp': '2025-03-06T12:12:02Z', 'temperature': 17, 'trace_id': '9aa4e505-2c8b-4d54-a72c-ec43bfd56a76'}}
2025-03-06 12:12:02,860 - basicLogger - INFO - Message: {'type': 'wind-speed', 'datetime': '2025-03-06T12:12:02', 'payload': {'eventID': '30d0d7a8-e0cc-4826-a9d9-96792d415597', 'deviceID': 'windSensor-001', 'timeStamp': '2025-03-06T12:12:02Z', 'windspeed': 17, 'location': {'latitude': 36, 'longitude': -72}, 'trace_id': '13c7afff-9b28-4f08-93c8-79ce4fea05f6'}}
2025-03-06 12:12:02,870 - basicLogger - INFO - Message: {'type': 'temperature', 'datetime': '2025-03-06T12:12:02', 'payload': {'eventID': '10678ea3-de56-40fc-911f-678bdfde4feb', 'deviceID': 'device123', 'timeStamp': '2025-03-06T12:12:02Z', 'temperature': 30, 'trace_id': 'da25a5d4-1eb6-415f-a24b-cbcf526dfc05'}}
2025-03-06 12:12:02,880 - basicLogger - INFO - Message: {'type': 'wind-speed', 'datetime': '2025-03-06T12:12:02', 'payload': {'eventID': '85b2178f-337c-4920-ae1b-70089bb210a3', 'deviceID': 'windSensor-001', 'timeStamp': '2025-03-06T12:12:02Z', 'windspeed': 27, 'location': {'latitude': 41, 'longitude': -70}, 'trace_id': '757dd805-eafa-422c-99ce-eae3f6934e07'}}
2025-03-06 12:12:02,888 - basicLogger - INFO - Message: {'type': 'temperature', 'datetime': '2025-03-06T12:12:02', 'payload': {'eventID': 'f8a0fb3e-73f5-4573-a1c2-4495248ef954', 'deviceID': 'device123', 'timeStamp': '2025-03-06T12:12:02Z', 'temperature': 24, 'trace_id': '5331f6f4-c476-4633-858a-03cb857e7b96'}}
2025-03-06 12:12:02,900 - basicLogger - INFO - Message: {'type': 'wind-speed', 'datetime': '2025-03-06T12:12:02', 'payload': {'eventID': 'e8fd30f4-4e9b-412e-962f-31a83cc8fe10', 'deviceID': 'windSensor-001', 'timeStamp': '2025-03-06T12:12:02Z', 'windspeed': 15, 'location': {'latitude': 38, 'longitude': -80}, 'trace_id': 'bc43e199-25a2-40fd-bc42-5ae541138f94'}}
2025-03-06 12:12:02,913 - basicLogger - INFO - Message: {'type': 'temperature', 'datetime': '2025-03-06T12:12:02', 'payload': {'eventID': '54fe451f-875e-481d-98cc-315e2a3f92bf', 'deviceID': 'device123', 'timeStamp': '2025-03-06T12:12:02Z', 'temperature': 27, 'trace_id': '8bbe08da-fd04-4aee-bee3-47dc61ad999f'}}
2025-03-06 12:12:02,923 - basicLogger - INFO - Message: {'type': 'wind-speed', 'datetime': '2025-03-06T12:12:02', 'payload': {'eventID': 'd0d35ced-cf50-44f4-8ff1-e8f93570d354', 'deviceID': 'windSensor-001', 'timeStamp': '2025-03-06T12:12:02Z', 'windspeed': 25, 'location': {'latitude': 41, 'longitude': -75}, 'trace_id': 'b6460a65-5c85-42b9-beb1-5bce27ad8c31'}}
2025-03-06 12:12:02,932 - basicLogger - INFO - Message: {'type': 'temperature', 'datetime': '2025-03-06T12:12:02', 'payload': {'eventID': '96cfe0af-7bd3-41ce-9ac6-863cccaf08c6', 'deviceID': 'device123', 'timeStamp': '2025-03-06T12:12:02Z', 'temperature': 17, 'trace_id': '5a19095d-4d43-42e1-ab6f-77deb9821475'}}
2025-03-06 12:12:03,034 - basicLogger - INFO - Message: {'type': 'wind-speed', 'datetime': '2025-03-06T12:12:03', 'payload': {'eventID': 'f0649da3-0571-4edc-8f65-b54df07662dd', 'deviceID': 'windSensor-001', 'timeStamp': '2025-03-06T12:12:03Z', 'windspeed': 13, 'location': {'latitude': 37, 'longitude': -78}, 'trace_id': '264baa47-134c-48b7-be4f-bee7ad8abdbe'}}
2025-03-06 12:12:03,046 - basicLogger - INFO - Message: {'type': 'temperature', 'datetime': '2025-03-06T12:12:03', 'payload': {'eventID': '38e66965-95c3-4439-b64a-2f825a4cf2a9', 'deviceID': 'device123', 'timeStamp': '2025-03-06T12:12:03Z', 'temperature': 30, 'trace_id': 'cd516d0d-3677-49ef-b49e-9d407651b963'}}
2025-03-06 12:12:03,054 - basicLogger - INFO - Message: {'type': 'wind-speed', 'datetime': '2025-03-06T12:12:03', 'payload': {'eventID': '07bcbc02-e219-4dba-8622-172929436ac6', 'deviceID': 'windSensor-001', 'timeStamp': '2025-03-06T12:12:03Z', 'windspeed': 28, 'location': {'latitude': 44, 'longitude': -80}, 'trace_id': 'c26426f7-7188-441d-b52c-150c8c92029a'}}
2025-03-06 12:12:03,065 - basicLogger - INFO - Message: {'type': 'temperature', 'datetime': '2025-03-06T12:12:03', 'payload': {'eventID': 'f0cb22f2-73ac-4169-af0d-a74a57979d39', 'deviceID': 'device123', 'timeStamp': '2025-03-06T12:12:03Z', 'temperature': 32, 'trace_id': '3433edc4-bca8-4259-a960-76b48c25265c'}}
2025-03-06 12:12:03,073 - basicLogger - INFO - Message: {'type': 'wind-speed', 'datetime': '2025-03-06T12:12:03', 'payload': {'eventID': '5069393b-f7a0-48c6-96b3-2e3d52f0ef1b', 'deviceID': 'windSensor-001', 'timeStamp': '2025-03-06T12:12:03Z', 'windspeed': 21, 'location': {'latitude': 42, 'longitude': -73}, 'trace_id': '4286b4a8-859d-4807-b023-bc67b114e97b'}}
2025-03-06 12:12:03,081 - basicLogger - INFO - Message: {'type': 'temperature', 'datetime': '2025-03-06T12:12:03', 'payload': {'eventID': '75d78ec0-844c-4453-8a3c-7849d7eb8de3', 'deviceID': 'device123', 'timeStamp': '2025-03-06T12:12:03Z', 'temperature': 15, 'trace_id': '95954ba0-4242-4745-be9a-e3578f1e507b'}}
2025-03-06 12:12:03,089 - basicLogger - INFO - Message: {'type': 'wind-speed', 'datetime': '2025-03-06T12:12:03', 'payload': {'eventID': 'b7780679-fd57-45ef-b803-fd32538cd53d', 'deviceID': 'windSensor-001', 'timeStamp': '2025-03-06T12:12:03Z', 'windspeed': 30, 'location': {'latitude': 45, 'longitude': -79}, 'trace_id': 'd90b0ed3-be17-4163-9382-b030f04a2025'}}
2025-03-06 12:12:03,098 - basicLogger - INFO - Message: {'type': 'temperature', 'datetime': '2025-03-06T12:12:03', 'payload': {'eventID': '11a9d6e1-767f-4271-bc8b-b396e42e38c5', 'deviceID': 'device123', 'timeStamp': '2025-03-06T12:12:03Z', 'temperature': 17, 'trace_id': '88b8d9a2-ff13-41a4-bd5d-a63d6fb6d936'}}
2025-03-06 12:12:03,106 - basicLogger - INFO - Message: {'type': 'wind-speed', 'datetime': '2025-03-06T12:12:03', 'payload': {'eventID': 'b02090e7-0aa4-46d0-a2fd-6c56a0a075d2', 'deviceID': 'windSensor-001', 'timeStamp': '2025-03-06T12:12:03Z', 'windspeed': 5, 'location': {'latitude': 44, 'longitude': -71}, 'trace_id': '75af378a-69d8-4e57-a79a-f3e870b622d6'}}
2025-03-06 12:12:03,113 - basicLogger - INFO - Message: {'type': 'temperature', 'datetime': '2025-03-06T12:12:03', 'payload': {'eventID': 'd31be982-5a5c-49af-9d84-bba23c93998e', 'deviceID': 'device123', 'timeStamp': '2025-03-06T12:12:03Z', 'temperature': 20, 'trace_id': '9dadb9b0-3f18-44ab-a0a6-e1d2ca159176'}}
2025-03-06 12:12:03,248 - basicLogger - INFO - Message: {'type': 'wind-speed', 'datetime': '2025-03-06T12:12:03', 'payload': {'eventID': '68490f77-6961-43bd-9c05-f43570dad8de', 'deviceID': 'windSensor-001', 'timeStamp': '2025-03-06T12:12:03Z', 'windspeed': 23, 'location': {'latitude': 44, 'longitude': -80}, 'trace_id': 'f5c94977-bb10-4e3d-9e92-bb55ed686cc7'}}
2025-03-06 12:12:03,267 - basicLogger - INFO - Message: {'type': 'temperature', 'datetime': '2025-03-06T12:12:03', 'payload': {'eventID': '49eb168d-f0f5-4f71-ab94-f9ae12d0cd2f', 'deviceID': 'device123', 'timeStamp': '2025-03-06T12:12:03Z', 'temperature': 28, 'trace_id': 'e66837fe-516f-408a-9bc3-0798aa783212'}}
2025-03-06 12:12:03,285 - basicLogger - INFO - Message: {'type': 'wind-speed', 'datetime': '2025-03-06T12:12:03', 'payload': {'eventID': '22307d08-d43b-4a54-bb8b-77fa9e1814b6', 'deviceID': 'windSensor-001', 'timeStamp': '2025-03-06T12:12:03Z', 'windspeed': 25, 'location': {'latitude': 41, 'longitude': -74}, 'trace_id': 'df8d2ae2-818a-446a-88b9-a2648568a717'}}
2025-03-06 12:12:03,301 - basicLogger - INFO - Message: {'type': 'temperature', 'datetime': '2025-03-06T12:12:03', 'payload': {'eventID': 'fdf597e7-b628-4627-b71b-7fd54fe5b3eb', 'deviceID': 'device123', 'timeStamp': '2025-03-06T12:12:03Z', 'temperature': 28, 'trace_id': '31e1cdf1-1cb9-4530-83e2-d6558fe67def'}}
2025-03-06 12:12:03,317 - basicLogger - INFO - Message: {'type': 'wind-speed', 'datetime': '2025-03-06T12:12:03', 'payload': {'eventID': '568e797c-f006-4902-8b90-8635aeb20cc9', 'deviceID': 'windSensor-001', 'timeStamp': '2025-03-06T12:12:03Z', 'windspeed': 19, 'location': {'latitude': 39, 'longitude': -78}, 'trace_id': '9a7125f8-e84b-4b5d-9692-967d05873762'}}
2025-03-06 12:12:03,337 - basicLogger - INFO - Message: {'type': 'temperature', 'datetime': '2025-03-06T12:12:03', 'payload': {'eventID': 'd74b9664-63a7-4e8d-88d3-78779b4e6e5f', 'deviceID': 'device123', 'timeStamp': '2025-03-06T12:12:03Z', 'temperature': 27, 'trace_id': 'bdbc17fc-f54d-4b53-865d-6216e92211fa'}}
2025-03-06 12:12:03,354 - basicLogger - INFO - Message: {'type': 'wind-speed', 'datetime': '2025-03-06T12:12:03', 'payload': {'eventID': '56e2c043-462c-4060-bc50-0c05c4690f0a', 'deviceID': 'windSensor-001', 'timeStamp': '2025-03-06T12:12:03Z', 'windspeed': 7, 'location': {'latitude': 38, 'longitude': -72}, 'trace_id': '48dd18d7-900d-4ac4-93fd-a5caa1b507fc'}}
2025-03-06 12:12:03,371 - basicLogger - INFO - Message: {'type': 'temperature', 'datetime': '2025-03-06T12:12:03', 'payload': {'eventID': 'df9e37f6-7c4a-402a-9958-1ae27b322997', 'deviceID': 'device123', 'timeStamp': '2025-03-06T12:12:03Z', 'temperature': 17, 'trace_id': 'cdaf7006-64ec-4f05-9b43-5ee1fef91b53'}}
2025-03-06 12:12:03,391 - basicLogger - INFO - Message: {'type': 'wind-speed', 'datetime': '2025-03-06T12:12:03', 'payload': {'eventID': 'e157380f-ac2c-4e2f-a8af-e981f6fa2ecd', 'deviceID': 'windSensor-001', 'timeStamp': '2025-03-06T12:12:03Z', 'windspeed': 12, 'location': {'latitude': 40, 'longitude': -78}, 'trace_id': 'db71bebb-4dd8-41d4-ad47-c155eaf48936'}}
2025-03-06 12:12:03,406 - basicLogger - INFO - Message: {'type': 'temperature', 'datetime': '2025-03-06T12:12:03', 'payload': {'eventID': '569ec9fc-ed73-48e0-b06e-5ec713f11316', 'deviceID': 'device123', 'timeStamp': '2025-03-06T12:12:03Z', 'temperature': 25, 'trace_id': '8a8e7617-0cb0-43ca-8bd8-5047e528939e'}}
2025-03-06 12:12:03,435 - basicLogger - INFO - Message: {'type': 'wind-speed', 'datetime': '2025-03-06T12:12:03', 'payload': {'eventID': 'c08a193e-4db9-4d23-9e92-325ff88060d4', 'deviceID': 'windSensor-001', 'timeStamp': '2025-03-06T12:12:03Z', 'windspeed': 22, 'location': {'latitude': 44, 'longitude': -78}, 'trace_id': 'e35a76cc-5c2c-4997-96ef-71e5077bf054'}}
2025-03-06 12:12:03,447 - basicLogger - INFO - Message: {'type': 'temperature', 'datetime': '2025-03-06T12:12:03', 'payload': {'eventID': '5e5dfdc5-5263-477e-85c5-5cc2f674b7e6', 'deviceID': 'device123', 'timeStamp': '2025-03-06T12:12:03Z', 'temperature': 25, 'trace_id': '41407439-230c-4b25-8463-82e12f858f14'}}
2025-03-06 12:12:03,459 - basicLogger - INFO - Message: {'type': 'wind-speed', 'datetime': '2025-03-06T12:12:03', 'payload': {'eventID': '713d1718-04c6-4ce9-94e9-9e74f83959b4', 'deviceID': 'windSensor-001', 'timeStamp': '2025-03-06T12:12:03Z', 'windspeed': 16, 'location': {'latitude': 38, 'longitude': -80}, 'trace_id': '07d07391-7262-4d30-a6fd-0c97284811f1'}}
2025-03-06 12:12:03,467 - basicLogger - INFO - Message: {'type': 'temperature', 'datetime': '2025-03-06T12:12:03', 'payload': {'eventID': '4d2d972b-c963-487c-8fb1-34ac1ab53146', 'deviceID': 'device123', 'timeStamp': '2025-03-06T12:12:03Z', 'temperature': 35, 'trace_id': 'dd7c2a93-98a6-4160-8aab-2d0f7b0cc221'}}
2025-03-06 12:12:03,475 - basicLogger - INFO - Message: {'type': 'wind-speed', 'datetime': '2025-03-06T12:12:03', 'payload': {'eventID': '771c8100-b52a-4c17-b90a-05fa9f043269', 'deviceID': 'windSensor-001', 'timeStamp': '2025-03-06T12:12:03Z', 'windspeed': 16, 'location': {'latitude': 41, 'longitude': -75}, 'trace_id': '34559abe-9290-4e8b-ae93-7ca93971c788'}}
2025-03-06 12:12:03,484 - basicLogger - INFO - Message: {'type': 'temperature', 'datetime': '2025-03-06T12:12:03', 'payload': {'eventID': 'ac55fe00-39c7-40cf-b72b-ec394b69c9a9', 'deviceID': 'device123', 'timeStamp': '2025-03-06T12:12:03Z', 'temperature': 16, 'trace_id': '9c8fb990-272e-425e-a50e-3ca68d1f98fc'}}
2025-03-06 12:12:03,492 - basicLogger - INFO - Message: {'type': 'wind-speed', 'datetime': '2025-03-06T12:12:03', 'payload': {'eventID': 'a6423358-be82-4971-bd34-0cbe361aac0d', 'deviceID': 'windSensor-001', 'timeStamp': '2025-03-06T12:12:03Z', 'windspeed': 30, 'location': {'latitude': 42, 'longitude': -78}, 'trace_id': 'e6fc2496-fed6-4315-ad72-9fc32dbb2205'}}
2025-03-06 12:12:03,501 - basicLogger - INFO - Message: {'type': 'temperature', 'datetime': '2025-03-06T12:12:03', 'payload': {'eventID': '3426e1c4-360e-491e-93d6-fdd48c563f5f', 'deviceID': 'device123', 'timeStamp': '2025-03-06T12:12:03Z', 'temperature': 18, 'trace_id': 'd08a56e2-ac5b-4cf0-bc26-b80ae7cfd252'}}
2025-03-06 12:12:03,508 - basicLogger - INFO - Message: {'type': 'wind-speed', 'datetime': '2025-03-06T12:12:03', 'payload': {'eventID': 'be9f331e-d957-4c02-b08f-b313aa8f2076', 'deviceID': 'windSensor-001', 'timeStamp': '2025-03-06T12:12:03Z', 'windspeed': 7, 'location': {'latitude': 35, 'longitude': -70}, 'trace_id': 'f9e0b418-78ac-45ae-8eeb-03069ae1c605'}}
2025-03-06 12:12:03,517 - basicLogger - INFO - Message: {'type': 'temperature', 'datetime': '2025-03-06T12:12:03', 'payload': {'eventID': '31b11c4d-e647-4a52-a986-41a70599647a', 'deviceID': 'device123', 'timeStamp': '2025-03-06T12:12:03Z', 'temperature': 19, 'trace_id': 'b002ff42-4c10-4080-ae2c-155a1962a153'}}
2025-03-06 12:12:03,634 - basicLogger - INFO - Message: {'type': 'wind-speed', 'datetime': '2025-03-06T12:12:03', 'payload': {'eventID': '1c020f8f-ba73-459b-bc7b-33197fcf2120', 'deviceID': 'windSensor-001', 'timeStamp': '2025-03-06T12:12:03Z', 'windspeed': 26, 'location': {'latitude': 43, 'longitude': -74}, 'trace_id': '2d9ab584-e8a2-4a58-bbb0-3e6692fc5a07'}}
2025-03-06 12:12:03,651 - basicLogger - INFO - Message: {'type': 'temperature', 'datetime': '2025-03-06T12:12:03', 'payload': {'eventID': '5dee4975-3ba9-4ce8-8462-60f29d3e6c6a', 'deviceID': 'device123', 'timeStamp': '2025-03-06T12:12:03Z', 'temperature': 25, 'trace_id': '258d75dc-7b3d-4b8e-aff0-c27f8bb24787'}}
2025-03-06 12:12:03,661 - basicLogger - INFO - Message: {'type': 'wind-speed', 'datetime': '2025-03-06T12:12:03', 'payload': {'eventID': '995c18e3-92fc-449d-b7c9-9f860b5e86d3', 'deviceID': 'windSensor-001', 'timeStamp': '2025-03-06T12:12:03Z', 'windspeed': 14, 'location': {'latitude': 37, 'longitude': -70}, 'trace_id': 'f59b7088-59e6-490a-910b-fa45c569260a'}}
2025-03-06 12:12:03,672 - basicLogger - INFO - Message: {'type': 'temperature', 'datetime': '2025-03-06T12:12:03', 'payload': {'eventID': 'acb4df99-c96d-41e7-abef-756fd599d850', 'deviceID': 'device123', 'timeStamp': '2025-03-06T12:12:03Z', 'temperature': 18, 'trace_id': '40081b93-e97a-46bf-963a-c187fe593daa'}}
2025-03-06 12:12:03,681 - basicLogger - INFO - Message: {'type': 'wind-speed', 'datetime': '2025-03-06T12:12:03', 'payload': {'eventID': '05742cb7-ae9d-4870-8afb-185075023cd8', 'deviceID': 'windSensor-001', 'timeStamp': '2025-03-06T12:12:03Z', 'windspeed': 29, 'location': {'latitude': 42, 'longitude': -75}, 'trace_id': 'c726385f-ed16-439c-b295-52f9adac3af7'}}
2025-03-06 12:12:03,689 - basicLogger - INFO - Message: {'type': 'temperature', 'datetime': '2025-03-06T12:12:03', 'payload': {'eventID': '32f98596-7b39-4f17-8dc7-5e9caa11c6a0', 'deviceID': 'device123', 'timeStamp': '2025-03-06T12:12:03Z', 'temperature': 20, 'trace_id': '4a77c67f-1e7d-4dec-814b-71ca8ec9995a'}}
2025-03-06 12:12:03,700 - basicLogger - INFO - Message: {'type': 'wind-speed', 'datetime': '2025-03-06T12:12:03', 'payload': {'eventID': 'b2db7a26-4054-4209-a884-431515ee4467', 'deviceID': 'windSensor-001', 'timeStamp': '2025-03-06T12:12:03Z', 'windspeed': 21, 'location': {'latitude': 44, 'longitude': -80}, 'trace_id': '3a650218-0261-4078-87c4-bf48e52398dc'}}
2025-03-06 12:12:03,708 - basicLogger - INFO - Message: {'type': 'temperature', 'datetime': '2025-03-06T12:12:03', 'payload': {'eventID': 'a2e7d16d-cf50-41e5-b0ff-9087b373c972', 'deviceID': 'device123', 'timeStamp': '2025-03-06T12:12:03Z', 'temperature': 24, 'trace_id': '12d441b0-8fe1-4881-af23-a821d6d579c3'}}
2025-03-06 12:12:03,717 - basicLogger - INFO - Message: {'type': 'wind-speed', 'datetime': '2025-03-06T12:12:03', 'payload': {'eventID': '4a248d81-8dfd-473d-8fc4-a7924910f745', 'deviceID': 'windSensor-001', 'timeStamp': '2025-03-06T12:12:03Z', 'windspeed': 16, 'location': {'latitude': 39, 'longitude': -71}, 'trace_id': '6471594a-b559-42b4-b3a6-de1ab4308e9c'}}
2025-03-06 12:12:03,725 - basicLogger - INFO - Message: {'type': 'temperature', 'datetime': '2025-03-06T12:12:03', 'payload': {'eventID': '85ee0e11-55ad-48a8-9fb0-85370692a9af', 'deviceID': 'device123', 'timeStamp': '2025-03-06T12:12:03Z', 'temperature': 32, 'trace_id': '9860d32c-f8a7-4ee1-961e-397fada1e582'}}
2025-03-06 12:12:49,017 - basicLogger - INFO - Message: {'type': 'wind-speed', 'datetime': '2025-03-06T12:12:49', 'payload': {'eventID': '76e554e1-d251-49c7-8e99-23a738c47323', 'deviceID': 'windSensor-001', 'timeStamp': '2025-03-06T12:12:49Z', 'windspeed': 7, 'location': {'latitude': 45, 'longitude': -76}, 'trace_id': '45948ddb-3e4c-4519-af65-5a9d163887de'}}
2025-03-06 12:12:49,036 - basicLogger - INFO - Message: {'type': 'temperature', 'datetime': '2025-03-06T12:12:49', 'payload': {'eventID': '6cc46428-6a09-4756-b721-62fead6ba7d4', 'deviceID': 'device123', 'timeStamp': '2025-03-06T12:12:49Z', 'temperature': 18, 'trace_id': '5c29b9d3-8f18-44ea-baab-d6d33469b230'}}
2025-03-06 12:12:49,046 - basicLogger - INFO - Message: {'type': 'wind-speed', 'datetime': '2025-03-06T12:12:49', 'payload': {'eventID': '7f6c68da-676b-4dcd-ba9b-110395014c23', 'deviceID': 'windSensor-001', 'timeStamp': '2025-03-06T12:12:49Z', 'windspeed': 12, 'location': {'latitude': 39, 'longitude': -72}, 'trace_id': '08a5854c-6bdc-4b14-bf22-af53ba28ce00'}}
2025-03-06 12:12:49,064 - basicLogger - INFO - Message: {'type': 'temperature', 'datetime': '2025-03-06T12:12:49', 'payload': {'eventID': 'a00832a5-530d-4559-a5b7-7d007a65dfda', 'deviceID': 'device123', 'timeStamp': '2025-03-06T12:12:49Z', 'temperature': 26, 'trace_id': '8ade6ef7-7149-4a30-9393-76aa364e7ddd'}}
2025-03-06 12:12:49,086 - basicLogger - INFO - Message: {'type': 'wind-speed', 'datetime': '2025-03-06T12:12:49', 'payload': {'eventID': '46586805-4ed8-4e35-bbda-e2227293f5d4', 'deviceID': 'windSensor-001', 'timeStamp': '2025-03-06T12:12:49Z', 'windspeed': 15, 'location': {'latitude': 45, 'longitude': -76}, 'trace_id': '1e23d148-9867-426b-83c3-c2afdeed306c'}}
2025-03-06 12:12:49,099 - basicLogger - INFO - Message: {'type': 'temperature', 'datetime': '2025-03-06T12:12:49', 'payload': {'eventID': '875e9fe9-d697-4d16-925f-baefa1c588b3', 'deviceID': 'device123', 'timeStamp': '2025-03-06T12:12:49Z', 'temperature': 26, 'trace_id': '83b918ec-973b-40b2-afbf-67a714688b25'}}
2025-03-06 12:12:49,111 - basicLogger - INFO - Message: {'type': 'wind-speed', 'datetime': '2025-03-06T12:12:49', 'payload': {'eventID': '7ab9ea18-894f-4baf-bd6c-2005b93d9716', 'deviceID': 'windSensor-001', 'timeStamp': '2025-03-06T12:12:49Z', 'windspeed': 11, 'location': {'latitude': 37, 'longitude': -74}, 'trace_id': '725a6dd6-2e2d-4f13-bfbf-1d4bc11f11c4'}}
2025-03-06 12:12:49,124 - basicLogger - INFO - Message: {'type': 'temperature', 'datetime': '2025-03-06T12:12:49', 'payload': {'eventID': '286a46df-f4ce-4adc-91c4-9ac3f5654967', 'deviceID': 'device123', 'timeStamp': '2025-03-06T12:12:49Z', 'temperature': 34, 'trace_id': '2d8dfe0b-01d2-4d8e-a18f-039fb097b801'}}
2025-03-06 12:12:49,135 - basicLogger - INFO - Message: {'type': 'wind-speed', 'datetime': '2025-03-06T12:12:49', 'payload': {'eventID': '343ba021-8ae0-4877-8383-eaa68f4af1ed', 'deviceID': 'windSensor-001', 'timeStamp': '2025-03-06T12:12:49Z', 'windspeed': 24, 'location': {'latitude': 35, 'longitude': -75}, 'trace_id': '27429e02-a63d-4490-be40-d9ff6601ede4'}}
2025-03-06 12:12:49,145 - basicLogger - INFO - Message: {'type': 'wind-speed', 'datetime': '2025-03-06T12:12:49', 'payload': {'eventID': '07e2ac01-28e4-4912-b340-493d9a6285b1', 'deviceID': 'windSensor-001', 'timeStamp': '2025-03-06T12:12:49Z', 'windspeed': 12, 'location': {'latitude': 42, 'longitude': -79}, 'trace_id': 'abd887c4-0493-48b3-856a-e26f138d924c'}}
2025-03-06 12:12:49,157 - basicLogger - INFO - Message: {'type': 'temperature', 'datetime': '2025-03-06T12:12:49', 'payload': {'eventID': 'cfd060a4-19e9-4ab4-a46f-9af3066b624d', 'deviceID': 'device123', 'timeStamp': '2025-03-06T12:12:49Z', 'temperature': 28, 'trace_id': 'fc9637a1-b995-4561-9382-16160428f5e0'}}
2025-03-06 12:12:49,166 - basicLogger - INFO - Message: {'type': 'temperature', 'datetime': '2025-03-06T12:12:49', 'payload': {'eventID': '916cb619-68c2-4a05-bbb1-01d111302b7a', 'deviceID': 'device123', 'timeStamp': '2025-03-06T12:12:49Z', 'temperature': 19, 'trace_id': 'b1b57211-9a1a-4542-bc54-4283eb58a685'}}
2025-03-06 12:12:49,174 - basicLogger - INFO - Message: {'type': 'wind-speed', 'datetime': '2025-03-06T12:12:49', 'payload': {'eventID': 'c1b2f6e7-65b7-450d-aa7f-d135737f9ad4', 'deviceID': 'windSensor-001', 'timeStamp': '2025-03-06T12:12:49Z', 'windspeed': 23, 'location': {'latitude': 40, 'longitude': -71}, 'trace_id': '59cf4306-430e-484a-839c-fb4cbfd8239e'}}
2025-03-06 12:12:49,185 - basicLogger - INFO - Message: {'type': 'temperature', 'datetime': '2025-03-06T12:12:49', 'payload': {'eventID': '3f4c9e10-9e50-4d67-92d5-81a24e15f47a', 'deviceID': 'device123', 'timeStamp': '2025-03-06T12:12:49Z', 'temperature': 26, 'trace_id': 'e96eb05a-315e-43ee-bb84-719808b16636'}}
2025-03-06 12:12:49,193 - basicLogger - INFO - Message: {'type': 'wind-speed', 'datetime': '2025-03-06T12:12:49', 'payload': {'eventID': 'a1f9ed47-0ce4-4275-9126-d18184b7bdb2', 'deviceID': 'windSensor-001', 'timeStamp': '2025-03-06T12:12:49Z', 'windspeed': 17, 'location': {'latitude': 37, 'longitude': -74}, 'trace_id': '476b61ce-285e-4314-99a9-1053bcb30033'}}
2025-03-06 12:12:49,201 - basicLogger - INFO - Message: {'type': 'temperature', 'datetime': '2025-03-06T12:12:49', 'payload': {'eventID': 'ddc83e44-c7d1-4b0f-9ff1-c130cfc5412e', 'deviceID': 'device123', 'timeStamp': '2025-03-06T12:12:49Z', 'temperature': 27, 'trace_id': 'a5782e5c-4ae8-486e-8ea2-fc749ee12753'}}
2025-03-06 12:12:49,209 - basicLogger - INFO - Message: {'type': 'wind-speed', 'datetime': '2025-03-06T12:12:49', 'payload': {'eventID': 'f086722d-3e8e-4975-a741-2e76c189f83a', 'deviceID': 'windSensor-001', 'timeStamp': '2025-03-06T12:12:49Z', 'windspeed': 25, 'location': {'latitude': 39, 'longitude': -73}, 'trace_id': '847d6c82-9989-4c6e-aee7-a4ccc6a32806'}}
2025-03-06 12:12:49,217 - basicLogger - INFO - Message: {'type': 'temperature', 'datetime': '2025-03-06T12:12:49', 'payload': {'eventID': 'b9a125c5-e82a-4dcf-aea7-42de61624794', 'deviceID': 'device123', 'timeStamp': '2025-03-06T12:12:49Z', 'temperature': 20, 'trace_id': 'b43ee1d6-67bc-4535-956f-344df05220fd'}}
2025-03-06 12:12:49,225 - basicLogger - INFO - Message: {'type': 'wind-speed', 'datetime': '2025-03-06T12:12:49', 'payload': {'eventID': '50cb7419-7390-4b90-b143-b17db0ebd7ab', 'deviceID': 'windSensor-001', 'timeStamp': '2025-03-06T12:12:49Z', 'windspeed': 30, 'location': {'latitude': 45, 'longitude': -74}, 'trace_id': 'e25d7cc8-f773-4387-9ee0-a4c267a8d7e1'}}
2025-03-06 12:12:49,234 - basicLogger - INFO - Message: {'type': 'temperature', 'datetime': '2025-03-06T12:12:49', 'payload': {'eventID': 'ca73bdd1-f360-485a-9dac-cf871dae28a3', 'deviceID': 'device123', 'timeStamp': '2025-03-06T12:12:49Z', 'temperature': 16, 'trace_id': '418e6482-a91d-4fc1-916c-5555f9c33f24'}}
2025-03-06 12:12:49,242 - basicLogger - INFO - Message: {'type': 'wind-speed', 'datetime': '2025-03-06T12:12:49', 'payload': {'eventID': '48e83708-ae45-4358-b334-eb653e7a1e4e', 'deviceID': 'windSensor-001', 'timeStamp': '2025-03-06T12:12:49Z', 'windspeed': 8, 'location': {'latitude': 41, 'longitude': -78}, 'trace_id': 'ffad3980-3019-4483-81dc-5d4f5cad8474'}}
2025-03-06 12:12:49,250 - basicLogger - INFO - Message: {'type': 'temperature', 'datetime': '2025-03-06T12:12:49', 'payload': {'eventID': '8515d83b-0180-4f01-ab4b-cc364108fa85', 'deviceID': 'device123', 'timeStamp': '2025-03-06T12:12:49Z', 'temperature': 15, 'trace_id': '4b259ea7-b5b1-43ee-81ac-b9d9ece221d2'}}
2025-03-06 12:12:49,258 - basicLogger - INFO - Message: {'type': 'wind-speed', 'datetime': '2025-03-06T12:12:49', 'payload': {'eventID': '61567b6a-0528-4c72-8962-0b89862a815c', 'deviceID': 'windSensor-001', 'timeStamp': '2025-03-06T12:12:49Z', 'windspeed': 9, 'location': {'latitude': 41, 'longitude': -78}, 'trace_id': 'c901528f-7085-4979-8445-7e2fbd25a9f3'}}
2025-03-06 12:12:49,265 - basicLogger - INFO - Message: {'type': 'temperature', 'datetime': '2025-03-06T12:12:49', 'payload': {'eventID': '9c366052-3152-4710-81de-28199b90f172', 'deviceID': 'device123', 'timeStamp': '2025-03-06T12:12:49Z', 'temperature': 19, 'trace_id': 'c7622f34-21fc-4309-a35d-3428042102f0'}}
2025-03-06 12:12:49,273 - basicLogger - INFO - Message: {'type': 'wind-speed', 'datetime': '2025-03-06T12:12:49', 'payload': {'eventID': 'f32d3fdd-b6f3-4737-9e03-857794b1c78c', 'deviceID': 'windSensor-001', 'timeStamp': '2025-03-06T12:12:49Z', 'windspeed': 23, 'location': {'latitude': 36, 'longitude': -75}, 'trace_id': 'f8462b23-aaa1-40f0-80bd-d61867dfbd9d'}}
2025-03-06 12:12:49,282 - basicLogger - INFO - Message: {'type': 'temperature', 'datetime': '2025-03-06T12:12:49', 'payload': {'eventID': 'f312d674-a26c-4fe4-b585-f92713298bb4', 'deviceID': 'device123', 'timeStamp': '2025-03-06T12:12:49Z', 'temperature': 23, 'trace_id': 'a8b36463-193f-4ece-876b-b89bec590f4a'}}
2025-03-06 12:12:49,291 - basicLogger - INFO - Message: {'type': 'wind-speed', 'datetime': '2025-03-06T12:12:49', 'payload': {'eventID': 'd7b71c8f-47cc-45b4-bd35-fac8ee3ed45a', 'deviceID': 'windSensor-001', 'timeStamp': '2025-03-06T12:12:49Z', 'windspeed': 24, 'location': {'latitude': 42, 'longitude': -78}, 'trace_id': 'b133623e-2041-46d2-90ef-078ecbd47ef9'}}
2025-03-06 12:12:49,298 - basicLogger - INFO - Message: {'type': 'temperature', 'datetime': '2025-03-06T12:12:49', 'payload': {'eventID': '01d19169-2129-42c8-b4eb-b1d5d1184a6e', 'deviceID': 'device123', 'timeStamp': '2025-03-06T12:12:49Z', 'temperature': 23, 'trace_id': 'f1b3833b-3da2-4937-a157-fc21fc00aa0c'}}
2025-03-06 12:12:49,307 - basicLogger - INFO - Message: {'type': 'wind-speed', 'datetime': '2025-03-06T12:12:49', 'payload': {'eventID': '40b418b0-c8e4-42d4-9070-185661e5cabd', 'deviceID': 'windSensor-001', 'timeStamp': '2025-03-06T12:12:49Z', 'windspeed': 29, 'location': {'latitude': 43, 'longitude': -75}, 'trace_id': 'e049d9eb-a051-42c3-ad3c-4ec9c8b27a48'}}
2025-03-06 12:12:49,317 - basicLogger - INFO - Message: {'type': 'temperature', 'datetime': '2025-03-06T12:12:49', 'payload': {'eventID': '3b3e4051-82bf-4c29-8280-a4f39ea5a0d4', 'deviceID': 'device123', 'timeStamp': '2025-03-06T12:12:49Z', 'temperature': 29, 'trace_id': '5e25a1a1-882d-4f67-8649-f8bc3801fba8'}}
2025-03-06 12:12:49,326 - basicLogger - INFO - Message: {'type': 'wind-speed', 'datetime': '2025-03-06T12:12:49', 'payload': {'eventID': '7ca14617-0509-4a4b-816e-8624c9ba3fbd', 'deviceID': 'windSensor-001', 'timeStamp': '2025-03-06T12:12:49Z', 'windspeed': 23, 'location': {'latitude': 39, 'longitude': -75}, 'trace_id': '5366ec12-f2bd-43b7-973a-af773845444d'}}
2025-03-06 12:12:49,334 - basicLogger - INFO - Message: {'type': 'temperature', 'datetime': '2025-03-06T12:12:49', 'payload': {'eventID': '88502cea-4395-431d-816d-61e104cd4361', 'deviceID': 'device123', 'timeStamp': '2025-03-06T12:12:49Z', 'temperature': 25, 'trace_id': '6fcd87ad-0816-4379-9eef-88cf941e280e'}}
2025-03-06 12:12:49,342 - basicLogger - INFO - Message: {'type': 'wind-speed', 'datetime': '2025-03-06T12:12:49', 'payload': {'eventID': '23cc35db-9e69-40ee-9529-10213caccb35', 'deviceID': 'windSensor-001', 'timeStamp': '2025-03-06T12:12:49Z', 'windspeed': 26, 'location': {'latitude': 38, 'longitude': -70}, 'trace_id': '43ab7cc1-34de-4cd2-adce-d67788718ad6'}}
2025-03-06 12:12:49,349 - basicLogger - INFO - Message: {'type': 'temperature', 'datetime': '2025-03-06T12:12:49', 'payload': {'eventID': 'f2c96731-7a24-4398-8060-d4a15b0f331a', 'deviceID': 'device123', 'timeStamp': '2025-03-06T12:12:49Z', 'temperature': 28, 'trace_id': '4a71d092-5970-4208-910f-05f5f6571492'}}
2025-03-06 12:12:49,361 - basicLogger - INFO - Message: {'type': 'wind-speed', 'datetime': '2025-03-06T12:12:49', 'payload': {'eventID': 'e47698de-9856-4588-a7ca-d701385a2cee', 'deviceID': 'windSensor-001', 'timeStamp': '2025-03-06T12:12:49Z', 'windspeed': 26, 'location': {'latitude': 36, 'longitude': -73}, 'trace_id': 'bfe95e78-c8b4-4f60-99f8-325038483157'}}
2025-03-06 12:12:49,370 - basicLogger - INFO - Message: {'type': 'temperature', 'datetime': '2025-03-06T12:12:49', 'payload': {'eventID': 'ae23464c-22cb-46f4-a4eb-5d9f0aa70ede', 'deviceID': 'device123', 'timeStamp': '2025-03-06T12:12:49Z', 'temperature': 20, 'trace_id': '150b7604-e8c7-4858-8579-e36fbf79dcfa'}}
2025-03-06 12:12:49,379 - basicLogger - INFO - Message: {'type': 'wind-speed', 'datetime': '2025-03-06T12:12:49', 'payload': {'eventID': 'bcc371a0-1100-462f-b60b-9784843715b0', 'deviceID': 'windSensor-001', 'timeStamp': '2025-03-06T12:12:49Z', 'windspeed': 22, 'location': {'latitude': 45, 'longitude': -73}, 'trace_id': 'ce83d333-df04-4ed9-9180-8f3a3e1d2110'}}
2025-03-06 12:12:49,387 - basicLogger - INFO - Message: {'type': 'temperature', 'datetime': '2025-03-06T12:12:49', 'payload': {'eventID': 'd349a70e-375a-41f3-a31d-fe09e7e1ccd5', 'deviceID': 'device123', 'timeStamp': '2025-03-06T12:12:49Z', 'temperature': 26, 'trace_id': '7103f6fd-4ccc-45da-bf01-217f7336f973'}}
2025-03-06 12:12:49,394 - basicLogger - INFO - Message: {'type': 'wind-speed', 'datetime': '2025-03-06T12:12:49', 'payload': {'eventID': '005e7b62-a480-4d63-8d7a-426b3bfb42f8', 'deviceID': 'windSensor-001', 'timeStamp': '2025-03-06T12:12:49Z', 'windspeed': 19, 'location': {'latitude': 38, 'longitude': -78}, 'trace_id': '7b494bec-0623-4c00-9a3c-6c5c3b9fd7f9'}}
2025-03-06 12:12:49,402 - basicLogger - INFO - Message: {'type': 'temperature', 'datetime': '2025-03-06T12:12:49', 'payload': {'eventID': '60f08d05-9b63-4423-8f71-a1c7977c0786', 'deviceID': 'device123', 'timeStamp': '2025-03-06T12:12:49Z', 'temperature': 16, 'trace_id': '7c24069d-9718-4a3a-a25e-ec15db8524b4'}}
2025-03-06 12:12:49,417 - basicLogger - INFO - Message: {'type': 'wind-speed', 'datetime': '2025-03-06T12:12:49', 'payload': {'eventID': '0b6e4674-f3e7-4012-a622-a96945a4c775', 'deviceID': 'windSensor-001', 'timeStamp': '2025-03-06T12:12:49Z', 'windspeed': 21, 'location': {'latitude': 35, 'longitude': -80}, 'trace_id': 'e56a4549-396f-4f53-abc2-827cc693c199'}}
2025-03-06 12:12:49,429 - basicLogger - INFO - Message: {'type': 'temperature', 'datetime': '2025-03-06T12:12:49', 'payload': {'eventID': 'ea195408-14fc-40d6-851a-2b9337965416', 'deviceID': 'device123', 'timeStamp': '2025-03-06T12:12:49Z', 'temperature': 28, 'trace_id': '29a6ed10-917c-4ac2-a84f-c98601b2c802'}}
2025-03-06 12:12:49,442 - basicLogger - INFO - Message: {'type': 'wind-speed', 'datetime': '2025-03-06T12:12:49', 'payload': {'eventID': 'f58b2334-95b3-4ae9-a281-4369e23b798b', 'deviceID': 'windSensor-001', 'timeStamp': '2025-03-06T12:12:49Z', 'windspeed': 12, 'location': {'latitude': 37, 'longitude': -75}, 'trace_id': '4c34705b-a208-411c-ac02-6d170922795f'}}
2025-03-06 12:12:49,450 - basicLogger - INFO - Message: {'type': 'temperature', 'datetime': '2025-03-06T12:12:49', 'payload': {'eventID': '4175fcd7-0250-40f7-bc74-0f3133b09d8a', 'deviceID': 'device123', 'timeStamp': '2025-03-06T12:12:49Z', 'temperature': 30, 'trace_id': '2ea238f6-f894-46c4-af3f-7b9b80bdf5a0'}}
2025-03-06 12:12:49,458 - basicLogger - INFO - Message: {'type': 'wind-speed', 'datetime': '2025-03-06T12:12:49', 'payload': {'eventID': 'dbcb4de7-3ac1-41a3-995e-dd4f2adec4a1', 'deviceID': 'windSensor-001', 'timeStamp': '2025-03-06T12:12:49Z', 'windspeed': 7, 'location': {'latitude': 40, 'longitude': -73}, 'trace_id': '648e344f-ba33-4cbe-8f6c-1d0b96160554'}}
2025-03-06 12:12:49,466 - basicLogger - INFO - Message: {'type': 'temperature', 'datetime': '2025-03-06T12:12:49', 'payload': {'eventID': '7b4481b2-31e7-49c6-9e5f-50c028e47df1', 'deviceID': 'device123', 'timeStamp': '2025-03-06T12:12:49Z', 'temperature': 18, 'trace_id': 'eb45d0e0-8794-450b-b243-0d323db2f5ed'}}
2025-03-06 12:12:49,478 - basicLogger - INFO - Message: {'type': 'wind-speed', 'datetime': '2025-03-06T12:12:49', 'payload': {'eventID': 'a85acb42-abf3-4726-81c5-908e4db44d9c', 'deviceID': 'windSensor-001', 'timeStamp': '2025-03-06T12:12:49Z', 'windspeed': 17, 'location': {'latitude': 36, 'longitude': -79}, 'trace_id': 'a8d34a81-d559-44ad-aaf9-d5dc2387266f'}}
2025-03-06 12:12:49,487 - basicLogger - INFO - Message: {'type': 'temperature', 'datetime': '2025-03-06T12:12:49', 'payload': {'eventID': '803cddf1-99c0-421b-88fe-60b9658a120e', 'deviceID': 'device123', 'timeStamp': '2025-03-06T12:12:49Z', 'temperature': 22, 'trace_id': '680dc0eb-37e6-4398-827a-25325ba8e57e'}}
2025-03-06 12:12:49,494 - basicLogger - INFO - Message: {'type': 'wind-speed', 'datetime': '2025-03-06T12:12:49', 'payload': {'eventID': 'dbf6ee2b-2735-4141-b962-ad7c88570b8f', 'deviceID': 'windSensor-001', 'timeStamp': '2025-03-06T12:12:49Z', 'windspeed': 13, 'location': {'latitude': 41, 'longitude': -70}, 'trace_id': '8b21c36d-bac6-4616-b836-2fe0e922ede8'}}
2025-03-06 12:12:49,502 - basicLogger - INFO - Message: {'type': 'temperature', 'datetime': '2025-03-06T12:12:49', 'payload': {'eventID': '3893fe59-387e-4e3d-82a6-acf0b0b769a6', 'deviceID': 'device123', 'timeStamp': '2025-03-06T12:12:49Z', 'temperature': 19, 'trace_id': 'daebf9e9-6a38-478e-a262-7ebe736398d4'}}
2025-03-06 12:12:49,517 - basicLogger - INFO - Message: {'type': 'wind-speed', 'datetime': '2025-03-06T12:12:49', 'payload': {'eventID': '8c03a5bd-5bb0-492d-a1ec-e5a6433fd4b6', 'deviceID': 'windSensor-001', 'timeStamp': '2025-03-06T12:12:49Z', 'windspeed': 9, 'location': {'latitude': 40, 'longitude': -75}, 'trace_id': 'dc8ec2fc-815e-446e-8f8f-0d0376e11add'}}
2025-03-06 12:12:49,529 - basicLogger - INFO - Message: {'type': 'temperature', 'datetime': '2025-03-06T12:12:49', 'payload': {'eventID': 'de1e4127-e9b9-4140-9067-3cc5620973bc', 'deviceID': 'device123', 'timeStamp': '2025-03-06T12:12:49Z', 'temperature': 34, 'trace_id': '32f9ffcd-49f4-4000-b320-df9853c91fec'}}
2025-03-06 12:12:49,541 - basicLogger - INFO - Message: {'type': 'wind-speed', 'datetime': '2025-03-06T12:12:49', 'payload': {'eventID': 'da296818-26b8-4cc9-9fbe-323b5dd71a58', 'deviceID': 'windSensor-001', 'timeStamp': '2025-03-06T12:12:49Z', 'windspeed': 15, 'location': {'latitude': 36, 'longitude': -74}, 'trace_id': 'e47567b3-3700-455a-9ffb-bcdb87393316'}}
2025-03-06 12:12:49,550 - basicLogger - INFO - Message: {'type': 'temperature', 'datetime': '2025-03-06T12:12:49', 'payload': {'eventID': '25a0302e-b8d0-4be1-87d2-0e39f1dba0ce', 'deviceID': 'device123', 'timeStamp': '2025-03-06T12:12:49Z', 'temperature': 22, 'trace_id': '34adf5a9-5bfd-458f-b7c3-aa974f3b916d'}}
2025-03-06 12:12:49,560 - basicLogger - INFO - Message: {'type': 'wind-speed', 'datetime': '2025-03-06T12:12:49', 'payload': {'eventID': 'f65f5f0f-363f-42bc-838f-b29742bf4327', 'deviceID': 'windSensor-001', 'timeStamp': '2025-03-06T12:12:49Z', 'windspeed': 25, 'location': {'latitude': 36, 'longitude': -70}, 'trace_id': 'd147fc85-e46b-4805-a545-e3b848053b69'}}
2025-03-06 12:12:49,571 - basicLogger - INFO - Message: {'type': 'temperature', 'datetime': '2025-03-06T12:12:49', 'payload': {'eventID': '5d60262e-6271-400f-8773-687a3cc52e64', 'deviceID': 'device123', 'timeStamp': '2025-03-06T12:12:49Z', 'temperature': 35, 'trace_id': 'b7b4c7ce-b72c-46c2-a276-b4cb52e11805'}}
2025-03-06 12:12:49,582 - basicLogger - INFO - Message: {'type': 'wind-speed', 'datetime': '2025-03-06T12:12:49', 'payload': {'eventID': 'ead9cc80-06ba-419b-b0ee-2f7d8415b03a', 'deviceID': 'windSensor-001', 'timeStamp': '2025-03-06T12:12:49Z', 'windspeed': 22, 'location': {'latitude': 40, 'longitude': -74}, 'trace_id': '5e0dc1e0-a597-4bdf-91be-4439037137b8'}}
2025-03-06 12:12:49,592 - basicLogger - INFO - Message: {'type': 'temperature', 'datetime': '2025-03-06T12:12:49', 'payload': {'eventID': '72162bd3-ed55-436a-885d-e7756320a18c', 'deviceID': 'device123', 'timeStamp': '2025-03-06T12:12:49Z', 'temperature': 26, 'trace_id': 'a94984db-c069-4fac-b8f2-b8290d80969d'}}
2025-03-06 12:12:49,602 - basicLogger - INFO - Message: {'type': 'wind-speed', 'datetime': '2025-03-06T12:12:49', 'payload': {'eventID': '28362206-f4b9-4b2d-9569-3a2e02ff55cf', 'deviceID': 'windSensor-001', 'timeStamp': '2025-03-06T12:12:49Z', 'windspeed': 10, 'location': {'latitude': 41, 'longitude': -76}, 'trace_id': '03490c17-1ae5-4d61-976d-7671bb3ec341'}}
2025-03-06 12:12:49,611 - basicLogger - INFO - Message: {'type': 'temperature', 'datetime': '2025-03-06T12:12:49', 'payload': {'eventID': '08cb454c-04b2-4060-9485-f2942c3abc20', 'deviceID': 'device123', 'timeStamp': '2025-03-06T12:12:49Z', 'temperature': 16, 'trace_id': 'f26a2861-c12d-473a-8ba9-7fdd10cc7810'}}
2025-03-06 12:12:49,621 - basicLogger - INFO - Message: {'type': 'wind-speed', 'datetime': '2025-03-06T12:12:49', 'payload': {'eventID': 'f2c50cdc-0a3c-4250-a7e4-1c3b0420564d', 'deviceID': 'windSensor-001', 'timeStamp': '2025-03-06T12:12:49Z', 'windspeed': 30, 'location': {'latitude': 44, 'longitude': -77}, 'trace_id': '738ff088-a355-406d-95fb-4240a13dd920'}}
2025-03-06 12:12:49,630 - basicLogger - INFO - Message: {'type': 'temperature', 'datetime': '2025-03-06T12:12:49', 'payload': {'eventID': 'f8537a92-5c6d-48fb-8483-2b110028ddef', 'deviceID': 'device123', 'timeStamp': '2025-03-06T12:12:49Z', 'temperature': 27, 'trace_id': '21a20130-3661-4d8c-ab95-ef9ce7c68915'}}
2025-03-06 12:12:49,643 - basicLogger - INFO - Message: {'type': 'wind-speed', 'datetime': '2025-03-06T12:12:49', 'payload': {'eventID': 'b523e743-07fa-4ece-b40d-833cb34ec545', 'deviceID': 'windSensor-001', 'timeStamp': '2025-03-06T12:12:49Z', 'windspeed': 7, 'location': {'latitude': 40, 'longitude': -71}, 'trace_id': 'ec65420f-7d8a-4149-b24d-b97e85fe4471'}}
2025-03-06 12:12:49,654 - basicLogger - INFO - Message: {'type': 'temperature', 'datetime': '2025-03-06T12:12:49', 'payload': {'eventID': '2f00a238-c22a-456f-80d2-8b1f3e68676d', 'deviceID': 'device123', 'timeStamp': '2025-03-06T12:12:49Z', 'temperature': 30, 'trace_id': '42f368f3-7d6d-448d-8910-d4886f807853'}}
2025-03-06 12:12:49,665 - basicLogger - INFO - Message: {'type': 'wind-speed', 'datetime': '2025-03-06T12:12:49', 'payload': {'eventID': '6c47c201-91cd-4a4f-b58c-effbbb0dd504', 'deviceID': 'windSensor-001', 'timeStamp': '2025-03-06T12:12:49Z', 'windspeed': 18, 'location': {'latitude': 39, 'longitude': -73}, 'trace_id': '029636e4-14a3-49af-ace0-6395b2b17a4f'}}
2025-03-06 12:12:49,679 - basicLogger - INFO - Message: {'type': 'temperature', 'datetime': '2025-03-06T12:12:49', 'payload': {'eventID': '9172039e-8fed-41fd-bcb2-29e5bb1db25e', 'deviceID': 'device123', 'timeStamp': '2025-03-06T12:12:49Z', 'temperature': 16, 'trace_id': 'd07682a7-0d9c-4382-9a78-15681548d402'}}
2025-03-06 12:12:49,693 - basicLogger - INFO - Message: {'type': 'wind-speed', 'datetime': '2025-03-06T12:12:49', 'payload': {'eventID': '39be8c6d-a8b7-482d-a2de-be68bf251ef1', 'deviceID': 'windSensor-001', 'timeStamp': '2025-03-06T12:12:49Z', 'windspeed': 15, 'location': {'latitude': 37, 'longitude': -76}, 'trace_id': '952db67e-7ca8-4388-a931-a8e95cc118d4'}}
2025-03-06 12:12:49,704 - basicLogger - INFO - Message: {'type': 'temperature', 'datetime': '2025-03-06T12:12:49', 'payload': {'eventID': 'ed86a954-743b-4c24-9db2-f1f2cf166ec3', 'deviceID': 'device123', 'timeStamp': '2025-03-06T12:12:49Z', 'temperature': 24, 'trace_id': '5f82b246-b494-4729-8b66-355130346d81'}}
2025-03-06 12:12:49,716 - basicLogger - INFO - Message: {'type': 'wind-speed', 'datetime': '2025-03-06T12:12:49', 'payload': {'eventID': 'a51d6d44-e9cd-4ad7-ad59-49b67235011e', 'deviceID': 'windSensor-001', 'timeStamp': '2025-03-06T12:12:49Z', 'windspeed': 26, 'location': {'latitude': 37, 'longitude': -71}, 'trace_id': 'e8ee7a32-7d95-47cb-8ab7-f6407baadb1f'}}
2025-03-06 12:12:49,730 - basicLogger - INFO - Message: {'type': 'temperature', 'datetime': '2025-03-06T12:12:49', 'payload': {'eventID': '5a024dc3-c90f-47a9-8341-1964464f20e2', 'deviceID': 'device123', 'timeStamp': '2025-03-06T12:12:49Z', 'temperature': 16, 'trace_id': 'b83ed5ee-7ed0-42fd-a463-19d28850a5df'}}
2025-03-06 12:12:49,741 - basicLogger - INFO - Message: {'type': 'wind-speed', 'datetime': '2025-03-06T12:12:49', 'payload': {'eventID': '0fd50c4f-fd8b-4575-9394-cff035cb65b2', 'deviceID': 'windSensor-001', 'timeStamp': '2025-03-06T12:12:49Z', 'windspeed': 17, 'location': {'latitude': 42, 'longitude': -70}, 'trace_id': '1750519f-b440-40ec-b711-9f411e1cf1fb'}}
2025-03-06 12:12:49,753 - basicLogger - INFO - Message: {'type': 'temperature', 'datetime': '2025-03-06T12:12:49', 'payload': {'eventID': '27d75ae4-5f27-41cc-bec5-1a45f458033c', 'deviceID': 'device123', 'timeStamp': '2025-03-06T12:12:49Z', 'temperature': 22, 'trace_id': '50b9226a-1648-4b0b-a406-9daaa7756d6b'}}
2025-03-06 12:12:49,764 - basicLogger - INFO - Message: {'type': 'wind-speed', 'datetime': '2025-03-06T12:12:49', 'payload': {'eventID': '18e3328e-57fa-4bf8-933f-69309d989044', 'deviceID': 'windSensor-001', 'timeStamp': '2025-03-06T12:12:49Z', 'windspeed': 17, 'location': {'latitude': 39, 'longitude': -76}, 'trace_id': 'd7467da2-8036-4a2a-9fc5-1621fc716394'}}
2025-03-06 12:12:49,774 - basicLogger - INFO - Message: {'type': 'temperature', 'datetime': '2025-03-06T12:12:49', 'payload': {'eventID': '77e518a0-46ba-43ca-be72-5f0c45669e26', 'deviceID': 'device123', 'timeStamp': '2025-03-06T12:12:49Z', 'temperature': 18, 'trace_id': 'ecf6a069-4d22-4418-93b2-a92d89548570'}}
2025-03-06 12:12:49,787 - basicLogger - INFO - Message: {'type': 'wind-speed', 'datetime': '2025-03-06T12:12:49', 'payload': {'eventID': '8c240300-84a8-4014-91cf-dc61dc51e4c4', 'deviceID': 'windSensor-001', 'timeStamp': '2025-03-06T12:12:49Z', 'windspeed': 14, 'location': {'latitude': 36, 'longitude': -70}, 'trace_id': '4e131f29-ba74-4ced-a6a6-fa09e9058270'}}
2025-03-06 12:12:49,799 - basicLogger - INFO - Message: {'type': 'temperature', 'datetime': '2025-03-06T12:12:49', 'payload': {'eventID': '31273ed5-e64d-41f3-a9c8-95fbef9105d5', 'deviceID': 'device123', 'timeStamp': '2025-03-06T12:12:49Z', 'temperature': 33, 'trace_id': '95f320ea-3764-48c1-be92-1882f4c057a8'}}
2025-03-06 12:12:49,811 - basicLogger - INFO - Message: {'type': 'wind-speed', 'datetime': '2025-03-06T12:12:49', 'payload': {'eventID': 'b55fc106-29b0-4381-907c-073470f05dc0', 'deviceID': 'windSensor-001', 'timeStamp': '2025-03-06T12:12:49Z', 'windspeed': 17, 'location': {'latitude': 36, 'longitude': -76}, 'trace_id': 'b0f71b74-fd38-4247-b4d1-a73a94c34391'}}
2025-03-06 12:12:49,823 - basicLogger - INFO - Message: {'type': 'temperature', 'datetime': '2025-03-06T12:12:49', 'payload': {'eventID': '044b82dc-0e77-4311-8bef-e735db88f0dc', 'deviceID': 'device123', 'timeStamp': '2025-03-06T12:12:49Z', 'temperature': 15, 'trace_id': '11233b1c-1401-4de4-a630-e8cbbfae79b0'}}
2025-03-06 12:12:49,834 - basicLogger - INFO - Message: {'type': 'wind-speed', 'datetime': '2025-03-06T12:12:49', 'payload': {'eventID': 'ac08e29c-47cb-4a14-ac35-0d1759793540', 'deviceID': 'windSensor-001', 'timeStamp': '2025-03-06T12:12:49Z', 'windspeed': 21, 'location': {'latitude': 36, 'longitude': -73}, 'trace_id': '9f6149df-1ee9-49ef-8210-8a812680a3be'}}
2025-03-06 12:12:49,848 - basicLogger - INFO - Message: {'type': 'temperature', 'datetime': '2025-03-06T12:12:49', 'payload': {'eventID': '3b8f7295-d23a-49a3-bca6-22cc5dbecc3b', 'deviceID': 'device123', 'timeStamp': '2025-03-06T12:12:49Z', 'temperature': 31, 'trace_id': 'bf6f93be-6fdf-46b7-953f-db555c88ef6f'}}
2025-03-06 12:12:49,859 - basicLogger - INFO - Message: {'type': 'wind-speed', 'datetime': '2025-03-06T12:12:49', 'payload': {'eventID': '44663ac2-70e6-4f81-8581-83978c10bfe3', 'deviceID': 'windSensor-001', 'timeStamp': '2025-03-06T12:12:49Z', 'windspeed': 24, 'location': {'latitude': 41, 'longitude': -74}, 'trace_id': '5b19a8e7-64cb-4956-be58-0c31e8ab5a4e'}}
2025-03-06 12:12:49,870 - basicLogger - INFO - Message: {'type': 'temperature', 'datetime': '2025-03-06T12:12:49', 'payload': {'eventID': '2fb0af8f-5499-4682-bf8d-97a833c1d49e', 'deviceID': 'device123', 'timeStamp': '2025-03-06T12:12:49Z', 'temperature': 15, 'trace_id': 'd574c183-317c-47c5-a70e-9e87e9f8b24f'}}
2025-03-06 12:12:49,881 - basicLogger - INFO - Message: {'type': 'wind-speed', 'datetime': '2025-03-06T12:12:49', 'payload': {'eventID': '9d3e270d-b742-4d3d-ba39-a0a2041e92c0', 'deviceID': 'windSensor-001', 'timeStamp': '2025-03-06T12:12:49Z', 'windspeed': 22, 'location': {'latitude': 42, 'longitude': -79}, 'trace_id': '3aba859f-e936-4747-a944-67d6db946766'}}
2025-03-06 12:12:49,891 - basicLogger - INFO - Message: {'type': 'temperature', 'datetime': '2025-03-06T12:12:49', 'payload': {'eventID': '63887ce7-01e2-4f9e-a51d-7bec27767bfc', 'deviceID': 'device123', 'timeStamp': '2025-03-06T12:12:49Z', 'temperature': 29, 'trace_id': '035c787b-4a46-4fa5-8054-2047c3810e6b'}}
2025-03-06 12:12:49,902 - basicLogger - INFO - Message: {'type': 'wind-speed', 'datetime': '2025-03-06T12:12:49', 'payload': {'eventID': '5c96c6b1-74c1-4d23-a363-610bbe9ccfc8', 'deviceID': 'windSensor-001', 'timeStamp': '2025-03-06T12:12:49Z', 'windspeed': 20, 'location': {'latitude': 44, 'longitude': -79}, 'trace_id': 'e3742116-1de0-4d32-9204-65888ea33c6e'}}
2025-03-06 12:12:49,913 - basicLogger - INFO - Message: {'type': 'temperature', 'datetime': '2025-03-06T12:12:49', 'payload': {'eventID': 'b066b5dc-105f-49bc-80ad-378a23613f5d', 'deviceID': 'device123', 'timeStamp': '2025-03-06T12:12:49Z', 'temperature': 24, 'trace_id': 'adb3a5ee-5a0b-443f-b5a2-4f385721e037'}}
2025-03-06 12:12:49,923 - basicLogger - INFO - Message: {'type': 'wind-speed', 'datetime': '2025-03-06T12:12:49', 'payload': {'eventID': '1cb02dc9-882d-4280-bc58-f68706d2ad45', 'deviceID': 'windSensor-001', 'timeStamp': '2025-03-06T12:12:49Z', 'windspeed': 5, 'location': {'latitude': 39, 'longitude': -75}, 'trace_id': '94996804-f9d6-4a91-8131-16511cf059fc'}}
2025-03-06 12:12:49,935 - basicLogger - INFO - Message: {'type': 'temperature', 'datetime': '2025-03-06T12:12:49', 'payload': {'eventID': '5790aada-a525-405e-a7c7-7c53ff264926', 'deviceID': 'device123', 'timeStamp': '2025-03-06T12:12:49Z', 'temperature': 33, 'trace_id': 'da26042d-24b1-4548-bf5c-155a90156d55'}}
2025-03-06 12:12:49,947 - basicLogger - INFO - Message: {'type': 'wind-speed', 'datetime': '2025-03-06T12:12:49', 'payload': {'eventID': '2018c28c-84db-4118-a142-106d54bf63f0', 'deviceID': 'windSensor-001', 'timeStamp': '2025-03-06T12:12:49Z', 'windspeed': 29, 'location': {'latitude': 43, 'longitude': -74}, 'trace_id': '6daa69c8-7cea-419b-9734-722e8c7e4075'}}
2025-03-06 12:12:49,955 - basicLogger - INFO - Message: {'type': 'temperature', 'datetime': '2025-03-06T12:12:49', 'payload': {'eventID': '76dd42b0-0a95-476b-b310-e0ba4ce5051e', 'deviceID': 'device123', 'timeStamp': '2025-03-06T12:12:49Z', 'temperature': 24, 'trace_id': '5a1f1f2b-e6d3-4edc-929d-b810a0367d73'}}
2025-03-06 12:12:49,966 - basicLogger - INFO - Message: {'type': 'wind-speed', 'datetime': '2025-03-06T12:12:49', 'payload': {'eventID': '1f6b11f4-4a20-408d-93c6-727b2862c52d', 'deviceID': 'windSensor-001', 'timeStamp': '2025-03-06T12:12:49Z', 'windspeed': 18, 'location': {'latitude': 35, 'longitude': -73}, 'trace_id': '51de4b9f-560d-4296-b3c8-e3e07e544c78'}}
2025-03-06 12:12:49,978 - basicLogger - INFO - Message: {'type': 'temperature', 'datetime': '2025-03-06T12:12:49', 'payload': {'eventID': '94724a2d-896b-4207-87fd-0cecd30d8168', 'deviceID': 'device123', 'timeStamp': '2025-03-06T12:12:49Z', 'temperature': 17, 'trace_id': '507f30bb-d6d9-460a-a204-4b512504d907'}}
2025-03-06 12:12:49,987 - basicLogger - INFO - Message: {'type': 'wind-speed', 'datetime': '2025-03-06T12:12:49', 'payload': {'eventID': 'f644f483-be42-4e8d-9dac-e895e8a82239', 'deviceID': 'windSensor-001', 'timeStamp': '2025-03-06T12:12:49Z', 'windspeed': 26, 'location': {'latitude': 42, 'longitude': -70}, 'trace_id': '250ff57e-8211-429c-a9da-86d8e515d6e8'}}
2025-03-06 12:12:49,998 - basicLogger - INFO - Message: {'type': 'temperature', 'datetime': '2025-03-06T12:12:49', 'payload': {'eventID': '59bc4fb7-9f8b-4e62-8b48-25a5433e4170', 'deviceID': 'device123', 'timeStamp': '2025-03-06T12:12:49Z', 'temperature': 15, 'trace_id': '16583487-b986-4dcf-86be-415ab73dc2ce'}}
2025-03-06 12:12:50,006 - basicLogger - INFO - Message: {'type': 'wind-speed', 'datetime': '2025-03-06T12:12:49', 'payload': {'eventID': '042c26f5-4dcf-49d2-91aa-3daa136d0078', 'deviceID': 'windSensor-001', 'timeStamp': '2025-03-06T12:12:49Z', 'windspeed': 13, 'location': {'latitude': 37, 'longitude': -80}, 'trace_id': '5b2aee0a-625d-4a23-9c48-6368d014f2f9'}}
2025-03-06 12:12:50,015 - basicLogger - INFO - Message: {'type': 'temperature', 'datetime': '2025-03-06T12:12:49', 'payload': {'eventID': '4d115e2f-419a-4e56-ab46-2296f26037f8', 'deviceID': 'device123', 'timeStamp': '2025-03-06T12:12:49Z', 'temperature': 24, 'trace_id': '6916db40-482d-4f3c-8a64-bfa255c9df7f'}}
2025-03-06 12:12:50,028 - basicLogger - INFO - Message: {'type': 'wind-speed', 'datetime': '2025-03-06T12:12:49', 'payload': {'eventID': 'fb925f11-0c61-4b9e-aa04-41e70a088827', 'deviceID': 'windSensor-001', 'timeStamp': '2025-03-06T12:12:49Z', 'windspeed': 7, 'location': {'latitude': 42, 'longitude': -79}, 'trace_id': 'f8ab3011-64a6-4a7e-a2ce-d19a90369661'}}
2025-03-06 12:12:50,038 - basicLogger - INFO - Message: {'type': 'temperature', 'datetime': '2025-03-06T12:12:49', 'payload': {'eventID': '3f28516f-f871-4078-8451-0838ede608c3', 'deviceID': 'device123', 'timeStamp': '2025-03-06T12:12:49Z', 'temperature': 16, 'trace_id': '51bb6d1c-ebb6-4f0f-9376-afa61a1b4353'}}
2025-03-06 12:12:50,049 - basicLogger - INFO - Message: {'type': 'wind-speed', 'datetime': '2025-03-06T12:12:49', 'payload': {'eventID': '6e159d1a-6f82-4fa2-b5ac-0b93903e531f', 'deviceID': 'windSensor-001', 'timeStamp': '2025-03-06T12:12:49Z', 'windspeed': 12, 'location': {'latitude': 36, 'longitude': -78}, 'trace_id': 'a187980f-2998-4331-85bf-97c558524ff6'}}
2025-03-06 12:12:50,062 - basicLogger - INFO - Message: {'type': 'temperature', 'datetime': '2025-03-06T12:12:49', 'payload': {'eventID': '1df97ab0-4cb6-4012-bcb2-2ca5d1182eaf', 'deviceID': 'device123', 'timeStamp': '2025-03-06T12:12:49Z', 'temperature': 24, 'trace_id': 'e7035c58-2472-4ca2-8332-68a019529d4d'}}
2025-03-06 12:15:23,750 - basicLogger - INFO - Message: {'type': 'wind-speed', 'datetime': '2025-03-06T12:15:00', 'payload': {'eventID': '8fe76019-e44a-431c-8b71-82e7b7a68b6a', 'deviceID': 'windSensor-001', 'timeStamp': '2025-03-06T12:15:00Z', 'windspeed': 23, 'location': {'latitude': 45, 'longitude': -79}, 'trace_id': 'd8c7f704-ce76-4683-9146-38f3aad47af4'}}
2025-03-06 12:15:23,774 - basicLogger - INFO - Message: {'type': 'temperature', 'datetime': '2025-03-06T12:15:00', 'payload': {'eventID': '7b5c2897-1a2f-4d93-9c54-8adf41bea37e', 'deviceID': 'device123', 'timeStamp': '2025-03-06T12:15:00Z', 'temperature': 16, 'trace_id': 'e84254de-b025-4311-aa39-238df6c10ade'}}
2025-03-06 12:15:23,788 - basicLogger - INFO - Message: {'type': 'wind-speed', 'datetime': '2025-03-06T12:15:00', 'payload': {'eventID': 'db1871a5-3f21-410e-b43d-b02e8980614c', 'deviceID': 'windSensor-001', 'timeStamp': '2025-03-06T12:15:00Z', 'windspeed': 17, 'location': {'latitude': 43, 'longitude': -72}, 'trace_id': '42535a39-9072-4371-a862-718c2858bf4e'}}
2025-03-06 12:15:23,801 - basicLogger - INFO - Message: {'type': 'temperature', 'datetime': '2025-03-06T12:15:00', 'payload': {'eventID': '079d74e9-fa0c-4acc-987c-f7cfe8ed5626', 'deviceID': 'device123', 'timeStamp': '2025-03-06T12:15:00Z', 'temperature': 23, 'trace_id': '63c58907-3022-4b80-8ad9-d6a4033a6d23'}}
2025-03-06 12:15:23,812 - basicLogger - INFO - Message: {'type': 'wind-speed', 'datetime': '2025-03-06T12:15:00', 'payload': {'eventID': '228b9714-a2c2-458b-a50d-9f234e9eb47a', 'deviceID': 'windSensor-001', 'timeStamp': '2025-03-06T12:15:00Z', 'windspeed': 19, 'location': {'latitude': 38, 'longitude': -78}, 'trace_id': 'dc0a5697-cf30-4eb5-ac3a-d19f335ca980'}}
2025-03-06 12:15:23,853 - basicLogger - INFO - Message: {'type': 'temperature', 'datetime': '2025-03-06T12:15:00', 'payload': {'eventID': 'a597f27e-94f8-4349-8108-5d21d132b329', 'deviceID': 'device123', 'timeStamp': '2025-03-06T12:15:00Z', 'temperature': 33, 'trace_id': '28401ad5-1c35-48c1-bf0d-9ae5599f2d4d'}}
2025-03-06 12:15:23,861 - basicLogger - INFO - Message: {'type': 'wind-speed', 'datetime': '2025-03-06T12:15:00', 'payload': {'eventID': '3971c6df-818c-47d2-a386-71d1c915dd58', 'deviceID': 'windSensor-001', 'timeStamp': '2025-03-06T12:15:00Z', 'windspeed': 23, 'location': {'latitude': 35, 'longitude': -76}, 'trace_id': '550b48fc-40a8-4b7b-9f51-947564588786'}}
2025-03-06 12:15:23,869 - basicLogger - INFO - Message: {'type': 'temperature', 'datetime': '2025-03-06T12:15:00', 'payload': {'eventID': '679923ac-cde0-48ae-8b1e-cc583bee5996', 'deviceID': 'device123', 'timeStamp': '2025-03-06T12:15:00Z', 'temperature': 34, 'trace_id': 'e386dc4d-596d-43b9-9308-99e7454d16bc'}}
2025-03-06 12:15:23,877 - basicLogger - INFO - Message: {'type': 'wind-speed', 'datetime': '2025-03-06T12:15:00', 'payload': {'eventID': '4c164763-1d2c-493e-99fc-370cce62c0b1', 'deviceID': 'windSensor-001', 'timeStamp': '2025-03-06T12:15:00Z', 'windspeed': 14, 'location': {'latitude': 39, 'longitude': -70}, 'trace_id': 'a6af870a-13d0-4991-8823-c535fe12e2f4'}}
2025-03-06 12:15:23,885 - basicLogger - INFO - Message: {'type': 'temperature', 'datetime': '2025-03-06T12:15:00', 'payload': {'eventID': 'af429135-bd34-4852-9d36-07df4f4a3aa5', 'deviceID': 'device123', 'timeStamp': '2025-03-06T12:15:00Z', 'temperature': 31, 'trace_id': '56bb6c80-734b-4b3c-8f0b-6870195c9d49'}}
2025-03-06 12:15:23,894 - basicLogger - INFO - Message: {'type': 'wind-speed', 'datetime': '2025-03-06T12:15:00', 'payload': {'eventID': 'f2ab0f9c-342e-4ab9-9e51-8ca034748e9b', 'deviceID': 'windSensor-001', 'timeStamp': '2025-03-06T12:15:00Z', 'windspeed': 13, 'location': {'latitude': 36, 'longitude': -79}, 'trace_id': '96d3d4ae-5d5a-4778-a50f-19ecc2f3dd77'}}
2025-03-06 12:15:23,902 - basicLogger - INFO - Message: {'type': 'temperature', 'datetime': '2025-03-06T12:15:00', 'payload': {'eventID': '60e33fab-318d-4fd3-b504-4bfd2c96a102', 'deviceID': 'device123', 'timeStamp': '2025-03-06T12:15:00Z', 'temperature': 30, 'trace_id': 'dc6aa513-6679-4869-94bd-77753e77d651'}}
2025-03-06 12:15:23,911 - basicLogger - INFO - Message: {'type': 'wind-speed', 'datetime': '2025-03-06T12:15:00', 'payload': {'eventID': '4b77730e-1f79-4efe-8706-7d33053a9730', 'deviceID': 'windSensor-001', 'timeStamp': '2025-03-06T12:15:00Z', 'windspeed': 20, 'location': {'latitude': 43, 'longitude': -70}, 'trace_id': 'cf20e9e1-4f02-4ea5-b403-c401a1d51aa4'}}
2025-03-06 12:15:23,922 - basicLogger - INFO - Message: {'type': 'temperature', 'datetime': '2025-03-06T12:15:00', 'payload': {'eventID': '6cf53abd-7153-4cb4-839c-97d93c5760ef', 'deviceID': 'device123', 'timeStamp': '2025-03-06T12:15:00Z', 'temperature': 22, 'trace_id': '4bfda6f7-5486-47dd-8eea-479e2f0f64cc'}}
2025-03-06 12:15:23,930 - basicLogger - INFO - Message: {'type': 'wind-speed', 'datetime': '2025-03-06T12:15:00', 'payload': {'eventID': '48a3ec03-e2b6-4738-b56e-68d25b82631e', 'deviceID': 'windSensor-001', 'timeStamp': '2025-03-06T12:15:00Z', 'windspeed': 29, 'location': {'latitude': 39, 'longitude': -77}, 'trace_id': 'a3f1a311-cef3-4ed9-aae9-90f0791279da'}}
2025-03-06 12:15:23,938 - basicLogger - INFO - Message: {'type': 'temperature', 'datetime': '2025-03-06T12:15:00', 'payload': {'eventID': 'ed7dd65e-2a3b-4064-87d7-bec9e5184590', 'deviceID': 'device123', 'timeStamp': '2025-03-06T12:15:00Z', 'temperature': 22, 'trace_id': 'e1c836a5-aafd-46f2-a346-49cfe4089512'}}
2025-03-06 12:15:23,950 - basicLogger - INFO - Message: {'type': 'wind-speed', 'datetime': '2025-03-06T12:15:00', 'payload': {'eventID': '94135fda-428b-4a0f-b3e4-ad6f2853cd0e', 'deviceID': 'windSensor-001', 'timeStamp': '2025-03-06T12:15:00Z', 'windspeed': 11, 'location': {'latitude': 36, 'longitude': -72}, 'trace_id': '7864acb9-52a7-46de-8b1b-ee60a0914095'}}
2025-03-06 12:15:23,958 - basicLogger - INFO - Message: {'type': 'wind-speed', 'datetime': '2025-03-06T12:15:00', 'payload': {'eventID': '75d0f787-fee6-40ba-ae67-0aab389ac5b3', 'deviceID': 'windSensor-001', 'timeStamp': '2025-03-06T12:15:00Z', 'windspeed': 16, 'location': {'latitude': 44, 'longitude': -72}, 'trace_id': '6f793ac8-462c-438f-9b65-77514703116a'}}
2025-03-06 12:15:23,966 - basicLogger - INFO - Message: {'type': 'temperature', 'datetime': '2025-03-06T12:15:00', 'payload': {'eventID': 'bd7de5bc-e70e-4b00-bf44-16e99e55ebfa', 'deviceID': 'device123', 'timeStamp': '2025-03-06T12:15:00Z', 'temperature': 27, 'trace_id': 'eef95c82-1790-4982-a036-4a9f180952f7'}}
2025-03-06 12:15:23,974 - basicLogger - INFO - Message: {'type': 'temperature', 'datetime': '2025-03-06T12:15:00', 'payload': {'eventID': '3e2682da-d81a-4eea-a4ba-dc584445de02', 'deviceID': 'device123', 'timeStamp': '2025-03-06T12:15:00Z', 'temperature': 25, 'trace_id': '5bd18d97-b58d-4399-a59d-c9acfdc79ec1'}}
2025-03-06 12:15:23,983 - basicLogger - INFO - Message: {'type': 'wind-speed', 'datetime': '2025-03-06T12:15:00', 'payload': {'eventID': '2a0cb8e4-f985-41ac-bbe3-6ec8e15e78eb', 'deviceID': 'windSensor-001', 'timeStamp': '2025-03-06T12:15:00Z', 'windspeed': 29, 'location': {'latitude': 35, 'longitude': -75}, 'trace_id': '15316f48-e918-4ecc-91b8-42ce020168f4'}}
2025-03-06 12:15:23,991 - basicLogger - INFO - Message: {'type': 'wind-speed', 'datetime': '2025-03-06T12:15:00', 'payload': {'eventID': '7438959c-f0dc-49ec-956a-e8e71ae5e27b', 'deviceID': 'windSensor-001', 'timeStamp': '2025-03-06T12:15:00Z', 'windspeed': 9, 'location': {'latitude': 36, 'longitude': -72}, 'trace_id': '03381ae8-f4aa-448b-8c09-ac4c37006a10'}}
2025-03-06 12:15:24,008 - basicLogger - INFO - Message: {'type': 'temperature', 'datetime': '2025-03-06T12:15:00', 'payload': {'eventID': 'f961d812-fbf9-4cb1-8e7b-1c932483c953', 'deviceID': 'device123', 'timeStamp': '2025-03-06T12:15:00Z', 'temperature': 27, 'trace_id': 'a1f30b90-edef-4ba4-809d-2a10f69a3f79'}}
2025-03-06 12:15:24,020 - basicLogger - INFO - Message: {'type': 'temperature', 'datetime': '2025-03-06T12:15:00', 'payload': {'eventID': 'a81d8e78-45c9-4fd5-971e-dc26c9f6fcaf', 'deviceID': 'device123', 'timeStamp': '2025-03-06T12:15:00Z', 'temperature': 21, 'trace_id': '7a2578a4-333f-4fe9-99aa-126b32de9258'}}
2025-03-06 12:15:24,027 - basicLogger - INFO - Message: {'type': 'wind-speed', 'datetime': '2025-03-06T12:15:00', 'payload': {'eventID': '0377d536-4b38-40c2-9f22-96ac0dffaa64', 'deviceID': 'windSensor-001', 'timeStamp': '2025-03-06T12:15:00Z', 'windspeed': 17, 'location': {'latitude': 45, 'longitude': -70}, 'trace_id': 'a823270e-926e-4a1b-a273-e62676a10294'}}
2025-03-06 12:15:24,036 - basicLogger - INFO - Message: {'type': 'wind-speed', 'datetime': '2025-03-06T12:15:00', 'payload': {'eventID': '0c950a31-af55-47df-bdbe-39040ef731ad', 'deviceID': 'windSensor-001', 'timeStamp': '2025-03-06T12:15:00Z', 'windspeed': 20, 'location': {'latitude': 39, 'longitude': -70}, 'trace_id': 'db485d36-3215-4762-ac69-9a2de2839561'}}
2025-03-06 12:15:24,044 - basicLogger - INFO - Message: {'type': 'temperature', 'datetime': '2025-03-06T12:15:00', 'payload': {'eventID': 'e4338c58-fb93-4c35-9199-473d3d6b1319', 'deviceID': 'device123', 'timeStamp': '2025-03-06T12:15:00Z', 'temperature': 21, 'trace_id': 'bf9b715f-077d-42a1-86fa-1944dc076bb3'}}
2025-03-06 12:15:24,053 - basicLogger - INFO - Message: {'type': 'temperature', 'datetime': '2025-03-06T12:15:00', 'payload': {'eventID': '45c227fc-c89e-4e1d-825a-a3c0f29a9cb2', 'deviceID': 'device123', 'timeStamp': '2025-03-06T12:15:00Z', 'temperature': 31, 'trace_id': 'c6b7480b-091d-4342-a1e4-6d8d79937147'}}
2025-03-06 12:15:24,062 - basicLogger - INFO - Message: {'type': 'wind-speed', 'datetime': '2025-03-06T12:15:00', 'payload': {'eventID': '9ac6c398-d32c-443f-9d6d-855e9ec43b6e', 'deviceID': 'windSensor-001', 'timeStamp': '2025-03-06T12:15:00Z', 'windspeed': 12, 'location': {'latitude': 36, 'longitude': -72}, 'trace_id': '866027ca-32e6-4c66-8a52-9d2b707c0286'}}
2025-03-06 12:15:24,072 - basicLogger - INFO - Message: {'type': 'wind-speed', 'datetime': '2025-03-06T12:15:00', 'payload': {'eventID': '176c4c8e-47f8-4d28-920e-498d61286b06', 'deviceID': 'windSensor-001', 'timeStamp': '2025-03-06T12:15:00Z', 'windspeed': 23, 'location': {'latitude': 43, 'longitude': -79}, 'trace_id': 'bd596043-ad3c-41e9-9b67-572dde9b0ce2'}}
2025-03-06 12:15:24,080 - basicLogger - INFO - Message: {'type': 'temperature', 'datetime': '2025-03-06T12:15:00', 'payload': {'eventID': '1cc999e5-7f1c-4ee6-b629-6b72e899cc14', 'deviceID': 'device123', 'timeStamp': '2025-03-06T12:15:00Z', 'temperature': 30, 'trace_id': '3173e755-7d58-413f-9321-256bf0a92b5d'}}
2025-03-06 12:15:24,089 - basicLogger - INFO - Message: {'type': 'temperature', 'datetime': '2025-03-06T12:15:00', 'payload': {'eventID': '5de45f61-d33b-417a-a656-c3fd83d2d618', 'deviceID': 'device123', 'timeStamp': '2025-03-06T12:15:00Z', 'temperature': 29, 'trace_id': '277dacc6-c9a0-467e-9e2d-a844063cf4ab'}}
2025-03-06 12:15:24,098 - basicLogger - INFO - Message: {'type': 'wind-speed', 'datetime': '2025-03-06T12:15:00', 'payload': {'eventID': '91398ac5-391a-4bac-9049-1c85daedae6b', 'deviceID': 'windSensor-001', 'timeStamp': '2025-03-06T12:15:00Z', 'windspeed': 25, 'location': {'latitude': 41, 'longitude': -72}, 'trace_id': 'f528e67b-c026-4708-b34a-b3d703f8c6bd'}}
2025-03-06 12:15:24,106 - basicLogger - INFO - Message: {'type': 'wind-speed', 'datetime': '2025-03-06T12:15:00', 'payload': {'eventID': '03ae56b6-40a1-4004-8c93-4c185a2cdfef', 'deviceID': 'windSensor-001', 'timeStamp': '2025-03-06T12:15:00Z', 'windspeed': 6, 'location': {'latitude': 40, 'longitude': -70}, 'trace_id': 'e7a1c6e9-bebf-4436-9191-827ed5473114'}}
2025-03-06 12:15:24,115 - basicLogger - INFO - Message: {'type': 'temperature', 'datetime': '2025-03-06T12:15:00', 'payload': {'eventID': '13895ee7-da1f-40e9-b54a-5e75fc5296c4', 'deviceID': 'device123', 'timeStamp': '2025-03-06T12:15:00Z', 'temperature': 15, 'trace_id': 'da04df86-ebda-4da3-a0cf-b88649adff56'}}
2025-03-06 12:15:24,123 - basicLogger - INFO - Message: {'type': 'temperature', 'datetime': '2025-03-06T12:15:00', 'payload': {'eventID': '534a0413-2137-42d4-bb6c-3a369dcc3877', 'deviceID': 'device123', 'timeStamp': '2025-03-06T12:15:00Z', 'temperature': 34, 'trace_id': '04663012-4cd4-4b04-8de9-179955e16d0a'}}
2025-03-06 12:15:24,132 - basicLogger - INFO - Message: {'type': 'wind-speed', 'datetime': '2025-03-06T12:15:00', 'payload': {'eventID': 'fe4d0154-e355-49bc-b338-24d311c18a58', 'deviceID': 'windSensor-001', 'timeStamp': '2025-03-06T12:15:00Z', 'windspeed': 23, 'location': {'latitude': 36, 'longitude': -78}, 'trace_id': '36189910-24c3-4b40-a2a8-67a9cf0b6fdf'}}
2025-03-06 12:15:24,140 - basicLogger - INFO - Message: {'type': 'temperature', 'datetime': '2025-03-06T12:15:00', 'payload': {'eventID': 'ea083b7e-75f5-41a0-aec3-158038429837', 'deviceID': 'device123', 'timeStamp': '2025-03-06T12:15:00Z', 'temperature': 24, 'trace_id': '89580e07-f660-4556-8ec0-77637279d65e'}}
2025-03-06 12:15:24,151 - basicLogger - INFO - Message: {'type': 'wind-speed', 'datetime': '2025-03-06T12:15:00', 'payload': {'eventID': '0658c3ec-dcd0-4d4c-b621-53beaee161cb', 'deviceID': 'windSensor-001', 'timeStamp': '2025-03-06T12:15:00Z', 'windspeed': 21, 'location': {'latitude': 39, 'longitude': -79}, 'trace_id': 'da13a62e-41df-4d02-a8aa-a6d962f62415'}}
2025-03-06 12:15:24,158 - basicLogger - INFO - Message: {'type': 'temperature', 'datetime': '2025-03-06T12:15:00', 'payload': {'eventID': '7b14fd70-f697-4286-96a3-b7e63ef92f4a', 'deviceID': 'device123', 'timeStamp': '2025-03-06T12:15:00Z', 'temperature': 33, 'trace_id': 'a537835f-0c33-4c80-bb1a-cc04db9e3116'}}
2025-03-06 12:15:24,167 - basicLogger - INFO - Message: {'type': 'wind-speed', 'datetime': '2025-03-06T12:15:00', 'payload': {'eventID': 'f559b073-f73a-44ae-a4a5-07607209109c', 'deviceID': 'windSensor-001', 'timeStamp': '2025-03-06T12:15:00Z', 'windspeed': 22, 'location': {'latitude': 39, 'longitude': -70}, 'trace_id': '461c2362-8d15-4daf-ae5f-e49cd7c6a719'}}
2025-03-06 12:15:24,176 - basicLogger - INFO - Message: {'type': 'temperature', 'datetime': '2025-03-06T12:15:00', 'payload': {'eventID': '108faddf-d783-4dc2-9e37-2cb19b9fac1b', 'deviceID': 'device123', 'timeStamp': '2025-03-06T12:15:00Z', 'temperature': 15, 'trace_id': 'cc0dfc55-4591-43a0-8163-b476eca1af43'}}
2025-03-06 12:15:24,186 - basicLogger - INFO - Message: {'type': 'wind-speed', 'datetime': '2025-03-06T12:15:00', 'payload': {'eventID': 'ff527598-cf98-40a1-8c46-c9d189c1ff64', 'deviceID': 'windSensor-001', 'timeStamp': '2025-03-06T12:15:00Z', 'windspeed': 22, 'location': {'latitude': 41, 'longitude': -76}, 'trace_id': 'ce33344b-6ebf-4cae-ac41-81909b34a893'}}
2025-03-06 12:15:24,196 - basicLogger - INFO - Message: {'type': 'temperature', 'datetime': '2025-03-06T12:15:00', 'payload': {'eventID': '63950d2c-2ba0-487e-ae5a-803b82c84d21', 'deviceID': 'device123', 'timeStamp': '2025-03-06T12:15:00Z', 'temperature': 29, 'trace_id': 'b499740d-7dcd-46e9-81af-ed2dfb0b9393'}}
2025-03-06 12:15:24,205 - basicLogger - INFO - Message: {'type': 'wind-speed', 'datetime': '2025-03-06T12:15:00', 'payload': {'eventID': '29549c79-01d3-4cd1-a7c6-e54d20f74481', 'deviceID': 'windSensor-001', 'timeStamp': '2025-03-06T12:15:00Z', 'windspeed': 30, 'location': {'latitude': 44, 'longitude': -72}, 'trace_id': '20643acc-74ff-47fb-a020-1bfb7fa02368'}}
2025-03-06 12:15:24,213 - basicLogger - INFO - Message: {'type': 'temperature', 'datetime': '2025-03-06T12:15:00', 'payload': {'eventID': '8c5225df-bbed-49e6-a85b-d68efa4eea41', 'deviceID': 'device123', 'timeStamp': '2025-03-06T12:15:00Z', 'temperature': 21, 'trace_id': 'dd1c236c-86f5-42f9-97e9-eafa008d8e17'}}
2025-03-06 12:15:24,222 - basicLogger - INFO - Message: {'type': 'wind-speed', 'datetime': '2025-03-06T12:15:00', 'payload': {'eventID': 'e438ac0c-d08b-407d-a4bb-4b50b1d8c73b', 'deviceID': 'windSensor-001', 'timeStamp': '2025-03-06T12:15:00Z', 'windspeed': 13, 'location': {'latitude': 35, 'longitude': -70}, 'trace_id': 'dcd8d1b4-3a55-402b-b4a3-592421ce6bf2'}}
2025-03-06 12:15:24,230 - basicLogger - INFO - Message: {'type': 'temperature', 'datetime': '2025-03-06T12:15:00', 'payload': {'eventID': '434a728e-0344-41ef-ba09-355101a14629', 'deviceID': 'device123', 'timeStamp': '2025-03-06T12:15:00Z', 'temperature': 32, 'trace_id': 'ddbbe8c9-ef21-4447-b833-629e0878afb9'}}
2025-03-06 12:15:24,239 - basicLogger - INFO - Message: {'type': 'wind-speed', 'datetime': '2025-03-06T12:15:00', 'payload': {'eventID': '6fec21fe-ae99-457b-86c2-df72e140613f', 'deviceID': 'windSensor-001', 'timeStamp': '2025-03-06T12:15:00Z', 'windspeed': 18, 'location': {'latitude': 40, 'longitude': -72}, 'trace_id': 'ef9efc3a-adad-472f-880f-8e229280bd3f'}}
2025-03-06 12:15:24,247 - basicLogger - INFO - Message: {'type': 'temperature', 'datetime': '2025-03-06T12:15:00', 'payload': {'eventID': 'f2f51cd7-898b-41d2-8b13-02a2548b1e18', 'deviceID': 'device123', 'timeStamp': '2025-03-06T12:15:00Z', 'temperature': 28, 'trace_id': '4138aaa2-c6d2-4272-90d2-ead41ffa00f1'}}
2025-03-06 12:15:24,256 - basicLogger - INFO - Message: {'type': 'wind-speed', 'datetime': '2025-03-06T12:15:00', 'payload': {'eventID': '1690e488-0bf8-4fcc-9a4e-e3bcea4ed8e9', 'deviceID': 'windSensor-001', 'timeStamp': '2025-03-06T12:15:00Z', 'windspeed': 21, 'location': {'latitude': 40, 'longitude': -74}, 'trace_id': 'da8b5888-d888-4dba-afbd-64c106a855f1'}}
2025-03-06 12:15:24,264 - basicLogger - INFO - Message: {'type': 'temperature', 'datetime': '2025-03-06T12:15:00', 'payload': {'eventID': 'e63e0b00-d327-4c29-9bdc-51e4c7d4d907', 'deviceID': 'device123', 'timeStamp': '2025-03-06T12:15:00Z', 'temperature': 24, 'trace_id': '82c97fb0-5c7a-447f-be7d-f72e2cb67228'}}
2025-03-06 12:15:24,272 - basicLogger - INFO - Message: {'type': 'wind-speed', 'datetime': '2025-03-06T12:15:00', 'payload': {'eventID': 'c4bbe02b-9ab1-4522-a1ac-555da50606ff', 'deviceID': 'windSensor-001', 'timeStamp': '2025-03-06T12:15:00Z', 'windspeed': 30, 'location': {'latitude': 39, 'longitude': -79}, 'trace_id': 'f1879786-c91e-4a37-963e-e23e28639d8c'}}
2025-03-06 12:15:24,280 - basicLogger - INFO - Message: {'type': 'temperature', 'datetime': '2025-03-06T12:15:00', 'payload': {'eventID': '4fb533ad-54a1-403d-837e-2572ec433a03', 'deviceID': 'device123', 'timeStamp': '2025-03-06T12:15:00Z', 'temperature': 15, 'trace_id': '1306573e-78b4-426d-9e9d-8f477e7a2dc2'}}
2025-03-06 12:15:24,288 - basicLogger - INFO - Message: {'type': 'wind-speed', 'datetime': '2025-03-06T12:15:00', 'payload': {'eventID': '8cd1b99c-0cf6-4691-88e6-3af6a6b1319c', 'deviceID': 'windSensor-001', 'timeStamp': '2025-03-06T12:15:00Z', 'windspeed': 10, 'location': {'latitude': 38, 'longitude': -76}, 'trace_id': '3303e0f2-2e8b-469c-bfba-1ce6fe67221f'}}
2025-03-06 12:15:24,298 - basicLogger - INFO - Message: {'type': 'temperature', 'datetime': '2025-03-06T12:15:00', 'payload': {'eventID': '2fe8f114-6099-40ea-ac79-c3f00bec852d', 'deviceID': 'device123', 'timeStamp': '2025-03-06T12:15:00Z', 'temperature': 26, 'trace_id': '6b0fc9ad-03cd-4fbe-b233-ca9f2d2c8545'}}
2025-03-06 12:15:24,306 - basicLogger - INFO - Message: {'type': 'wind-speed', 'datetime': '2025-03-06T12:15:00', 'payload': {'eventID': '296d270c-9993-45d7-953f-3d136ead06e3', 'deviceID': 'windSensor-001', 'timeStamp': '2025-03-06T12:15:00Z', 'windspeed': 24, 'location': {'latitude': 38, 'longitude': -80}, 'trace_id': '21631961-44b0-4df2-9e35-bef0fc92fa48'}}
2025-03-06 12:15:24,314 - basicLogger - INFO - Message: {'type': 'temperature', 'datetime': '2025-03-06T12:15:00', 'payload': {'eventID': 'da2da571-69dd-44ee-a421-1241184833a3', 'deviceID': 'device123', 'timeStamp': '2025-03-06T12:15:00Z', 'temperature': 33, 'trace_id': 'f636b662-8c39-4a3c-a48b-dcb4bdb799f7'}}
2025-03-06 12:15:24,322 - basicLogger - INFO - Message: {'type': 'wind-speed', 'datetime': '2025-03-06T12:15:00', 'payload': {'eventID': '7356ca02-a7f8-4601-9a18-4a6a87058b28', 'deviceID': 'windSensor-001', 'timeStamp': '2025-03-06T12:15:00Z', 'windspeed': 14, 'location': {'latitude': 40, 'longitude': -75}, 'trace_id': '5865229c-1c22-4e15-ab51-1f7f0547d747'}}
2025-03-06 12:15:24,331 - basicLogger - INFO - Message: {'type': 'temperature', 'datetime': '2025-03-06T12:15:00', 'payload': {'eventID': '6c4eb81c-ac3e-4380-9b30-9dccbb976671', 'deviceID': 'device123', 'timeStamp': '2025-03-06T12:15:00Z', 'temperature': 19, 'trace_id': '8fd9e9aa-af75-47c3-9b57-609f2f167e3d'}}
2025-03-06 12:15:24,339 - basicLogger - INFO - Message: {'type': 'wind-speed', 'datetime': '2025-03-06T12:15:00', 'payload': {'eventID': 'e305feb4-8f43-42f5-a5a3-10e00895c06f', 'deviceID': 'windSensor-001', 'timeStamp': '2025-03-06T12:15:00Z', 'windspeed': 7, 'location': {'latitude': 40, 'longitude': -71}, 'trace_id': 'af12724c-3da1-47fb-9c06-e166d3ae2984'}}
2025-03-06 12:15:24,347 - basicLogger - INFO - Message: {'type': 'temperature', 'datetime': '2025-03-06T12:15:00', 'payload': {'eventID': 'ae5b6bef-3b4f-4309-af82-6efd86b5dde0', 'deviceID': 'device123', 'timeStamp': '2025-03-06T12:15:00Z', 'temperature': 32, 'trace_id': 'c9764efc-05d5-485e-b301-794cd5e93f24'}}
2025-03-06 12:15:24,355 - basicLogger - INFO - Message: {'type': 'wind-speed', 'datetime': '2025-03-06T12:15:00', 'payload': {'eventID': 'e2c0c623-acde-4c81-9f6c-4729f6e31e6a', 'deviceID': 'windSensor-001', 'timeStamp': '2025-03-06T12:15:00Z', 'windspeed': 30, 'location': {'latitude': 41, 'longitude': -76}, 'trace_id': '3f7ef469-d51b-4090-abf9-38b68266ccba'}}
2025-03-06 12:15:24,364 - basicLogger - INFO - Message: {'type': 'temperature', 'datetime': '2025-03-06T12:15:00', 'payload': {'eventID': '35f00f82-3705-40cd-8d7c-e72c7d4c8b52', 'deviceID': 'device123', 'timeStamp': '2025-03-06T12:15:00Z', 'temperature': 24, 'trace_id': '95b5164d-0b3f-4a31-b054-3c6b9d7d22e8'}}
2025-03-06 12:15:24,372 - basicLogger - INFO - Message: {'type': 'wind-speed', 'datetime': '2025-03-06T12:15:00', 'payload': {'eventID': '018a7923-8367-4bbf-8b36-becdd7aabd40', 'deviceID': 'windSensor-001', 'timeStamp': '2025-03-06T12:15:00Z', 'windspeed': 15, 'location': {'latitude': 36, 'longitude': -77}, 'trace_id': 'ee328c48-2ab1-415c-a3ce-8db9c4e2f9b8'}}
2025-03-06 12:15:24,381 - basicLogger - INFO - Message: {'type': 'temperature', 'datetime': '2025-03-06T12:15:00', 'payload': {'eventID': 'e8a1bdf0-9ad1-44ba-a7cb-23b465002088', 'deviceID': 'device123', 'timeStamp': '2025-03-06T12:15:00Z', 'temperature': 26, 'trace_id': 'a3eec975-a33c-4c25-86df-4c6cff6bef03'}}
2025-03-06 12:15:24,389 - basicLogger - INFO - Message: {'type': 'wind-speed', 'datetime': '2025-03-06T12:15:00', 'payload': {'eventID': '46d61986-425b-4064-b566-0ceb38c751b0', 'deviceID': 'windSensor-001', 'timeStamp': '2025-03-06T12:15:00Z', 'windspeed': 14, 'location': {'latitude': 41, 'longitude': -72}, 'trace_id': 'ed87771c-b755-4764-8c29-a159d333b4d8'}}
2025-03-06 12:15:24,398 - basicLogger - INFO - Message: {'type': 'temperature', 'datetime': '2025-03-06T12:15:00', 'payload': {'eventID': 'cecc121c-7504-4fe6-a804-20b7024541c8', 'deviceID': 'device123', 'timeStamp': '2025-03-06T12:15:00Z', 'temperature': 17, 'trace_id': '353efa8b-35f4-4d1d-b7d5-42595be4155b'}}
2025-03-06 12:15:24,413 - basicLogger - INFO - Message: {'type': 'wind-speed', 'datetime': '2025-03-06T12:15:00', 'payload': {'eventID': '742c1cb7-d775-45c6-85de-083db6e60917', 'deviceID': 'windSensor-001', 'timeStamp': '2025-03-06T12:15:00Z', 'windspeed': 28, 'location': {'latitude': 39, 'longitude': -72}, 'trace_id': '6f661810-cf31-4447-adfb-b9767fa59f54'}}
2025-03-06 12:15:24,422 - basicLogger - INFO - Message: {'type': 'temperature', 'datetime': '2025-03-06T12:15:00', 'payload': {'eventID': '520c7dcc-a78c-45ad-a67c-b5f05439e85e', 'deviceID': 'device123', 'timeStamp': '2025-03-06T12:15:00Z', 'temperature': 20, 'trace_id': '7e44914c-52f7-486b-95bc-bdaebcab20a8'}}
2025-03-06 12:15:24,434 - basicLogger - INFO - Message: {'type': 'wind-speed', 'datetime': '2025-03-06T12:15:00', 'payload': {'eventID': '225fca63-6661-4fd1-b30e-eafc432d34d9', 'deviceID': 'windSensor-001', 'timeStamp': '2025-03-06T12:15:00Z', 'windspeed': 19, 'location': {'latitude': 35, 'longitude': -76}, 'trace_id': '647ac6ec-ce74-44db-a73a-6e28c403dddd'}}
2025-03-06 12:15:24,443 - basicLogger - INFO - Message: {'type': 'temperature', 'datetime': '2025-03-06T12:15:00', 'payload': {'eventID': 'a0cf4503-68b8-4c18-add1-95233fc43d2e', 'deviceID': 'device123', 'timeStamp': '2025-03-06T12:15:00Z', 'temperature': 15, 'trace_id': '43483ea8-278b-441e-a5f0-90d8bb9a7217'}}
2025-03-06 12:15:24,454 - basicLogger - INFO - Message: {'type': 'wind-speed', 'datetime': '2025-03-06T12:15:00', 'payload': {'eventID': '3a888b26-2b60-4eff-aa7b-2eab4b717d1c', 'deviceID': 'windSensor-001', 'timeStamp': '2025-03-06T12:15:00Z', 'windspeed': 12, 'location': {'latitude': 41, 'longitude': -71}, 'trace_id': 'd3eda17f-1083-4547-a922-12540036fd5e'}}
2025-03-06 12:15:24,463 - basicLogger - INFO - Message: {'type': 'temperature', 'datetime': '2025-03-06T12:15:00', 'payload': {'eventID': '4a2333a5-aef0-455a-9938-b2cc8c5bba0e', 'deviceID': 'device123', 'timeStamp': '2025-03-06T12:15:00Z', 'temperature': 18, 'trace_id': '0c7ea9eb-6916-45f8-96f7-c30c2885b7f2'}}
2025-03-06 12:15:24,472 - basicLogger - INFO - Message: {'type': 'wind-speed', 'datetime': '2025-03-06T12:15:00', 'payload': {'eventID': '0eff96ba-6e59-4297-aaa9-01936e0aff31', 'deviceID': 'windSensor-001', 'timeStamp': '2025-03-06T12:15:00Z', 'windspeed': 30, 'location': {'latitude': 36, 'longitude': -70}, 'trace_id': 'af70222e-b14b-4119-ab55-8a4f83f4fcea'}}
2025-03-06 12:15:24,481 - basicLogger - INFO - Message: {'type': 'temperature', 'datetime': '2025-03-06T12:15:00', 'payload': {'eventID': '674a70c0-8aaf-4b43-aabb-628479b24f06', 'deviceID': 'device123', 'timeStamp': '2025-03-06T12:15:00Z', 'temperature': 24, 'trace_id': 'a47c3005-be22-49be-9b8d-43b1d23a6cee'}}
2025-03-06 12:15:24,489 - basicLogger - INFO - Message: {'type': 'wind-speed', 'datetime': '2025-03-06T12:15:00', 'payload': {'eventID': 'a16d828d-5dd1-4b1a-96f4-da1d0147fead', 'deviceID': 'windSensor-001', 'timeStamp': '2025-03-06T12:15:00Z', 'windspeed': 17, 'location': {'latitude': 43, 'longitude': -79}, 'trace_id': '39c61b9d-a51c-4abb-bc3f-57a11cc69c74'}}
2025-03-06 12:15:24,498 - basicLogger - INFO - Message: {'type': 'temperature', 'datetime': '2025-03-06T12:15:00', 'payload': {'eventID': '2c25ebf5-f405-457d-93bb-a057eba35b64', 'deviceID': 'device123', 'timeStamp': '2025-03-06T12:15:00Z', 'temperature': 19, 'trace_id': '2b977835-6793-456d-811e-e40f86638473'}}
2025-03-06 12:15:24,506 - basicLogger - INFO - Message: {'type': 'wind-speed', 'datetime': '2025-03-06T12:15:00', 'payload': {'eventID': '8c68553e-fbfa-40e7-b44d-a8cb7a37a6d5', 'deviceID': 'windSensor-001', 'timeStamp': '2025-03-06T12:15:00Z', 'windspeed': 20, 'location': {'latitude': 43, 'longitude': -76}, 'trace_id': '0a508d3e-ba21-4f70-af1e-e7d4d1bebfb9'}}
2025-03-06 12:15:24,514 - basicLogger - INFO - Message: {'type': 'temperature', 'datetime': '2025-03-06T12:15:00', 'payload': {'eventID': 'e46c21aa-d72d-4ea8-acae-c1236be9e447', 'deviceID': 'device123', 'timeStamp': '2025-03-06T12:15:00Z', 'temperature': 25, 'trace_id': '09707f78-e753-4f8c-8ed5-d624aa348349'}}
2025-03-06 12:15:24,522 - basicLogger - INFO - Message: {'type': 'wind-speed', 'datetime': '2025-03-06T12:15:00', 'payload': {'eventID': '54100ddd-ffc4-4db3-b088-988c86331c57', 'deviceID': 'windSensor-001', 'timeStamp': '2025-03-06T12:15:00Z', 'windspeed': 26, 'location': {'latitude': 37, 'longitude': -70}, 'trace_id': 'db47565b-beec-4bc4-97b2-c8f747b6200a'}}
2025-03-06 12:15:24,531 - basicLogger - INFO - Message: {'type': 'temperature', 'datetime': '2025-03-06T12:15:00', 'payload': {'eventID': 'e37ba905-0862-4192-899b-a1fff331cca0', 'deviceID': 'device123', 'timeStamp': '2025-03-06T12:15:00Z', 'temperature': 22, 'trace_id': '2e52eeaa-504c-4541-9dae-b9e9684063f7'}}
2025-03-06 12:15:24,539 - basicLogger - INFO - Message: {'type': 'wind-speed', 'datetime': '2025-03-06T12:15:00', 'payload': {'eventID': 'ba312303-9b28-42e9-bee5-942073b085aa', 'deviceID': 'windSensor-001', 'timeStamp': '2025-03-06T12:15:00Z', 'windspeed': 14, 'location': {'latitude': 41, 'longitude': -80}, 'trace_id': '0cd92465-5544-4a78-b1ed-5f7cacf66dc9'}}
2025-03-06 12:15:24,548 - basicLogger - INFO - Message: {'type': 'temperature', 'datetime': '2025-03-06T12:15:01', 'payload': {'eventID': 'b17b8dd2-b0b1-4500-87fa-6d1b8b11715c', 'deviceID': 'device123', 'timeStamp': '2025-03-06T12:15:00Z', 'temperature': 28, 'trace_id': 'b726f131-21f7-4ce2-98f9-692e2654ad1c'}}
2025-03-06 12:15:24,557 - basicLogger - INFO - Message: {'type': 'wind-speed', 'datetime': '2025-03-06T12:15:01', 'payload': {'eventID': '29aa1031-c50e-4335-b63e-c35bb23d68f2', 'deviceID': 'windSensor-001', 'timeStamp': '2025-03-06T12:15:01Z', 'windspeed': 15, 'location': {'latitude': 43, 'longitude': -72}, 'trace_id': 'b32576f1-c2ae-42ce-a033-fec28b8f19db'}}
2025-03-06 12:15:24,565 - basicLogger - INFO - Message: {'type': 'temperature', 'datetime': '2025-03-06T12:15:01', 'payload': {'eventID': '709e9185-5d05-4866-ad69-63cc370042fc', 'deviceID': 'device123', 'timeStamp': '2025-03-06T12:15:01Z', 'temperature': 19, 'trace_id': '02e4d7e1-34d5-4fa9-960f-23495ee7fa9d'}}
2025-03-06 12:15:24,573 - basicLogger - INFO - Message: {'type': 'wind-speed', 'datetime': '2025-03-06T12:15:01', 'payload': {'eventID': '28c05f98-ad2b-42b8-a32d-6ba5b0b1fdb3', 'deviceID': 'windSensor-001', 'timeStamp': '2025-03-06T12:15:01Z', 'windspeed': 25, 'location': {'latitude': 45, 'longitude': -80}, 'trace_id': '01d9fbc2-0c66-4046-8aa4-b6e294109d7f'}}
2025-03-06 12:15:24,581 - basicLogger - INFO - Message: {'type': 'temperature', 'datetime': '2025-03-06T12:15:01', 'payload': {'eventID': '09e90606-4ae1-4836-8c76-9de4f3af65d2', 'deviceID': 'device123', 'timeStamp': '2025-03-06T12:15:01Z', 'temperature': 28, 'trace_id': 'ffac7007-60b9-45bf-97d8-613031db8c1e'}}
2025-03-06 12:15:24,592 - basicLogger - INFO - Message: {'type': 'wind-speed', 'datetime': '2025-03-06T12:15:01', 'payload': {'eventID': 'bfd52bed-c708-4b19-a5b3-2ec2178206d5', 'deviceID': 'windSensor-001', 'timeStamp': '2025-03-06T12:15:01Z', 'windspeed': 21, 'location': {'latitude': 45, 'longitude': -73}, 'trace_id': '4aeeb12b-56ba-46a3-9efc-c6fe1014c89a'}}
2025-03-06 12:15:24,602 - basicLogger - INFO - Message: {'type': 'temperature', 'datetime': '2025-03-06T12:15:01', 'payload': {'eventID': '233963f9-a7de-4619-b091-259ddc2be8ed', 'deviceID': 'device123', 'timeStamp': '2025-03-06T12:15:01Z', 'temperature': 33, 'trace_id': 'e2527404-9d4a-4ca0-bd88-fffebf250797'}}
2025-03-06 12:15:24,610 - basicLogger - INFO - Message: {'type': 'wind-speed', 'datetime': '2025-03-06T12:15:01', 'payload': {'eventID': '4d9d433d-9647-4ad1-b04e-569c11029491', 'deviceID': 'windSensor-001', 'timeStamp': '2025-03-06T12:15:01Z', 'windspeed': 22, 'location': {'latitude': 39, 'longitude': -74}, 'trace_id': '940b5dd5-e5b1-4996-ae5e-9c572a79d40a'}}
2025-03-06 12:15:24,619 - basicLogger - INFO - Message: {'type': 'temperature', 'datetime': '2025-03-06T12:15:01', 'payload': {'eventID': 'ef9b6383-7274-4d51-a33b-5498c8731290', 'deviceID': 'device123', 'timeStamp': '2025-03-06T12:15:01Z', 'temperature': 26, 'trace_id': 'd116a5d3-8eb4-4cb4-91b9-d3cd26b52f49'}}
2025-03-06 12:15:24,628 - basicLogger - INFO - Message: {'type': 'wind-speed', 'datetime': '2025-03-06T12:15:01', 'payload': {'eventID': 'aef6cb62-8c83-4e7b-9d2f-410f4b90b379', 'deviceID': 'windSensor-001', 'timeStamp': '2025-03-06T12:15:01Z', 'windspeed': 13, 'location': {'latitude': 37, 'longitude': -80}, 'trace_id': '2cd2ccd3-2a08-40df-83a6-f6424f3b561c'}}
2025-03-06 12:15:24,637 - basicLogger - INFO - Message: {'type': 'temperature', 'datetime': '2025-03-06T12:15:01', 'payload': {'eventID': 'f9c0662b-5a32-4f2f-8e86-486eae9996d0', 'deviceID': 'device123', 'timeStamp': '2025-03-06T12:15:01Z', 'temperature': 20, 'trace_id': '647a38ad-0d5b-4e00-9df8-d0c00a058a5c'}}
2025-03-06 12:15:24,646 - basicLogger - INFO - Message: {'type': 'wind-speed', 'datetime': '2025-03-06T12:15:01', 'payload': {'eventID': 'f081a535-1b6a-49da-9494-77f81fe2a953', 'deviceID': 'windSensor-001', 'timeStamp': '2025-03-06T12:15:01Z', 'windspeed': 11, 'location': {'latitude': 36, 'longitude': -71}, 'trace_id': '621190ca-7fe1-41cf-a112-7943f6f01cc6'}}
2025-03-06 12:15:24,655 - basicLogger - INFO - Message: {'type': 'temperature', 'datetime': '2025-03-06T12:15:01', 'payload': {'eventID': '3699b1fa-a417-4eec-92cd-9a0be0a11a6f', 'deviceID': 'device123', 'timeStamp': '2025-03-06T12:15:01Z', 'temperature': 15, 'trace_id': '7a643f2a-76c9-4bff-8d8d-f47947c582dd'}}
2025-03-06 12:15:24,664 - basicLogger - INFO - Message: {'type': 'wind-speed', 'datetime': '2025-03-06T12:15:01', 'payload': {'eventID': '137c1bc7-6a84-4770-a292-8592706bf943', 'deviceID': 'windSensor-001', 'timeStamp': '2025-03-06T12:15:01Z', 'windspeed': 25, 'location': {'latitude': 37, 'longitude': -70}, 'trace_id': '53e5e972-68b1-4192-8fae-dc563325fade'}}
2025-03-06 12:15:24,672 - basicLogger - INFO - Message: {'type': 'temperature', 'datetime': '2025-03-06T12:15:01', 'payload': {'eventID': 'd5071afa-c963-479f-9ec8-b9eded033336', 'deviceID': 'device123', 'timeStamp': '2025-03-06T12:15:01Z', 'temperature': 28, 'trace_id': '2f76eec5-0632-4061-8b24-bd894a03cbc2'}}
2025-03-06 12:15:24,682 - basicLogger - INFO - Message: {'type': 'wind-speed', 'datetime': '2025-03-06T12:15:01', 'payload': {'eventID': 'c99eaae6-d155-4b36-860f-97be46cac7b5', 'deviceID': 'windSensor-001', 'timeStamp': '2025-03-06T12:15:01Z', 'windspeed': 21, 'location': {'latitude': 45, 'longitude': -78}, 'trace_id': 'cdfdafe3-8a97-4b9b-baf4-5ed1c328f628'}}
2025-03-06 12:15:24,695 - basicLogger - INFO - Message: {'type': 'temperature', 'datetime': '2025-03-06T12:15:01', 'payload': {'eventID': 'a69b6966-0eda-4c24-8313-281e7c30c069', 'deviceID': 'device123', 'timeStamp': '2025-03-06T12:15:01Z', 'temperature': 22, 'trace_id': '0d053e24-e2a8-45e9-b9c7-29cc14eb4a6c'}}
2025-03-06 14:09:00,402 - basicLogger - INFO - Message: {'type': 'wind-speed', 'datetime': '2025-03-06T14:09:00', 'payload': {'eventID': 'b8d415ac-6c68-4acb-b5f8-c343573dcd51', 'deviceID': 'windSensor-001', 'timeStamp': '2025-03-06T14:09:00Z', 'windspeed': 21, 'location': {'latitude': 36, 'longitude': -73}, 'trace_id': '74d72888-512d-4bcb-b847-010982a91a60'}}
2025-03-06 14:09:01,424 - basicLogger - INFO - Message: {'type': 'temperature', 'datetime': '2025-03-06T14:09:00', 'payload': {'eventID': '01241e5e-0551-4db2-8a90-917b7105cfcb', 'deviceID': 'device123', 'timeStamp': '2025-03-06T14:09:00Z', 'temperature': 28, 'trace_id': 'e62d616c-9d0e-4cc1-b709-ddf8497e2334'}}
2025-03-06 14:09:01,441 - basicLogger - INFO - Message: {'type': 'wind-speed', 'datetime': '2025-03-06T14:09:00', 'payload': {'eventID': 'd40a7eb5-d988-4aed-b6cc-394f38f435fa', 'deviceID': 'windSensor-001', 'timeStamp': '2025-03-06T14:09:00Z', 'windspeed': 29, 'location': {'latitude': 37, 'longitude': -79}, 'trace_id': '7c111c1d-5b26-4e5f-a1c0-51836a36bda8'}}
2025-03-06 14:09:01,451 - basicLogger - INFO - Message: {'type': 'temperature', 'datetime': '2025-03-06T14:09:00', 'payload': {'eventID': '834885a9-62da-419a-a263-bdc14d1633a7', 'deviceID': 'device123', 'timeStamp': '2025-03-06T14:09:00Z', 'temperature': 18, 'trace_id': 'b9ba8e9f-e6de-450f-8d3a-83b7aab3b27d'}}
2025-03-06 14:09:01,460 - basicLogger - INFO - Message: {'type': 'wind-speed', 'datetime': '2025-03-06T14:09:00', 'payload': {'eventID': 'e81793f6-15d6-42e4-8d3c-c06be3a27889', 'deviceID': 'windSensor-001', 'timeStamp': '2025-03-06T14:09:00Z', 'windspeed': 18, 'location': {'latitude': 44, 'longitude': -76}, 'trace_id': '4a2ffa60-e280-436a-bdbb-cd4b98b6ecb7'}}
2025-03-06 14:09:01,468 - basicLogger - INFO - Message: {'type': 'wind-speed', 'datetime': '2025-03-06T14:09:00', 'payload': {'eventID': '4b4b1256-0428-4719-9c1e-81e2209c8a74', 'deviceID': 'windSensor-001', 'timeStamp': '2025-03-06T14:09:00Z', 'windspeed': 5, 'location': {'latitude': 37, 'longitude': -80}, 'trace_id': 'efd94652-e318-4a68-94c6-f2a0eebefdf9'}}
2025-03-06 14:09:01,476 - basicLogger - INFO - Message: {'type': 'wind-speed', 'datetime': '2025-03-06T14:09:00', 'payload': {'eventID': '43f4a6d9-36f3-41aa-b968-02c51a3ed094', 'deviceID': 'windSensor-001', 'timeStamp': '2025-03-06T14:09:00Z', 'windspeed': 15, 'location': {'latitude': 44, 'longitude': -79}, 'trace_id': 'd340d970-9947-4574-aa34-6d9d60887de9'}}
2025-03-06 14:09:01,486 - basicLogger - INFO - Message: {'type': 'temperature', 'datetime': '2025-03-06T14:09:00', 'payload': {'eventID': 'dbab70fd-d291-463a-9630-76c8eecad011', 'deviceID': 'device123', 'timeStamp': '2025-03-06T14:09:00Z', 'temperature': 15, 'trace_id': '8f0a0887-9b94-4079-b115-66788e72580d'}}
2025-03-06 14:09:01,495 - basicLogger - INFO - Message: {'type': 'temperature', 'datetime': '2025-03-06T14:09:00', 'payload': {'eventID': '9a4c168e-b62e-4dbb-8a6b-7a7c1630fa6a', 'deviceID': 'device123', 'timeStamp': '2025-03-06T14:09:00Z', 'temperature': 28, 'trace_id': '2f43bc42-1b18-4ec5-90ae-4e7561c38c6d'}}
2025-03-06 14:09:01,504 - basicLogger - INFO - Message: {'type': 'temperature', 'datetime': '2025-03-06T14:09:00', 'payload': {'eventID': '42fb3e2c-43cd-45c2-8766-061d9c5490f4', 'deviceID': 'device123', 'timeStamp': '2025-03-06T14:09:00Z', 'temperature': 27, 'trace_id': '21b2e3be-7bd8-4df5-a54f-3f27718b9e0c'}}
2025-03-06 14:09:01,516 - basicLogger - INFO - Message: {'type': 'wind-speed', 'datetime': '2025-03-06T14:09:00', 'payload': {'eventID': 'ea75ffb1-c17a-4a2e-ad34-877958b1a8ad', 'deviceID': 'windSensor-001', 'timeStamp': '2025-03-06T14:09:00Z', 'windspeed': 27, 'location': {'latitude': 36, 'longitude': -76}, 'trace_id': 'f280ab8e-73f6-4969-9f64-6d67a39788d6'}}
2025-03-06 14:09:01,525 - basicLogger - INFO - Message: {'type': 'wind-speed', 'datetime': '2025-03-06T14:09:00', 'payload': {'eventID': '33e9d30c-9157-4894-a2cb-431c12951143', 'deviceID': 'windSensor-001', 'timeStamp': '2025-03-06T14:09:00Z', 'windspeed': 15, 'location': {'latitude': 37, 'longitude': -79}, 'trace_id': '97862eb7-6862-48fe-99a9-8c6c9400ac64'}}
2025-03-06 14:09:01,535 - basicLogger - INFO - Message: {'type': 'wind-speed', 'datetime': '2025-03-06T14:09:00', 'payload': {'eventID': '428b9f10-1d0f-459c-99a9-c2419bab79a8', 'deviceID': 'windSensor-001', 'timeStamp': '2025-03-06T14:09:00Z', 'windspeed': 26, 'location': {'latitude': 41, 'longitude': -74}, 'trace_id': '0de1cf84-5a2e-485c-ade9-b3fc5335351a'}}
2025-03-06 14:09:01,545 - basicLogger - INFO - Message: {'type': 'temperature', 'datetime': '2025-03-06T14:09:00', 'payload': {'eventID': 'fce6d4cb-cded-4783-b448-df5654f2de47', 'deviceID': 'device123', 'timeStamp': '2025-03-06T14:09:00Z', 'temperature': 15, 'trace_id': 'c2e2c5bd-6b63-48a3-943c-af9d697d456b'}}
2025-03-06 14:09:01,555 - basicLogger - INFO - Message: {'type': 'temperature', 'datetime': '2025-03-06T14:09:00', 'payload': {'eventID': '9073fd16-7747-4eb6-85eb-9454b639d4c8', 'deviceID': 'device123', 'timeStamp': '2025-03-06T14:09:00Z', 'temperature': 29, 'trace_id': '94e7651b-06a3-431c-938a-2654a38c452a'}}
2025-03-06 14:09:01,563 - basicLogger - INFO - Message: {'type': 'temperature', 'datetime': '2025-03-06T14:09:00', 'payload': {'eventID': '0c9a353d-2df7-455c-9bff-42595f3fe47e', 'deviceID': 'device123', 'timeStamp': '2025-03-06T14:09:00Z', 'temperature': 34, 'trace_id': 'e64386a0-c62e-416c-ba32-255012c04df0'}}
2025-03-06 14:09:01,574 - basicLogger - INFO - Message: {'type': 'wind-speed', 'datetime': '2025-03-06T14:09:00', 'payload': {'eventID': 'ac4f4a20-fe86-45d1-bc6f-e3fd16f49dde', 'deviceID': 'windSensor-001', 'timeStamp': '2025-03-06T14:09:00Z', 'windspeed': 29, 'location': {'latitude': 43, 'longitude': -74}, 'trace_id': 'ff9477d6-fcc7-4b9c-b488-8632e60f4c89'}}
2025-03-06 14:09:01,584 - basicLogger - INFO - Message: {'type': 'wind-speed', 'datetime': '2025-03-06T14:09:00', 'payload': {'eventID': '4bfbf79e-18e0-4f25-b5e3-768e8b1d673c', 'deviceID': 'windSensor-001', 'timeStamp': '2025-03-06T14:09:00Z', 'windspeed': 22, 'location': {'latitude': 39, 'longitude': -79}, 'trace_id': 'ac9a0148-2497-48be-af69-f179685aa38d'}}
2025-03-06 14:09:01,594 - basicLogger - INFO - Message: {'type': 'wind-speed', 'datetime': '2025-03-06T14:09:00', 'payload': {'eventID': '2196f6ee-5b1c-4b74-8748-91d3f6143306', 'deviceID': 'windSensor-001', 'timeStamp': '2025-03-06T14:09:00Z', 'windspeed': 29, 'location': {'latitude': 40, 'longitude': -78}, 'trace_id': '381b4c65-14db-4c55-aa10-84a970be71ae'}}
2025-03-06 14:09:01,605 - basicLogger - INFO - Message: {'type': 'wind-speed', 'datetime': '2025-03-06T14:09:00', 'payload': {'eventID': '3f7a551d-420e-4d0f-be09-2ae6ab6d40ec', 'deviceID': 'windSensor-001', 'timeStamp': '2025-03-06T14:09:00Z', 'windspeed': 16, 'location': {'latitude': 43, 'longitude': -71}, 'trace_id': '7d790264-47fe-4398-bdd0-53b2306501aa'}}
2025-03-06 14:09:01,614 - basicLogger - INFO - Message: {'type': 'temperature', 'datetime': '2025-03-06T14:09:00', 'payload': {'eventID': '8700f478-c722-429a-8fb3-92ed4fa97e89', 'deviceID': 'device123', 'timeStamp': '2025-03-06T14:09:00Z', 'temperature': 24, 'trace_id': '42cc1d63-8a56-4589-862d-c59fd959d6d6'}}
2025-03-06 14:09:01,624 - basicLogger - INFO - Message: {'type': 'temperature', 'datetime': '2025-03-06T14:09:00', 'payload': {'eventID': '2118c506-ff28-4865-8379-fb9b20a16897', 'deviceID': 'device123', 'timeStamp': '2025-03-06T14:09:00Z', 'temperature': 20, 'trace_id': 'aeb627ba-b4fb-4656-8684-908061a63a7d'}}
2025-03-06 14:09:01,633 - basicLogger - INFO - Message: {'type': 'temperature', 'datetime': '2025-03-06T14:09:00', 'payload': {'eventID': '7968c7ca-afda-4c6c-bfe5-704f850a9f17', 'deviceID': 'device123', 'timeStamp': '2025-03-06T14:09:00Z', 'temperature': 23, 'trace_id': 'e980a443-d2be-4386-974e-1cd19d529a06'}}
2025-03-06 14:09:01,643 - basicLogger - INFO - Message: {'type': 'temperature', 'datetime': '2025-03-06T14:09:00', 'payload': {'eventID': '889ed789-dcd8-40ef-94e9-27201c8c131e', 'deviceID': 'device123', 'timeStamp': '2025-03-06T14:09:00Z', 'temperature': 28, 'trace_id': '4398fb7d-8b8e-4f66-8369-3773e8f39ee8'}}
2025-03-06 14:09:01,652 - basicLogger - INFO - Message: {'type': 'wind-speed', 'datetime': '2025-03-06T14:09:00', 'payload': {'eventID': '35d00a6f-c3a6-4439-9fba-5f8e7a67b4a6', 'deviceID': 'windSensor-001', 'timeStamp': '2025-03-06T14:09:00Z', 'windspeed': 27, 'location': {'latitude': 41, 'longitude': -74}, 'trace_id': '6cb2447c-d8be-4582-bcdf-46b6ce75be24'}}
2025-03-06 14:09:01,662 - basicLogger - INFO - Message: {'type': 'wind-speed', 'datetime': '2025-03-06T14:09:00', 'payload': {'eventID': 'd5319cdf-041b-4173-bf34-448ff586aed0', 'deviceID': 'windSensor-001', 'timeStamp': '2025-03-06T14:09:00Z', 'windspeed': 21, 'location': {'latitude': 36, 'longitude': -73}, 'trace_id': 'ee578c90-2be7-4e53-84ab-4dc9672780eb'}}
2025-03-06 14:09:01,679 - basicLogger - INFO - Message: {'type': 'wind-speed', 'datetime': '2025-03-06T14:09:00', 'payload': {'eventID': '6c8c646f-9d9e-41ad-9e45-7c646ec44ded', 'deviceID': 'windSensor-001', 'timeStamp': '2025-03-06T14:09:00Z', 'windspeed': 20, 'location': {'latitude': 35, 'longitude': -76}, 'trace_id': '4465ddf4-d819-488b-b022-af6cb427032c'}}
2025-03-06 14:09:01,689 - basicLogger - INFO - Message: {'type': 'temperature', 'datetime': '2025-03-06T14:09:00', 'payload': {'eventID': 'f753dda7-5196-4706-9ed3-e2266a87920a', 'deviceID': 'device123', 'timeStamp': '2025-03-06T14:09:00Z', 'temperature': 23, 'trace_id': '61793e98-8211-4cd3-9281-e11913a09504'}}
2025-03-06 14:09:01,698 - basicLogger - INFO - Message: {'type': 'temperature', 'datetime': '2025-03-06T14:09:00', 'payload': {'eventID': '98fcbaf1-04d6-4f87-9495-02cad7ba0e36', 'deviceID': 'device123', 'timeStamp': '2025-03-06T14:09:00Z', 'temperature': 26, 'trace_id': '399cc009-a0d3-4e31-9020-6a67e547f07b'}}
2025-03-06 14:09:01,708 - basicLogger - INFO - Message: {'type': 'temperature', 'datetime': '2025-03-06T14:09:00', 'payload': {'eventID': 'fa07a629-f428-4dc7-bbfa-2aac3b733c32', 'deviceID': 'device123', 'timeStamp': '2025-03-06T14:09:00Z', 'temperature': 32, 'trace_id': 'd86234e9-54c8-4c48-bcfb-70745306e2a5'}}
2025-03-06 14:09:01,719 - basicLogger - INFO - Message: {'type': 'wind-speed', 'datetime': '2025-03-06T14:09:00', 'payload': {'eventID': '5b38e187-489b-4a6d-b741-2654c33e5b8a', 'deviceID': 'windSensor-001', 'timeStamp': '2025-03-06T14:09:00Z', 'windspeed': 28, 'location': {'latitude': 37, 'longitude': -74}, 'trace_id': '2f30e57a-4743-4c48-96b4-8977ccbcdac8'}}
2025-03-06 14:09:01,728 - basicLogger - INFO - Message: {'type': 'wind-speed', 'datetime': '2025-03-06T14:09:00', 'payload': {'eventID': '0a66d1ec-4bf8-4584-9c32-8a9594b019c4', 'deviceID': 'windSensor-001', 'timeStamp': '2025-03-06T14:09:00Z', 'windspeed': 16, 'location': {'latitude': 40, 'longitude': -77}, 'trace_id': 'b3ef4d4c-6c41-4674-8f06-c338a6d31917'}}
2025-03-06 14:09:01,737 - basicLogger - INFO - Message: {'type': 'wind-speed', 'datetime': '2025-03-06T14:09:00', 'payload': {'eventID': '70fa879b-b436-4260-ab27-d4ae16cf040b', 'deviceID': 'windSensor-001', 'timeStamp': '2025-03-06T14:09:00Z', 'windspeed': 26, 'location': {'latitude': 37, 'longitude': -76}, 'trace_id': '203e6af5-d9ac-4eb7-8ebc-af2f4e21b5ae'}}
2025-03-06 14:09:01,746 - basicLogger - INFO - Message: {'type': 'temperature', 'datetime': '2025-03-06T14:09:00', 'payload': {'eventID': '83443f4e-864f-4a0e-9cd5-339b2bc4433e', 'deviceID': 'device123', 'timeStamp': '2025-03-06T14:09:00Z', 'temperature': 35, 'trace_id': '9d05bd9b-f228-4792-bedd-2dbb28495adf'}}
2025-03-06 14:09:01,755 - basicLogger - INFO - Message: {'type': 'temperature', 'datetime': '2025-03-06T14:09:00', 'payload': {'eventID': 'f2d3ff52-37ce-4577-81ba-2dfcd4339666', 'deviceID': 'device123', 'timeStamp': '2025-03-06T14:09:00Z', 'temperature': 32, 'trace_id': '26410b00-5468-4ecb-82cf-1798bafe6bac'}}
2025-03-06 14:09:01,764 - basicLogger - INFO - Message: {'type': 'temperature', 'datetime': '2025-03-06T14:09:00', 'payload': {'eventID': '1560aaf0-5095-42a1-9e33-e672121f11a6', 'deviceID': 'device123', 'timeStamp': '2025-03-06T14:09:00Z', 'temperature': 30, 'trace_id': '0d28defd-3053-4164-89d9-0d3141d1a152'}}
2025-03-06 14:09:01,774 - basicLogger - INFO - Message: {'type': 'wind-speed', 'datetime': '2025-03-06T14:09:00', 'payload': {'eventID': '6d58de29-9f17-4c58-b3d8-b519343de85f', 'deviceID': 'windSensor-001', 'timeStamp': '2025-03-06T14:09:00Z', 'windspeed': 10, 'location': {'latitude': 43, 'longitude': -74}, 'trace_id': 'c848061c-45b5-4598-a30c-a576339e88fc'}}
2025-03-06 14:09:01,783 - basicLogger - INFO - Message: {'type': 'temperature', 'datetime': '2025-03-06T14:09:00', 'payload': {'eventID': 'cd1d9b96-8a83-49ef-b2ed-d98d756e95d8', 'deviceID': 'device123', 'timeStamp': '2025-03-06T14:09:00Z', 'temperature': 27, 'trace_id': 'abac3900-3968-4438-81ee-d2d2c98d1625'}}
2025-03-06 14:09:01,792 - basicLogger - INFO - Message: {'type': 'wind-speed', 'datetime': '2025-03-06T14:09:00', 'payload': {'eventID': '0acba304-9f6a-43aa-ba54-99d50383cd3d', 'deviceID': 'windSensor-001', 'timeStamp': '2025-03-06T14:09:00Z', 'windspeed': 20, 'location': {'latitude': 39, 'longitude': -78}, 'trace_id': 'bad3733c-b543-4108-84ae-57fc1de07d68'}}
2025-03-06 14:09:01,803 - basicLogger - INFO - Message: {'type': 'wind-speed', 'datetime': '2025-03-06T14:09:00', 'payload': {'eventID': '946f47d1-f284-4359-bb97-cd6bdbd65a62', 'deviceID': 'windSensor-001', 'timeStamp': '2025-03-06T14:09:00Z', 'windspeed': 13, 'location': {'latitude': 36, 'longitude': -74}, 'trace_id': 'cc34f94a-079a-4565-94af-95c3f9852ade'}}
2025-03-06 14:09:01,813 - basicLogger - INFO - Message: {'type': 'temperature', 'datetime': '2025-03-06T14:09:00', 'payload': {'eventID': '52683432-344e-4b4e-a60e-6898e60c9e53', 'deviceID': 'device123', 'timeStamp': '2025-03-06T14:09:00Z', 'temperature': 27, 'trace_id': '908c05d1-84f1-4a98-8d36-3294d79c973f'}}
2025-03-06 14:09:01,822 - basicLogger - INFO - Message: {'type': 'temperature', 'datetime': '2025-03-06T14:09:00', 'payload': {'eventID': '27b67af9-4279-478b-9af6-7a9308bba500', 'deviceID': 'device123', 'timeStamp': '2025-03-06T14:09:00Z', 'temperature': 26, 'trace_id': 'ef984a7f-d4a5-47f4-842d-bbc1c6b4f9c5'}}
2025-03-06 14:09:01,835 - basicLogger - INFO - Message: {'type': 'wind-speed', 'datetime': '2025-03-06T14:09:00', 'payload': {'eventID': '74e3b1ed-1f5d-467f-b2d6-b23e8a631d44', 'deviceID': 'windSensor-001', 'timeStamp': '2025-03-06T14:09:00Z', 'windspeed': 13, 'location': {'latitude': 37, 'longitude': -77}, 'trace_id': '20c8dd72-58cc-4bbf-9a3f-6f286e5b3b91'}}
2025-03-06 14:09:01,844 - basicLogger - INFO - Message: {'type': 'temperature', 'datetime': '2025-03-06T14:09:00', 'payload': {'eventID': 'd30e6ba5-57b8-40dc-b0d7-adb07d38c2a6', 'deviceID': 'device123', 'timeStamp': '2025-03-06T14:09:00Z', 'temperature': 35, 'trace_id': '0d2295d9-e7c2-499c-9c33-69275511d3cd'}}
2025-03-06 14:09:01,854 - basicLogger - INFO - Message: {'type': 'wind-speed', 'datetime': '2025-03-06T14:09:00', 'payload': {'eventID': '58b4a8e1-a97c-4e75-b3aa-25d2f45b19bf', 'deviceID': 'windSensor-001', 'timeStamp': '2025-03-06T14:09:00Z', 'windspeed': 23, 'location': {'latitude': 39, 'longitude': -79}, 'trace_id': 'ec4bdeee-9cc9-433e-b161-014c354ee5d3'}}
2025-03-06 14:09:01,864 - basicLogger - INFO - Message: {'type': 'temperature', 'datetime': '2025-03-06T14:09:00', 'payload': {'eventID': 'c0aac029-70d8-470d-9f14-49ee529357f9', 'deviceID': 'device123', 'timeStamp': '2025-03-06T14:09:00Z', 'temperature': 34, 'trace_id': '501f13c5-5f12-4cc9-a539-3de0585d712a'}}
2025-03-06 14:09:01,874 - basicLogger - INFO - Message: {'type': 'wind-speed', 'datetime': '2025-03-06T14:09:00', 'payload': {'eventID': '17fc3e8e-5ff2-43ee-9552-ef0e6df99758', 'deviceID': 'windSensor-001', 'timeStamp': '2025-03-06T14:09:00Z', 'windspeed': 21, 'location': {'latitude': 36, 'longitude': -73}, 'trace_id': '4696a79c-0dc4-4514-a4ca-ce015392866a'}}
2025-03-06 14:09:01,883 - basicLogger - INFO - Message: {'type': 'temperature', 'datetime': '2025-03-06T14:09:00', 'payload': {'eventID': '2ba094aa-f08b-434d-8004-a40385c743c5', 'deviceID': 'device123', 'timeStamp': '2025-03-06T14:09:00Z', 'temperature': 25, 'trace_id': 'fdea1f6b-357c-4ebc-aad4-2bf889d7246e'}}
2025-03-06 14:09:01,894 - basicLogger - INFO - Message: {'type': 'wind-speed', 'datetime': '2025-03-06T14:09:00', 'payload': {'eventID': 'b6c92fb6-2f31-43e8-b8ba-02c7fe2230f8', 'deviceID': 'windSensor-001', 'timeStamp': '2025-03-06T14:09:00Z', 'windspeed': 22, 'location': {'latitude': 39, 'longitude': -70}, 'trace_id': '585f1158-4991-48e5-974b-20220e8ead99'}}
2025-03-06 14:09:01,903 - basicLogger - INFO - Message: {'type': 'temperature', 'datetime': '2025-03-06T14:09:00', 'payload': {'eventID': '2a867d57-dfa5-457f-8f00-8d9249a0cacb', 'deviceID': 'device123', 'timeStamp': '2025-03-06T14:09:00Z', 'temperature': 33, 'trace_id': '9acf7736-e5c2-486d-9da1-7c1b0f893a78'}}
2025-03-06 14:09:01,913 - basicLogger - INFO - Message: {'type': 'wind-speed', 'datetime': '2025-03-06T14:09:00', 'payload': {'eventID': '2b17bb4e-2e10-45c4-a15a-ff094865495a', 'deviceID': 'windSensor-001', 'timeStamp': '2025-03-06T14:09:00Z', 'windspeed': 9, 'location': {'latitude': 39, 'longitude': -72}, 'trace_id': '2a642651-4adc-466f-9511-6b6724973685'}}
2025-03-06 14:09:01,922 - basicLogger - INFO - Message: {'type': 'temperature', 'datetime': '2025-03-06T14:09:00', 'payload': {'eventID': 'fd2a8b4a-a80d-48eb-a362-afcb427895fc', 'deviceID': 'device123', 'timeStamp': '2025-03-06T14:09:00Z', 'temperature': 24, 'trace_id': '3a1ebd6b-0090-48ac-aeb1-7725c437e619'}}
2025-03-06 14:09:01,931 - basicLogger - INFO - Message: {'type': 'wind-speed', 'datetime': '2025-03-06T14:09:00', 'payload': {'eventID': '6820a552-0f5a-46bf-a8dc-a039abdd4eae', 'deviceID': 'windSensor-001', 'timeStamp': '2025-03-06T14:09:00Z', 'windspeed': 16, 'location': {'latitude': 37, 'longitude': -75}, 'trace_id': '4bd21364-bea3-4761-83d6-32f9ea2ec704'}}
2025-03-06 14:09:01,940 - basicLogger - INFO - Message: {'type': 'temperature', 'datetime': '2025-03-06T14:09:00', 'payload': {'eventID': '62b27ed3-5a84-4e7c-b0e8-0f00f30fbf27', 'deviceID': 'device123', 'timeStamp': '2025-03-06T14:09:00Z', 'temperature': 28, 'trace_id': '21b4b29a-9eb6-4889-a4a3-99edfe81b593'}}
2025-03-06 14:09:01,949 - basicLogger - INFO - Message: {'type': 'wind-speed', 'datetime': '2025-03-06T14:09:00', 'payload': {'eventID': '6ce02066-def9-40ea-985b-774e78ba5430', 'deviceID': 'windSensor-001', 'timeStamp': '2025-03-06T14:09:00Z', 'windspeed': 22, 'location': {'latitude': 35, 'longitude': -76}, 'trace_id': 'c5d8e92f-df83-4cab-8f2d-b1ce7f09ef16'}}
2025-03-06 14:09:01,960 - basicLogger - INFO - Message: {'type': 'temperature', 'datetime': '2025-03-06T14:09:00', 'payload': {'eventID': 'ba83699f-4c9b-4814-a370-ead4f573b39f', 'deviceID': 'device123', 'timeStamp': '2025-03-06T14:09:00Z', 'temperature': 35, 'trace_id': '51b48b37-2c77-4c62-bdca-abcbb8486a5a'}}
2025-03-06 14:09:01,969 - basicLogger - INFO - Message: {'type': 'wind-speed', 'datetime': '2025-03-06T14:09:00', 'payload': {'eventID': 'e55bb9e3-2f2c-40e8-ac6e-518e93d8b05d', 'deviceID': 'windSensor-001', 'timeStamp': '2025-03-06T14:09:00Z', 'windspeed': 30, 'location': {'latitude': 38, 'longitude': -79}, 'trace_id': '3bbbbd10-3a60-44e9-b5eb-782cb1530c01'}}
2025-03-06 14:09:01,978 - basicLogger - INFO - Message: {'type': 'temperature', 'datetime': '2025-03-06T14:09:00', 'payload': {'eventID': '1f19a478-4bec-4578-a115-403f83faccd1', 'deviceID': 'device123', 'timeStamp': '2025-03-06T14:09:00Z', 'temperature': 17, 'trace_id': '29d90c82-f7aa-40b2-a741-8f3c8ffe11d5'}}
2025-03-06 14:09:01,988 - basicLogger - INFO - Message: {'type': 'wind-speed', 'datetime': '2025-03-06T14:09:00', 'payload': {'eventID': '251c2bd9-5d38-4662-8f74-e55af889d444', 'deviceID': 'windSensor-001', 'timeStamp': '2025-03-06T14:09:00Z', 'windspeed': 13, 'location': {'latitude': 45, 'longitude': -72}, 'trace_id': '0d823697-9eff-4084-ac62-b7181e92cad8'}}
2025-03-06 14:09:01,999 - basicLogger - INFO - Message: {'type': 'temperature', 'datetime': '2025-03-06T14:09:00', 'payload': {'eventID': 'b3e0c196-2acd-47da-8f52-eb25bb16d78d', 'deviceID': 'device123', 'timeStamp': '2025-03-06T14:09:00Z', 'temperature': 28, 'trace_id': '156b9799-af3f-45d9-8a58-f2ee56d88912'}}
2025-03-06 14:09:02,008 - basicLogger - INFO - Message: {'type': 'wind-speed', 'datetime': '2025-03-06T14:09:00', 'payload': {'eventID': '47021379-8eee-4791-9d4d-196acda5e9f0', 'deviceID': 'windSensor-001', 'timeStamp': '2025-03-06T14:09:00Z', 'windspeed': 21, 'location': {'latitude': 37, 'longitude': -75}, 'trace_id': 'dd553513-f3f9-4459-ad37-a9dbc5aac85b'}}
2025-03-06 14:09:02,019 - basicLogger - INFO - Message: {'type': 'temperature', 'datetime': '2025-03-06T14:09:00', 'payload': {'eventID': 'b4cf3d95-8d9b-40f5-be27-ba2593d36123', 'deviceID': 'device123', 'timeStamp': '2025-03-06T14:09:00Z', 'temperature': 25, 'trace_id': '37b3062a-1f13-4d4c-9f56-7642f2277bea'}}
2025-03-06 14:09:02,027 - basicLogger - INFO - Message: {'type': 'wind-speed', 'datetime': '2025-03-06T14:09:00', 'payload': {'eventID': 'de9b8b1e-67dd-435e-9ab2-030146aa8cc4', 'deviceID': 'windSensor-001', 'timeStamp': '2025-03-06T14:09:00Z', 'windspeed': 28, 'location': {'latitude': 44, 'longitude': -74}, 'trace_id': '3a5d2799-1bc6-476d-b663-3a79a4ed6b60'}}
2025-03-06 14:09:02,037 - basicLogger - INFO - Message: {'type': 'temperature', 'datetime': '2025-03-06T14:09:00', 'payload': {'eventID': 'd4c58afe-9bfe-4c1e-8d2d-08c3fb8b705d', 'deviceID': 'device123', 'timeStamp': '2025-03-06T14:09:00Z', 'temperature': 28, 'trace_id': 'be5f35ff-16da-4a13-a172-81818212bb35'}}
2025-03-06 14:09:02,046 - basicLogger - INFO - Message: {'type': 'wind-speed', 'datetime': '2025-03-06T14:09:00', 'payload': {'eventID': '1c6b1fd0-8782-49c4-8c16-33609b1ac122', 'deviceID': 'windSensor-001', 'timeStamp': '2025-03-06T14:09:00Z', 'windspeed': 21, 'location': {'latitude': 43, 'longitude': -80}, 'trace_id': 'd5b69854-0339-4783-b098-7c8e0e74d7ac'}}
2025-03-06 14:09:02,055 - basicLogger - INFO - Message: {'type': 'temperature', 'datetime': '2025-03-06T14:09:00', 'payload': {'eventID': '66a8a4e8-4161-41af-9b73-45ca03cf813a', 'deviceID': 'device123', 'timeStamp': '2025-03-06T14:09:00Z', 'temperature': 25, 'trace_id': '8fa86a2a-1309-48a6-8aca-9757108370ee'}}
2025-03-06 14:09:02,063 - basicLogger - INFO - Message: {'type': 'wind-speed', 'datetime': '2025-03-06T14:09:00', 'payload': {'eventID': '11bfa4e2-0f75-4c4d-a60c-a346a342051c', 'deviceID': 'windSensor-001', 'timeStamp': '2025-03-06T14:09:00Z', 'windspeed': 8, 'location': {'latitude': 35, 'longitude': -70}, 'trace_id': '32d81493-ef2d-4be5-a74f-50e78bb09e2c'}}
2025-03-06 14:09:02,073 - basicLogger - INFO - Message: {'type': 'temperature', 'datetime': '2025-03-06T14:09:00', 'payload': {'eventID': 'b1e1b923-cdd3-4df4-99e3-cba30a832146', 'deviceID': 'device123', 'timeStamp': '2025-03-06T14:09:00Z', 'temperature': 21, 'trace_id': '2b3e495a-7fb7-4add-818f-da7b39a6417b'}}
2025-03-06 14:09:02,082 - basicLogger - INFO - Message: {'type': 'wind-speed', 'datetime': '2025-03-06T14:09:00', 'payload': {'eventID': 'e968deb0-9b3b-4daf-a2db-7bf5e1f77777', 'deviceID': 'windSensor-001', 'timeStamp': '2025-03-06T14:09:00Z', 'windspeed': 27, 'location': {'latitude': 41, 'longitude': -71}, 'trace_id': 'fef8587a-918e-4ccd-8b5b-c713889edaf0'}}
2025-03-06 14:09:02,092 - basicLogger - INFO - Message: {'type': 'temperature', 'datetime': '2025-03-06T14:09:00', 'payload': {'eventID': 'b6658d4f-561f-42be-abea-3b3defba9cbf', 'deviceID': 'device123', 'timeStamp': '2025-03-06T14:09:00Z', 'temperature': 32, 'trace_id': 'e15c3049-6c1c-4293-80b6-9b15685a0828'}}
2025-03-06 14:09:02,102 - basicLogger - INFO - Message: {'type': 'wind-speed', 'datetime': '2025-03-06T14:09:00', 'payload': {'eventID': 'b7e1e916-b92c-415e-8989-c12b29c9d26c', 'deviceID': 'windSensor-001', 'timeStamp': '2025-03-06T14:09:00Z', 'windspeed': 23, 'location': {'latitude': 42, 'longitude': -76}, 'trace_id': '75503ac1-8ee1-44b0-b98a-04fcaa0deca0'}}
2025-03-06 14:09:02,110 - basicLogger - INFO - Message: {'type': 'temperature', 'datetime': '2025-03-06T14:09:00', 'payload': {'eventID': 'e90079a0-053e-4f14-af19-08e0bfccbe52', 'deviceID': 'device123', 'timeStamp': '2025-03-06T14:09:00Z', 'temperature': 34, 'trace_id': '7d07b122-1c9f-4e02-88bb-8b5f212348ef'}}
2025-03-06 14:09:02,119 - basicLogger - INFO - Message: {'type': 'wind-speed', 'datetime': '2025-03-06T14:09:00', 'payload': {'eventID': 'e3e49ceb-3353-4314-8d33-29f8b341a68c', 'deviceID': 'windSensor-001', 'timeStamp': '2025-03-06T14:09:00Z', 'windspeed': 23, 'location': {'latitude': 38, 'longitude': -76}, 'trace_id': 'b62ef22b-65a6-48de-9e18-91439de8e087'}}
2025-03-06 14:09:02,128 - basicLogger - INFO - Message: {'type': 'temperature', 'datetime': '2025-03-06T14:09:00', 'payload': {'eventID': '26203258-a601-4c81-a105-8a399e30e713', 'deviceID': 'device123', 'timeStamp': '2025-03-06T14:09:00Z', 'temperature': 29, 'trace_id': 'bcf7afbd-4bf7-47c0-bf74-ab7b79ad008a'}}
2025-03-06 14:09:02,138 - basicLogger - INFO - Message: {'type': 'wind-speed', 'datetime': '2025-03-06T14:09:00', 'payload': {'eventID': '5c105725-a442-4e71-bbea-30f6b030849b', 'deviceID': 'windSensor-001', 'timeStamp': '2025-03-06T14:09:00Z', 'windspeed': 23, 'location': {'latitude': 39, 'longitude': -75}, 'trace_id': '58e39367-3229-46dd-a2c7-5bb100299883'}}
2025-03-06 14:09:02,147 - basicLogger - INFO - Message: {'type': 'temperature', 'datetime': '2025-03-06T14:09:00', 'payload': {'eventID': '96f33c7f-b813-4980-bd28-493eacbde23b', 'deviceID': 'device123', 'timeStamp': '2025-03-06T14:09:00Z', 'temperature': 33, 'trace_id': '5c3e3407-e902-46b4-a9d4-bf3cbb27f0e1'}}
2025-03-06 14:09:02,158 - basicLogger - INFO - Message: {'type': 'wind-speed', 'datetime': '2025-03-06T14:09:00', 'payload': {'eventID': 'ab244723-1770-4306-8d48-8cad13344478', 'deviceID': 'windSensor-001', 'timeStamp': '2025-03-06T14:09:00Z', 'windspeed': 8, 'location': {'latitude': 37, 'longitude': -76}, 'trace_id': 'b9ca8413-d310-483f-a1c6-787ae8086d5f'}}
2025-03-06 14:09:02,168 - basicLogger - INFO - Message: {'type': 'temperature', 'datetime': '2025-03-06T14:09:00', 'payload': {'eventID': 'd0bf49b6-9db8-45b7-bdf8-0f979ee2131f', 'deviceID': 'device123', 'timeStamp': '2025-03-06T14:09:00Z', 'temperature': 32, 'trace_id': '9d4cb500-836f-4abe-96e7-51d208318a6e'}}
2025-03-06 14:09:02,177 - basicLogger - INFO - Message: {'type': 'wind-speed', 'datetime': '2025-03-06T14:09:00', 'payload': {'eventID': '3c56487d-dd21-411d-8c21-2d4dda6cbb9b', 'deviceID': 'windSensor-001', 'timeStamp': '2025-03-06T14:09:00Z', 'windspeed': 25, 'location': {'latitude': 38, 'longitude': -74}, 'trace_id': '1f442ff4-dd14-4249-8172-d4a60236a972'}}
2025-03-06 14:09:02,186 - basicLogger - INFO - Message: {'type': 'temperature', 'datetime': '2025-03-06T14:09:00', 'payload': {'eventID': 'f5b47580-4821-466e-957f-1624d7b31261', 'deviceID': 'device123', 'timeStamp': '2025-03-06T14:09:00Z', 'temperature': 22, 'trace_id': 'ee218dfe-3593-4327-ab30-7c00df681245'}}
2025-03-06 14:09:02,194 - basicLogger - INFO - Message: {'type': 'wind-speed', 'datetime': '2025-03-06T14:09:00', 'payload': {'eventID': 'ae91d15d-82fc-4f71-bbd3-db16550d1636', 'deviceID': 'windSensor-001', 'timeStamp': '2025-03-06T14:09:00Z', 'windspeed': 29, 'location': {'latitude': 37, 'longitude': -72}, 'trace_id': '8c6489fd-ea05-4634-a01e-6f0f3153a252'}}
2025-03-06 14:09:02,203 - basicLogger - INFO - Message: {'type': 'temperature', 'datetime': '2025-03-06T14:09:00', 'payload': {'eventID': 'afdd1a29-5044-4c16-ab85-54dd8581c8b2', 'deviceID': 'device123', 'timeStamp': '2025-03-06T14:09:00Z', 'temperature': 18, 'trace_id': 'fa0c01d9-92c6-4fb4-9994-22c1e0c25cde'}}
2025-03-06 14:09:02,212 - basicLogger - INFO - Message: {'type': 'wind-speed', 'datetime': '2025-03-06T14:09:00', 'payload': {'eventID': 'cdf9becc-b9ff-4472-a8b4-3bd28b9efaa0', 'deviceID': 'windSensor-001', 'timeStamp': '2025-03-06T14:09:00Z', 'windspeed': 8, 'location': {'latitude': 38, 'longitude': -76}, 'trace_id': 'e12fa945-616b-427c-9ace-380be46d53dc'}}
2025-03-06 14:09:02,221 - basicLogger - INFO - Message: {'type': 'temperature', 'datetime': '2025-03-06T14:09:00', 'payload': {'eventID': 'b7345ae0-5475-45b0-aeb4-9d76964c80e4', 'deviceID': 'device123', 'timeStamp': '2025-03-06T14:09:00Z', 'temperature': 15, 'trace_id': '7bfbc6c0-676e-40c8-bd42-988a3233fdc9'}}
2025-03-06 14:09:02,236 - basicLogger - INFO - Message: {'type': 'wind-speed', 'datetime': '2025-03-06T14:09:01', 'payload': {'eventID': '5746a7f4-4cbb-4260-b106-2a52993e53c6', 'deviceID': 'windSensor-001', 'timeStamp': '2025-03-06T14:09:00Z', 'windspeed': 19, 'location': {'latitude': 44, 'longitude': -72}, 'trace_id': '12ce0948-1c43-4640-8afd-4f49c99be66c'}}
2025-03-06 14:09:02,245 - basicLogger - INFO - Message: {'type': 'temperature', 'datetime': '2025-03-06T14:09:01', 'payload': {'eventID': '716d2471-9ad6-4086-8dd2-a18ba0adffce', 'deviceID': 'device123', 'timeStamp': '2025-03-06T14:09:01Z', 'temperature': 30, 'trace_id': '3fed1191-f04c-4cce-8f89-216f6686c559'}}
2025-03-06 14:09:02,256 - basicLogger - INFO - Message: {'type': 'wind-speed', 'datetime': '2025-03-06T14:09:01', 'payload': {'eventID': '3036df69-b16c-4258-80e5-ddfde1f4b323', 'deviceID': 'windSensor-001', 'timeStamp': '2025-03-06T14:09:01Z', 'windspeed': 26, 'location': {'latitude': 39, 'longitude': -72}, 'trace_id': '64294e99-e93a-465a-b8fc-00fb2d10786e'}}
2025-03-06 14:09:02,270 - basicLogger - INFO - Message: {'type': 'temperature', 'datetime': '2025-03-06T14:09:01', 'payload': {'eventID': 'a396f959-6ed4-4adf-b1c6-c014054f3c34', 'deviceID': 'device123', 'timeStamp': '2025-03-06T14:09:01Z', 'temperature': 21, 'trace_id': '375c077c-ffba-43f3-a391-af2e8ec2b38a'}}
2025-03-06 14:09:02,283 - basicLogger - INFO - Message: {'type': 'wind-speed', 'datetime': '2025-03-06T14:09:01', 'payload': {'eventID': 'ab98d815-bb31-469f-8e90-c02dcc8e2e79', 'deviceID': 'windSensor-001', 'timeStamp': '2025-03-06T14:09:01Z', 'windspeed': 18, 'location': {'latitude': 40, 'longitude': -73}, 'trace_id': '1ba44083-b143-418c-b39a-ce219ce1e6c1'}}
2025-03-06 14:09:02,294 - basicLogger - INFO - Message: {'type': 'temperature', 'datetime': '2025-03-06T14:09:01', 'payload': {'eventID': 'd2bb492e-d5f0-40f9-b520-f787a0e4548b', 'deviceID': 'device123', 'timeStamp': '2025-03-06T14:09:01Z', 'temperature': 25, 'trace_id': '7e6d553c-7dfa-459e-b32e-5b933aae95bf'}}
2025-03-06 14:09:02,307 - basicLogger - INFO - Message: {'type': 'wind-speed', 'datetime': '2025-03-06T14:09:01', 'payload': {'eventID': '863e9e06-4b23-4e07-af2e-1906840df254', 'deviceID': 'windSensor-001', 'timeStamp': '2025-03-06T14:09:01Z', 'windspeed': 18, 'location': {'latitude': 41, 'longitude': -77}, 'trace_id': 'ee870d12-4ab9-45ce-ba74-b16a9b3f7396'}}
2025-03-06 14:09:02,319 - basicLogger - INFO - Message: {'type': 'temperature', 'datetime': '2025-03-06T14:09:01', 'payload': {'eventID': '9d9336ab-f8a7-4efd-9499-c21c536c3d92', 'deviceID': 'device123', 'timeStamp': '2025-03-06T14:09:01Z', 'temperature': 24, 'trace_id': 'd9b44870-b895-41a1-8a3b-1d78f5555e01'}}
2025-03-06 14:09:02,332 - basicLogger - INFO - Message: {'type': 'wind-speed', 'datetime': '2025-03-06T14:09:01', 'payload': {'eventID': 'c5734ed7-b5a8-440b-9237-2cc0e0eb3270', 'deviceID': 'windSensor-001', 'timeStamp': '2025-03-06T14:09:01Z', 'windspeed': 20, 'location': {'latitude': 42, 'longitude': -77}, 'trace_id': '658fc2f4-2b3e-46b9-af04-54d95036c662'}}
2025-03-06 14:09:02,341 - basicLogger - INFO - Message: {'type': 'temperature', 'datetime': '2025-03-06T14:09:01', 'payload': {'eventID': '74c212fe-d94f-4413-b7a1-db84b797fc67', 'deviceID': 'device123', 'timeStamp': '2025-03-06T14:09:01Z', 'temperature': 22, 'trace_id': '98be3e94-eed6-42ee-bfb0-ab686b352d1d'}}
2025-03-06 14:09:02,350 - basicLogger - INFO - Message: {'type': 'wind-speed', 'datetime': '2025-03-06T14:09:01', 'payload': {'eventID': 'aab2cfdc-950b-4509-b74a-4f9aa60de91d', 'deviceID': 'windSensor-001', 'timeStamp': '2025-03-06T14:09:01Z', 'windspeed': 28, 'location': {'latitude': 44, 'longitude': -72}, 'trace_id': '1ceb5d7f-5570-4c05-9d8c-50f6a4753040'}}
2025-03-06 14:09:02,360 - basicLogger - INFO - Message: {'type': 'temperature', 'datetime': '2025-03-06T14:09:01', 'payload': {'eventID': 'a3aabac5-e838-45ed-ae34-571b9b73d617', 'deviceID': 'device123', 'timeStamp': '2025-03-06T14:09:01Z', 'temperature': 21, 'trace_id': '27cb9b30-cde5-49ee-b2fd-571aeccfc494'}}
2025-03-06 14:09:02,370 - basicLogger - INFO - Message: {'type': 'wind-speed', 'datetime': '2025-03-06T14:09:01', 'payload': {'eventID': '0af2eed4-91ff-498f-8167-00a8870ac9d4', 'deviceID': 'windSensor-001', 'timeStamp': '2025-03-06T14:09:01Z', 'windspeed': 30, 'location': {'latitude': 44, 'longitude': -70}, 'trace_id': '2ebd244a-fe61-4216-860d-998d4c728c0d'}}
2025-03-06 14:09:02,378 - basicLogger - INFO - Message: {'type': 'temperature', 'datetime': '2025-03-06T14:09:01', 'payload': {'eventID': 'c5538958-c1aa-49b1-aa66-6fbcebd7ad40', 'deviceID': 'device123', 'timeStamp': '2025-03-06T14:09:01Z', 'temperature': 17, 'trace_id': '5dd8c74c-b03c-4f53-a6bf-424ea4b82dc0'}}
2025-03-06 14:09:02,388 - basicLogger - INFO - Message: {'type': 'wind-speed', 'datetime': '2025-03-06T14:09:01', 'payload': {'eventID': '4231376c-609f-4952-b132-d3e267a56873', 'deviceID': 'windSensor-001', 'timeStamp': '2025-03-06T14:09:01Z', 'windspeed': 29, 'location': {'latitude': 45, 'longitude': -75}, 'trace_id': '89ad7025-61f9-40da-bfdc-a14c806ea5ad'}}
2025-03-06 14:09:02,397 - basicLogger - INFO - Message: {'type': 'temperature', 'datetime': '2025-03-06T14:09:01', 'payload': {'eventID': 'd9de8d67-6f04-47ae-aae3-7314d2dd9628', 'deviceID': 'device123', 'timeStamp': '2025-03-06T14:09:01Z', 'temperature': 25, 'trace_id': '28d6d967-c3eb-4d3c-9430-fe1505457605'}}
